bpcse: 48 targets, 16 inputs
[0] base 17  Sigma-dist 320 -> 319  (adds 1 muls 0)
[1] base 18  Sigma-dist 319 -> 318  (adds 2 muls 1)
[2] base 19  Sigma-dist 318 -> 317  (adds 3 muls 1)
[3] base 20  Sigma-dist 317 -> 316  (adds 4 muls 1)
[4] base 21  Sigma-dist 316 -> 315  (adds 5 muls 1)
[5] base 22  Sigma-dist 315 -> 314  (adds 6 muls 1)
[6] base 23  Sigma-dist 314 -> 313  (adds 7 muls 1)
[7] base 24  Sigma-dist 313 -> 312  (adds 8 muls 2)
[8] base 25  Sigma-dist 312 -> 311  (adds 9 muls 2)
[9] base 26  Sigma-dist 311 -> 310  (adds 10 muls 2)
[10] base 27  Sigma-dist 310 -> 309  (adds 11 muls 3)
[11] base 28  Sigma-dist 309 -> 308  (adds 12 muls 3)
[12] base 29  Sigma-dist 308 -> 307  (adds 13 muls 3)
[13] base 30  Sigma-dist 307 -> 306  (adds 14 muls 4)
[14] base 31  Sigma-dist 306 -> 305  (adds 15 muls 4)
[15] base 32  Sigma-dist 305 -> 304  (adds 16 muls 4)
greedy done: dists [0, 16, 0, 0, 0, 0, 0, 0, 0, 32]
bpcse: 48 targets, 16 inputs
[0] base 17  Sigma-dist 320 -> 319  (adds 1 muls 0)
[1] base 18  Sigma-dist 319 -> 318  (adds 2 muls 0)
[2] base 19  Sigma-dist 318 -> 317  (adds 3 muls 0)
[3] base 20  Sigma-dist 317 -> 316  (adds 4 muls 0)
[4] base 21  Sigma-dist 316 -> 315  (adds 5 muls 0)
[5] base 22  Sigma-dist 315 -> 314  (adds 6 muls 0)
[6] base 23  Sigma-dist 314 -> 313  (adds 7 muls 0)
[7] base 24  Sigma-dist 313 -> 312  (adds 8 muls 0)
[8] base 25  Sigma-dist 312 -> 311  (adds 9 muls 0)
[9] base 26  Sigma-dist 311 -> 310  (adds 10 muls 0)
[10] base 27  Sigma-dist 310 -> 309  (adds 11 muls 0)
[11] base 28  Sigma-dist 309 -> 308  (adds 12 muls 0)
[12] base 29  Sigma-dist 308 -> 307  (adds 13 muls 0)
[13] base 30  Sigma-dist 307 -> 306  (adds 14 muls 0)
[14] base 31  Sigma-dist 306 -> 305  (adds 15 muls 0)
[15] base 32  Sigma-dist 305 -> 304  (adds 16 muls 0)
greedy done: dists [0, 16, 0, 0, 0, 0, 0, 0, 0, 32]
bpcse: 48 targets, 16 inputs
[0] base 17  Sigma-dist 320 -> 319  (adds 1 muls 0)
[1] base 18  Sigma-dist 319 -> 318  (adds 2 muls 1)
[2] base 19  Sigma-dist 318 -> 317  (adds 3 muls 1)
[3] base 20  Sigma-dist 317 -> 316  (adds 4 muls 1)
[4] base 21  Sigma-dist 316 -> 315  (adds 5 muls 1)
[5] base 22  Sigma-dist 315 -> 314  (adds 6 muls 2)
[6] base 23  Sigma-dist 314 -> 313  (adds 7 muls 2)
[7] base 24  Sigma-dist 313 -> 312  (adds 8 muls 3)
[8] base 25  Sigma-dist 312 -> 311  (adds 9 muls 3)
[9] base 26  Sigma-dist 311 -> 310  (adds 10 muls 3)
[10] base 27  Sigma-dist 310 -> 309  (adds 11 muls 3)
[11] base 28  Sigma-dist 309 -> 308  (adds 12 muls 4)
[12] base 29  Sigma-dist 308 -> 307  (adds 13 muls 4)
[13] base 30  Sigma-dist 307 -> 306  (adds 14 muls 4)
[14] base 31  Sigma-dist 306 -> 305  (adds 15 muls 4)
[15] base 32  Sigma-dist 305 -> 304  (adds 16 muls 4)
greedy done: dists [0, 16, 0, 0, 0, 0, 0, 0, 0, 32]
bpcse: 48 targets, 16 inputs
[0] base 17  Sigma-dist 320 -> 319  (adds 1 muls 0)
[1] base 18  Sigma-dist 319 -> 318  (adds 2 muls 0)
[2] base 19  Sigma-dist 318 -> 317  (adds 3 muls 0)
[3] base 20  Sigma-dist 317 -> 316  (adds 4 muls 0)
[4] base 21  Sigma-dist 316 -> 315  (adds 5 muls 0)
[5] base 22  Sigma-dist 315 -> 314  (adds 6 muls 0)
[6] base 23  Sigma-dist 314 -> 313  (adds 7 muls 0)
[7] base 24  Sigma-dist 313 -> 312  (adds 8 muls 0)
[8] base 25  Sigma-dist 312 -> 311  (adds 9 muls 0)
[9] base 26  Sigma-dist 311 -> 310  (adds 10 muls 0)
[10] base 27  Sigma-dist 310 -> 309  (adds 11 muls 0)
[11] base 28  Sigma-dist 309 -> 308  (adds 12 muls 0)
[12] base 29  Sigma-dist 308 -> 307  (adds 13 muls 0)
[13] base 30  Sigma-dist 307 -> 306  (adds 14 muls 0)
[14] base 31  Sigma-dist 306 -> 305  (adds 15 muls 0)
[15] base 32  Sigma-dist 305 -> 304  (adds 16 muls 0)
greedy done: dists [0, 16, 0, 0, 0, 0, 0, 0, 0, 32]
bpcse: 48 targets, 16 inputs
[0] base 17  Sigma-dist 320 -> 319  (adds 1 muls 0)
[1] base 18  Sigma-dist 319 -> 318  (adds 2 muls 1)
[2] base 19  Sigma-dist 318 -> 317  (adds 3 muls 1)
[3] base 20  Sigma-dist 317 -> 316  (adds 4 muls 1)
[4] base 21  Sigma-dist 316 -> 315  (adds 5 muls 1)
[5] base 22  Sigma-dist 315 -> 314  (adds 6 muls 1)
[6] base 23  Sigma-dist 314 -> 313  (adds 7 muls 2)
[7] base 24  Sigma-dist 313 -> 312  (adds 8 muls 2)
[8] base 25  Sigma-dist 312 -> 311  (adds 9 muls 2)
[9] base 26  Sigma-dist 311 -> 310  (adds 10 muls 2)
[10] base 27  Sigma-dist 310 -> 309  (adds 11 muls 2)
[11] base 28  Sigma-dist 309 -> 308  (adds 12 muls 3)
[12] base 29  Sigma-dist 308 -> 307  (adds 13 muls 3)
[13] base 30  Sigma-dist 307 -> 306  (adds 14 muls 3)
[14] base 31  Sigma-dist 306 -> 305  (adds 15 muls 4)
[15] base 32  Sigma-dist 305 -> 304  (adds 16 muls 4)
greedy done: dists [0, 16, 0, 0, 0, 0, 0, 0, 0, 32]
bpcse: 48 targets, 16 inputs
[0] base 17  Sigma-dist 320 -> 319  (adds 1 muls 0)
[1] base 18  Sigma-dist 319 -> 318  (adds 2 muls 0)
[2] base 19  Sigma-dist 318 -> 317  (adds 3 muls 0)
[3] base 20  Sigma-dist 317 -> 316  (adds 4 muls 0)
[4] base 21  Sigma-dist 316 -> 315  (adds 5 muls 0)
[5] base 22  Sigma-dist 315 -> 314  (adds 6 muls 0)
[6] base 23  Sigma-dist 314 -> 313  (adds 7 muls 0)
[7] base 24  Sigma-dist 313 -> 312  (adds 8 muls 0)
[8] base 25  Sigma-dist 312 -> 311  (adds 9 muls 0)
[9] base 26  Sigma-dist 311 -> 310  (adds 10 muls 0)
[10] base 27  Sigma-dist 310 -> 309  (adds 11 muls 0)
[11] base 28  Sigma-dist 309 -> 308  (adds 12 muls 0)
[12] base 29  Sigma-dist 308 -> 307  (adds 13 muls 0)
[13] base 30  Sigma-dist 307 -> 306  (adds 14 muls 0)
[14] base 31  Sigma-dist 306 -> 305  (adds 15 muls 0)
[15] base 32  Sigma-dist 305 -> 304  (adds 16 muls 0)
greedy done: dists [0, 16, 0, 0, 0, 0, 0, 0, 0, 32]
bpcse: 48 targets, 16 inputs
[0] base 17  Sigma-dist 320 -> 319  (adds 1 muls 0)
[1] base 18  Sigma-dist 319 -> 318  (adds 2 muls 1)
[2] base 19  Sigma-dist 318 -> 317  (adds 3 muls 1)
[3] base 20  Sigma-dist 317 -> 316  (adds 4 muls 1)
[4] base 21  Sigma-dist 316 -> 315  (adds 5 muls 2)
[5] base 22  Sigma-dist 315 -> 314  (adds 6 muls 2)
[6] base 23  Sigma-dist 314 -> 313  (adds 7 muls 2)
[7] base 24  Sigma-dist 313 -> 312  (adds 8 muls 2)
[8] base 25  Sigma-dist 312 -> 311  (adds 9 muls 3)
[9] base 26  Sigma-dist 311 -> 310  (adds 10 muls 3)
[10] base 27  Sigma-dist 310 -> 309  (adds 11 muls 3)
[11] base 28  Sigma-dist 309 -> 308  (adds 12 muls 3)
[12] base 29  Sigma-dist 308 -> 307  (adds 13 muls 4)
[13] base 30  Sigma-dist 307 -> 306  (adds 14 muls 4)
[14] base 31  Sigma-dist 306 -> 305  (adds 15 muls 4)
[15] base 32  Sigma-dist 305 -> 304  (adds 16 muls 4)
greedy done: dists [0, 16, 0, 0, 0, 0, 0, 0, 0, 32]
bpcse: 48 targets, 16 inputs
[0] base 17  Sigma-dist 320 -> 319  (adds 1 muls 0)
[1] base 18  Sigma-dist 319 -> 318  (adds 2 muls 0)
[2] base 19  Sigma-dist 318 -> 317  (adds 3 muls 0)
[3] base 20  Sigma-dist 317 -> 316  (adds 4 muls 0)
[4] base 21  Sigma-dist 316 -> 315  (adds 5 muls 0)
[5] base 22  Sigma-dist 315 -> 314  (adds 6 muls 0)
[6] base 23  Sigma-dist 314 -> 313  (adds 7 muls 0)
[7] base 24  Sigma-dist 313 -> 312  (adds 8 muls 0)
[8] base 25  Sigma-dist 312 -> 311  (adds 9 muls 0)
[9] base 26  Sigma-dist 311 -> 310  (adds 10 muls 0)
[10] base 27  Sigma-dist 310 -> 309  (adds 11 muls 0)
[11] base 28  Sigma-dist 309 -> 308  (adds 12 muls 0)
[12] base 29  Sigma-dist 308 -> 307  (adds 13 muls 0)
[13] base 30  Sigma-dist 307 -> 306  (adds 14 muls 0)
[14] base 31  Sigma-dist 306 -> 305  (adds 15 muls 0)
[15] base 32  Sigma-dist 305 -> 304  (adds 16 muls 0)
greedy done: dists [0, 16, 0, 0, 0, 0, 0, 0, 0, 32]
bpcse: 48 targets, 16 inputs
[0] base 17  Sigma-dist 320 -> 319  (adds 1 muls 0)
[1] base 18  Sigma-dist 319 -> 318  (adds 2 muls 1)
[2] base 19  Sigma-dist 318 -> 317  (adds 3 muls 1)
[3] base 20  Sigma-dist 317 -> 316  (adds 4 muls 2)
[4] base 21  Sigma-dist 316 -> 315  (adds 5 muls 2)
[5] base 22  Sigma-dist 315 -> 314  (adds 6 muls 2)
[6] base 23  Sigma-dist 314 -> 313  (adds 7 muls 2)
[7] base 24  Sigma-dist 313 -> 312  (adds 8 muls 2)
[8] base 25  Sigma-dist 312 -> 311  (adds 9 muls 2)
[9] base 26  Sigma-dist 311 -> 310  (adds 10 muls 3)
[10] base 27  Sigma-dist 310 -> 309  (adds 11 muls 3)
[11] base 28  Sigma-dist 309 -> 308  (adds 12 muls 4)
[12] base 29  Sigma-dist 308 -> 307  (adds 13 muls 4)
[13] base 30  Sigma-dist 307 -> 306  (adds 14 muls 4)
[14] base 31  Sigma-dist 306 -> 305  (adds 15 muls 4)
[15] base 32  Sigma-dist 305 -> 304  (adds 16 muls 4)
greedy done: dists [0, 16, 0, 0, 0, 0, 0, 0, 0, 32]
bpcse: 48 targets, 16 inputs
[0] base 17  Sigma-dist 320 -> 319  (adds 1 muls 0)
[1] base 18  Sigma-dist 319 -> 318  (adds 2 muls 0)
[2] base 19  Sigma-dist 318 -> 317  (adds 3 muls 0)
[3] base 20  Sigma-dist 317 -> 316  (adds 4 muls 0)
[4] base 21  Sigma-dist 316 -> 315  (adds 5 muls 0)
[5] base 22  Sigma-dist 315 -> 314  (adds 6 muls 0)
[6] base 23  Sigma-dist 314 -> 313  (adds 7 muls 0)
[7] base 24  Sigma-dist 313 -> 312  (adds 8 muls 0)
[8] base 25  Sigma-dist 312 -> 311  (adds 9 muls 0)
[9] base 26  Sigma-dist 311 -> 310  (adds 10 muls 0)
[10] base 27  Sigma-dist 310 -> 309  (adds 11 muls 0)
[11] base 28  Sigma-dist 309 -> 308  (adds 12 muls 0)
[12] base 29  Sigma-dist 308 -> 307  (adds 13 muls 0)
[13] base 30  Sigma-dist 307 -> 306  (adds 14 muls 0)
[14] base 31  Sigma-dist 306 -> 305  (adds 15 muls 0)
[15] base 32  Sigma-dist 305 -> 304  (adds 16 muls 0)
greedy done: dists [0, 16, 0, 0, 0, 0, 0, 0, 0, 32]
bpcse: 48 targets, 16 inputs
[0] base 17  Sigma-dist 320 -> 319  (adds 1 muls 0)
[1] base 18  Sigma-dist 319 -> 318  (adds 2 muls 1)
[2] base 19  Sigma-dist 318 -> 317  (adds 3 muls 1)
[3] base 20  Sigma-dist 317 -> 316  (adds 4 muls 1)
[4] base 21  Sigma-dist 316 -> 315  (adds 5 muls 1)
[5] base 22  Sigma-dist 315 -> 314  (adds 6 muls 1)
[6] base 23  Sigma-dist 314 -> 313  (adds 7 muls 2)
[7] base 24  Sigma-dist 313 -> 312  (adds 8 muls 2)
[8] base 25  Sigma-dist 312 -> 311  (adds 9 muls 3)
[9] base 26  Sigma-dist 311 -> 310  (adds 10 muls 3)
[10] base 27  Sigma-dist 310 -> 309  (adds 11 muls 4)
[11] base 28  Sigma-dist 309 -> 308  (adds 12 muls 4)
[12] base 29  Sigma-dist 308 -> 307  (adds 13 muls 4)
[13] base 30  Sigma-dist 307 -> 306  (adds 14 muls 4)
[14] base 31  Sigma-dist 306 -> 305  (adds 15 muls 4)
[15] base 32  Sigma-dist 305 -> 304  (adds 16 muls 4)
greedy done: dists [0, 16, 0, 0, 0, 0, 0, 0, 0, 32]
bpcse: 48 targets, 16 inputs
[0] base 17  Sigma-dist 320 -> 319  (adds 1 muls 0)
[1] base 18  Sigma-dist 319 -> 318  (adds 2 muls 0)
[2] base 19  Sigma-dist 318 -> 317  (adds 3 muls 0)
[3] base 20  Sigma-dist 317 -> 316  (adds 4 muls 0)
[4] base 21  Sigma-dist 316 -> 315  (adds 5 muls 0)
[5] base 22  Sigma-dist 315 -> 314  (adds 6 muls 0)
[6] base 23  Sigma-dist 314 -> 313  (adds 7 muls 0)
[7] base 24  Sigma-dist 313 -> 312  (adds 8 muls 0)
[8] base 25  Sigma-dist 312 -> 311  (adds 9 muls 0)
[9] base 26  Sigma-dist 311 -> 310  (adds 10 muls 0)
[10] base 27  Sigma-dist 310 -> 309  (adds 11 muls 0)
[11] base 28  Sigma-dist 309 -> 308  (adds 12 muls 0)
[12] base 29  Sigma-dist 308 -> 307  (adds 13 muls 0)
[13] base 30  Sigma-dist 307 -> 306  (adds 14 muls 0)
[14] base 31  Sigma-dist 306 -> 305  (adds 15 muls 0)
[15] base 32  Sigma-dist 305 -> 304  (adds 16 muls 0)
greedy done: dists [0, 16, 0, 0, 0, 0, 0, 0, 0, 32]
bpcse: 48 targets, 16 inputs
[0] base 17  Sigma-dist 320 -> 319  (adds 1 muls 0)
[1] base 18  Sigma-dist 319 -> 318  (adds 2 muls 1)
[2] base 19  Sigma-dist 318 -> 317  (adds 3 muls 1)
[3] base 20  Sigma-dist 317 -> 316  (adds 4 muls 2)
[4] base 21  Sigma-dist 316 -> 315  (adds 5 muls 2)
[5] base 22  Sigma-dist 315 -> 314  (adds 6 muls 3)
[6] base 23  Sigma-dist 314 -> 313  (adds 7 muls 3)
[7] base 24  Sigma-dist 313 -> 312  (adds 8 muls 3)
[8] base 25  Sigma-dist 312 -> 311  (adds 9 muls 3)
[9] base 26  Sigma-dist 311 -> 310  (adds 10 muls 3)
[10] base 27  Sigma-dist 310 -> 309  (adds 11 muls 4)
[11] base 28  Sigma-dist 309 -> 308  (adds 12 muls 4)
[12] base 29  Sigma-dist 308 -> 307  (adds 13 muls 4)
[13] base 30  Sigma-dist 307 -> 306  (adds 14 muls 4)
[14] base 31  Sigma-dist 306 -> 305  (adds 15 muls 4)
[15] base 32  Sigma-dist 305 -> 304  (adds 16 muls 4)
greedy done: dists [0, 16, 0, 0, 0, 0, 0, 0, 0, 32]
bpcse: 48 targets, 16 inputs
[0] base 17  Sigma-dist 320 -> 319  (adds 1 muls 0)
[1] base 18  Sigma-dist 319 -> 318  (adds 2 muls 0)
[2] base 19  Sigma-dist 318 -> 317  (adds 3 muls 0)
[3] base 20  Sigma-dist 317 -> 316  (adds 4 muls 0)
[4] base 21  Sigma-dist 316 -> 315  (adds 5 muls 0)
[5] base 22  Sigma-dist 315 -> 314  (adds 6 muls 0)
[6] base 23  Sigma-dist 314 -> 313  (adds 7 muls 0)
[7] base 24  Sigma-dist 313 -> 312  (adds 8 muls 0)
[8] base 25  Sigma-dist 312 -> 311  (adds 9 muls 0)
[9] base 26  Sigma-dist 311 -> 310  (adds 10 muls 0)
[10] base 27  Sigma-dist 310 -> 309  (adds 11 muls 0)
[11] base 28  Sigma-dist 309 -> 308  (adds 12 muls 0)
[12] base 29  Sigma-dist 308 -> 307  (adds 13 muls 0)
[13] base 30  Sigma-dist 307 -> 306  (adds 14 muls 0)
[14] base 31  Sigma-dist 306 -> 305  (adds 15 muls 0)
[15] base 32  Sigma-dist 305 -> 304  (adds 16 muls 0)
greedy done: dists [0, 16, 0, 0, 0, 0, 0, 0, 0, 32]
bpcse: 48 targets, 16 inputs
[0] base 17  Sigma-dist 320 -> 319  (adds 1 muls 0)
[1] base 18  Sigma-dist 319 -> 318  (adds 2 muls 1)
[2] base 19  Sigma-dist 318 -> 317  (adds 3 muls 1)
[3] base 20  Sigma-dist 317 -> 316  (adds 4 muls 2)
[4] base 21  Sigma-dist 316 -> 315  (adds 5 muls 2)
[5] base 22  Sigma-dist 315 -> 314  (adds 6 muls 2)
[6] base 23  Sigma-dist 314 -> 313  (adds 7 muls 2)
[7] base 24  Sigma-dist 313 -> 312  (adds 8 muls 2)
[8] base 25  Sigma-dist 312 -> 311  (adds 9 muls 3)
[9] base 26  Sigma-dist 311 -> 310  (adds 10 muls 3)
[10] base 27  Sigma-dist 310 -> 309  (adds 11 muls 3)
[11] base 28  Sigma-dist 309 -> 308  (adds 12 muls 4)
[12] base 29  Sigma-dist 308 -> 307  (adds 13 muls 4)
[13] base 30  Sigma-dist 307 -> 306  (adds 14 muls 4)
[14] base 31  Sigma-dist 306 -> 305  (adds 15 muls 4)
[15] base 32  Sigma-dist 305 -> 304  (adds 16 muls 4)
greedy done: dists [0, 16, 0, 0, 0, 0, 0, 0, 0, 32]
bpcse: 48 targets, 16 inputs
[0] base 17  Sigma-dist 320 -> 319  (adds 1 muls 0)
[1] base 18  Sigma-dist 319 -> 318  (adds 2 muls 0)
[2] base 19  Sigma-dist 318 -> 317  (adds 3 muls 0)
[3] base 20  Sigma-dist 317 -> 316  (adds 4 muls 0)
[4] base 21  Sigma-dist 316 -> 315  (adds 5 muls 0)
[5] base 22  Sigma-dist 315 -> 314  (adds 6 muls 0)
[6] base 23  Sigma-dist 314 -> 313  (adds 7 muls 0)
[7] base 24  Sigma-dist 313 -> 312  (adds 8 muls 0)
[8] base 25  Sigma-dist 312 -> 311  (adds 9 muls 0)
[9] base 26  Sigma-dist 311 -> 310  (adds 10 muls 0)
[10] base 27  Sigma-dist 310 -> 309  (adds 11 muls 0)
[11] base 28  Sigma-dist 309 -> 308  (adds 12 muls 0)
[12] base 29  Sigma-dist 308 -> 307  (adds 13 muls 0)
[13] base 30  Sigma-dist 307 -> 306  (adds 14 muls 0)
[14] base 31  Sigma-dist 306 -> 305  (adds 15 muls 0)
[15] base 32  Sigma-dist 305 -> 304  (adds 16 muls 0)
greedy done: dists [0, 16, 0, 0, 0, 0, 0, 0, 0, 32]
bpcse: 48 targets, 16 inputs
[0] base 17  Sigma-dist 320 -> 319  (adds 1 muls 0)
[1] base 18  Sigma-dist 319 -> 318  (adds 2 muls 1)
[2] base 19  Sigma-dist 318 -> 317  (adds 3 muls 1)
[3] base 20  Sigma-dist 317 -> 316  (adds 4 muls 1)
[4] base 21  Sigma-dist 316 -> 315  (adds 5 muls 1)
[5] base 22  Sigma-dist 315 -> 314  (adds 6 muls 1)
[6] base 23  Sigma-dist 314 -> 313  (adds 7 muls 1)
[7] base 24  Sigma-dist 313 -> 312  (adds 8 muls 2)
[8] base 25  Sigma-dist 312 -> 311  (adds 9 muls 2)
[9] base 26  Sigma-dist 311 -> 310  (adds 10 muls 3)
[10] base 27  Sigma-dist 310 -> 309  (adds 11 muls 3)
[11] base 28  Sigma-dist 309 -> 308  (adds 12 muls 3)
[12] base 29  Sigma-dist 308 -> 307  (adds 13 muls 3)
[13] base 30  Sigma-dist 307 -> 306  (adds 14 muls 4)
[14] base 31  Sigma-dist 306 -> 305  (adds 15 muls 4)
[15] base 32  Sigma-dist 305 -> 304  (adds 16 muls 4)
greedy done: dists [0, 16, 0, 0, 0, 0, 0, 0, 0, 32]
bpcse: 48 targets, 16 inputs
[0] base 17  Sigma-dist 320 -> 319  (adds 1 muls 0)
[1] base 18  Sigma-dist 319 -> 318  (adds 2 muls 0)
[2] base 19  Sigma-dist 318 -> 317  (adds 3 muls 0)
[3] base 20  Sigma-dist 317 -> 316  (adds 4 muls 0)
[4] base 21  Sigma-dist 316 -> 315  (adds 5 muls 0)
[5] base 22  Sigma-dist 315 -> 314  (adds 6 muls 0)
[6] base 23  Sigma-dist 314 -> 313  (adds 7 muls 0)
[7] base 24  Sigma-dist 313 -> 312  (adds 8 muls 0)
[8] base 25  Sigma-dist 312 -> 311  (adds 9 muls 0)
[9] base 26  Sigma-dist 311 -> 310  (adds 10 muls 0)
[10] base 27  Sigma-dist 310 -> 309  (adds 11 muls 0)
[11] base 28  Sigma-dist 309 -> 308  (adds 12 muls 0)
[12] base 29  Sigma-dist 308 -> 307  (adds 13 muls 0)
[13] base 30  Sigma-dist 307 -> 306  (adds 14 muls 0)
[14] base 31  Sigma-dist 306 -> 305  (adds 15 muls 0)
[15] base 32  Sigma-dist 305 -> 304  (adds 16 muls 0)
greedy done: dists [0, 16, 0, 0, 0, 0, 0, 0, 0, 32]
bpcse: 48 targets, 16 inputs
[0] base 17  Sigma-dist 320 -> 319  (adds 1 muls 0)
[1] base 18  Sigma-dist 319 -> 318  (adds 2 muls 1)
[2] base 19  Sigma-dist 318 -> 317  (adds 3 muls 1)
[3] base 20  Sigma-dist 317 -> 316  (adds 4 muls 1)
[4] base 21  Sigma-dist 316 -> 315  (adds 5 muls 1)
[5] base 22  Sigma-dist 315 -> 314  (adds 6 muls 2)
[6] base 23  Sigma-dist 314 -> 313  (adds 7 muls 2)
[7] base 24  Sigma-dist 313 -> 312  (adds 8 muls 3)
[8] base 25  Sigma-dist 312 -> 311  (adds 9 muls 3)
[9] base 26  Sigma-dist 311 -> 310  (adds 10 muls 3)
[10] base 27  Sigma-dist 310 -> 309  (adds 11 muls 3)
[11] base 28  Sigma-dist 309 -> 308  (adds 12 muls 3)
[12] base 29  Sigma-dist 308 -> 307  (adds 13 muls 4)
[13] base 30  Sigma-dist 307 -> 306  (adds 14 muls 4)
[14] base 31  Sigma-dist 306 -> 305  (adds 15 muls 4)
[15] base 32  Sigma-dist 305 -> 304  (adds 16 muls 4)
greedy done: dists [0, 16, 0, 0, 0, 0, 0, 0, 0, 32]
bpcse: 48 targets, 16 inputs
[0] base 17  Sigma-dist 320 -> 319  (adds 1 muls 0)
[1] base 18  Sigma-dist 319 -> 318  (adds 2 muls 0)
[2] base 19  Sigma-dist 318 -> 317  (adds 3 muls 0)
[3] base 20  Sigma-dist 317 -> 316  (adds 4 muls 0)
[4] base 21  Sigma-dist 316 -> 315  (adds 5 muls 0)
[5] base 22  Sigma-dist 315 -> 314  (adds 6 muls 0)
[6] base 23  Sigma-dist 314 -> 313  (adds 7 muls 0)
[7] base 24  Sigma-dist 313 -> 312  (adds 8 muls 0)
[8] base 25  Sigma-dist 312 -> 311  (adds 9 muls 0)
[9] base 26  Sigma-dist 311 -> 310  (adds 10 muls 0)
[10] base 27  Sigma-dist 310 -> 309  (adds 11 muls 0)
[11] base 28  Sigma-dist 309 -> 308  (adds 12 muls 0)
[12] base 29  Sigma-dist 308 -> 307  (adds 13 muls 0)
[13] base 30  Sigma-dist 307 -> 306  (adds 14 muls 0)
[14] base 31  Sigma-dist 306 -> 305  (adds 15 muls 0)
[15] base 32  Sigma-dist 305 -> 304  (adds 16 muls 0)
greedy done: dists [0, 16, 0, 0, 0, 0, 0, 0, 0, 32]
bpcse: 48 targets, 16 inputs
[0] base 17  Sigma-dist 320 -> 319  (adds 1 muls 0)
[1] base 18  Sigma-dist 319 -> 318  (adds 2 muls 1)
[2] base 19  Sigma-dist 318 -> 317  (adds 3 muls 1)
[3] base 20  Sigma-dist 317 -> 316  (adds 4 muls 2)
[4] base 21  Sigma-dist 316 -> 315  (adds 5 muls 2)
[5] base 22  Sigma-dist 315 -> 314  (adds 6 muls 2)
[6] base 23  Sigma-dist 314 -> 313  (adds 7 muls 2)
[7] base 24  Sigma-dist 313 -> 312  (adds 8 muls 2)
[8] base 25  Sigma-dist 312 -> 311  (adds 9 muls 2)
[9] base 26  Sigma-dist 311 -> 310  (adds 10 muls 2)
[10] base 27  Sigma-dist 310 -> 309  (adds 11 muls 3)
[11] base 28  Sigma-dist 309 -> 308  (adds 12 muls 3)
[12] base 29  Sigma-dist 308 -> 307  (adds 13 muls 3)
[13] base 30  Sigma-dist 307 -> 306  (adds 14 muls 4)
[14] base 31  Sigma-dist 306 -> 305  (adds 15 muls 4)
[15] base 32  Sigma-dist 305 -> 304  (adds 16 muls 4)
greedy done: dists [0, 16, 0, 0, 0, 0, 0, 0, 0, 32]
bpcse: 48 targets, 16 inputs
[0] base 17  Sigma-dist 320 -> 319  (adds 1 muls 0)
[1] base 18  Sigma-dist 319 -> 318  (adds 2 muls 0)
[2] base 19  Sigma-dist 318 -> 317  (adds 3 muls 0)
[3] base 20  Sigma-dist 317 -> 316  (adds 4 muls 0)
[4] base 21  Sigma-dist 316 -> 315  (adds 5 muls 0)
[5] base 22  Sigma-dist 315 -> 314  (adds 6 muls 0)
[6] base 23  Sigma-dist 314 -> 313  (adds 7 muls 0)
[7] base 24  Sigma-dist 313 -> 312  (adds 8 muls 0)
[8] base 25  Sigma-dist 312 -> 311  (adds 9 muls 0)
[9] base 26  Sigma-dist 311 -> 310  (adds 10 muls 0)
[10] base 27  Sigma-dist 310 -> 309  (adds 11 muls 0)
[11] base 28  Sigma-dist 309 -> 308  (adds 12 muls 0)
[12] base 29  Sigma-dist 308 -> 307  (adds 13 muls 0)
[13] base 30  Sigma-dist 307 -> 306  (adds 14 muls 0)
[14] base 31  Sigma-dist 306 -> 305  (adds 15 muls 0)
[15] base 32  Sigma-dist 305 -> 304  (adds 16 muls 0)
greedy done: dists [0, 16, 0, 0, 0, 0, 0, 0, 0, 32]
bpcse: 48 targets, 16 inputs
[0] base 17  Sigma-dist 320 -> 319  (adds 1 muls 0)
[1] base 18  Sigma-dist 319 -> 318  (adds 2 muls 1)
[2] base 19  Sigma-dist 318 -> 317  (adds 3 muls 1)
[3] base 20  Sigma-dist 317 -> 316  (adds 4 muls 2)
[4] base 21  Sigma-dist 316 -> 315  (adds 5 muls 2)
[5] base 22  Sigma-dist 315 -> 314  (adds 6 muls 3)
[6] base 23  Sigma-dist 314 -> 313  (adds 7 muls 3)
[7] base 24  Sigma-dist 313 -> 312  (adds 8 muls 3)
[8] base 25  Sigma-dist 312 -> 311  (adds 9 muls 3)
[9] base 26  Sigma-dist 311 -> 310  (adds 10 muls 3)
[10] base 27  Sigma-dist 310 -> 309  (adds 11 muls 3)
[11] base 28  Sigma-dist 309 -> 308  (adds 12 muls 3)
[12] base 29  Sigma-dist 308 -> 307  (adds 13 muls 4)
[13] base 30  Sigma-dist 307 -> 306  (adds 14 muls 4)
[14] base 31  Sigma-dist 306 -> 305  (adds 15 muls 4)
[15] base 32  Sigma-dist 305 -> 304  (adds 16 muls 4)
greedy done: dists [0, 16, 0, 0, 0, 0, 0, 0, 0, 32]
bpcse: 48 targets, 16 inputs
[0] base 17  Sigma-dist 320 -> 319  (adds 1 muls 0)
[1] base 18  Sigma-dist 319 -> 318  (adds 2 muls 0)
[2] base 19  Sigma-dist 318 -> 317  (adds 3 muls 0)
[3] base 20  Sigma-dist 317 -> 316  (adds 4 muls 0)
[4] base 21  Sigma-dist 316 -> 315  (adds 5 muls 0)
[5] base 22  Sigma-dist 315 -> 314  (adds 6 muls 0)
[6] base 23  Sigma-dist 314 -> 313  (adds 7 muls 0)
[7] base 24  Sigma-dist 313 -> 312  (adds 8 muls 0)
[8] base 25  Sigma-dist 312 -> 311  (adds 9 muls 0)
[9] base 26  Sigma-dist 311 -> 310  (adds 10 muls 0)
[10] base 27  Sigma-dist 310 -> 309  (adds 11 muls 0)
[11] base 28  Sigma-dist 309 -> 308  (adds 12 muls 0)
[12] base 29  Sigma-dist 308 -> 307  (adds 13 muls 0)
[13] base 30  Sigma-dist 307 -> 306  (adds 14 muls 0)
[14] base 31  Sigma-dist 306 -> 305  (adds 15 muls 0)
[15] base 32  Sigma-dist 305 -> 304  (adds 16 muls 0)
greedy done: dists [0, 16, 0, 0, 0, 0, 0, 0, 0, 32]
bpcse: 48 targets, 16 inputs
[0] base 17  Sigma-dist 320 -> 319  (adds 1 muls 0)
[1] base 18  Sigma-dist 319 -> 318  (adds 2 muls 1)
[2] base 19  Sigma-dist 318 -> 317  (adds 3 muls 1)
[3] base 20  Sigma-dist 317 -> 316  (adds 4 muls 1)
[4] base 21  Sigma-dist 316 -> 315  (adds 5 muls 1)
[5] base 22  Sigma-dist 315 -> 314  (adds 6 muls 1)
[6] base 23  Sigma-dist 314 -> 313  (adds 7 muls 1)
[7] base 24  Sigma-dist 313 -> 312  (adds 8 muls 2)
[8] base 25  Sigma-dist 312 -> 311  (adds 9 muls 2)
[9] base 26  Sigma-dist 311 -> 310  (adds 10 muls 3)
[10] base 27  Sigma-dist 310 -> 309  (adds 11 muls 3)
[11] base 28  Sigma-dist 309 -> 308  (adds 12 muls 3)
[12] base 29  Sigma-dist 308 -> 307  (adds 13 muls 4)
[13] base 30  Sigma-dist 307 -> 306  (adds 14 muls 4)
[14] base 31  Sigma-dist 306 -> 305  (adds 15 muls 4)
[15] base 32  Sigma-dist 305 -> 304  (adds 16 muls 4)
greedy done: dists [0, 16, 0, 0, 0, 0, 0, 0, 0, 32]
bpcse: 48 targets, 16 inputs
[0] base 17  Sigma-dist 320 -> 319  (adds 1 muls 0)
[1] base 18  Sigma-dist 319 -> 318  (adds 2 muls 0)
[2] base 19  Sigma-dist 318 -> 317  (adds 3 muls 0)
[3] base 20  Sigma-dist 317 -> 316  (adds 4 muls 0)
[4] base 21  Sigma-dist 316 -> 315  (adds 5 muls 0)
[5] base 22  Sigma-dist 315 -> 314  (adds 6 muls 0)
[6] base 23  Sigma-dist 314 -> 313  (adds 7 muls 0)
[7] base 24  Sigma-dist 313 -> 312  (adds 8 muls 0)
[8] base 25  Sigma-dist 312 -> 311  (adds 9 muls 0)
[9] base 26  Sigma-dist 311 -> 310  (adds 10 muls 0)
[10] base 27  Sigma-dist 310 -> 309  (adds 11 muls 0)
[11] base 28  Sigma-dist 309 -> 308  (adds 12 muls 0)
[12] base 29  Sigma-dist 308 -> 307  (adds 13 muls 0)
[13] base 30  Sigma-dist 307 -> 306  (adds 14 muls 0)
[14] base 31  Sigma-dist 306 -> 305  (adds 15 muls 0)
[15] base 32  Sigma-dist 305 -> 304  (adds 16 muls 0)
greedy done: dists [0, 16, 0, 0, 0, 0, 0, 0, 0, 32]
bpcse: 48 targets, 16 inputs
[0] base 17  Sigma-dist 320 -> 319  (adds 1 muls 0)
[1] base 18  Sigma-dist 319 -> 318  (adds 2 muls 1)
[2] base 19  Sigma-dist 318 -> 317  (adds 3 muls 1)
[3] base 20  Sigma-dist 317 -> 316  (adds 4 muls 2)
[4] base 21  Sigma-dist 316 -> 315  (adds 5 muls 2)
[5] base 22  Sigma-dist 315 -> 314  (adds 6 muls 2)
[6] base 23  Sigma-dist 314 -> 313  (adds 7 muls 2)
[7] base 24  Sigma-dist 313 -> 312  (adds 8 muls 2)
[8] base 25  Sigma-dist 312 -> 311  (adds 9 muls 3)
[9] base 26  Sigma-dist 311 -> 310  (adds 10 muls 3)
[10] base 27  Sigma-dist 310 -> 309  (adds 11 muls 4)
[11] base 28  Sigma-dist 309 -> 308  (adds 12 muls 4)
[12] base 29  Sigma-dist 308 -> 307  (adds 13 muls 4)
[13] base 30  Sigma-dist 307 -> 306  (adds 14 muls 4)
[14] base 31  Sigma-dist 306 -> 305  (adds 15 muls 4)
[15] base 32  Sigma-dist 305 -> 304  (adds 16 muls 4)
greedy done: dists [0, 16, 0, 0, 0, 0, 0, 0, 0, 32]
bpcse: 48 targets, 16 inputs
[0] base 17  Sigma-dist 320 -> 319  (adds 1 muls 0)
[1] base 18  Sigma-dist 319 -> 318  (adds 2 muls 0)
[2] base 19  Sigma-dist 318 -> 317  (adds 3 muls 0)
[3] base 20  Sigma-dist 317 -> 316  (adds 4 muls 0)
[4] base 21  Sigma-dist 316 -> 315  (adds 5 muls 0)
[5] base 22  Sigma-dist 315 -> 314  (adds 6 muls 0)
[6] base 23  Sigma-dist 314 -> 313  (adds 7 muls 0)
[7] base 24  Sigma-dist 313 -> 312  (adds 8 muls 0)
[8] base 25  Sigma-dist 312 -> 311  (adds 9 muls 0)
[9] base 26  Sigma-dist 311 -> 310  (adds 10 muls 0)
[10] base 27  Sigma-dist 310 -> 309  (adds 11 muls 0)
[11] base 28  Sigma-dist 309 -> 308  (adds 12 muls 0)
[12] base 29  Sigma-dist 308 -> 307  (adds 13 muls 0)
[13] base 30  Sigma-dist 307 -> 306  (adds 14 muls 0)
[14] base 31  Sigma-dist 306 -> 305  (adds 15 muls 0)
[15] base 32  Sigma-dist 305 -> 304  (adds 16 muls 0)
greedy done: dists [0, 16, 0, 0, 0, 0, 0, 0, 0, 32]
bpcse: 48 targets, 16 inputs
[0] base 17  Sigma-dist 320 -> 319  (adds 1 muls 0)
[1] base 18  Sigma-dist 319 -> 318  (adds 2 muls 1)
[2] base 19  Sigma-dist 318 -> 317  (adds 3 muls 1)
[3] base 20  Sigma-dist 317 -> 316  (adds 4 muls 1)
[4] base 21  Sigma-dist 316 -> 315  (adds 5 muls 1)
[5] base 22  Sigma-dist 315 -> 314  (adds 6 muls 2)
[6] base 23  Sigma-dist 314 -> 313  (adds 7 muls 2)
[7] base 24  Sigma-dist 313 -> 312  (adds 8 muls 2)
[8] base 25  Sigma-dist 312 -> 311  (adds 9 muls 3)
[9] base 26  Sigma-dist 311 -> 310  (adds 10 muls 3)
[10] base 27  Sigma-dist 310 -> 309  (adds 11 muls 3)
[11] base 28  Sigma-dist 309 -> 308  (adds 12 muls 4)
[12] base 29  Sigma-dist 308 -> 307  (adds 13 muls 4)
[13] base 30  Sigma-dist 307 -> 306  (adds 14 muls 4)
[14] base 31  Sigma-dist 306 -> 305  (adds 15 muls 4)
[15] base 32  Sigma-dist 305 -> 304  (adds 16 muls 4)
greedy done: dists [0, 16, 0, 0, 0, 0, 0, 0, 0, 32]
bpcse: 48 targets, 16 inputs
[0] base 17  Sigma-dist 320 -> 319  (adds 1 muls 0)
[1] base 18  Sigma-dist 319 -> 318  (adds 2 muls 0)
[2] base 19  Sigma-dist 318 -> 317  (adds 3 muls 0)
[3] base 20  Sigma-dist 317 -> 316  (adds 4 muls 0)
[4] base 21  Sigma-dist 316 -> 315  (adds 5 muls 0)
[5] base 22  Sigma-dist 315 -> 314  (adds 6 muls 0)
[6] base 23  Sigma-dist 314 -> 313  (adds 7 muls 0)
[7] base 24  Sigma-dist 313 -> 312  (adds 8 muls 0)
[8] base 25  Sigma-dist 312 -> 311  (adds 9 muls 0)
[9] base 26  Sigma-dist 311 -> 310  (adds 10 muls 0)
[10] base 27  Sigma-dist 310 -> 309  (adds 11 muls 0)
[11] base 28  Sigma-dist 309 -> 308  (adds 12 muls 0)
[12] base 29  Sigma-dist 308 -> 307  (adds 13 muls 0)
[13] base 30  Sigma-dist 307 -> 306  (adds 14 muls 0)
[14] base 31  Sigma-dist 306 -> 305  (adds 15 muls 0)
[15] base 32  Sigma-dist 305 -> 304  (adds 16 muls 0)
greedy done: dists [0, 16, 0, 0, 0, 0, 0, 0, 0, 32]
bpcse: 48 targets, 16 inputs
[0] base 17  Sigma-dist 320 -> 319  (adds 1 muls 0)
[1] base 18  Sigma-dist 319 -> 318  (adds 2 muls 1)
[2] base 19  Sigma-dist 318 -> 317  (adds 3 muls 1)
[3] base 20  Sigma-dist 317 -> 316  (adds 4 muls 1)
[4] base 21  Sigma-dist 316 -> 315  (adds 5 muls 2)
[5] base 22  Sigma-dist 315 -> 314  (adds 6 muls 2)
[6] base 23  Sigma-dist 314 -> 313  (adds 7 muls 2)
[7] base 24  Sigma-dist 313 -> 312  (adds 8 muls 2)
[8] base 25  Sigma-dist 312 -> 311  (adds 9 muls 2)
[9] base 26  Sigma-dist 311 -> 310  (adds 10 muls 3)
[10] base 27  Sigma-dist 310 -> 309  (adds 11 muls 3)
[11] base 28  Sigma-dist 309 -> 308  (adds 12 muls 4)
[12] base 29  Sigma-dist 308 -> 307  (adds 13 muls 4)
[13] base 30  Sigma-dist 307 -> 306  (adds 14 muls 4)
[14] base 31  Sigma-dist 306 -> 305  (adds 15 muls 4)
[15] base 32  Sigma-dist 305 -> 304  (adds 16 muls 4)
greedy done: dists [0, 16, 0, 0, 0, 0, 0, 0, 0, 32]
bpcse: 48 targets, 16 inputs
[0] base 17  Sigma-dist 320 -> 319  (adds 1 muls 0)
[1] base 18  Sigma-dist 319 -> 318  (adds 2 muls 0)
[2] base 19  Sigma-dist 318 -> 317  (adds 3 muls 0)
[3] base 20  Sigma-dist 317 -> 316  (adds 4 muls 0)
[4] base 21  Sigma-dist 316 -> 315  (adds 5 muls 0)
[5] base 22  Sigma-dist 315 -> 314  (adds 6 muls 0)
[6] base 23  Sigma-dist 314 -> 313  (adds 7 muls 0)
[7] base 24  Sigma-dist 313 -> 312  (adds 8 muls 0)
[8] base 25  Sigma-dist 312 -> 311  (adds 9 muls 0)
[9] base 26  Sigma-dist 311 -> 310  (adds 10 muls 0)
[10] base 27  Sigma-dist 310 -> 309  (adds 11 muls 0)
[11] base 28  Sigma-dist 309 -> 308  (adds 12 muls 0)
[12] base 29  Sigma-dist 308 -> 307  (adds 13 muls 0)
[13] base 30  Sigma-dist 307 -> 306  (adds 14 muls 0)
[14] base 31  Sigma-dist 306 -> 305  (adds 15 muls 0)
[15] base 32  Sigma-dist 305 -> 304  (adds 16 muls 0)
greedy done: dists [0, 16, 0, 0, 0, 0, 0, 0, 0, 32]
bpcse: 48 targets, 16 inputs
[0] base 17  Sigma-dist 320 -> 319  (adds 1 muls 0)
[1] base 18  Sigma-dist 319 -> 318  (adds 2 muls 1)
[2] base 19  Sigma-dist 318 -> 317  (adds 3 muls 1)
[3] base 20  Sigma-dist 317 -> 316  (adds 4 muls 1)
[4] base 21  Sigma-dist 316 -> 315  (adds 5 muls 1)
[5] base 22  Sigma-dist 315 -> 314  (adds 6 muls 2)
[6] base 23  Sigma-dist 314 -> 313  (adds 7 muls 2)
[7] base 24  Sigma-dist 313 -> 312  (adds 8 muls 2)
[8] base 25  Sigma-dist 312 -> 311  (adds 9 muls 3)
[9] base 26  Sigma-dist 311 -> 310  (adds 10 muls 3)
[10] base 27  Sigma-dist 310 -> 309  (adds 11 muls 3)
[11] base 28  Sigma-dist 309 -> 308  (adds 12 muls 3)
[12] base 29  Sigma-dist 308 -> 307  (adds 13 muls 3)
[13] base 30  Sigma-dist 307 -> 306  (adds 14 muls 3)
[14] base 31  Sigma-dist 306 -> 305  (adds 15 muls 3)
[15] base 32  Sigma-dist 305 -> 304  (adds 16 muls 4)
greedy done: dists [0, 16, 0, 0, 0, 0, 0, 0, 0, 32]
bpcse: 48 targets, 16 inputs
[0] base 17  Sigma-dist 320 -> 319  (adds 1 muls 0)
[1] base 18  Sigma-dist 319 -> 318  (adds 2 muls 0)
[2] base 19  Sigma-dist 318 -> 317  (adds 3 muls 0)
[3] base 20  Sigma-dist 317 -> 316  (adds 4 muls 0)
[4] base 21  Sigma-dist 316 -> 315  (adds 5 muls 0)
[5] base 22  Sigma-dist 315 -> 314  (adds 6 muls 0)
[6] base 23  Sigma-dist 314 -> 313  (adds 7 muls 0)
[7] base 24  Sigma-dist 313 -> 312  (adds 8 muls 0)
[8] base 25  Sigma-dist 312 -> 311  (adds 9 muls 0)
[9] base 26  Sigma-dist 311 -> 310  (adds 10 muls 0)
[10] base 27  Sigma-dist 310 -> 309  (adds 11 muls 0)
[11] base 28  Sigma-dist 309 -> 308  (adds 12 muls 0)
[12] base 29  Sigma-dist 308 -> 307  (adds 13 muls 0)
[13] base 30  Sigma-dist 307 -> 306  (adds 14 muls 0)
[14] base 31  Sigma-dist 306 -> 305  (adds 15 muls 0)
[15] base 32  Sigma-dist 305 -> 304  (adds 16 muls 0)
greedy done: dists [0, 16, 0, 0, 0, 0, 0, 0, 0, 32]
bpcse: 48 targets, 16 inputs
[0] base 17  Sigma-dist 320 -> 319  (adds 1 muls 0)
[1] base 18  Sigma-dist 319 -> 318  (adds 2 muls 1)
[2] base 19  Sigma-dist 318 -> 317  (adds 3 muls 1)
[3] base 20  Sigma-dist 317 -> 316  (adds 4 muls 2)
[4] base 21  Sigma-dist 316 -> 315  (adds 5 muls 2)
[5] base 22  Sigma-dist 315 -> 314  (adds 6 muls 3)
[6] base 23  Sigma-dist 314 -> 313  (adds 7 muls 3)
[7] base 24  Sigma-dist 313 -> 312  (adds 8 muls 3)
[8] base 25  Sigma-dist 312 -> 311  (adds 9 muls 3)
[9] base 26  Sigma-dist 311 -> 310  (adds 10 muls 4)
[10] base 27  Sigma-dist 310 -> 309  (adds 11 muls 4)
[11] base 28  Sigma-dist 309 -> 308  (adds 12 muls 4)
[12] base 29  Sigma-dist 308 -> 307  (adds 13 muls 4)
[13] base 30  Sigma-dist 307 -> 306  (adds 14 muls 4)
[14] base 31  Sigma-dist 306 -> 305  (adds 15 muls 4)
[15] base 32  Sigma-dist 305 -> 304  (adds 16 muls 4)
greedy done: dists [0, 16, 0, 0, 0, 0, 0, 0, 0, 32]
bpcse: 48 targets, 16 inputs
[0] base 17  Sigma-dist 320 -> 319  (adds 1 muls 0)
[1] base 18  Sigma-dist 319 -> 318  (adds 2 muls 0)
[2] base 19  Sigma-dist 318 -> 317  (adds 3 muls 0)
[3] base 20  Sigma-dist 317 -> 316  (adds 4 muls 0)
[4] base 21  Sigma-dist 316 -> 315  (adds 5 muls 0)
[5] base 22  Sigma-dist 315 -> 314  (adds 6 muls 0)
[6] base 23  Sigma-dist 314 -> 313  (adds 7 muls 0)
[7] base 24  Sigma-dist 313 -> 312  (adds 8 muls 0)
[8] base 25  Sigma-dist 312 -> 311  (adds 9 muls 0)
[9] base 26  Sigma-dist 311 -> 310  (adds 10 muls 0)
[10] base 27  Sigma-dist 310 -> 309  (adds 11 muls 0)
[11] base 28  Sigma-dist 309 -> 308  (adds 12 muls 0)
[12] base 29  Sigma-dist 308 -> 307  (adds 13 muls 0)
[13] base 30  Sigma-dist 307 -> 306  (adds 14 muls 0)
[14] base 31  Sigma-dist 306 -> 305  (adds 15 muls 0)
[15] base 32  Sigma-dist 305 -> 304  (adds 16 muls 0)
greedy done: dists [0, 16, 0, 0, 0, 0, 0, 0, 0, 32]
bpcse: 48 targets, 16 inputs
[0] base 17  Sigma-dist 320 -> 319  (adds 1 muls 0)
[1] base 18  Sigma-dist 319 -> 318  (adds 2 muls 1)
[2] base 19  Sigma-dist 318 -> 317  (adds 3 muls 1)
[3] base 20  Sigma-dist 317 -> 316  (adds 4 muls 2)
[4] base 21  Sigma-dist 316 -> 315  (adds 5 muls 2)
[5] base 22  Sigma-dist 315 -> 314  (adds 6 muls 2)
[6] base 23  Sigma-dist 314 -> 313  (adds 7 muls 2)
[7] base 24  Sigma-dist 313 -> 312  (adds 8 muls 3)
[8] base 25  Sigma-dist 312 -> 311  (adds 9 muls 3)
[9] base 26  Sigma-dist 311 -> 310  (adds 10 muls 3)
[10] base 27  Sigma-dist 310 -> 309  (adds 11 muls 3)
[11] base 28  Sigma-dist 309 -> 308  (adds 12 muls 3)
[12] base 29  Sigma-dist 308 -> 307  (adds 13 muls 4)
[13] base 30  Sigma-dist 307 -> 306  (adds 14 muls 4)
[14] base 31  Sigma-dist 306 -> 305  (adds 15 muls 4)
[15] base 32  Sigma-dist 305 -> 304  (adds 16 muls 4)
greedy done: dists [0, 16, 0, 0, 0, 0, 0, 0, 0, 32]
bpcse: 48 targets, 16 inputs
[0] base 17  Sigma-dist 320 -> 319  (adds 1 muls 0)
[1] base 18  Sigma-dist 319 -> 318  (adds 2 muls 0)
[2] base 19  Sigma-dist 318 -> 317  (adds 3 muls 0)
[3] base 20  Sigma-dist 317 -> 316  (adds 4 muls 0)
[4] base 21  Sigma-dist 316 -> 315  (adds 5 muls 0)
[5] base 22  Sigma-dist 315 -> 314  (adds 6 muls 0)
[6] base 23  Sigma-dist 314 -> 313  (adds 7 muls 0)
[7] base 24  Sigma-dist 313 -> 312  (adds 8 muls 0)
[8] base 25  Sigma-dist 312 -> 311  (adds 9 muls 0)
[9] base 26  Sigma-dist 311 -> 310  (adds 10 muls 0)
[10] base 27  Sigma-dist 310 -> 309  (adds 11 muls 0)
[11] base 28  Sigma-dist 309 -> 308  (adds 12 muls 0)
[12] base 29  Sigma-dist 308 -> 307  (adds 13 muls 0)
[13] base 30  Sigma-dist 307 -> 306  (adds 14 muls 0)
[14] base 31  Sigma-dist 306 -> 305  (adds 15 muls 0)
[15] base 32  Sigma-dist 305 -> 304  (adds 16 muls 0)
greedy done: dists [0, 16, 0, 0, 0, 0, 0, 0, 0, 32]
bpcse: 48 targets, 16 inputs
[0] base 17  Sigma-dist 320 -> 319  (adds 1 muls 0)
[1] base 18  Sigma-dist 319 -> 318  (adds 2 muls 1)
[2] base 19  Sigma-dist 318 -> 317  (adds 3 muls 1)
[3] base 20  Sigma-dist 317 -> 316  (adds 4 muls 1)
[4] base 21  Sigma-dist 316 -> 315  (adds 5 muls 2)
[5] base 22  Sigma-dist 315 -> 314  (adds 6 muls 2)
[6] base 23  Sigma-dist 314 -> 313  (adds 7 muls 2)
[7] base 24  Sigma-dist 313 -> 312  (adds 8 muls 2)
[8] base 25  Sigma-dist 312 -> 311  (adds 9 muls 3)
[9] base 26  Sigma-dist 311 -> 310  (adds 10 muls 3)
[10] base 27  Sigma-dist 310 -> 309  (adds 11 muls 4)
[11] base 28  Sigma-dist 309 -> 308  (adds 12 muls 4)
[12] base 29  Sigma-dist 308 -> 307  (adds 13 muls 4)
[13] base 30  Sigma-dist 307 -> 306  (adds 14 muls 4)
[14] base 31  Sigma-dist 306 -> 305  (adds 15 muls 4)
[15] base 32  Sigma-dist 305 -> 304  (adds 16 muls 4)
greedy done: dists [0, 16, 0, 0, 0, 0, 0, 0, 0, 32]
bpcse: 48 targets, 16 inputs
[0] base 17  Sigma-dist 320 -> 319  (adds 1 muls 0)
[1] base 18  Sigma-dist 319 -> 318  (adds 2 muls 0)
[2] base 19  Sigma-dist 318 -> 317  (adds 3 muls 0)
[3] base 20  Sigma-dist 317 -> 316  (adds 4 muls 0)
[4] base 21  Sigma-dist 316 -> 315  (adds 5 muls 0)
[5] base 22  Sigma-dist 315 -> 314  (adds 6 muls 0)
[6] base 23  Sigma-dist 314 -> 313  (adds 7 muls 0)
[7] base 24  Sigma-dist 313 -> 312  (adds 8 muls 0)
[8] base 25  Sigma-dist 312 -> 311  (adds 9 muls 0)
[9] base 26  Sigma-dist 311 -> 310  (adds 10 muls 0)
[10] base 27  Sigma-dist 310 -> 309  (adds 11 muls 0)
[11] base 28  Sigma-dist 309 -> 308  (adds 12 muls 0)
[12] base 29  Sigma-dist 308 -> 307  (adds 13 muls 0)
[13] base 30  Sigma-dist 307 -> 306  (adds 14 muls 0)
[14] base 31  Sigma-dist 306 -> 305  (adds 15 muls 0)
[15] base 32  Sigma-dist 305 -> 304  (adds 16 muls 0)
greedy done: dists [0, 16, 0, 0, 0, 0, 0, 0, 0, 32]
bpcse: 48 targets, 16 inputs
[0] base 17  Sigma-dist 320 -> 319  (adds 1 muls 0)
[1] base 18  Sigma-dist 319 -> 318  (adds 2 muls 1)
[2] base 19  Sigma-dist 318 -> 317  (adds 3 muls 1)
[3] base 20  Sigma-dist 317 -> 316  (adds 4 muls 1)
[4] base 21  Sigma-dist 316 -> 315  (adds 5 muls 2)
[5] base 22  Sigma-dist 315 -> 314  (adds 6 muls 2)
[6] base 23  Sigma-dist 314 -> 313  (adds 7 muls 2)
[7] base 24  Sigma-dist 313 -> 312  (adds 8 muls 2)
[8] base 25  Sigma-dist 312 -> 311  (adds 9 muls 3)
[9] base 26  Sigma-dist 311 -> 310  (adds 10 muls 3)
[10] base 27  Sigma-dist 310 -> 309  (adds 11 muls 3)
[11] base 28  Sigma-dist 309 -> 308  (adds 12 muls 4)
[12] base 29  Sigma-dist 308 -> 307  (adds 13 muls 4)
[13] base 30  Sigma-dist 307 -> 306  (adds 14 muls 4)
[14] base 31  Sigma-dist 306 -> 305  (adds 15 muls 4)
[15] base 32  Sigma-dist 305 -> 304  (adds 16 muls 4)
greedy done: dists [0, 16, 0, 0, 0, 0, 0, 0, 0, 32]
bpcse: 48 targets, 16 inputs
[0] base 17  Sigma-dist 320 -> 319  (adds 1 muls 0)
[1] base 18  Sigma-dist 319 -> 318  (adds 2 muls 0)
[2] base 19  Sigma-dist 318 -> 317  (adds 3 muls 0)
[3] base 20  Sigma-dist 317 -> 316  (adds 4 muls 0)
[4] base 21  Sigma-dist 316 -> 315  (adds 5 muls 0)
[5] base 22  Sigma-dist 315 -> 314  (adds 6 muls 0)
[6] base 23  Sigma-dist 314 -> 313  (adds 7 muls 0)
[7] base 24  Sigma-dist 313 -> 312  (adds 8 muls 0)
[8] base 25  Sigma-dist 312 -> 311  (adds 9 muls 0)
[9] base 26  Sigma-dist 311 -> 310  (adds 10 muls 0)
[10] base 27  Sigma-dist 310 -> 309  (adds 11 muls 0)
[11] base 28  Sigma-dist 309 -> 308  (adds 12 muls 0)
[12] base 29  Sigma-dist 308 -> 307  (adds 13 muls 0)
[13] base 30  Sigma-dist 307 -> 306  (adds 14 muls 0)
[14] base 31  Sigma-dist 306 -> 305  (adds 15 muls 0)
[15] base 32  Sigma-dist 305 -> 304  (adds 16 muls 0)
greedy done: dists [0, 16, 0, 0, 0, 0, 0, 0, 0, 32]
bpcse: 48 targets, 16 inputs
[0] base 17  Sigma-dist 320 -> 319  (adds 1 muls 0)
[1] base 18  Sigma-dist 319 -> 318  (adds 2 muls 1)
[2] base 19  Sigma-dist 318 -> 317  (adds 3 muls 1)
[3] base 20  Sigma-dist 317 -> 316  (adds 4 muls 1)
[4] base 21  Sigma-dist 316 -> 315  (adds 5 muls 2)
[5] base 22  Sigma-dist 315 -> 314  (adds 6 muls 2)
[6] base 23  Sigma-dist 314 -> 313  (adds 7 muls 3)
[7] base 24  Sigma-dist 313 -> 312  (adds 8 muls 3)
[8] base 25  Sigma-dist 312 -> 311  (adds 9 muls 3)
[9] base 26  Sigma-dist 311 -> 310  (adds 10 muls 3)
[10] base 27  Sigma-dist 310 -> 309  (adds 11 muls 3)
[11] base 28  Sigma-dist 309 -> 308  (adds 12 muls 3)
[12] base 29  Sigma-dist 308 -> 307  (adds 13 muls 4)
[13] base 30  Sigma-dist 307 -> 306  (adds 14 muls 4)
[14] base 31  Sigma-dist 306 -> 305  (adds 15 muls 4)
[15] base 32  Sigma-dist 305 -> 304  (adds 16 muls 4)
greedy done: dists [0, 16, 0, 0, 0, 0, 0, 0, 0, 32]
bpcse: 48 targets, 16 inputs
[0] base 17  Sigma-dist 320 -> 319  (adds 1 muls 0)
[1] base 18  Sigma-dist 319 -> 318  (adds 2 muls 0)
[2] base 19  Sigma-dist 318 -> 317  (adds 3 muls 0)
[3] base 20  Sigma-dist 317 -> 316  (adds 4 muls 0)
[4] base 21  Sigma-dist 316 -> 315  (adds 5 muls 0)
[5] base 22  Sigma-dist 315 -> 314  (adds 6 muls 0)
[6] base 23  Sigma-dist 314 -> 313  (adds 7 muls 0)
[7] base 24  Sigma-dist 313 -> 312  (adds 8 muls 0)
[8] base 25  Sigma-dist 312 -> 311  (adds 9 muls 0)
[9] base 26  Sigma-dist 311 -> 310  (adds 10 muls 0)
[10] base 27  Sigma-dist 310 -> 309  (adds 11 muls 0)
[11] base 28  Sigma-dist 309 -> 308  (adds 12 muls 0)
[12] base 29  Sigma-dist 308 -> 307  (adds 13 muls 0)
[13] base 30  Sigma-dist 307 -> 306  (adds 14 muls 0)
[14] base 31  Sigma-dist 306 -> 305  (adds 15 muls 0)
[15] base 32  Sigma-dist 305 -> 304  (adds 16 muls 0)
greedy done: dists [0, 16, 0, 0, 0, 0, 0, 0, 0, 32]
bpcse: 48 targets, 16 inputs
[0] base 17  Sigma-dist 320 -> 319  (adds 1 muls 0)
[1] base 18  Sigma-dist 319 -> 318  (adds 2 muls 1)
[2] base 19  Sigma-dist 318 -> 317  (adds 3 muls 1)
[3] base 20  Sigma-dist 317 -> 316  (adds 4 muls 1)
[4] base 21  Sigma-dist 316 -> 315  (adds 5 muls 1)
[5] base 22  Sigma-dist 315 -> 314  (adds 6 muls 2)
[6] base 23  Sigma-dist 314 -> 313  (adds 7 muls 2)
[7] base 24  Sigma-dist 313 -> 312  (adds 8 muls 3)
[8] base 25  Sigma-dist 312 -> 311  (adds 9 muls 3)
[9] base 26  Sigma-dist 311 -> 310  (adds 10 muls 3)
[10] base 27  Sigma-dist 310 -> 309  (adds 11 muls 3)
[11] base 28  Sigma-dist 309 -> 308  (adds 12 muls 4)
[12] base 29  Sigma-dist 308 -> 307  (adds 13 muls 4)
[13] base 30  Sigma-dist 307 -> 306  (adds 14 muls 4)
[14] base 31  Sigma-dist 306 -> 305  (adds 15 muls 4)
greedy done: dists [0, 15, 1, 0, 0, 0, 0, 0, 0, 32]
bpcse: 48 targets, 16 inputs
[0] base 17  Sigma-dist 320 -> 319  (adds 1 muls 0)
[1] base 18  Sigma-dist 319 -> 318  (adds 2 muls 0)
[2] base 19  Sigma-dist 318 -> 317  (adds 3 muls 0)
[3] base 20  Sigma-dist 317 -> 316  (adds 4 muls 0)
[4] base 21  Sigma-dist 316 -> 315  (adds 5 muls 0)
[5] base 22  Sigma-dist 315 -> 314  (adds 6 muls 0)
[6] base 23  Sigma-dist 314 -> 313  (adds 7 muls 0)
[7] base 24  Sigma-dist 313 -> 312  (adds 8 muls 0)
[8] base 25  Sigma-dist 312 -> 311  (adds 9 muls 0)
[9] base 26  Sigma-dist 311 -> 310  (adds 10 muls 0)
[10] base 27  Sigma-dist 310 -> 309  (adds 11 muls 0)
[11] base 28  Sigma-dist 309 -> 308  (adds 12 muls 0)
[12] base 29  Sigma-dist 308 -> 307  (adds 13 muls 0)
[13] base 30  Sigma-dist 307 -> 306  (adds 14 muls 0)
[14] base 31  Sigma-dist 306 -> 305  (adds 15 muls 0)
[15] base 32  Sigma-dist 305 -> 304  (adds 16 muls 0)
greedy done: dists [0, 16, 0, 0, 0, 0, 0, 0, 0, 32]
bpcse: 48 targets, 16 inputs
[0] base 17  Sigma-dist 320 -> 319  (adds 1 muls 0)
[1] base 18  Sigma-dist 319 -> 318  (adds 2 muls 1)
[2] base 19  Sigma-dist 318 -> 317  (adds 3 muls 1)
[3] base 20  Sigma-dist 317 -> 316  (adds 4 muls 1)
[4] base 21  Sigma-dist 316 -> 315  (adds 5 muls 1)
[5] base 22  Sigma-dist 315 -> 314  (adds 6 muls 1)
[6] base 23  Sigma-dist 314 -> 313  (adds 7 muls 2)
[7] base 24  Sigma-dist 313 -> 312  (adds 8 muls 2)
[8] base 25  Sigma-dist 312 -> 311  (adds 9 muls 2)
[9] base 26  Sigma-dist 311 -> 310  (adds 10 muls 3)
[10] base 27  Sigma-dist 310 -> 309  (adds 11 muls 3)
[11] base 28  Sigma-dist 309 -> 308  (adds 12 muls 3)
[12] base 29  Sigma-dist 308 -> 307  (adds 13 muls 4)
[13] base 30  Sigma-dist 307 -> 306  (adds 14 muls 4)
[14] base 31  Sigma-dist 306 -> 305  (adds 15 muls 4)
[15] base 32  Sigma-dist 305 -> 304  (adds 16 muls 4)
greedy done: dists [0, 16, 0, 0, 0, 0, 0, 0, 0, 32]
bpcse: 48 targets, 16 inputs
[0] base 17  Sigma-dist 320 -> 319  (adds 1 muls 0)
[1] base 18  Sigma-dist 319 -> 318  (adds 2 muls 0)
[2] base 19  Sigma-dist 318 -> 317  (adds 3 muls 0)
[3] base 20  Sigma-dist 317 -> 316  (adds 4 muls 0)
[4] base 21  Sigma-dist 316 -> 315  (adds 5 muls 0)
[5] base 22  Sigma-dist 315 -> 314  (adds 6 muls 0)
[6] base 23  Sigma-dist 314 -> 313  (adds 7 muls 0)
[7] base 24  Sigma-dist 313 -> 312  (adds 8 muls 0)
[8] base 25  Sigma-dist 312 -> 311  (adds 9 muls 0)
[9] base 26  Sigma-dist 311 -> 310  (adds 10 muls 0)
[10] base 27  Sigma-dist 310 -> 309  (adds 11 muls 0)
[11] base 28  Sigma-dist 309 -> 308  (adds 12 muls 0)
[12] base 29  Sigma-dist 308 -> 307  (adds 13 muls 0)
[13] base 30  Sigma-dist 307 -> 306  (adds 14 muls 0)
[14] base 31  Sigma-dist 306 -> 305  (adds 15 muls 0)
[15] base 32  Sigma-dist 305 -> 304  (adds 16 muls 0)
greedy done: dists [0, 16, 0, 0, 0, 0, 0, 0, 0, 32]
bpcse: 48 targets, 16 inputs
[0] base 17  Sigma-dist 320 -> 319  (adds 1 muls 0)
[1] base 18  Sigma-dist 319 -> 318  (adds 2 muls 1)
[2] base 19  Sigma-dist 318 -> 317  (adds 3 muls 1)
[3] base 20  Sigma-dist 317 -> 316  (adds 4 muls 2)
[4] base 21  Sigma-dist 316 -> 315  (adds 5 muls 2)
[5] base 22  Sigma-dist 315 -> 314  (adds 6 muls 3)
[6] base 23  Sigma-dist 314 -> 313  (adds 7 muls 3)
[7] base 24  Sigma-dist 313 -> 312  (adds 8 muls 3)
[8] base 25  Sigma-dist 312 -> 311  (adds 9 muls 3)
[9] base 26  Sigma-dist 311 -> 310  (adds 10 muls 3)
[10] base 27  Sigma-dist 310 -> 309  (adds 11 muls 3)
[11] base 28  Sigma-dist 309 -> 308  (adds 12 muls 4)
[12] base 29  Sigma-dist 308 -> 307  (adds 13 muls 4)
[13] base 30  Sigma-dist 307 -> 306  (adds 14 muls 4)
[14] base 31  Sigma-dist 306 -> 305  (adds 15 muls 4)
[15] base 32  Sigma-dist 305 -> 304  (adds 16 muls 4)
greedy done: dists [0, 16, 0, 0, 0, 0, 0, 0, 0, 32]
bpcse: 48 targets, 16 inputs
[0] base 17  Sigma-dist 320 -> 319  (adds 1 muls 0)
[1] base 18  Sigma-dist 319 -> 318  (adds 2 muls 0)
[2] base 19  Sigma-dist 318 -> 317  (adds 3 muls 0)
[3] base 20  Sigma-dist 317 -> 316  (adds 4 muls 0)
[4] base 21  Sigma-dist 316 -> 315  (adds 5 muls 0)
[5] base 22  Sigma-dist 315 -> 314  (adds 6 muls 0)
[6] base 23  Sigma-dist 314 -> 313  (adds 7 muls 0)
[7] base 24  Sigma-dist 313 -> 312  (adds 8 muls 0)
[8] base 25  Sigma-dist 312 -> 311  (adds 9 muls 0)
[9] base 26  Sigma-dist 311 -> 310  (adds 10 muls 0)
[10] base 27  Sigma-dist 310 -> 309  (adds 11 muls 0)
[11] base 28  Sigma-dist 309 -> 308  (adds 12 muls 0)
[12] base 29  Sigma-dist 308 -> 307  (adds 13 muls 0)
[13] base 30  Sigma-dist 307 -> 306  (adds 14 muls 0)
[14] base 31  Sigma-dist 306 -> 305  (adds 15 muls 0)
[15] base 32  Sigma-dist 305 -> 304  (adds 16 muls 0)
greedy done: dists [0, 16, 0, 0, 0, 0, 0, 0, 0, 32]
bpcse: 48 targets, 16 inputs
[0] base 17  Sigma-dist 320 -> 319  (adds 1 muls 0)
[1] base 18  Sigma-dist 319 -> 318  (adds 2 muls 1)
[2] base 19  Sigma-dist 318 -> 317  (adds 3 muls 1)
[3] base 20  Sigma-dist 317 -> 316  (adds 4 muls 2)
[4] base 21  Sigma-dist 316 -> 315  (adds 5 muls 2)
[5] base 22  Sigma-dist 315 -> 314  (adds 6 muls 2)
[6] base 23  Sigma-dist 314 -> 313  (adds 7 muls 3)
[7] base 24  Sigma-dist 313 -> 312  (adds 8 muls 3)
[8] base 25  Sigma-dist 312 -> 311  (adds 9 muls 3)
[9] base 26  Sigma-dist 311 -> 310  (adds 10 muls 3)
[10] base 27  Sigma-dist 310 -> 309  (adds 11 muls 4)
[11] base 28  Sigma-dist 309 -> 308  (adds 12 muls 4)
[12] base 29  Sigma-dist 308 -> 307  (adds 13 muls 4)
[13] base 30  Sigma-dist 307 -> 306  (adds 14 muls 4)
[14] base 31  Sigma-dist 306 -> 305  (adds 15 muls 4)
[15] base 32  Sigma-dist 305 -> 304  (adds 16 muls 4)
greedy done: dists [0, 16, 0, 0, 0, 0, 0, 0, 0, 32]
bpcse: 48 targets, 16 inputs
[0] base 17  Sigma-dist 320 -> 319  (adds 1 muls 0)
[1] base 18  Sigma-dist 319 -> 318  (adds 2 muls 0)
[2] base 19  Sigma-dist 318 -> 317  (adds 3 muls 0)
[3] base 20  Sigma-dist 317 -> 316  (adds 4 muls 0)
[4] base 21  Sigma-dist 316 -> 315  (adds 5 muls 0)
[5] base 22  Sigma-dist 315 -> 314  (adds 6 muls 0)
[6] base 23  Sigma-dist 314 -> 313  (adds 7 muls 0)
[7] base 24  Sigma-dist 313 -> 312  (adds 8 muls 0)
[8] base 25  Sigma-dist 312 -> 311  (adds 9 muls 0)
[9] base 26  Sigma-dist 311 -> 310  (adds 10 muls 0)
[10] base 27  Sigma-dist 310 -> 309  (adds 11 muls 0)
[11] base 28  Sigma-dist 309 -> 308  (adds 12 muls 0)
[12] base 29  Sigma-dist 308 -> 307  (adds 13 muls 0)
[13] base 30  Sigma-dist 307 -> 306  (adds 14 muls 0)
[14] base 31  Sigma-dist 306 -> 305  (adds 15 muls 0)
[15] base 32  Sigma-dist 305 -> 304  (adds 16 muls 0)
greedy done: dists [0, 16, 0, 0, 0, 0, 0, 0, 0, 32]
bpcse: 48 targets, 16 inputs
[0] base 17  Sigma-dist 320 -> 319  (adds 1 muls 0)
[1] base 18  Sigma-dist 319 -> 318  (adds 2 muls 1)
[2] base 19  Sigma-dist 318 -> 317  (adds 3 muls 1)
[3] base 20  Sigma-dist 317 -> 316  (adds 4 muls 2)
[4] base 21  Sigma-dist 316 -> 315  (adds 5 muls 2)
[5] base 22  Sigma-dist 315 -> 314  (adds 6 muls 2)
[6] base 23  Sigma-dist 314 -> 313  (adds 7 muls 3)
[7] base 24  Sigma-dist 313 -> 312  (adds 8 muls 3)
[8] base 25  Sigma-dist 312 -> 311  (adds 9 muls 3)
[9] base 26  Sigma-dist 311 -> 310  (adds 10 muls 3)
[10] base 27  Sigma-dist 310 -> 309  (adds 11 muls 3)
[11] base 28  Sigma-dist 309 -> 308  (adds 12 muls 3)
[12] base 29  Sigma-dist 308 -> 307  (adds 13 muls 4)
[13] base 30  Sigma-dist 307 -> 306  (adds 14 muls 4)
[14] base 31  Sigma-dist 306 -> 305  (adds 15 muls 4)
[15] base 32  Sigma-dist 305 -> 304  (adds 16 muls 4)
greedy done: dists [0, 16, 0, 0, 0, 0, 0, 0, 0, 32]
bpcse: 48 targets, 16 inputs
[0] base 17  Sigma-dist 320 -> 319  (adds 1 muls 0)
[1] base 18  Sigma-dist 319 -> 318  (adds 2 muls 0)
[2] base 19  Sigma-dist 318 -> 317  (adds 3 muls 0)
[3] base 20  Sigma-dist 317 -> 316  (adds 4 muls 0)
[4] base 21  Sigma-dist 316 -> 315  (adds 5 muls 0)
[5] base 22  Sigma-dist 315 -> 314  (adds 6 muls 0)
[6] base 23  Sigma-dist 314 -> 313  (adds 7 muls 0)
[7] base 24  Sigma-dist 313 -> 312  (adds 8 muls 0)
[8] base 25  Sigma-dist 312 -> 311  (adds 9 muls 0)
[9] base 26  Sigma-dist 311 -> 310  (adds 10 muls 0)
[10] base 27  Sigma-dist 310 -> 309  (adds 11 muls 0)
[11] base 28  Sigma-dist 309 -> 308  (adds 12 muls 0)
[12] base 29  Sigma-dist 308 -> 307  (adds 13 muls 0)
[13] base 30  Sigma-dist 307 -> 306  (adds 14 muls 0)
[14] base 31  Sigma-dist 306 -> 305  (adds 15 muls 0)
[15] base 32  Sigma-dist 305 -> 304  (adds 16 muls 0)
greedy done: dists [0, 16, 0, 0, 0, 0, 0, 0, 0, 32]
bpcse: 48 targets, 16 inputs
[0] base 17  Sigma-dist 320 -> 319  (adds 1 muls 0)
[1] base 18  Sigma-dist 319 -> 318  (adds 2 muls 1)
[2] base 19  Sigma-dist 318 -> 317  (adds 3 muls 1)
[3] base 20  Sigma-dist 317 -> 316  (adds 4 muls 2)
[4] base 21  Sigma-dist 316 -> 315  (adds 5 muls 2)
[5] base 22  Sigma-dist 315 -> 314  (adds 6 muls 3)
[6] base 23  Sigma-dist 314 -> 313  (adds 7 muls 3)
[7] base 24  Sigma-dist 313 -> 312  (adds 8 muls 3)
[8] base 25  Sigma-dist 312 -> 311  (adds 9 muls 4)
[9] base 26  Sigma-dist 311 -> 310  (adds 10 muls 4)
[10] base 27  Sigma-dist 310 -> 309  (adds 11 muls 4)
[11] base 28  Sigma-dist 309 -> 308  (adds 12 muls 4)
[12] base 29  Sigma-dist 308 -> 307  (adds 13 muls 4)
[13] base 30  Sigma-dist 307 -> 306  (adds 14 muls 4)
[14] base 31  Sigma-dist 306 -> 305  (adds 15 muls 4)
[15] base 32  Sigma-dist 305 -> 304  (adds 16 muls 4)
greedy done: dists [0, 16, 0, 0, 0, 0, 0, 0, 0, 32]
bpcse: 48 targets, 16 inputs
[0] base 17  Sigma-dist 320 -> 319  (adds 1 muls 0)
[1] base 18  Sigma-dist 319 -> 318  (adds 2 muls 0)
[2] base 19  Sigma-dist 318 -> 317  (adds 3 muls 0)
[3] base 20  Sigma-dist 317 -> 316  (adds 4 muls 0)
[4] base 21  Sigma-dist 316 -> 315  (adds 5 muls 0)
[5] base 22  Sigma-dist 315 -> 314  (adds 6 muls 0)
[6] base 23  Sigma-dist 314 -> 313  (adds 7 muls 0)
[7] base 24  Sigma-dist 313 -> 312  (adds 8 muls 0)
[8] base 25  Sigma-dist 312 -> 311  (adds 9 muls 0)
[9] base 26  Sigma-dist 311 -> 310  (adds 10 muls 0)
[10] base 27  Sigma-dist 310 -> 309  (adds 11 muls 0)
[11] base 28  Sigma-dist 309 -> 308  (adds 12 muls 0)
[12] base 29  Sigma-dist 308 -> 307  (adds 13 muls 0)
[13] base 30  Sigma-dist 307 -> 306  (adds 14 muls 0)
[14] base 31  Sigma-dist 306 -> 305  (adds 15 muls 0)
[15] base 32  Sigma-dist 305 -> 304  (adds 16 muls 0)
greedy done: dists [0, 16, 0, 0, 0, 0, 0, 0, 0, 32]
bpcse: 48 targets, 16 inputs
[0] base 17  Sigma-dist 320 -> 319  (adds 1 muls 0)
[1] base 18  Sigma-dist 319 -> 318  (adds 2 muls 1)
[2] base 19  Sigma-dist 318 -> 317  (adds 3 muls 1)
[3] base 20  Sigma-dist 317 -> 316  (adds 4 muls 2)
[4] base 21  Sigma-dist 316 -> 315  (adds 5 muls 2)
[5] base 22  Sigma-dist 315 -> 314  (adds 6 muls 3)
[6] base 23  Sigma-dist 314 -> 313  (adds 7 muls 3)
[7] base 24  Sigma-dist 313 -> 312  (adds 8 muls 3)
[8] base 25  Sigma-dist 312 -> 311  (adds 9 muls 3)
[9] base 26  Sigma-dist 311 -> 310  (adds 10 muls 3)
[10] base 27  Sigma-dist 310 -> 309  (adds 11 muls 3)
[11] base 28  Sigma-dist 309 -> 308  (adds 12 muls 4)
[12] base 29  Sigma-dist 308 -> 307  (adds 13 muls 4)
[13] base 30  Sigma-dist 307 -> 306  (adds 14 muls 4)
[14] base 31  Sigma-dist 306 -> 305  (adds 15 muls 4)
[15] base 32  Sigma-dist 305 -> 304  (adds 16 muls 4)
greedy done: dists [0, 16, 0, 0, 0, 0, 0, 0, 0, 32]
bpcse: 48 targets, 16 inputs
[0] base 17  Sigma-dist 320 -> 319  (adds 1 muls 0)
[1] base 18  Sigma-dist 319 -> 318  (adds 2 muls 0)
[2] base 19  Sigma-dist 318 -> 317  (adds 3 muls 0)
[3] base 20  Sigma-dist 317 -> 316  (adds 4 muls 0)
[4] base 21  Sigma-dist 316 -> 315  (adds 5 muls 0)
[5] base 22  Sigma-dist 315 -> 314  (adds 6 muls 0)
[6] base 23  Sigma-dist 314 -> 313  (adds 7 muls 0)
[7] base 24  Sigma-dist 313 -> 312  (adds 8 muls 0)
[8] base 25  Sigma-dist 312 -> 311  (adds 9 muls 0)
[9] base 26  Sigma-dist 311 -> 310  (adds 10 muls 0)
[10] base 27  Sigma-dist 310 -> 309  (adds 11 muls 0)
[11] base 28  Sigma-dist 309 -> 308  (adds 12 muls 0)
[12] base 29  Sigma-dist 308 -> 307  (adds 13 muls 0)
[13] base 30  Sigma-dist 307 -> 306  (adds 14 muls 0)
[14] base 31  Sigma-dist 306 -> 305  (adds 15 muls 0)
[15] base 32  Sigma-dist 305 -> 304  (adds 16 muls 0)
greedy done: dists [0, 16, 0, 0, 0, 0, 0, 0, 0, 32]
bpcse: 48 targets, 16 inputs
[0] base 17  Sigma-dist 320 -> 319  (adds 1 muls 0)
[1] base 18  Sigma-dist 319 -> 318  (adds 2 muls 1)
[2] base 19  Sigma-dist 318 -> 317  (adds 3 muls 1)
[3] base 20  Sigma-dist 317 -> 316  (adds 4 muls 2)
[4] base 21  Sigma-dist 316 -> 315  (adds 5 muls 2)
[5] base 22  Sigma-dist 315 -> 314  (adds 6 muls 2)
[6] base 23  Sigma-dist 314 -> 313  (adds 7 muls 3)
[7] base 24  Sigma-dist 313 -> 312  (adds 8 muls 3)
[8] base 25  Sigma-dist 312 -> 311  (adds 9 muls 3)
[9] base 26  Sigma-dist 311 -> 310  (adds 10 muls 3)
[10] base 27  Sigma-dist 310 -> 309  (adds 11 muls 3)
[11] base 28  Sigma-dist 309 -> 308  (adds 12 muls 3)
[12] base 29  Sigma-dist 308 -> 307  (adds 13 muls 3)
[13] base 30  Sigma-dist 307 -> 306  (adds 14 muls 4)
[14] base 31  Sigma-dist 306 -> 305  (adds 15 muls 4)
[15] base 32  Sigma-dist 305 -> 304  (adds 16 muls 4)
greedy done: dists [0, 16, 0, 0, 0, 0, 0, 0, 0, 32]
bpcse: 48 targets, 16 inputs
[0] base 17  Sigma-dist 320 -> 319  (adds 1 muls 0)
[1] base 18  Sigma-dist 319 -> 318  (adds 2 muls 0)
[2] base 19  Sigma-dist 318 -> 317  (adds 3 muls 0)
[3] base 20  Sigma-dist 317 -> 316  (adds 4 muls 0)
[4] base 21  Sigma-dist 316 -> 315  (adds 5 muls 0)
[5] base 22  Sigma-dist 315 -> 314  (adds 6 muls 0)
[6] base 23  Sigma-dist 314 -> 313  (adds 7 muls 0)
[7] base 24  Sigma-dist 313 -> 312  (adds 8 muls 0)
[8] base 25  Sigma-dist 312 -> 311  (adds 9 muls 0)
[9] base 26  Sigma-dist 311 -> 310  (adds 10 muls 0)
[10] base 27  Sigma-dist 310 -> 309  (adds 11 muls 0)
[11] base 28  Sigma-dist 309 -> 308  (adds 12 muls 0)
[12] base 29  Sigma-dist 308 -> 307  (adds 13 muls 0)
[13] base 30  Sigma-dist 307 -> 306  (adds 14 muls 0)
[14] base 31  Sigma-dist 306 -> 305  (adds 15 muls 0)
[15] base 32  Sigma-dist 305 -> 304  (adds 16 muls 0)
greedy done: dists [0, 16, 0, 0, 0, 0, 0, 0, 0, 32]
bpcse: 48 targets, 16 inputs
[0] base 17  Sigma-dist 320 -> 319  (adds 1 muls 0)
[1] base 18  Sigma-dist 319 -> 318  (adds 2 muls 1)
[2] base 19  Sigma-dist 318 -> 317  (adds 3 muls 1)
[3] base 20  Sigma-dist 317 -> 316  (adds 4 muls 1)
[4] base 21  Sigma-dist 316 -> 315  (adds 5 muls 1)
[5] base 22  Sigma-dist 315 -> 314  (adds 6 muls 1)
[6] base 23  Sigma-dist 314 -> 313  (adds 7 muls 2)
[7] base 24  Sigma-dist 313 -> 312  (adds 8 muls 2)
[8] base 25  Sigma-dist 312 -> 311  (adds 9 muls 3)
[9] base 26  Sigma-dist 311 -> 310  (adds 10 muls 3)
[10] base 27  Sigma-dist 310 -> 309  (adds 11 muls 3)
[11] base 28  Sigma-dist 309 -> 308  (adds 12 muls 3)
[12] base 29  Sigma-dist 308 -> 307  (adds 13 muls 3)
[13] base 30  Sigma-dist 307 -> 306  (adds 14 muls 3)
[14] base 31  Sigma-dist 306 -> 305  (adds 15 muls 4)
[15] base 32  Sigma-dist 305 -> 304  (adds 16 muls 4)
greedy done: dists [0, 16, 0, 0, 0, 0, 0, 0, 0, 32]
bpcse: 48 targets, 16 inputs
[0] base 17  Sigma-dist 320 -> 319  (adds 1 muls 0)
[1] base 18  Sigma-dist 319 -> 318  (adds 2 muls 0)
[2] base 19  Sigma-dist 318 -> 317  (adds 3 muls 0)
[3] base 20  Sigma-dist 317 -> 316  (adds 4 muls 0)
[4] base 21  Sigma-dist 316 -> 315  (adds 5 muls 0)
[5] base 22  Sigma-dist 315 -> 314  (adds 6 muls 0)
[6] base 23  Sigma-dist 314 -> 313  (adds 7 muls 0)
[7] base 24  Sigma-dist 313 -> 312  (adds 8 muls 0)
[8] base 25  Sigma-dist 312 -> 311  (adds 9 muls 0)
[9] base 26  Sigma-dist 311 -> 310  (adds 10 muls 0)
[10] base 27  Sigma-dist 310 -> 309  (adds 11 muls 0)
[11] base 28  Sigma-dist 309 -> 308  (adds 12 muls 0)
[12] base 29  Sigma-dist 308 -> 307  (adds 13 muls 0)
[13] base 30  Sigma-dist 307 -> 306  (adds 14 muls 0)
[14] base 31  Sigma-dist 306 -> 305  (adds 15 muls 0)
[15] base 32  Sigma-dist 305 -> 304  (adds 16 muls 0)
greedy done: dists [0, 16, 0, 0, 0, 0, 0, 0, 0, 32]
bpcse: 48 targets, 16 inputs
[0] base 17  Sigma-dist 320 -> 319  (adds 1 muls 0)
[1] base 18  Sigma-dist 319 -> 318  (adds 2 muls 1)
[2] base 19  Sigma-dist 318 -> 317  (adds 3 muls 1)
[3] base 20  Sigma-dist 317 -> 316  (adds 4 muls 1)
[4] base 21  Sigma-dist 316 -> 315  (adds 5 muls 2)
[5] base 22  Sigma-dist 315 -> 314  (adds 6 muls 2)
[6] base 23  Sigma-dist 314 -> 313  (adds 7 muls 2)
[7] base 24  Sigma-dist 313 -> 312  (adds 8 muls 3)
[8] base 25  Sigma-dist 312 -> 311  (adds 9 muls 3)
[9] base 26  Sigma-dist 311 -> 310  (adds 10 muls 3)
[10] base 27  Sigma-dist 310 -> 309  (adds 11 muls 3)
[11] base 28  Sigma-dist 309 -> 308  (adds 12 muls 3)
[12] base 29  Sigma-dist 308 -> 307  (adds 13 muls 3)
[13] base 30  Sigma-dist 307 -> 306  (adds 14 muls 4)
[14] base 31  Sigma-dist 306 -> 305  (adds 15 muls 4)
[15] base 32  Sigma-dist 305 -> 304  (adds 16 muls 4)
greedy done: dists [0, 16, 0, 0, 0, 0, 0, 0, 0, 32]
bpcse: 48 targets, 16 inputs
[0] base 17  Sigma-dist 320 -> 319  (adds 1 muls 0)
[1] base 18  Sigma-dist 319 -> 318  (adds 2 muls 0)
[2] base 19  Sigma-dist 318 -> 317  (adds 3 muls 0)
[3] base 20  Sigma-dist 317 -> 316  (adds 4 muls 0)
[4] base 21  Sigma-dist 316 -> 315  (adds 5 muls 0)
[5] base 22  Sigma-dist 315 -> 314  (adds 6 muls 0)
[6] base 23  Sigma-dist 314 -> 313  (adds 7 muls 0)
[7] base 24  Sigma-dist 313 -> 312  (adds 8 muls 0)
[8] base 25  Sigma-dist 312 -> 311  (adds 9 muls 0)
[9] base 26  Sigma-dist 311 -> 310  (adds 10 muls 0)
[10] base 27  Sigma-dist 310 -> 309  (adds 11 muls 0)
[11] base 28  Sigma-dist 309 -> 308  (adds 12 muls 0)
[12] base 29  Sigma-dist 308 -> 307  (adds 13 muls 0)
[13] base 30  Sigma-dist 307 -> 306  (adds 14 muls 0)
[14] base 31  Sigma-dist 306 -> 305  (adds 15 muls 0)
[15] base 32  Sigma-dist 305 -> 304  (adds 16 muls 0)
greedy done: dists [0, 16, 0, 0, 0, 0, 0, 0, 0, 32]
bpcse: 48 targets, 16 inputs
[0] base 17  Sigma-dist 320 -> 319  (adds 1 muls 0)
[1] base 18  Sigma-dist 319 -> 318  (adds 2 muls 1)
[2] base 19  Sigma-dist 318 -> 317  (adds 3 muls 1)
[3] base 20  Sigma-dist 317 -> 316  (adds 4 muls 2)
[4] base 21  Sigma-dist 316 -> 315  (adds 5 muls 2)
[5] base 22  Sigma-dist 315 -> 314  (adds 6 muls 2)
[6] base 23  Sigma-dist 314 -> 313  (adds 7 muls 3)
[7] base 24  Sigma-dist 313 -> 312  (adds 8 muls 3)
[8] base 25  Sigma-dist 312 -> 311  (adds 9 muls 3)
[9] base 26  Sigma-dist 311 -> 310  (adds 10 muls 3)
[10] base 27  Sigma-dist 310 -> 309  (adds 11 muls 4)
[11] base 28  Sigma-dist 309 -> 308  (adds 12 muls 4)
[12] base 29  Sigma-dist 308 -> 307  (adds 13 muls 4)
[13] base 30  Sigma-dist 307 -> 306  (adds 14 muls 4)
[14] base 31  Sigma-dist 306 -> 305  (adds 15 muls 4)
[15] base 32  Sigma-dist 305 -> 304  (adds 16 muls 4)
greedy done: dists [0, 16, 0, 0, 0, 0, 0, 0, 0, 32]
bpcse: 48 targets, 16 inputs
[0] base 17  Sigma-dist 320 -> 319  (adds 1 muls 0)
[1] base 18  Sigma-dist 319 -> 318  (adds 2 muls 0)
[2] base 19  Sigma-dist 318 -> 317  (adds 3 muls 0)
[3] base 20  Sigma-dist 317 -> 316  (adds 4 muls 0)
[4] base 21  Sigma-dist 316 -> 315  (adds 5 muls 0)
[5] base 22  Sigma-dist 315 -> 314  (adds 6 muls 0)
[6] base 23  Sigma-dist 314 -> 313  (adds 7 muls 0)
[7] base 24  Sigma-dist 313 -> 312  (adds 8 muls 0)
[8] base 25  Sigma-dist 312 -> 311  (adds 9 muls 0)
[9] base 26  Sigma-dist 311 -> 310  (adds 10 muls 0)
[10] base 27  Sigma-dist 310 -> 309  (adds 11 muls 0)
[11] base 28  Sigma-dist 309 -> 308  (adds 12 muls 0)
[12] base 29  Sigma-dist 308 -> 307  (adds 13 muls 0)
[13] base 30  Sigma-dist 307 -> 306  (adds 14 muls 0)
[14] base 31  Sigma-dist 306 -> 305  (adds 15 muls 0)
[15] base 32  Sigma-dist 305 -> 304  (adds 16 muls 0)
greedy done: dists [0, 16, 0, 0, 0, 0, 0, 0, 0, 32]
bpcse: 48 targets, 16 inputs
[0] base 17  Sigma-dist 320 -> 319  (adds 1 muls 0)
[1] base 18  Sigma-dist 319 -> 318  (adds 2 muls 1)
[2] base 19  Sigma-dist 318 -> 317  (adds 3 muls 1)
[3] base 20  Sigma-dist 317 -> 316  (adds 4 muls 1)
[4] base 21  Sigma-dist 316 -> 315  (adds 5 muls 1)
[5] base 22  Sigma-dist 315 -> 314  (adds 6 muls 2)
[6] base 23  Sigma-dist 314 -> 313  (adds 7 muls 2)
[7] base 24  Sigma-dist 313 -> 312  (adds 8 muls 3)
[8] base 25  Sigma-dist 312 -> 311  (adds 9 muls 3)
[9] base 26  Sigma-dist 311 -> 310  (adds 10 muls 3)
[10] base 27  Sigma-dist 310 -> 309  (adds 11 muls 3)
[11] base 28  Sigma-dist 309 -> 308  (adds 12 muls 4)
[12] base 29  Sigma-dist 308 -> 307  (adds 13 muls 4)
[13] base 30  Sigma-dist 307 -> 306  (adds 14 muls 4)
[14] base 31  Sigma-dist 306 -> 305  (adds 15 muls 4)
[15] base 32  Sigma-dist 305 -> 304  (adds 16 muls 4)
greedy done: dists [0, 16, 0, 0, 0, 0, 0, 0, 0, 32]
bpcse: 48 targets, 16 inputs
[0] base 17  Sigma-dist 320 -> 319  (adds 1 muls 0)
[1] base 18  Sigma-dist 319 -> 318  (adds 2 muls 0)
[2] base 19  Sigma-dist 318 -> 317  (adds 3 muls 0)
[3] base 20  Sigma-dist 317 -> 316  (adds 4 muls 0)
[4] base 21  Sigma-dist 316 -> 315  (adds 5 muls 0)
[5] base 22  Sigma-dist 315 -> 314  (adds 6 muls 0)
[6] base 23  Sigma-dist 314 -> 313  (adds 7 muls 0)
[7] base 24  Sigma-dist 313 -> 312  (adds 8 muls 0)
[8] base 25  Sigma-dist 312 -> 311  (adds 9 muls 0)
[9] base 26  Sigma-dist 311 -> 310  (adds 10 muls 0)
[10] base 27  Sigma-dist 310 -> 309  (adds 11 muls 0)
[11] base 28  Sigma-dist 309 -> 308  (adds 12 muls 0)
[12] base 29  Sigma-dist 308 -> 307  (adds 13 muls 0)
[13] base 30  Sigma-dist 307 -> 306  (adds 14 muls 0)
[14] base 31  Sigma-dist 306 -> 305  (adds 15 muls 0)
[15] base 32  Sigma-dist 305 -> 304  (adds 16 muls 0)
greedy done: dists [0, 16, 0, 0, 0, 0, 0, 0, 0, 32]
bpcse: 48 targets, 16 inputs
[0] base 17  Sigma-dist 320 -> 319  (adds 1 muls 0)
[1] base 18  Sigma-dist 319 -> 318  (adds 2 muls 1)
[2] base 19  Sigma-dist 318 -> 317  (adds 3 muls 1)
[3] base 20  Sigma-dist 317 -> 316  (adds 4 muls 1)
[4] base 21  Sigma-dist 316 -> 315  (adds 5 muls 2)
[5] base 22  Sigma-dist 315 -> 314  (adds 6 muls 2)
[6] base 23  Sigma-dist 314 -> 313  (adds 7 muls 3)
[7] base 24  Sigma-dist 313 -> 312  (adds 8 muls 3)
[8] base 25  Sigma-dist 312 -> 311  (adds 9 muls 3)
[9] base 26  Sigma-dist 311 -> 310  (adds 10 muls 3)
[10] base 27  Sigma-dist 310 -> 309  (adds 11 muls 3)
[11] base 28  Sigma-dist 309 -> 308  (adds 12 muls 4)
[12] base 29  Sigma-dist 308 -> 307  (adds 13 muls 4)
[13] base 30  Sigma-dist 307 -> 306  (adds 14 muls 4)
[14] base 31  Sigma-dist 306 -> 305  (adds 15 muls 4)
[15] base 32  Sigma-dist 305 -> 304  (adds 16 muls 4)
greedy done: dists [0, 16, 0, 0, 0, 0, 0, 0, 0, 32]
bpcse: 48 targets, 16 inputs
[0] base 17  Sigma-dist 320 -> 319  (adds 1 muls 0)
[1] base 18  Sigma-dist 319 -> 318  (adds 2 muls 0)
[2] base 19  Sigma-dist 318 -> 317  (adds 3 muls 0)
[3] base 20  Sigma-dist 317 -> 316  (adds 4 muls 0)
[4] base 21  Sigma-dist 316 -> 315  (adds 5 muls 0)
[5] base 22  Sigma-dist 315 -> 314  (adds 6 muls 0)
[6] base 23  Sigma-dist 314 -> 313  (adds 7 muls 0)
[7] base 24  Sigma-dist 313 -> 312  (adds 8 muls 0)
[8] base 25  Sigma-dist 312 -> 311  (adds 9 muls 0)
[9] base 26  Sigma-dist 311 -> 310  (adds 10 muls 0)
[10] base 27  Sigma-dist 310 -> 309  (adds 11 muls 0)
[11] base 28  Sigma-dist 309 -> 308  (adds 12 muls 0)
[12] base 29  Sigma-dist 308 -> 307  (adds 13 muls 0)
[13] base 30  Sigma-dist 307 -> 306  (adds 14 muls 0)
[14] base 31  Sigma-dist 306 -> 305  (adds 15 muls 0)
[15] base 32  Sigma-dist 305 -> 304  (adds 16 muls 0)
greedy done: dists [0, 16, 0, 0, 0, 0, 0, 0, 0, 32]
bpcse: 48 targets, 16 inputs
[0] base 17  Sigma-dist 320 -> 319  (adds 1 muls 0)
[1] base 18  Sigma-dist 319 -> 318  (adds 2 muls 1)
[2] base 19  Sigma-dist 318 -> 317  (adds 3 muls 1)
[3] base 20  Sigma-dist 317 -> 316  (adds 4 muls 1)
[4] base 21  Sigma-dist 316 -> 315  (adds 5 muls 2)
[5] base 22  Sigma-dist 315 -> 314  (adds 6 muls 2)
[6] base 23  Sigma-dist 314 -> 313  (adds 7 muls 2)
[7] base 24  Sigma-dist 313 -> 312  (adds 8 muls 2)
[8] base 25  Sigma-dist 312 -> 311  (adds 9 muls 2)
[9] base 26  Sigma-dist 311 -> 310  (adds 10 muls 2)
[10] base 27  Sigma-dist 310 -> 309  (adds 11 muls 2)
[11] base 28  Sigma-dist 309 -> 308  (adds 12 muls 3)
[12] base 29  Sigma-dist 308 -> 307  (adds 13 muls 3)
[13] base 30  Sigma-dist 307 -> 306  (adds 14 muls 4)
[14] base 31  Sigma-dist 306 -> 305  (adds 15 muls 4)
[15] base 32  Sigma-dist 305 -> 304  (adds 16 muls 4)
greedy done: dists [0, 16, 0, 0, 0, 0, 0, 0, 0, 32]
bpcse: 48 targets, 16 inputs
[0] base 17  Sigma-dist 320 -> 319  (adds 1 muls 0)
[1] base 18  Sigma-dist 319 -> 318  (adds 2 muls 0)
[2] base 19  Sigma-dist 318 -> 317  (adds 3 muls 0)
[3] base 20  Sigma-dist 317 -> 316  (adds 4 muls 0)
[4] base 21  Sigma-dist 316 -> 315  (adds 5 muls 0)
[5] base 22  Sigma-dist 315 -> 314  (adds 6 muls 0)
[6] base 23  Sigma-dist 314 -> 313  (adds 7 muls 0)
[7] base 24  Sigma-dist 313 -> 312  (adds 8 muls 0)
[8] base 25  Sigma-dist 312 -> 311  (adds 9 muls 0)
[9] base 26  Sigma-dist 311 -> 310  (adds 10 muls 0)
[10] base 27  Sigma-dist 310 -> 309  (adds 11 muls 0)
[11] base 28  Sigma-dist 309 -> 308  (adds 12 muls 0)
[12] base 29  Sigma-dist 308 -> 307  (adds 13 muls 0)
[13] base 30  Sigma-dist 307 -> 306  (adds 14 muls 0)
[14] base 31  Sigma-dist 306 -> 305  (adds 15 muls 0)
[15] base 32  Sigma-dist 305 -> 304  (adds 16 muls 0)
greedy done: dists [0, 16, 0, 0, 0, 0, 0, 0, 0, 32]
bpcse: 48 targets, 16 inputs
[0] base 17  Sigma-dist 320 -> 319  (adds 1 muls 0)
[1] base 18  Sigma-dist 319 -> 318  (adds 2 muls 1)
[2] base 19  Sigma-dist 318 -> 317  (adds 3 muls 1)
[3] base 20  Sigma-dist 317 -> 316  (adds 4 muls 1)
[4] base 21  Sigma-dist 316 -> 315  (adds 5 muls 2)
[5] base 22  Sigma-dist 315 -> 314  (adds 6 muls 2)
[6] base 23  Sigma-dist 314 -> 313  (adds 7 muls 3)
[7] base 24  Sigma-dist 313 -> 312  (adds 8 muls 3)
[8] base 25  Sigma-dist 312 -> 311  (adds 9 muls 3)
[9] base 26  Sigma-dist 311 -> 310  (adds 10 muls 3)
[10] base 27  Sigma-dist 310 -> 309  (adds 11 muls 3)
[11] base 28  Sigma-dist 309 -> 308  (adds 12 muls 3)
[12] base 29  Sigma-dist 308 -> 307  (adds 13 muls 4)
[13] base 30  Sigma-dist 307 -> 306  (adds 14 muls 4)
[14] base 31  Sigma-dist 306 -> 305  (adds 15 muls 4)
[15] base 32  Sigma-dist 305 -> 304  (adds 16 muls 4)
greedy done: dists [0, 16, 0, 0, 0, 0, 0, 0, 0, 32]
bpcse: 48 targets, 16 inputs
[0] base 17  Sigma-dist 320 -> 319  (adds 1 muls 0)
[1] base 18  Sigma-dist 319 -> 318  (adds 2 muls 0)
[2] base 19  Sigma-dist 318 -> 317  (adds 3 muls 0)
[3] base 20  Sigma-dist 317 -> 316  (adds 4 muls 0)
[4] base 21  Sigma-dist 316 -> 315  (adds 5 muls 0)
[5] base 22  Sigma-dist 315 -> 314  (adds 6 muls 0)
[6] base 23  Sigma-dist 314 -> 313  (adds 7 muls 0)
[7] base 24  Sigma-dist 313 -> 312  (adds 8 muls 0)
[8] base 25  Sigma-dist 312 -> 311  (adds 9 muls 0)
[9] base 26  Sigma-dist 311 -> 310  (adds 10 muls 0)
[10] base 27  Sigma-dist 310 -> 309  (adds 11 muls 0)
[11] base 28  Sigma-dist 309 -> 308  (adds 12 muls 0)
[12] base 29  Sigma-dist 308 -> 307  (adds 13 muls 0)
[13] base 30  Sigma-dist 307 -> 306  (adds 14 muls 0)
[14] base 31  Sigma-dist 306 -> 305  (adds 15 muls 0)
[15] base 32  Sigma-dist 305 -> 304  (adds 16 muls 0)
greedy done: dists [0, 16, 0, 0, 0, 0, 0, 0, 0, 32]
bpcse: 48 targets, 16 inputs
[0] base 17  Sigma-dist 320 -> 319  (adds 1 muls 0)
[1] base 18  Sigma-dist 319 -> 318  (adds 2 muls 1)
[2] base 19  Sigma-dist 318 -> 317  (adds 3 muls 1)
[3] base 20  Sigma-dist 317 -> 316  (adds 4 muls 1)
[4] base 21  Sigma-dist 316 -> 315  (adds 5 muls 2)
[5] base 22  Sigma-dist 315 -> 314  (adds 6 muls 2)
[6] base 23  Sigma-dist 314 -> 313  (adds 7 muls 2)
[7] base 24  Sigma-dist 313 -> 312  (adds 8 muls 2)
[8] base 25  Sigma-dist 312 -> 311  (adds 9 muls 2)
[9] base 26  Sigma-dist 311 -> 310  (adds 10 muls 3)
[10] base 27  Sigma-dist 310 -> 309  (adds 11 muls 3)
[11] base 28  Sigma-dist 309 -> 308  (adds 12 muls 3)
[12] base 29  Sigma-dist 308 -> 307  (adds 13 muls 4)
[13] base 30  Sigma-dist 307 -> 306  (adds 14 muls 4)
[14] base 31  Sigma-dist 306 -> 305  (adds 15 muls 4)
[15] base 32  Sigma-dist 305 -> 304  (adds 16 muls 4)
greedy done: dists [0, 16, 0, 0, 0, 0, 0, 0, 0, 32]
bpcse: 48 targets, 16 inputs
[0] base 17  Sigma-dist 320 -> 319  (adds 1 muls 0)
[1] base 18  Sigma-dist 319 -> 318  (adds 2 muls 0)
[2] base 19  Sigma-dist 318 -> 317  (adds 3 muls 0)
[3] base 20  Sigma-dist 317 -> 316  (adds 4 muls 0)
[4] base 21  Sigma-dist 316 -> 315  (adds 5 muls 0)
[5] base 22  Sigma-dist 315 -> 314  (adds 6 muls 0)
[6] base 23  Sigma-dist 314 -> 313  (adds 7 muls 0)
[7] base 24  Sigma-dist 313 -> 312  (adds 8 muls 0)
[8] base 25  Sigma-dist 312 -> 311  (adds 9 muls 0)
[9] base 26  Sigma-dist 311 -> 310  (adds 10 muls 0)
[10] base 27  Sigma-dist 310 -> 309  (adds 11 muls 0)
[11] base 28  Sigma-dist 309 -> 308  (adds 12 muls 0)
[12] base 29  Sigma-dist 308 -> 307  (adds 13 muls 0)
[13] base 30  Sigma-dist 307 -> 306  (adds 14 muls 0)
[14] base 31  Sigma-dist 306 -> 305  (adds 15 muls 0)
[15] base 32  Sigma-dist 305 -> 304  (adds 16 muls 0)
greedy done: dists [0, 16, 0, 0, 0, 0, 0, 0, 0, 32]
bpcse: 48 targets, 16 inputs
[0] base 17  Sigma-dist 320 -> 319  (adds 1 muls 0)
[1] base 18  Sigma-dist 319 -> 318  (adds 2 muls 1)
[2] base 19  Sigma-dist 318 -> 317  (adds 3 muls 1)
[3] base 20  Sigma-dist 317 -> 316  (adds 4 muls 2)
[4] base 21  Sigma-dist 316 -> 315  (adds 5 muls 2)
[5] base 22  Sigma-dist 315 -> 314  (adds 6 muls 2)
[6] base 23  Sigma-dist 314 -> 313  (adds 7 muls 2)
[7] base 24  Sigma-dist 313 -> 312  (adds 8 muls 3)
[8] base 25  Sigma-dist 312 -> 311  (adds 9 muls 3)
[9] base 26  Sigma-dist 311 -> 310  (adds 10 muls 3)
[10] base 27  Sigma-dist 310 -> 309  (adds 11 muls 3)
[11] base 28  Sigma-dist 309 -> 308  (adds 12 muls 3)
[12] base 29  Sigma-dist 308 -> 307  (adds 13 muls 3)
[13] base 30  Sigma-dist 307 -> 306  (adds 14 muls 4)
[14] base 31  Sigma-dist 306 -> 305  (adds 15 muls 4)
[15] base 32  Sigma-dist 305 -> 304  (adds 16 muls 4)
greedy done: dists [0, 16, 0, 0, 0, 0, 0, 0, 0, 32]
bpcse: 48 targets, 16 inputs
[0] base 17  Sigma-dist 320 -> 319  (adds 1 muls 0)
[1] base 18  Sigma-dist 319 -> 318  (adds 2 muls 0)
[2] base 19  Sigma-dist 318 -> 317  (adds 3 muls 0)
[3] base 20  Sigma-dist 317 -> 316  (adds 4 muls 0)
[4] base 21  Sigma-dist 316 -> 315  (adds 5 muls 0)
[5] base 22  Sigma-dist 315 -> 314  (adds 6 muls 0)
[6] base 23  Sigma-dist 314 -> 313  (adds 7 muls 0)
[7] base 24  Sigma-dist 313 -> 312  (adds 8 muls 0)
[8] base 25  Sigma-dist 312 -> 311  (adds 9 muls 0)
[9] base 26  Sigma-dist 311 -> 310  (adds 10 muls 0)
[10] base 27  Sigma-dist 310 -> 309  (adds 11 muls 0)
[11] base 28  Sigma-dist 309 -> 308  (adds 12 muls 0)
[12] base 29  Sigma-dist 308 -> 307  (adds 13 muls 0)
[13] base 30  Sigma-dist 307 -> 306  (adds 14 muls 0)
[14] base 31  Sigma-dist 306 -> 305  (adds 15 muls 0)
[15] base 32  Sigma-dist 305 -> 304  (adds 16 muls 0)
greedy done: dists [0, 16, 0, 0, 0, 0, 0, 0, 0, 32]
bpcse: 48 targets, 16 inputs
[0] base 17  Sigma-dist 320 -> 319  (adds 1 muls 0)
[1] base 18  Sigma-dist 319 -> 318  (adds 2 muls 1)
[2] base 19  Sigma-dist 318 -> 317  (adds 3 muls 1)
[3] base 20  Sigma-dist 317 -> 316  (adds 4 muls 1)
[4] base 21  Sigma-dist 316 -> 315  (adds 5 muls 1)
[5] base 22  Sigma-dist 315 -> 314  (adds 6 muls 1)
[6] base 23  Sigma-dist 314 -> 313  (adds 7 muls 2)
[7] base 24  Sigma-dist 313 -> 312  (adds 8 muls 2)
[8] base 25  Sigma-dist 312 -> 311  (adds 9 muls 3)
[9] base 26  Sigma-dist 311 -> 310  (adds 10 muls 3)
[10] base 27  Sigma-dist 310 -> 309  (adds 11 muls 4)
[11] base 28  Sigma-dist 309 -> 308  (adds 12 muls 4)
[12] base 29  Sigma-dist 308 -> 307  (adds 13 muls 4)
[13] base 30  Sigma-dist 307 -> 306  (adds 14 muls 4)
[14] base 31  Sigma-dist 306 -> 305  (adds 15 muls 4)
[15] base 32  Sigma-dist 305 -> 304  (adds 16 muls 4)
greedy done: dists [0, 16, 0, 0, 0, 0, 0, 0, 0, 32]
bpcse: 48 targets, 16 inputs
[0] base 17  Sigma-dist 320 -> 319  (adds 1 muls 0)
[1] base 18  Sigma-dist 319 -> 318  (adds 2 muls 0)
[2] base 19  Sigma-dist 318 -> 317  (adds 3 muls 0)
[3] base 20  Sigma-dist 317 -> 316  (adds 4 muls 0)
[4] base 21  Sigma-dist 316 -> 315  (adds 5 muls 0)
[5] base 22  Sigma-dist 315 -> 314  (adds 6 muls 0)
[6] base 23  Sigma-dist 314 -> 313  (adds 7 muls 0)
[7] base 24  Sigma-dist 313 -> 312  (adds 8 muls 0)
[8] base 25  Sigma-dist 312 -> 311  (adds 9 muls 0)
[9] base 26  Sigma-dist 311 -> 310  (adds 10 muls 0)
[10] base 27  Sigma-dist 310 -> 309  (adds 11 muls 0)
[11] base 28  Sigma-dist 309 -> 308  (adds 12 muls 0)
[12] base 29  Sigma-dist 308 -> 307  (adds 13 muls 0)
[13] base 30  Sigma-dist 307 -> 306  (adds 14 muls 0)
[14] base 31  Sigma-dist 306 -> 305  (adds 15 muls 0)
[15] base 32  Sigma-dist 305 -> 304  (adds 16 muls 0)
greedy done: dists [0, 16, 0, 0, 0, 0, 0, 0, 0, 32]
bpcse: 48 targets, 16 inputs
[0] base 17  Sigma-dist 320 -> 319  (adds 1 muls 0)
[1] base 18  Sigma-dist 319 -> 318  (adds 2 muls 1)
[2] base 19  Sigma-dist 318 -> 317  (adds 3 muls 1)
[3] base 20  Sigma-dist 317 -> 316  (adds 4 muls 1)
[4] base 21  Sigma-dist 316 -> 315  (adds 5 muls 2)
[5] base 22  Sigma-dist 315 -> 314  (adds 6 muls 2)
[6] base 23  Sigma-dist 314 -> 313  (adds 7 muls 2)
[7] base 24  Sigma-dist 313 -> 312  (adds 8 muls 3)
[8] base 25  Sigma-dist 312 -> 311  (adds 9 muls 3)
[9] base 26  Sigma-dist 311 -> 310  (adds 10 muls 3)
[10] base 27  Sigma-dist 310 -> 309  (adds 11 muls 3)
[11] base 28  Sigma-dist 309 -> 308  (adds 12 muls 3)
[12] base 29  Sigma-dist 308 -> 307  (adds 13 muls 4)
[13] base 30  Sigma-dist 307 -> 306  (adds 14 muls 4)
[14] base 31  Sigma-dist 306 -> 305  (adds 15 muls 4)
[15] base 32  Sigma-dist 305 -> 304  (adds 16 muls 4)
greedy done: dists [0, 16, 0, 0, 0, 0, 0, 0, 0, 32]
bpcse: 48 targets, 16 inputs
[0] base 17  Sigma-dist 320 -> 319  (adds 1 muls 0)
[1] base 18  Sigma-dist 319 -> 318  (adds 2 muls 0)
[2] base 19  Sigma-dist 318 -> 317  (adds 3 muls 0)
[3] base 20  Sigma-dist 317 -> 316  (adds 4 muls 0)
[4] base 21  Sigma-dist 316 -> 315  (adds 5 muls 0)
[5] base 22  Sigma-dist 315 -> 314  (adds 6 muls 0)
[6] base 23  Sigma-dist 314 -> 313  (adds 7 muls 0)
[7] base 24  Sigma-dist 313 -> 312  (adds 8 muls 0)
[8] base 25  Sigma-dist 312 -> 311  (adds 9 muls 0)
[9] base 26  Sigma-dist 311 -> 310  (adds 10 muls 0)
[10] base 27  Sigma-dist 310 -> 309  (adds 11 muls 0)
[11] base 28  Sigma-dist 309 -> 308  (adds 12 muls 0)
[12] base 29  Sigma-dist 308 -> 307  (adds 13 muls 0)
[13] base 30  Sigma-dist 307 -> 306  (adds 14 muls 0)
[14] base 31  Sigma-dist 306 -> 305  (adds 15 muls 0)
[15] base 32  Sigma-dist 305 -> 304  (adds 16 muls 0)
greedy done: dists [0, 16, 0, 0, 0, 0, 0, 0, 0, 32]
bpcse: 48 targets, 16 inputs
[0] base 17  Sigma-dist 320 -> 319  (adds 1 muls 0)
[1] base 18  Sigma-dist 319 -> 318  (adds 2 muls 1)
[2] base 19  Sigma-dist 318 -> 317  (adds 3 muls 1)
[3] base 20  Sigma-dist 317 -> 316  (adds 4 muls 2)
[4] base 21  Sigma-dist 316 -> 315  (adds 5 muls 2)
[5] base 22  Sigma-dist 315 -> 314  (adds 6 muls 2)
[6] base 23  Sigma-dist 314 -> 313  (adds 7 muls 2)
[7] base 24  Sigma-dist 313 -> 312  (adds 8 muls 2)
[8] base 25  Sigma-dist 312 -> 311  (adds 9 muls 3)
[9] base 26  Sigma-dist 311 -> 310  (adds 10 muls 3)
[10] base 27  Sigma-dist 310 -> 309  (adds 11 muls 4)
[11] base 28  Sigma-dist 309 -> 308  (adds 12 muls 4)
[12] base 29  Sigma-dist 308 -> 307  (adds 13 muls 4)
[13] base 30  Sigma-dist 307 -> 306  (adds 14 muls 4)
[14] base 31  Sigma-dist 306 -> 305  (adds 15 muls 4)
[15] base 32  Sigma-dist 305 -> 304  (adds 16 muls 4)
greedy done: dists [0, 16, 0, 0, 0, 0, 0, 0, 0, 32]
bpcse: 48 targets, 16 inputs
[0] base 17  Sigma-dist 320 -> 319  (adds 1 muls 0)
[1] base 18  Sigma-dist 319 -> 318  (adds 2 muls 0)
[2] base 19  Sigma-dist 318 -> 317  (adds 3 muls 0)
[3] base 20  Sigma-dist 317 -> 316  (adds 4 muls 0)
[4] base 21  Sigma-dist 316 -> 315  (adds 5 muls 0)
[5] base 22  Sigma-dist 315 -> 314  (adds 6 muls 0)
[6] base 23  Sigma-dist 314 -> 313  (adds 7 muls 0)
[7] base 24  Sigma-dist 313 -> 312  (adds 8 muls 0)
[8] base 25  Sigma-dist 312 -> 311  (adds 9 muls 0)
[9] base 26  Sigma-dist 311 -> 310  (adds 10 muls 0)
[10] base 27  Sigma-dist 310 -> 309  (adds 11 muls 0)
[11] base 28  Sigma-dist 309 -> 308  (adds 12 muls 0)
[12] base 29  Sigma-dist 308 -> 307  (adds 13 muls 0)
[13] base 30  Sigma-dist 307 -> 306  (adds 14 muls 0)
[14] base 31  Sigma-dist 306 -> 305  (adds 15 muls 0)
[15] base 32  Sigma-dist 305 -> 304  (adds 16 muls 0)
greedy done: dists [0, 16, 0, 0, 0, 0, 0, 0, 0, 32]
bpcse: 48 targets, 16 inputs
[0] base 17  Sigma-dist 320 -> 319  (adds 1 muls 0)
[1] base 18  Sigma-dist 319 -> 318  (adds 2 muls 1)
[2] base 19  Sigma-dist 318 -> 317  (adds 3 muls 1)
[3] base 20  Sigma-dist 317 -> 316  (adds 4 muls 1)
[4] base 21  Sigma-dist 316 -> 315  (adds 5 muls 2)
[5] base 22  Sigma-dist 315 -> 314  (adds 6 muls 2)
[6] base 23  Sigma-dist 314 -> 313  (adds 7 muls 3)
[7] base 24  Sigma-dist 313 -> 312  (adds 8 muls 3)
[8] base 25  Sigma-dist 312 -> 311  (adds 9 muls 3)
[9] base 26  Sigma-dist 311 -> 310  (adds 10 muls 3)
[10] base 27  Sigma-dist 310 -> 309  (adds 11 muls 3)
[11] base 28  Sigma-dist 309 -> 308  (adds 12 muls 3)
[12] base 29  Sigma-dist 308 -> 307  (adds 13 muls 3)
[13] base 30  Sigma-dist 307 -> 306  (adds 14 muls 3)
[14] base 31  Sigma-dist 306 -> 305  (adds 15 muls 4)
[15] base 32  Sigma-dist 305 -> 304  (adds 16 muls 4)
greedy done: dists [0, 16, 0, 0, 0, 0, 0, 0, 0, 32]
bpcse: 48 targets, 16 inputs
[0] base 17  Sigma-dist 320 -> 319  (adds 1 muls 0)
[1] base 18  Sigma-dist 319 -> 318  (adds 2 muls 0)
[2] base 19  Sigma-dist 318 -> 317  (adds 3 muls 0)
[3] base 20  Sigma-dist 317 -> 316  (adds 4 muls 0)
[4] base 21  Sigma-dist 316 -> 315  (adds 5 muls 0)
[5] base 22  Sigma-dist 315 -> 314  (adds 6 muls 0)
[6] base 23  Sigma-dist 314 -> 313  (adds 7 muls 0)
[7] base 24  Sigma-dist 313 -> 312  (adds 8 muls 0)
[8] base 25  Sigma-dist 312 -> 311  (adds 9 muls 0)
[9] base 26  Sigma-dist 311 -> 310  (adds 10 muls 0)
[10] base 27  Sigma-dist 310 -> 309  (adds 11 muls 0)
[11] base 28  Sigma-dist 309 -> 308  (adds 12 muls 0)
[12] base 29  Sigma-dist 308 -> 307  (adds 13 muls 0)
[13] base 30  Sigma-dist 307 -> 306  (adds 14 muls 0)
[14] base 31  Sigma-dist 306 -> 305  (adds 15 muls 0)
[15] base 32  Sigma-dist 305 -> 304  (adds 16 muls 0)
greedy done: dists [0, 16, 0, 0, 0, 0, 0, 0, 0, 32]
bpcse: 48 targets, 16 inputs
[0] base 17  Sigma-dist 320 -> 319  (adds 1 muls 0)
[1] base 18  Sigma-dist 319 -> 318  (adds 2 muls 1)
[2] base 19  Sigma-dist 318 -> 317  (adds 3 muls 1)
[3] base 20  Sigma-dist 317 -> 316  (adds 4 muls 1)
[4] base 21  Sigma-dist 316 -> 315  (adds 5 muls 1)
[5] base 22  Sigma-dist 315 -> 314  (adds 6 muls 2)
[6] base 23  Sigma-dist 314 -> 313  (adds 7 muls 2)
[7] base 24  Sigma-dist 313 -> 312  (adds 8 muls 3)
[8] base 25  Sigma-dist 312 -> 311  (adds 9 muls 3)
[9] base 26  Sigma-dist 311 -> 310  (adds 10 muls 3)
[10] base 27  Sigma-dist 310 -> 309  (adds 11 muls 3)
[11] base 28  Sigma-dist 309 -> 308  (adds 12 muls 4)
[12] base 29  Sigma-dist 308 -> 307  (adds 13 muls 4)
[13] base 30  Sigma-dist 307 -> 306  (adds 14 muls 4)
[14] base 31  Sigma-dist 306 -> 305  (adds 15 muls 4)
[15] base 32  Sigma-dist 305 -> 304  (adds 16 muls 4)
greedy done: dists [0, 16, 0, 0, 0, 0, 0, 0, 0, 32]
bpcse: 48 targets, 16 inputs
[0] base 17  Sigma-dist 320 -> 319  (adds 1 muls 0)
[1] base 18  Sigma-dist 319 -> 318  (adds 2 muls 0)
[2] base 19  Sigma-dist 318 -> 317  (adds 3 muls 0)
[3] base 20  Sigma-dist 317 -> 316  (adds 4 muls 0)
[4] base 21  Sigma-dist 316 -> 315  (adds 5 muls 0)
[5] base 22  Sigma-dist 315 -> 314  (adds 6 muls 0)
[6] base 23  Sigma-dist 314 -> 313  (adds 7 muls 0)
[7] base 24  Sigma-dist 313 -> 312  (adds 8 muls 0)
[8] base 25  Sigma-dist 312 -> 311  (adds 9 muls 0)
[9] base 26  Sigma-dist 311 -> 310  (adds 10 muls 0)
[10] base 27  Sigma-dist 310 -> 309  (adds 11 muls 0)
[11] base 28  Sigma-dist 309 -> 308  (adds 12 muls 0)
[12] base 29  Sigma-dist 308 -> 307  (adds 13 muls 0)
[13] base 30  Sigma-dist 307 -> 306  (adds 14 muls 0)
[14] base 31  Sigma-dist 306 -> 305  (adds 15 muls 0)
[15] base 32  Sigma-dist 305 -> 304  (adds 16 muls 0)
greedy done: dists [0, 16, 0, 0, 0, 0, 0, 0, 0, 32]
bpcse: 48 targets, 16 inputs
[0] base 17  Sigma-dist 320 -> 319  (adds 1 muls 0)
[1] base 18  Sigma-dist 319 -> 318  (adds 2 muls 1)
[2] base 19  Sigma-dist 318 -> 317  (adds 3 muls 1)
[3] base 20  Sigma-dist 317 -> 316  (adds 4 muls 1)
[4] base 21  Sigma-dist 316 -> 315  (adds 5 muls 2)
[5] base 22  Sigma-dist 315 -> 314  (adds 6 muls 2)
[6] base 23  Sigma-dist 314 -> 313  (adds 7 muls 3)
[7] base 24  Sigma-dist 313 -> 312  (adds 8 muls 3)
[8] base 25  Sigma-dist 312 -> 311  (adds 9 muls 3)
[9] base 26  Sigma-dist 311 -> 310  (adds 10 muls 4)
[10] base 27  Sigma-dist 310 -> 309  (adds 11 muls 4)
[11] base 28  Sigma-dist 309 -> 308  (adds 12 muls 4)
[12] base 29  Sigma-dist 308 -> 307  (adds 13 muls 4)
[13] base 30  Sigma-dist 307 -> 306  (adds 14 muls 4)
[14] base 31  Sigma-dist 306 -> 305  (adds 15 muls 4)
[15] base 32  Sigma-dist 305 -> 304  (adds 16 muls 4)
greedy done: dists [0, 16, 0, 0, 0, 0, 0, 0, 0, 32]
bpcse: 48 targets, 16 inputs
[0] base 17  Sigma-dist 320 -> 319  (adds 1 muls 0)
[1] base 18  Sigma-dist 319 -> 318  (adds 2 muls 0)
[2] base 19  Sigma-dist 318 -> 317  (adds 3 muls 0)
[3] base 20  Sigma-dist 317 -> 316  (adds 4 muls 0)
[4] base 21  Sigma-dist 316 -> 315  (adds 5 muls 0)
[5] base 22  Sigma-dist 315 -> 314  (adds 6 muls 0)
[6] base 23  Sigma-dist 314 -> 313  (adds 7 muls 0)
[7] base 24  Sigma-dist 313 -> 312  (adds 8 muls 0)
[8] base 25  Sigma-dist 312 -> 311  (adds 9 muls 0)
[9] base 26  Sigma-dist 311 -> 310  (adds 10 muls 0)
[10] base 27  Sigma-dist 310 -> 309  (adds 11 muls 0)
[11] base 28  Sigma-dist 309 -> 308  (adds 12 muls 0)
[12] base 29  Sigma-dist 308 -> 307  (adds 13 muls 0)
[13] base 30  Sigma-dist 307 -> 306  (adds 14 muls 0)
[14] base 31  Sigma-dist 306 -> 305  (adds 15 muls 0)
[15] base 32  Sigma-dist 305 -> 304  (adds 16 muls 0)
greedy done: dists [0, 16, 0, 0, 0, 0, 0, 0, 0, 32]
bpcse: 48 targets, 16 inputs
[0] base 17  Sigma-dist 320 -> 319  (adds 1 muls 0)
[1] base 18  Sigma-dist 319 -> 318  (adds 2 muls 1)
[2] base 19  Sigma-dist 318 -> 317  (adds 3 muls 1)
[3] base 20  Sigma-dist 317 -> 316  (adds 4 muls 2)
[4] base 21  Sigma-dist 316 -> 315  (adds 5 muls 2)
[5] base 22  Sigma-dist 315 -> 314  (adds 6 muls 3)
[6] base 23  Sigma-dist 314 -> 313  (adds 7 muls 3)
[7] base 24  Sigma-dist 313 -> 312  (adds 8 muls 3)
[8] base 25  Sigma-dist 312 -> 311  (adds 9 muls 3)
[9] base 26  Sigma-dist 311 -> 310  (adds 10 muls 3)
[10] base 27  Sigma-dist 310 -> 309  (adds 11 muls 3)
[11] base 28  Sigma-dist 309 -> 308  (adds 12 muls 4)
[12] base 29  Sigma-dist 308 -> 307  (adds 13 muls 4)
[13] base 30  Sigma-dist 307 -> 306  (adds 14 muls 4)
[14] base 31  Sigma-dist 306 -> 305  (adds 15 muls 4)
[15] base 32  Sigma-dist 305 -> 304  (adds 16 muls 4)
greedy done: dists [0, 16, 0, 0, 0, 0, 0, 0, 0, 32]
bpcse: 48 targets, 16 inputs
[0] base 17  Sigma-dist 320 -> 319  (adds 1 muls 0)
[1] base 18  Sigma-dist 319 -> 318  (adds 2 muls 0)
[2] base 19  Sigma-dist 318 -> 317  (adds 3 muls 0)
[3] base 20  Sigma-dist 317 -> 316  (adds 4 muls 0)
[4] base 21  Sigma-dist 316 -> 315  (adds 5 muls 0)
[5] base 22  Sigma-dist 315 -> 314  (adds 6 muls 0)
[6] base 23  Sigma-dist 314 -> 313  (adds 7 muls 0)
[7] base 24  Sigma-dist 313 -> 312  (adds 8 muls 0)
[8] base 25  Sigma-dist 312 -> 311  (adds 9 muls 0)
[9] base 26  Sigma-dist 311 -> 310  (adds 10 muls 0)
[10] base 27  Sigma-dist 310 -> 309  (adds 11 muls 0)
[11] base 28  Sigma-dist 309 -> 308  (adds 12 muls 0)
[12] base 29  Sigma-dist 308 -> 307  (adds 13 muls 0)
[13] base 30  Sigma-dist 307 -> 306  (adds 14 muls 0)
[14] base 31  Sigma-dist 306 -> 305  (adds 15 muls 0)
[15] base 32  Sigma-dist 305 -> 304  (adds 16 muls 0)
greedy done: dists [0, 16, 0, 0, 0, 0, 0, 0, 0, 32]
bpcse: 48 targets, 16 inputs
[0] base 17  Sigma-dist 320 -> 319  (adds 1 muls 0)
[1] base 18  Sigma-dist 319 -> 318  (adds 2 muls 1)
[2] base 19  Sigma-dist 318 -> 317  (adds 3 muls 1)
[3] base 20  Sigma-dist 317 -> 316  (adds 4 muls 1)
[4] base 21  Sigma-dist 316 -> 315  (adds 5 muls 1)
[5] base 22  Sigma-dist 315 -> 314  (adds 6 muls 1)
[6] base 23  Sigma-dist 314 -> 313  (adds 7 muls 2)
[7] base 24  Sigma-dist 313 -> 312  (adds 8 muls 2)
[8] base 25  Sigma-dist 312 -> 311  (adds 9 muls 2)
[9] base 26  Sigma-dist 311 -> 310  (adds 10 muls 2)
[10] base 27  Sigma-dist 310 -> 309  (adds 11 muls 2)
[11] base 28  Sigma-dist 309 -> 308  (adds 12 muls 3)
[12] base 29  Sigma-dist 308 -> 307  (adds 13 muls 3)
[13] base 30  Sigma-dist 307 -> 306  (adds 14 muls 3)
[14] base 31  Sigma-dist 306 -> 305  (adds 15 muls 4)
[15] base 32  Sigma-dist 305 -> 304  (adds 16 muls 4)
greedy done: dists [0, 16, 0, 0, 0, 0, 0, 0, 0, 32]
bpcse: 48 targets, 16 inputs
[0] base 17  Sigma-dist 320 -> 319  (adds 1 muls 0)
[1] base 18  Sigma-dist 319 -> 318  (adds 2 muls 0)
[2] base 19  Sigma-dist 318 -> 317  (adds 3 muls 0)
[3] base 20  Sigma-dist 317 -> 316  (adds 4 muls 0)
[4] base 21  Sigma-dist 316 -> 315  (adds 5 muls 0)
[5] base 22  Sigma-dist 315 -> 314  (adds 6 muls 0)
[6] base 23  Sigma-dist 314 -> 313  (adds 7 muls 0)
[7] base 24  Sigma-dist 313 -> 312  (adds 8 muls 0)
[8] base 25  Sigma-dist 312 -> 311  (adds 9 muls 0)
[9] base 26  Sigma-dist 311 -> 310  (adds 10 muls 0)
[10] base 27  Sigma-dist 310 -> 309  (adds 11 muls 0)
[11] base 28  Sigma-dist 309 -> 308  (adds 12 muls 0)
[12] base 29  Sigma-dist 308 -> 307  (adds 13 muls 0)
[13] base 30  Sigma-dist 307 -> 306  (adds 14 muls 0)
[14] base 31  Sigma-dist 306 -> 305  (adds 15 muls 0)
[15] base 32  Sigma-dist 305 -> 304  (adds 16 muls 0)
greedy done: dists [0, 16, 0, 0, 0, 0, 0, 0, 0, 32]
bpcse: 48 targets, 16 inputs
[0] base 17  Sigma-dist 320 -> 319  (adds 1 muls 0)
[1] base 18  Sigma-dist 319 -> 318  (adds 2 muls 1)
[2] base 19  Sigma-dist 318 -> 317  (adds 3 muls 1)
[3] base 20  Sigma-dist 317 -> 316  (adds 4 muls 2)
[4] base 21  Sigma-dist 316 -> 315  (adds 5 muls 2)
[5] base 22  Sigma-dist 315 -> 314  (adds 6 muls 2)
[6] base 23  Sigma-dist 314 -> 313  (adds 7 muls 3)
[7] base 24  Sigma-dist 313 -> 312  (adds 8 muls 3)
[8] base 25  Sigma-dist 312 -> 311  (adds 9 muls 4)
[9] base 26  Sigma-dist 311 -> 310  (adds 10 muls 4)
[10] base 27  Sigma-dist 310 -> 309  (adds 11 muls 4)
[11] base 28  Sigma-dist 309 -> 308  (adds 12 muls 4)
[12] base 29  Sigma-dist 308 -> 307  (adds 13 muls 4)
[13] base 30  Sigma-dist 307 -> 306  (adds 14 muls 4)
[14] base 31  Sigma-dist 306 -> 305  (adds 15 muls 4)
[15] base 32  Sigma-dist 305 -> 304  (adds 16 muls 4)
greedy done: dists [0, 16, 0, 0, 0, 0, 0, 0, 0, 32]
bpcse: 48 targets, 16 inputs
[0] base 17  Sigma-dist 320 -> 319  (adds 1 muls 0)
[1] base 18  Sigma-dist 319 -> 318  (adds 2 muls 0)
[2] base 19  Sigma-dist 318 -> 317  (adds 3 muls 0)
[3] base 20  Sigma-dist 317 -> 316  (adds 4 muls 0)
[4] base 21  Sigma-dist 316 -> 315  (adds 5 muls 0)
[5] base 22  Sigma-dist 315 -> 314  (adds 6 muls 0)
[6] base 23  Sigma-dist 314 -> 313  (adds 7 muls 0)
[7] base 24  Sigma-dist 313 -> 312  (adds 8 muls 0)
[8] base 25  Sigma-dist 312 -> 311  (adds 9 muls 0)
[9] base 26  Sigma-dist 311 -> 310  (adds 10 muls 0)
[10] base 27  Sigma-dist 310 -> 309  (adds 11 muls 0)
[11] base 28  Sigma-dist 309 -> 308  (adds 12 muls 0)
[12] base 29  Sigma-dist 308 -> 307  (adds 13 muls 0)
[13] base 30  Sigma-dist 307 -> 306  (adds 14 muls 0)
[14] base 31  Sigma-dist 306 -> 305  (adds 15 muls 0)
[15] base 32  Sigma-dist 305 -> 304  (adds 16 muls 0)
greedy done: dists [0, 16, 0, 0, 0, 0, 0, 0, 0, 32]
bpcse: 48 targets, 16 inputs
[0] base 17  Sigma-dist 320 -> 319  (adds 1 muls 0)
[1] base 18  Sigma-dist 319 -> 318  (adds 2 muls 1)
[2] base 19  Sigma-dist 318 -> 317  (adds 3 muls 1)
[3] base 20  Sigma-dist 317 -> 316  (adds 4 muls 1)
[4] base 21  Sigma-dist 316 -> 315  (adds 5 muls 2)
[5] base 22  Sigma-dist 315 -> 314  (adds 6 muls 2)
[6] base 23  Sigma-dist 314 -> 313  (adds 7 muls 3)
[7] base 24  Sigma-dist 313 -> 312  (adds 8 muls 3)
[8] base 25  Sigma-dist 312 -> 311  (adds 9 muls 3)
[9] base 26  Sigma-dist 311 -> 310  (adds 10 muls 3)
[10] base 27  Sigma-dist 310 -> 309  (adds 11 muls 3)
[11] base 28  Sigma-dist 309 -> 308  (adds 12 muls 4)
[12] base 29  Sigma-dist 308 -> 307  (adds 13 muls 4)
[13] base 30  Sigma-dist 307 -> 306  (adds 14 muls 4)
[14] base 31  Sigma-dist 306 -> 305  (adds 15 muls 4)
[15] base 32  Sigma-dist 305 -> 304  (adds 16 muls 4)
greedy done: dists [0, 16, 0, 0, 0, 0, 0, 0, 0, 32]
bpcse: 48 targets, 16 inputs
[0] base 17  Sigma-dist 320 -> 319  (adds 1 muls 0)
[1] base 18  Sigma-dist 319 -> 318  (adds 2 muls 0)
[2] base 19  Sigma-dist 318 -> 317  (adds 3 muls 0)
[3] base 20  Sigma-dist 317 -> 316  (adds 4 muls 0)
[4] base 21  Sigma-dist 316 -> 315  (adds 5 muls 0)
[5] base 22  Sigma-dist 315 -> 314  (adds 6 muls 0)
[6] base 23  Sigma-dist 314 -> 313  (adds 7 muls 0)
[7] base 24  Sigma-dist 313 -> 312  (adds 8 muls 0)
[8] base 25  Sigma-dist 312 -> 311  (adds 9 muls 0)
[9] base 26  Sigma-dist 311 -> 310  (adds 10 muls 0)
[10] base 27  Sigma-dist 310 -> 309  (adds 11 muls 0)
[11] base 28  Sigma-dist 309 -> 308  (adds 12 muls 0)
[12] base 29  Sigma-dist 308 -> 307  (adds 13 muls 0)
[13] base 30  Sigma-dist 307 -> 306  (adds 14 muls 0)
[14] base 31  Sigma-dist 306 -> 305  (adds 15 muls 0)
[15] base 32  Sigma-dist 305 -> 304  (adds 16 muls 0)
greedy done: dists [0, 16, 0, 0, 0, 0, 0, 0, 0, 32]
bpcse: 48 targets, 16 inputs
[0] base 17  Sigma-dist 320 -> 319  (adds 1 muls 0)
[1] base 18  Sigma-dist 319 -> 318  (adds 2 muls 1)
[2] base 19  Sigma-dist 318 -> 317  (adds 3 muls 1)
[3] base 20  Sigma-dist 317 -> 316  (adds 4 muls 1)
[4] base 21  Sigma-dist 316 -> 315  (adds 5 muls 1)
[5] base 22  Sigma-dist 315 -> 314  (adds 6 muls 1)
[6] base 23  Sigma-dist 314 -> 313  (adds 7 muls 1)
[7] base 24  Sigma-dist 313 -> 312  (adds 8 muls 1)
[8] base 25  Sigma-dist 312 -> 311  (adds 9 muls 2)
[9] base 26  Sigma-dist 311 -> 310  (adds 10 muls 2)
[10] base 27  Sigma-dist 310 -> 309  (adds 11 muls 3)
[11] base 28  Sigma-dist 309 -> 308  (adds 12 muls 3)
[12] base 29  Sigma-dist 308 -> 307  (adds 13 muls 3)
[13] base 30  Sigma-dist 307 -> 306  (adds 14 muls 4)
[14] base 31  Sigma-dist 306 -> 305  (adds 15 muls 4)
[15] base 32  Sigma-dist 305 -> 304  (adds 16 muls 4)
greedy done: dists [0, 16, 0, 0, 0, 0, 0, 0, 0, 32]
bpcse: 48 targets, 16 inputs
[0] base 17  Sigma-dist 320 -> 319  (adds 1 muls 0)
[1] base 18  Sigma-dist 319 -> 318  (adds 2 muls 0)
[2] base 19  Sigma-dist 318 -> 317  (adds 3 muls 0)
[3] base 20  Sigma-dist 317 -> 316  (adds 4 muls 0)
[4] base 21  Sigma-dist 316 -> 315  (adds 5 muls 0)
[5] base 22  Sigma-dist 315 -> 314  (adds 6 muls 0)
[6] base 23  Sigma-dist 314 -> 313  (adds 7 muls 0)
[7] base 24  Sigma-dist 313 -> 312  (adds 8 muls 0)
[8] base 25  Sigma-dist 312 -> 311  (adds 9 muls 0)
[9] base 26  Sigma-dist 311 -> 310  (adds 10 muls 0)
[10] base 27  Sigma-dist 310 -> 309  (adds 11 muls 0)
[11] base 28  Sigma-dist 309 -> 308  (adds 12 muls 0)
[12] base 29  Sigma-dist 308 -> 307  (adds 13 muls 0)
[13] base 30  Sigma-dist 307 -> 306  (adds 14 muls 0)
[14] base 31  Sigma-dist 306 -> 305  (adds 15 muls 0)
[15] base 32  Sigma-dist 305 -> 304  (adds 16 muls 0)
greedy done: dists [0, 16, 0, 0, 0, 0, 0, 0, 0, 32]
bpcse: 48 targets, 16 inputs
[0] base 17  Sigma-dist 320 -> 319  (adds 1 muls 0)
[1] base 18  Sigma-dist 319 -> 318  (adds 2 muls 1)
[2] base 19  Sigma-dist 318 -> 317  (adds 3 muls 1)
[3] base 20  Sigma-dist 317 -> 316  (adds 4 muls 2)
[4] base 21  Sigma-dist 316 -> 315  (adds 5 muls 2)
[5] base 22  Sigma-dist 315 -> 314  (adds 6 muls 2)
[6] base 23  Sigma-dist 314 -> 313  (adds 7 muls 2)
[7] base 24  Sigma-dist 313 -> 312  (adds 8 muls 2)
[8] base 25  Sigma-dist 312 -> 311  (adds 9 muls 2)
[9] base 26  Sigma-dist 311 -> 310  (adds 10 muls 2)
[10] base 27  Sigma-dist 310 -> 309  (adds 11 muls 2)
[11] base 28  Sigma-dist 309 -> 308  (adds 12 muls 3)
[12] base 29  Sigma-dist 308 -> 307  (adds 13 muls 3)
[13] base 30  Sigma-dist 307 -> 306  (adds 14 muls 3)
[14] base 31  Sigma-dist 306 -> 305  (adds 15 muls 4)
[15] base 32  Sigma-dist 305 -> 304  (adds 16 muls 4)
greedy done: dists [0, 16, 0, 0, 0, 0, 0, 0, 0, 32]
bpcse: 48 targets, 16 inputs
[0] base 17  Sigma-dist 320 -> 319  (adds 1 muls 0)
[1] base 18  Sigma-dist 319 -> 318  (adds 2 muls 0)
[2] base 19  Sigma-dist 318 -> 317  (adds 3 muls 0)
[3] base 20  Sigma-dist 317 -> 316  (adds 4 muls 0)
[4] base 21  Sigma-dist 316 -> 315  (adds 5 muls 0)
[5] base 22  Sigma-dist 315 -> 314  (adds 6 muls 0)
[6] base 23  Sigma-dist 314 -> 313  (adds 7 muls 0)
[7] base 24  Sigma-dist 313 -> 312  (adds 8 muls 0)
[8] base 25  Sigma-dist 312 -> 311  (adds 9 muls 0)
[9] base 26  Sigma-dist 311 -> 310  (adds 10 muls 0)
[10] base 27  Sigma-dist 310 -> 309  (adds 11 muls 0)
[11] base 28  Sigma-dist 309 -> 308  (adds 12 muls 0)
[12] base 29  Sigma-dist 308 -> 307  (adds 13 muls 0)
[13] base 30  Sigma-dist 307 -> 306  (adds 14 muls 0)
[14] base 31  Sigma-dist 306 -> 305  (adds 15 muls 0)
[15] base 32  Sigma-dist 305 -> 304  (adds 16 muls 0)
greedy done: dists [0, 16, 0, 0, 0, 0, 0, 0, 0, 32]
bpcse: 48 targets, 16 inputs
[0] base 17  Sigma-dist 320 -> 319  (adds 1 muls 0)
[1] base 18  Sigma-dist 319 -> 318  (adds 2 muls 1)
[2] base 19  Sigma-dist 318 -> 317  (adds 3 muls 1)
[3] base 20  Sigma-dist 317 -> 316  (adds 4 muls 2)
[4] base 21  Sigma-dist 316 -> 315  (adds 5 muls 2)
[5] base 22  Sigma-dist 315 -> 314  (adds 6 muls 2)
[6] base 23  Sigma-dist 314 -> 313  (adds 7 muls 3)
[7] base 24  Sigma-dist 313 -> 312  (adds 8 muls 3)
[8] base 25  Sigma-dist 312 -> 311  (adds 9 muls 4)
[9] base 26  Sigma-dist 311 -> 310  (adds 10 muls 4)
[10] base 27  Sigma-dist 310 -> 309  (adds 11 muls 4)
[11] base 28  Sigma-dist 309 -> 308  (adds 12 muls 4)
[12] base 29  Sigma-dist 308 -> 307  (adds 13 muls 4)
[13] base 30  Sigma-dist 307 -> 306  (adds 14 muls 4)
[14] base 31  Sigma-dist 306 -> 305  (adds 15 muls 4)
[15] base 32  Sigma-dist 305 -> 304  (adds 16 muls 4)
greedy done: dists [0, 16, 0, 0, 0, 0, 0, 0, 0, 32]
bpcse: 48 targets, 16 inputs
[0] base 17  Sigma-dist 320 -> 319  (adds 1 muls 0)
[1] base 18  Sigma-dist 319 -> 318  (adds 2 muls 0)
[2] base 19  Sigma-dist 318 -> 317  (adds 3 muls 0)
[3] base 20  Sigma-dist 317 -> 316  (adds 4 muls 0)
[4] base 21  Sigma-dist 316 -> 315  (adds 5 muls 0)
[5] base 22  Sigma-dist 315 -> 314  (adds 6 muls 0)
[6] base 23  Sigma-dist 314 -> 313  (adds 7 muls 0)
[7] base 24  Sigma-dist 313 -> 312  (adds 8 muls 0)
[8] base 25  Sigma-dist 312 -> 311  (adds 9 muls 0)
[9] base 26  Sigma-dist 311 -> 310  (adds 10 muls 0)
[10] base 27  Sigma-dist 310 -> 309  (adds 11 muls 0)
[11] base 28  Sigma-dist 309 -> 308  (adds 12 muls 0)
[12] base 29  Sigma-dist 308 -> 307  (adds 13 muls 0)
[13] base 30  Sigma-dist 307 -> 306  (adds 14 muls 0)
[14] base 31  Sigma-dist 306 -> 305  (adds 15 muls 0)
[15] base 32  Sigma-dist 305 -> 304  (adds 16 muls 0)
greedy done: dists [0, 16, 0, 0, 0, 0, 0, 0, 0, 32]
bpcse: 48 targets, 16 inputs
[0] base 17  Sigma-dist 320 -> 319  (adds 1 muls 0)
[1] base 18  Sigma-dist 319 -> 318  (adds 2 muls 1)
[2] base 19  Sigma-dist 318 -> 317  (adds 3 muls 1)
[3] base 20  Sigma-dist 317 -> 316  (adds 4 muls 2)
[4] base 21  Sigma-dist 316 -> 315  (adds 5 muls 2)
[5] base 22  Sigma-dist 315 -> 314  (adds 6 muls 2)
[6] base 23  Sigma-dist 314 -> 313  (adds 7 muls 3)
[7] base 24  Sigma-dist 313 -> 312  (adds 8 muls 3)
[8] base 25  Sigma-dist 312 -> 311  (adds 9 muls 3)
[9] base 26  Sigma-dist 311 -> 310  (adds 10 muls 4)
[10] base 27  Sigma-dist 310 -> 309  (adds 11 muls 4)
[11] base 28  Sigma-dist 309 -> 308  (adds 12 muls 4)
[12] base 29  Sigma-dist 308 -> 307  (adds 13 muls 4)
[13] base 30  Sigma-dist 307 -> 306  (adds 14 muls 4)
[14] base 31  Sigma-dist 306 -> 305  (adds 15 muls 4)
[15] base 32  Sigma-dist 305 -> 304  (adds 16 muls 4)
greedy done: dists [0, 16, 0, 0, 0, 0, 0, 0, 0, 32]
bpcse: 48 targets, 16 inputs
[0] base 17  Sigma-dist 320 -> 319  (adds 1 muls 0)
[1] base 18  Sigma-dist 319 -> 318  (adds 2 muls 0)
[2] base 19  Sigma-dist 318 -> 317  (adds 3 muls 0)
[3] base 20  Sigma-dist 317 -> 316  (adds 4 muls 0)
[4] base 21  Sigma-dist 316 -> 315  (adds 5 muls 0)
[5] base 22  Sigma-dist 315 -> 314  (adds 6 muls 0)
[6] base 23  Sigma-dist 314 -> 313  (adds 7 muls 0)
[7] base 24  Sigma-dist 313 -> 312  (adds 8 muls 0)
[8] base 25  Sigma-dist 312 -> 311  (adds 9 muls 0)
[9] base 26  Sigma-dist 311 -> 310  (adds 10 muls 0)
[10] base 27  Sigma-dist 310 -> 309  (adds 11 muls 0)
[11] base 28  Sigma-dist 309 -> 308  (adds 12 muls 0)
[12] base 29  Sigma-dist 308 -> 307  (adds 13 muls 0)
[13] base 30  Sigma-dist 307 -> 306  (adds 14 muls 0)
[14] base 31  Sigma-dist 306 -> 305  (adds 15 muls 0)
[15] base 32  Sigma-dist 305 -> 304  (adds 16 muls 0)
greedy done: dists [0, 16, 0, 0, 0, 0, 0, 0, 0, 32]
bpcse: 48 targets, 16 inputs
[0] base 17  Sigma-dist 320 -> 319  (adds 1 muls 0)
[1] base 18  Sigma-dist 319 -> 318  (adds 2 muls 1)
[2] base 19  Sigma-dist 318 -> 317  (adds 3 muls 1)
[3] base 20  Sigma-dist 317 -> 316  (adds 4 muls 1)
[4] base 21  Sigma-dist 316 -> 315  (adds 5 muls 1)
[5] base 22  Sigma-dist 315 -> 314  (adds 6 muls 1)
[6] base 23  Sigma-dist 314 -> 313  (adds 7 muls 2)
[7] base 24  Sigma-dist 313 -> 312  (adds 8 muls 2)
[8] base 25  Sigma-dist 312 -> 311  (adds 9 muls 2)
[9] base 26  Sigma-dist 311 -> 310  (adds 10 muls 3)
[10] base 27  Sigma-dist 310 -> 309  (adds 11 muls 3)
[11] base 28  Sigma-dist 309 -> 308  (adds 12 muls 3)
[12] base 29  Sigma-dist 308 -> 307  (adds 13 muls 3)
[13] base 30  Sigma-dist 307 -> 306  (adds 14 muls 3)
[14] base 31  Sigma-dist 306 -> 305  (adds 15 muls 4)
[15] base 32  Sigma-dist 305 -> 304  (adds 16 muls 4)
greedy done: dists [0, 16, 0, 0, 0, 0, 0, 0, 0, 32]
bpcse: 48 targets, 16 inputs
[0] base 17  Sigma-dist 320 -> 319  (adds 1 muls 0)
[1] base 18  Sigma-dist 319 -> 318  (adds 2 muls 0)
[2] base 19  Sigma-dist 318 -> 317  (adds 3 muls 0)
[3] base 20  Sigma-dist 317 -> 316  (adds 4 muls 0)
[4] base 21  Sigma-dist 316 -> 315  (adds 5 muls 0)
[5] base 22  Sigma-dist 315 -> 314  (adds 6 muls 0)
[6] base 23  Sigma-dist 314 -> 313  (adds 7 muls 0)
[7] base 24  Sigma-dist 313 -> 312  (adds 8 muls 0)
[8] base 25  Sigma-dist 312 -> 311  (adds 9 muls 0)
[9] base 26  Sigma-dist 311 -> 310  (adds 10 muls 0)
[10] base 27  Sigma-dist 310 -> 309  (adds 11 muls 0)
[11] base 28  Sigma-dist 309 -> 308  (adds 12 muls 0)
[12] base 29  Sigma-dist 308 -> 307  (adds 13 muls 0)
[13] base 30  Sigma-dist 307 -> 306  (adds 14 muls 0)
[14] base 31  Sigma-dist 306 -> 305  (adds 15 muls 0)
[15] base 32  Sigma-dist 305 -> 304  (adds 16 muls 0)
greedy done: dists [0, 16, 0, 0, 0, 0, 0, 0, 0, 32]
bpcse: 48 targets, 16 inputs
[0] base 17  Sigma-dist 320 -> 319  (adds 1 muls 0)
[1] base 18  Sigma-dist 319 -> 318  (adds 2 muls 1)
[2] base 19  Sigma-dist 318 -> 317  (adds 3 muls 1)
[3] base 20  Sigma-dist 317 -> 316  (adds 4 muls 1)
[4] base 21  Sigma-dist 316 -> 315  (adds 5 muls 2)
[5] base 22  Sigma-dist 315 -> 314  (adds 6 muls 2)
[6] base 23  Sigma-dist 314 -> 313  (adds 7 muls 3)
[7] base 24  Sigma-dist 313 -> 312  (adds 8 muls 3)
[8] base 25  Sigma-dist 312 -> 311  (adds 9 muls 3)
[9] base 26  Sigma-dist 311 -> 310  (adds 10 muls 4)
[10] base 27  Sigma-dist 310 -> 309  (adds 11 muls 4)
[11] base 28  Sigma-dist 309 -> 308  (adds 12 muls 4)
[12] base 29  Sigma-dist 308 -> 307  (adds 13 muls 4)
[13] base 30  Sigma-dist 307 -> 306  (adds 14 muls 4)
[14] base 31  Sigma-dist 306 -> 305  (adds 15 muls 4)
[15] base 32  Sigma-dist 305 -> 304  (adds 16 muls 4)
greedy done: dists [0, 16, 0, 0, 0, 0, 0, 0, 0, 32]
bpcse: 48 targets, 16 inputs
[0] base 17  Sigma-dist 320 -> 319  (adds 1 muls 0)
[1] base 18  Sigma-dist 319 -> 318  (adds 2 muls 0)
[2] base 19  Sigma-dist 318 -> 317  (adds 3 muls 0)
[3] base 20  Sigma-dist 317 -> 316  (adds 4 muls 0)
[4] base 21  Sigma-dist 316 -> 315  (adds 5 muls 0)
[5] base 22  Sigma-dist 315 -> 314  (adds 6 muls 0)
[6] base 23  Sigma-dist 314 -> 313  (adds 7 muls 0)
[7] base 24  Sigma-dist 313 -> 312  (adds 8 muls 0)
[8] base 25  Sigma-dist 312 -> 311  (adds 9 muls 0)
[9] base 26  Sigma-dist 311 -> 310  (adds 10 muls 0)
[10] base 27  Sigma-dist 310 -> 309  (adds 11 muls 0)
[11] base 28  Sigma-dist 309 -> 308  (adds 12 muls 0)
[12] base 29  Sigma-dist 308 -> 307  (adds 13 muls 0)
[13] base 30  Sigma-dist 307 -> 306  (adds 14 muls 0)
[14] base 31  Sigma-dist 306 -> 305  (adds 15 muls 0)
[15] base 32  Sigma-dist 305 -> 304  (adds 16 muls 0)
greedy done: dists [0, 16, 0, 0, 0, 0, 0, 0, 0, 32]
bpcse: 48 targets, 16 inputs
[0] base 17  Sigma-dist 320 -> 319  (adds 1 muls 0)
[1] base 18  Sigma-dist 319 -> 318  (adds 2 muls 1)
[2] base 19  Sigma-dist 318 -> 317  (adds 3 muls 1)
[3] base 20  Sigma-dist 317 -> 316  (adds 4 muls 1)
[4] base 21  Sigma-dist 316 -> 315  (adds 5 muls 1)
[5] base 22  Sigma-dist 315 -> 314  (adds 6 muls 2)
[6] base 23  Sigma-dist 314 -> 313  (adds 7 muls 2)
[7] base 24  Sigma-dist 313 -> 312  (adds 8 muls 2)
[8] base 25  Sigma-dist 312 -> 311  (adds 9 muls 2)
[9] base 26  Sigma-dist 311 -> 310  (adds 10 muls 3)
[10] base 27  Sigma-dist 310 -> 309  (adds 11 muls 3)
[11] base 28  Sigma-dist 309 -> 308  (adds 12 muls 4)
[12] base 29  Sigma-dist 308 -> 307  (adds 13 muls 4)
[13] base 30  Sigma-dist 307 -> 306  (adds 14 muls 4)
[14] base 31  Sigma-dist 306 -> 305  (adds 15 muls 4)
[15] base 32  Sigma-dist 305 -> 304  (adds 16 muls 4)
greedy done: dists [0, 16, 0, 0, 0, 0, 0, 0, 0, 32]
bpcse: 48 targets, 16 inputs
[0] base 17  Sigma-dist 320 -> 319  (adds 1 muls 0)
[1] base 18  Sigma-dist 319 -> 318  (adds 2 muls 0)
[2] base 19  Sigma-dist 318 -> 317  (adds 3 muls 0)
[3] base 20  Sigma-dist 317 -> 316  (adds 4 muls 0)
[4] base 21  Sigma-dist 316 -> 315  (adds 5 muls 0)
[5] base 22  Sigma-dist 315 -> 314  (adds 6 muls 0)
[6] base 23  Sigma-dist 314 -> 313  (adds 7 muls 0)
[7] base 24  Sigma-dist 313 -> 312  (adds 8 muls 0)
[8] base 25  Sigma-dist 312 -> 311  (adds 9 muls 0)
[9] base 26  Sigma-dist 311 -> 310  (adds 10 muls 0)
[10] base 27  Sigma-dist 310 -> 309  (adds 11 muls 0)
[11] base 28  Sigma-dist 309 -> 308  (adds 12 muls 0)
[12] base 29  Sigma-dist 308 -> 307  (adds 13 muls 0)
[13] base 30  Sigma-dist 307 -> 306  (adds 14 muls 0)
[14] base 31  Sigma-dist 306 -> 305  (adds 15 muls 0)
[15] base 32  Sigma-dist 305 -> 304  (adds 16 muls 0)
greedy done: dists [0, 16, 0, 0, 0, 0, 0, 0, 0, 32]
bpcse: 48 targets, 16 inputs
[0] base 17  Sigma-dist 320 -> 319  (adds 1 muls 0)
[1] base 18  Sigma-dist 319 -> 318  (adds 2 muls 1)
[2] base 19  Sigma-dist 318 -> 317  (adds 3 muls 1)
[3] base 20  Sigma-dist 317 -> 316  (adds 4 muls 2)
[4] base 21  Sigma-dist 316 -> 315  (adds 5 muls 2)
[5] base 22  Sigma-dist 315 -> 314  (adds 6 muls 2)
[6] base 23  Sigma-dist 314 -> 313  (adds 7 muls 3)
[7] base 24  Sigma-dist 313 -> 312  (adds 8 muls 3)
[8] base 25  Sigma-dist 312 -> 311  (adds 9 muls 3)
[9] base 26  Sigma-dist 311 -> 310  (adds 10 muls 3)
[10] base 27  Sigma-dist 310 -> 309  (adds 11 muls 3)
[11] base 28  Sigma-dist 309 -> 308  (adds 12 muls 3)
[12] base 29  Sigma-dist 308 -> 307  (adds 13 muls 4)
[13] base 30  Sigma-dist 307 -> 306  (adds 14 muls 4)
[14] base 31  Sigma-dist 306 -> 305  (adds 15 muls 4)
[15] base 32  Sigma-dist 305 -> 304  (adds 16 muls 4)
greedy done: dists [0, 16, 0, 0, 0, 0, 0, 0, 0, 32]
bpcse: 48 targets, 16 inputs
[0] base 17  Sigma-dist 320 -> 319  (adds 1 muls 0)
[1] base 18  Sigma-dist 319 -> 318  (adds 2 muls 0)
[2] base 19  Sigma-dist 318 -> 317  (adds 3 muls 0)
[3] base 20  Sigma-dist 317 -> 316  (adds 4 muls 0)
[4] base 21  Sigma-dist 316 -> 315  (adds 5 muls 0)
[5] base 22  Sigma-dist 315 -> 314  (adds 6 muls 0)
[6] base 23  Sigma-dist 314 -> 313  (adds 7 muls 0)
[7] base 24  Sigma-dist 313 -> 312  (adds 8 muls 0)
[8] base 25  Sigma-dist 312 -> 311  (adds 9 muls 0)
[9] base 26  Sigma-dist 311 -> 310  (adds 10 muls 0)
[10] base 27  Sigma-dist 310 -> 309  (adds 11 muls 0)
[11] base 28  Sigma-dist 309 -> 308  (adds 12 muls 0)
[12] base 29  Sigma-dist 308 -> 307  (adds 13 muls 0)
[13] base 30  Sigma-dist 307 -> 306  (adds 14 muls 0)
[14] base 31  Sigma-dist 306 -> 305  (adds 15 muls 0)
[15] base 32  Sigma-dist 305 -> 304  (adds 16 muls 0)
greedy done: dists [0, 16, 0, 0, 0, 0, 0, 0, 0, 32]
bpcse: 48 targets, 16 inputs
[0] base 17  Sigma-dist 320 -> 319  (adds 1 muls 0)
[1] base 18  Sigma-dist 319 -> 318  (adds 2 muls 1)
[2] base 19  Sigma-dist 318 -> 317  (adds 3 muls 1)
[3] base 20  Sigma-dist 317 -> 316  (adds 4 muls 2)
[4] base 21  Sigma-dist 316 -> 315  (adds 5 muls 2)
[5] base 22  Sigma-dist 315 -> 314  (adds 6 muls 2)
[6] base 23  Sigma-dist 314 -> 313  (adds 7 muls 2)
[7] base 24  Sigma-dist 313 -> 312  (adds 8 muls 2)
[8] base 25  Sigma-dist 312 -> 311  (adds 9 muls 3)
[9] base 26  Sigma-dist 311 -> 310  (adds 10 muls 3)
[10] base 27  Sigma-dist 310 -> 309  (adds 11 muls 3)
[11] base 28  Sigma-dist 309 -> 308  (adds 12 muls 3)
[12] base 29  Sigma-dist 308 -> 307  (adds 13 muls 4)
[13] base 30  Sigma-dist 307 -> 306  (adds 14 muls 4)
[14] base 31  Sigma-dist 306 -> 305  (adds 15 muls 4)
[15] base 32  Sigma-dist 305 -> 304  (adds 16 muls 4)
greedy done: dists [0, 16, 0, 0, 0, 0, 0, 0, 0, 32]
bpcse: 48 targets, 16 inputs
[0] base 17  Sigma-dist 320 -> 319  (adds 1 muls 0)
[1] base 18  Sigma-dist 319 -> 318  (adds 2 muls 0)
[2] base 19  Sigma-dist 318 -> 317  (adds 3 muls 0)
[3] base 20  Sigma-dist 317 -> 316  (adds 4 muls 0)
[4] base 21  Sigma-dist 316 -> 315  (adds 5 muls 0)
[5] base 22  Sigma-dist 315 -> 314  (adds 6 muls 0)
[6] base 23  Sigma-dist 314 -> 313  (adds 7 muls 0)
[7] base 24  Sigma-dist 313 -> 312  (adds 8 muls 0)
[8] base 25  Sigma-dist 312 -> 311  (adds 9 muls 0)
[9] base 26  Sigma-dist 311 -> 310  (adds 10 muls 0)
[10] base 27  Sigma-dist 310 -> 309  (adds 11 muls 0)
[11] base 28  Sigma-dist 309 -> 308  (adds 12 muls 0)
[12] base 29  Sigma-dist 308 -> 307  (adds 13 muls 0)
[13] base 30  Sigma-dist 307 -> 306  (adds 14 muls 0)
[14] base 31  Sigma-dist 306 -> 305  (adds 15 muls 0)
[15] base 32  Sigma-dist 305 -> 304  (adds 16 muls 0)
greedy done: dists [0, 16, 0, 0, 0, 0, 0, 0, 0, 32]
bpcse: 48 targets, 16 inputs
[0] base 17  Sigma-dist 320 -> 319  (adds 1 muls 0)
[1] base 18  Sigma-dist 319 -> 318  (adds 2 muls 1)
[2] base 19  Sigma-dist 318 -> 317  (adds 3 muls 1)
[3] base 20  Sigma-dist 317 -> 316  (adds 4 muls 1)
[4] base 21  Sigma-dist 316 -> 315  (adds 5 muls 1)
[5] base 22  Sigma-dist 315 -> 314  (adds 6 muls 2)
[6] base 23  Sigma-dist 314 -> 313  (adds 7 muls 2)
[7] base 24  Sigma-dist 313 -> 312  (adds 8 muls 2)
[8] base 25  Sigma-dist 312 -> 311  (adds 9 muls 2)
[9] base 26  Sigma-dist 311 -> 310  (adds 10 muls 2)
[10] base 27  Sigma-dist 310 -> 309  (adds 11 muls 3)
[11] base 28  Sigma-dist 309 -> 308  (adds 12 muls 3)
[12] base 29  Sigma-dist 308 -> 307  (adds 13 muls 3)
[13] base 30  Sigma-dist 307 -> 306  (adds 14 muls 3)
[14] base 31  Sigma-dist 306 -> 305  (adds 15 muls 4)
[15] base 32  Sigma-dist 305 -> 304  (adds 16 muls 4)
greedy done: dists [0, 16, 0, 0, 0, 0, 0, 0, 0, 32]
bpcse: 48 targets, 16 inputs
[0] base 17  Sigma-dist 320 -> 319  (adds 1 muls 0)
[1] base 18  Sigma-dist 319 -> 318  (adds 2 muls 0)
[2] base 19  Sigma-dist 318 -> 317  (adds 3 muls 0)
[3] base 20  Sigma-dist 317 -> 316  (adds 4 muls 0)
[4] base 21  Sigma-dist 316 -> 315  (adds 5 muls 0)
[5] base 22  Sigma-dist 315 -> 314  (adds 6 muls 0)
[6] base 23  Sigma-dist 314 -> 313  (adds 7 muls 0)
[7] base 24  Sigma-dist 313 -> 312  (adds 8 muls 0)
[8] base 25  Sigma-dist 312 -> 311  (adds 9 muls 0)
[9] base 26  Sigma-dist 311 -> 310  (adds 10 muls 0)
[10] base 27  Sigma-dist 310 -> 309  (adds 11 muls 0)
[11] base 28  Sigma-dist 309 -> 308  (adds 12 muls 0)
[12] base 29  Sigma-dist 308 -> 307  (adds 13 muls 0)
[13] base 30  Sigma-dist 307 -> 306  (adds 14 muls 0)
[14] base 31  Sigma-dist 306 -> 305  (adds 15 muls 0)
[15] base 32  Sigma-dist 305 -> 304  (adds 16 muls 0)
greedy done: dists [0, 16, 0, 0, 0, 0, 0, 0, 0, 32]
bpcse: 48 targets, 16 inputs
[0] base 17  Sigma-dist 320 -> 319  (adds 1 muls 0)
[1] base 18  Sigma-dist 319 -> 318  (adds 2 muls 1)
[2] base 19  Sigma-dist 318 -> 317  (adds 3 muls 1)
[3] base 20  Sigma-dist 317 -> 316  (adds 4 muls 2)
[4] base 21  Sigma-dist 316 -> 315  (adds 5 muls 2)
[5] base 22  Sigma-dist 315 -> 314  (adds 6 muls 2)
[6] base 23  Sigma-dist 314 -> 313  (adds 7 muls 2)
[7] base 24  Sigma-dist 313 -> 312  (adds 8 muls 3)
[8] base 25  Sigma-dist 312 -> 311  (adds 9 muls 3)
[9] base 26  Sigma-dist 311 -> 310  (adds 10 muls 3)
[10] base 27  Sigma-dist 310 -> 309  (adds 11 muls 3)
[11] base 28  Sigma-dist 309 -> 308  (adds 12 muls 3)
[12] base 29  Sigma-dist 308 -> 307  (adds 13 muls 3)
[13] base 30  Sigma-dist 307 -> 306  (adds 14 muls 4)
[14] base 31  Sigma-dist 306 -> 305  (adds 15 muls 4)
[15] base 32  Sigma-dist 305 -> 304  (adds 16 muls 4)
greedy done: dists [0, 16, 0, 0, 0, 0, 0, 0, 0, 32]
bpcse: 48 targets, 16 inputs
[0] base 17  Sigma-dist 320 -> 319  (adds 1 muls 0)
[1] base 18  Sigma-dist 319 -> 318  (adds 2 muls 0)
[2] base 19  Sigma-dist 318 -> 317  (adds 3 muls 0)
[3] base 20  Sigma-dist 317 -> 316  (adds 4 muls 0)
[4] base 21  Sigma-dist 316 -> 315  (adds 5 muls 0)
[5] base 22  Sigma-dist 315 -> 314  (adds 6 muls 0)
[6] base 23  Sigma-dist 314 -> 313  (adds 7 muls 0)
[7] base 24  Sigma-dist 313 -> 312  (adds 8 muls 0)
[8] base 25  Sigma-dist 312 -> 311  (adds 9 muls 0)
[9] base 26  Sigma-dist 311 -> 310  (adds 10 muls 0)
[10] base 27  Sigma-dist 310 -> 309  (adds 11 muls 0)
[11] base 28  Sigma-dist 309 -> 308  (adds 12 muls 0)
[12] base 29  Sigma-dist 308 -> 307  (adds 13 muls 0)
[13] base 30  Sigma-dist 307 -> 306  (adds 14 muls 0)
[14] base 31  Sigma-dist 306 -> 305  (adds 15 muls 0)
[15] base 32  Sigma-dist 305 -> 304  (adds 16 muls 0)
greedy done: dists [0, 16, 0, 0, 0, 0, 0, 0, 0, 32]
