# v0 273 rank 3 base e4 918 h3 459 h4 459 koszul 14; columns: al be ga orbit e4 h3 h4 koszul rk(al) rk(be) rk(ga)
1 1 1 784 912 456 456 14 1 1 1
1 1 2 2352 918 459 459 14 1 1 1
1 1 3 2352 912 456 456 14 1 1 1
1 1 8 588 918 459 459 14 1 1 1
1 1 10 7056 918 459 459 14 1 1 2
1 1 11 7056 912 456 456 14 1 1 2
1 1 16 1764 918 459 459 14 1 1 1
1 1 17 7056 912 456 456 14 1 1 2
1 1 20 7056 918 459 459 14 1 1 2
1 1 21 14112 912 456 456 14 1 1 2
1 1 24 1764 918 459 459 14 1 1 1
1 1 28 7056 918 459 459 14 1 1 2
1 1 80 3528 918 459 459 14 1 1 2
1 1 84 14112 918 459 459 14 1 1 3
1 1 85 14112 912 456 456 14 1 1 3
1 1 160 1176 918 459 459 14 1 1 2
1 1 161 4704 912 456 456 14 1 1 3
1 1 168 3528 918 459 459 14 1 1 2
1 8 1 2352 918 459 459 14 1 1 1
1 8 2 4704 918 459 459 14 1 1 1
1 8 3 4704 918 459 459 14 1 1 1
1 8 4 2352 918 459 459 14 1 1 1
1 8 5 2352 918 459 459 14 1 1 1
1 8 8 1764 918 459 459 14 1 1 1
1 8 10 14112 918 459 459 14 1 1 2
1 8 11 14112 918 459 459 14 1 1 2
1 8 12 7056 918 459 459 14 1 1 2
1 8 13 7056 918 459 459 14 1 1 2
1 8 16 3528 918 459 459 14 1 1 1
1 8 17 14112 918 459 459 14 1 1 2
1 8 20 7056 918 459 459 14 1 1 2
1 8 21 14112 918 459 459 14 1 1 2
1 8 22 14112 918 459 459 14 1 1 2
1 8 23 14112 918 459 459 14 1 1 2
1 8 24 3528 918 459 459 14 1 1 1
1 8 28 7056 918 459 459 14 1 1 2
1 8 30 14112 918 459 459 14 1 1 2
1 8 31 14112 918 459 459 14 1 1 2
1 8 32 1764 918 459 459 14 1 1 1
1 8 33 7056 918 459 459 14 1 1 2
1 8 40 1764 918 459 459 14 1 1 1
1 8 80 7056 918 459 459 14 1 1 2
1 8 84 14112 918 459 459 14 1 1 3
1 8 85 14112 918 459 459 14 1 1 3
1 8 86 28224 918 459 459 14 1 1 3
1 8 87 28224 918 459 459 14 1 1 3
1 8 96 3528 918 459 459 14 1 1 2
1 8 160 3528 918 459 459 14 1 1 2
1 8 161 14112 918 459 459 14 1 1 3
1 8 168 7056 918 459 459 14 1 1 2
1 8 224 3528 918 459 459 14 1 1 2
1 9 1 2352 912 456 456 14 1 1 1
1 9 2 4704 918 459 459 14 1 1 1
1 9 3 4704 912 456 456 14 1 1 1
1 9 4 2352 918 459 459 14 1 1 1
1 9 5 2352 912 456 456 14 1 1 1
1 9 8 1764 918 459 459 14 1 1 1
1 9 10 14112 918 459 459 14 1 1 2
1 9 11 14112 912 456 456 14 1 1 2
1 9 12 7056 918 459 459 14 1 1 2
1 9 13 7056 912 456 456 14 1 1 2
1 9 16 3528 918 459 459 14 1 1 1
1 9 17 14112 912 456 456 14 1 1 2
1 9 20 7056 918 459 459 14 1 1 2
1 9 21 14112 912 456 456 14 1 1 2
1 9 22 14112 918 459 459 14 1 1 2
1 9 23 14112 912 456 456 14 1 1 2
1 9 24 3528 918 459 459 14 1 1 1
1 9 28 7056 918 459 459 14 1 1 2
1 9 30 14112 918 459 459 14 1 1 2
1 9 31 14112 912 456 456 14 1 1 2
1 9 32 1764 918 459 459 14 1 1 1
1 9 33 7056 912 456 456 14 1 1 2
1 9 40 1764 918 459 459 14 1 1 1
1 9 80 7056 918 459 459 14 1 1 2
1 9 84 14112 918 459 459 14 1 1 3
1 9 85 14112 912 456 456 14 1 1 3
1 9 86 28224 918 459 459 14 1 1 3
1 9 87 28224 912 456 456 14 1 1 3
1 9 96 3528 918 459 459 14 1 1 2
1 9 160 3528 918 459 459 14 1 1 2
1 9 161 14112 912 456 456 14 1 1 3
1 9 168 7056 918 459 459 14 1 1 2
1 9 224 3528 918 459 459 14 1 1 2
1 10 1 7056 918 459 459 14 1 2 1
1 10 2 14112 918 459 459 14 1 2 1
1 10 3 14112 918 459 459 14 1 2 1
1 10 4 7056 918 459 459 14 1 2 1
1 10 5 7056 918 459 459 14 1 2 1
1 10 8 7056 912 456 456 14 1 2 1
1 10 9 7056 912 456 456 14 1 2 1
1 10 10 28224 912 456 456 14 1 2 2
1 10 11 28224 912 456 456 14 1 2 2
1 10 12 14112 912 456 456 14 1 2 2
1 10 13 14112 912 456 456 14 1 2 2
1 10 16 14112 918 459 459 14 1 2 1
1 10 17 28224 918 459 459 14 1 2 2
1 10 18 14112 918 459 459 14 1 2 1
1 10 19 28224 918 459 459 14 1 2 2
1 10 20 28224 918 459 459 14 1 2 2
1 10 21 28224 918 459 459 14 1 2 2
1 10 22 28224 918 459 459 14 1 2 2
1 10 23 28224 918 459 459 14 1 2 2
1 10 24 14112 912 456 456 14 1 2 1
1 10 25 28224 912 456 456 14 1 2 2
1 10 26 28224 912 456 456 14 1 2 2
1 10 27 14112 912 456 456 14 1 2 1
1 10 28 28224 912 456 456 14 1 2 2
1 10 29 28224 912 456 456 14 1 2 2
1 10 30 28224 912 456 456 14 1 2 2
1 10 31 28224 912 456 456 14 1 2 2
1 10 32 7056 918 459 459 14 1 2 1
1 10 33 14112 918 459 459 14 1 2 2
1 10 34 28224 918 459 459 14 1 2 2
1 10 35 28224 918 459 459 14 1 2 2
1 10 36 7056 918 459 459 14 1 2 1
1 10 37 14112 918 459 459 14 1 2 2
1 10 40 7056 912 456 456 14 1 2 1
1 10 41 14112 912 456 456 14 1 2 2
1 10 42 28224 912 456 456 14 1 2 2
1 10 43 28224 912 456 456 14 1 2 2
1 10 44 14112 912 456 456 14 1 2 2
1 10 45 7056 912 456 456 14 1 2 1
1 10 64 3528 918 459 459 14 1 2 1
1 10 66 14112 918 459 459 14 1 2 2
1 10 67 14112 918 459 459 14 1 2 2
1 10 68 7056 918 459 459 14 1 2 2
1 10 69 7056 918 459 459 14 1 2 2
1 10 80 14112 918 459 459 14 1 2 2
1 10 82 14112 918 459 459 14 1 2 2
1 10 84 28224 918 459 459 14 1 2 3
1 10 85 28224 918 459 459 14 1 2 3
1 10 86 28224 918 459 459 14 1 2 3
1 10 87 28224 918 459 459 14 1 2 3
1 10 88 14112 912 456 456 14 1 2 2
1 10 91 14112 912 456 456 14 1 2 2
1 10 92 28224 912 456 456 14 1 2 3
1 10 93 28224 912 456 456 14 1 2 3
1 10 94 28224 912 456 456 14 1 2 3
1 10 95 28224 912 456 456 14 1 2 3
1 10 96 7056 918 459 459 14 1 2 2
1 10 98 28224 918 459 459 14 1 2 3
1 10 99 28224 918 459 459 14 1 2 3
1 10 100 7056 918 459 459 14 1 2 2
1 10 104 7056 912 456 456 14 1 2 2
1 10 106 28224 912 456 456 14 1 2 3
1 10 107 28224 912 456 456 14 1 2 3
1 10 109 7056 912 456 456 14 1 2 2
1 10 128 7056 918 459 459 14 1 2 1
1 10 129 14112 918 459 459 14 1 2 2
1 10 132 7056 918 459 459 14 1 2 2
1 10 133 14112 918 459 459 14 1 2 2
1 10 134 14112 918 459 459 14 1 2 2
1 10 135 14112 918 459 459 14 1 2 2
1 10 136 14112 912 456 456 14 1 2 2
1 10 137 14112 912 456 456 14 1 2 2
1 10 140 14112 912 456 456 14 1 2 3
1 10 141 14112 912 456 456 14 1 2 3
1 10 142 28224 912 456 456 14 1 2 3
1 10 143 28224 912 456 456 14 1 2 3
1 10 160 7056 918 459 459 14 1 2 2
1 10 161 14112 918 459 459 14 1 2 3
1 10 164 7056 918 459 459 14 1 2 2
1 10 165 14112 918 459 459 14 1 2 3
1 10 168 14112 912 456 456 14 1 2 2
1 10 169 14112 912 456 456 14 1 2 3
1 10 172 14112 912 456 456 14 1 2 3
1 10 173 14112 912 456 456 14 1 2 2
1 10 176 14112 918 459 459 14 1 2 2
1 10 177 28224 918 459 459 14 1 2 3
1 10 182 14112 918 459 459 14 1 2 2
1 10 183 28224 918 459 459 14 1 2 3
1 10 184 14112 912 456 456 14 1 2 2
1 10 185 28224 912 456 456 14 1 2 3
1 10 190 28224 912 456 456 14 1 2 3
1 10 191 14112 912 456 456 14 1 2 2
1 10 192 7056 918 459 459 14 1 2 1
1 10 196 7056 918 459 459 14 1 2 2
1 10 198 14112 918 459 459 14 1 2 2
1 10 199 14112 918 459 459 14 1 2 2
1 10 224 7056 918 459 459 14 1 2 2
1 10 228 7056 918 459 459 14 1 2 2
1 10 240 14112 918 459 459 14 1 2 2
1 10 246 14112 918 459 459 14 1 2 2
1 10 248 14112 912 456 456 14 1 2 2
1 10 255 14112 912 456 456 14 1 2 2
1 10 256 3528 918 459 459 14 1 2 1
1 10 257 7056 918 459 459 14 1 2 2
1 10 264 7056 912 456 456 14 1 2 2
1 10 265 7056 912 456 456 14 1 2 2
1 10 320 3528 918 459 459 14 1 2 1
1 80 1 7056 918 459 459 14 1 2 1
1 80 2 7056 918 459 459 14 1 2 1
1 80 3 7056 918 459 459 14 1 2 1
1 80 4 14112 918 459 459 14 1 2 1
1 80 5 14112 918 459 459 14 1 2 1
1 80 10 28224 918 459 459 14 1 2 2
1 80 12 28224 918 459 459 14 1 2 2
1 80 13 28224 918 459 459 14 1 2 2
1 80 20 4704 918 459 459 14 1 2 2
1 80 21 14112 918 459 459 14 1 2 2
1 80 22 14112 918 459 459 14 1 2 2
1 80 23 14112 918 459 459 14 1 2 2
1 80 30 28224 918 459 459 14 1 2 2
1 80 38 9408 918 459 459 14 1 2 2
1 80 39 28224 918 459 459 14 1 2 2
1 80 64 1176 918 459 459 14 1 2 1
1 80 66 7056 918 459 459 14 1 2 2
1 80 67 7056 918 459 459 14 1 2 2
1 80 68 14112 918 459 459 14 1 2 2
1 80 69 14112 918 459 459 14 1 2 2
1 80 84 4704 918 459 459 14 1 2 3
1 80 85 14112 918 459 459 14 1 2 3
1 80 86 14112 918 459 459 14 1 2 3
1 80 87 14112 918 459 459 14 1 2 3
1 80 94 28224 918 459 459 14 1 2 3
1 80 102 9408 918 459 459 14 1 2 3
1 80 103 28224 918 459 459 14 1 2 3
1 80 128 3528 918 459 459 14 1 2 1
1 80 129 7056 918 459 459 14 1 2 2
1 80 132 14112 918 459 459 14 1 2 2
1 80 133 14112 918 459 459 14 1 2 2
1 80 136 14112 918 459 459 14 1 2 2
1 80 140 28224 918 459 459 14 1 2 3
1 80 141 28224 918 459 459 14 1 2 3
1 80 160 7056 918 459 459 14 1 2 2
1 80 161 28224 918 459 459 14 1 2 3
1 80 168 14112 918 459 459 14 1 2 2
1 80 173 14112 918 459 459 14 1 2 2
1 80 192 3528 918 459 459 14 1 2 1
1 80 196 14112 918 459 459 14 1 2 2
1 80 224 7056 918 459 459 14 1 2 2
1 81 1 14112 912 456 456 14 1 2 1
1 81 2 14112 918 459 459 14 1 2 1
1 81 3 14112 912 456 456 14 1 2 1
1 81 4 14112 918 459 459 14 1 2 1
1 81 5 14112 912 456 456 14 1 2 1
1 81 6 14112 918 459 459 14 1 2 1
1 81 7 14112 912 456 456 14 1 2 1
1 81 8 7056 918 459 459 14 1 2 1
1 81 10 28224 918 459 459 14 1 2 2
1 81 11 28224 912 456 456 14 1 2 2
1 81 12 28224 918 459 459 14 1 2 2
1 81 13 28224 912 456 456 14 1 2 2
1 81 14 28224 918 459 459 14 1 2 2
1 81 15 28224 912 456 456 14 1 2 2
1 81 16 14112 918 459 459 14 1 2 1
1 81 17 28224 912 456 456 14 1 2 2
1 81 20 14112 918 459 459 14 1 2 2
1 81 21 28224 912 456 456 14 1 2 2
1 81 22 28224 918 459 459 14 1 2 2
1 81 23 28224 912 456 456 14 1 2 2
1 81 24 14112 918 459 459 14 1 2 1
1 81 25 28224 912 456 456 14 1 2 2
1 81 28 14112 918 459 459 14 1 2 2
1 81 30 28224 918 459 459 14 1 2 2
1 81 31 28224 912 456 456 14 1 2 2
1 81 32 7056 918 459 459 14 1 2 1
1 81 33 28224 912 456 456 14 1 2 2
1 81 38 28224 918 459 459 14 1 2 2
1 81 39 28224 912 456 456 14 1 2 2
1 81 40 7056 918 459 459 14 1 2 1
1 81 46 28224 918 459 459 14 1 2 2
1 81 47 28224 912 456 456 14 1 2 2
1 81 52 14112 918 459 459 14 1 2 2
1 81 53 28224 912 456 456 14 1 2 2
1 81 60 14112 918 459 459 14 1 2 2
1 81 64 3528 918 459 459 14 1 2 1
1 81 66 14112 918 459 459 14 1 2 2
1 81 67 14112 912 456 456 14 1 2 2
1 81 68 14112 918 459 459 14 1 2 2
1 81 69 14112 912 456 456 14 1 2 2
1 81 70 14112 918 459 459 14 1 2 2
1 81 71 14112 912 456 456 14 1 2 2
1 81 80 14112 918 459 459 14 1 2 2
1 81 84 14112 918 459 459 14 1 2 3
1 81 85 28224 912 456 456 14 1 2 3
1 81 86 28224 918 459 459 14 1 2 3
1 81 87 28224 912 456 456 14 1 2 3
1 81 88 14112 918 459 459 14 1 2 2
1 81 92 14112 918 459 459 14 1 2 3
1 81 94 28224 918 459 459 14 1 2 3
1 81 95 28224 912 456 456 14 1 2 3
1 81 96 7056 918 459 459 14 1 2 2
1 81 102 28224 918 459 459 14 1 2 3
1 81 103 28224 912 456 456 14 1 2 3
1 81 104 7056 918 459 459 14 1 2 2
1 81 110 28224 918 459 459 14 1 2 3
1 81 111 28224 912 456 456 14 1 2 3
1 81 116 14112 918 459 459 14 1 2 3
1 81 117 28224 912 456 456 14 1 2 3
1 81 124 14112 918 459 459 14 1 2 3
1 81 128 7056 918 459 459 14 1 2 1
1 81 129 14112 912 456 456 14 1 2 2
1 81 132 14112 918 459 459 14 1 2 2
1 81 133 14112 912 456 456 14 1 2 2
1 81 134 14112 918 459 459 14 1 2 2
1 81 135 14112 912 456 456 14 1 2 2
1 81 136 14112 918 459 459 14 1 2 2
1 81 137 14112 912 456 456 14 1 2 2
1 81 140 28224 918 459 459 14 1 2 3
1 81 141 28224 912 456 456 14 1 2 3
1 81 142 28224 918 459 459 14 1 2 3
1 81 143 28224 912 456 456 14 1 2 3
1 81 160 7056 918 459 459 14 1 2 2
1 81 161 28224 912 456 456 14 1 2 3
1 81 168 14112 918 459 459 14 1 2 2
1 81 173 14112 912 456 456 14 1 2 2
1 81 176 14112 918 459 459 14 1 2 2
1 81 177 28224 912 456 456 14 1 2 3
1 81 182 14112 918 459 459 14 1 2 2
1 81 183 28224 912 456 456 14 1 2 3
1 81 184 14112 918 459 459 14 1 2 2
1 81 185 28224 912 456 456 14 1 2 3
1 81 190 28224 918 459 459 14 1 2 3
1 81 191 14112 912 456 456 14 1 2 2
1 81 192 7056 918 459 459 14 1 2 1
1 81 196 14112 918 459 459 14 1 2 2
1 81 198 14112 918 459 459 14 1 2 2
1 81 199 14112 912 456 456 14 1 2 2
1 81 224 7056 918 459 459 14 1 2 2
1 81 240 14112 918 459 459 14 1 2 2
1 81 246 14112 918 459 459 14 1 2 2
1 81 248 14112 918 459 459 14 1 2 2
1 81 255 14112 912 456 456 14 1 2 2
1 81 256 3528 918 459 459 14 1 2 1
1 81 257 14112 912 456 456 14 1 2 2
1 81 264 7056 918 459 459 14 1 2 2
1 81 320 3528 918 459 459 14 1 2 1
1 84 1 14112 918 459 459 14 1 3 1
1 84 2 14112 918 459 459 14 1 3 1
1 84 3 14112 918 459 459 14 1 3 1
1 84 4 28224 918 459 459 14 1 3 1
1 84 5 28224 918 459 459 14 1 3 1
1 84 10 28224 918 459 459 14 1 3 2
1 84 12 28224 918 459 459 14 1 3 2
1 84 13 28224 918 459 459 14 1 3 2
1 84 20 4704 918 459 459 14 1 3 2
1 84 21 14112 918 459 459 14 1 3 2
1 84 22 14112 918 459 459 14 1 3 2
1 84 23 14112 918 459 459 14 1 3 2
1 84 30 28224 918 459 459 14 1 3 2
1 84 38 9408 918 459 459 14 1 3 2
1 84 39 28224 918 459 459 14 1 3 2
1 84 64 4704 912 456 456 14 1 3 1
1 84 65 14112 912 456 456 14 1 3 1
1 84 66 14112 912 456 456 14 1 3 2
1 84 67 14112 912 456 456 14 1 3 2
1 84 68 28224 912 456 456 14 1 3 2
1 84 69 28224 912 456 456 14 1 3 2
1 84 74 28224 912 456 456 14 1 3 2
1 84 76 28224 912 456 456 14 1 3 2
1 84 77 28224 912 456 456 14 1 3 2
1 84 84 4704 912 456 456 14 1 3 3
1 84 85 14112 912 456 456 14 1 3 3
1 84 86 14112 912 456 456 14 1 3 3
1 84 87 14112 912 456 456 14 1 3 3
1 84 94 28224 912 456 456 14 1 3 3
1 84 102 9408 912 456 456 14 1 3 3
1 84 103 28224 912 456 456 14 1 3 3
1 84 128 14112 918 459 459 14 1 3 1
1 84 129 14112 918 459 459 14 1 3 2
1 84 130 14112 918 459 459 14 1 3 1
1 84 131 14112 918 459 459 14 1 3 2
1 84 132 28224 918 459 459 14 1 3 2
1 84 133 28224 918 459 459 14 1 3 2
1 84 136 28224 918 459 459 14 1 3 2
1 84 138 28224 918 459 459 14 1 3 2
1 84 140 28224 918 459 459 14 1 3 3
1 84 141 28224 918 459 459 14 1 3 3
1 84 144 28224 918 459 459 14 1 3 1
1 84 145 28224 918 459 459 14 1 3 2
1 84 148 14112 918 459 459 14 1 3 2
1 84 149 14112 918 459 459 14 1 3 2
1 84 150 14112 918 459 459 14 1 3 2
1 84 151 14112 918 459 459 14 1 3 2
1 84 152 28224 918 459 459 14 1 3 2
1 84 153 28224 918 459 459 14 1 3 2
1 84 156 28224 918 459 459 14 1 3 3
1 84 158 28224 918 459 459 14 1 3 3
1 84 160 28224 918 459 459 14 1 3 2
1 84 161 28224 918 459 459 14 1 3 3
1 84 162 28224 918 459 459 14 1 3 2
1 84 163 28224 918 459 459 14 1 3 3
1 84 164 28224 918 459 459 14 1 3 2
1 84 165 28224 918 459 459 14 1 3 3
1 84 166 28224 918 459 459 14 1 3 2
1 84 167 28224 918 459 459 14 1 3 3
1 84 168 28224 918 459 459 14 1 3 2
1 84 169 28224 918 459 459 14 1 3 3
1 84 170 28224 918 459 459 14 1 3 2
1 84 171 28224 918 459 459 14 1 3 3
1 84 172 28224 918 459 459 14 1 3 3
1 84 173 28224 918 459 459 14 1 3 2
1 84 174 28224 918 459 459 14 1 3 3
1 84 175 28224 918 459 459 14 1 3 2
1 84 192 14112 912 456 456 14 1 3 1
1 84 193 14112 912 456 456 14 1 3 2
1 84 194 14112 912 456 456 14 1 3 2
1 84 195 14112 912 456 456 14 1 3 1
1 84 196 28224 912 456 456 14 1 3 2
1 84 197 28224 912 456 456 14 1 3 2
1 84 200 28224 912 456 456 14 1 3 2
1 84 202 28224 912 456 456 14 1 3 2
1 84 204 28224 912 456 456 14 1 3 3
1 84 205 28224 912 456 456 14 1 3 3
1 84 208 28224 912 456 456 14 1 3 2
1 84 209 28224 912 456 456 14 1 3 2
1 84 212 14112 912 456 456 14 1 3 3
1 84 213 14112 912 456 456 14 1 3 3
1 84 214 14112 912 456 456 14 1 3 3
1 84 215 14112 912 456 456 14 1 3 3
1 84 216 28224 912 456 456 14 1 3 1
1 84 217 28224 912 456 456 14 1 3 2
1 84 220 28224 912 456 456 14 1 3 2
1 84 222 28224 912 456 456 14 1 3 2
1 84 224 28224 912 456 456 14 1 3 2
1 84 225 28224 912 456 456 14 1 3 3
1 84 226 28224 912 456 456 14 1 3 3
1 84 227 28224 912 456 456 14 1 3 2
1 84 228 28224 912 456 456 14 1 3 2
1 84 229 28224 912 456 456 14 1 3 3
1 84 230 28224 912 456 456 14 1 3 3
1 84 231 28224 912 456 456 14 1 3 2
1 84 232 28224 912 456 456 14 1 3 2
1 84 233 28224 912 456 456 14 1 3 3
1 84 234 28224 912 456 456 14 1 3 3
1 84 235 28224 912 456 456 14 1 3 2
1 84 236 28224 912 456 456 14 1 3 3
1 84 237 28224 912 456 456 14 1 3 2
1 84 238 28224 912 456 456 14 1 3 2
1 84 239 28224 912 456 456 14 1 3 3
2 1 1 2352 918 459 459 14 1 1 1
2 1 2 588 918 459 459 14 1 1 1
2 1 4 1176 918 459 459 14 1 1 1
2 1 8 1764 918 459 459 14 1 1 1
2 1 10 3528 918 459 459 14 1 1 2
2 1 11 7056 918 459 459 14 1 1 2
2 1 12 7056 918 459 459 14 1 1 2
2 1 13 14112 918 459 459 14 1 1 2
2 1 16 441 918 459 459 14 1 1 1
2 1 20 3528 918 459 459 14 1 1 2
2 1 32 882 918 459 459 14 1 1 1
2 1 34 1764 918 459 459 14 1 1 2
2 1 80 1764 918 459 459 14 1 1 2
2 1 84 7056 918 459 459 14 1 1 3
2 1 85 14112 918 459 459 14 1 1 3
2 1 96 3528 918 459 459 14 1 1 2
2 1 98 3528 918 459 459 14 1 1 3
2 1 160 882 918 459 459 14 1 1 2
2 8 1 4704 912 456 456 14 1 1 1
2 8 2 2352 918 459 459 14 1 1 1
2 8 3 4704 912 456 456 14 1 1 1
2 8 4 2352 918 459 459 14 1 1 1
2 8 6 2352 918 459 459 14 1 1 1
2 8 8 3528 918 459 459 14 1 1 1
2 8 10 14112 918 459 459 14 1 1 2
2 8 11 14112 912 456 456 14 1 1 2
2 8 12 7056 918 459 459 14 1 1 2
2 8 13 14112 912 456 456 14 1 1 2
2 8 14 14112 918 459 459 14 1 1 2
2 8 15 14112 912 456 456 14 1 1 2
2 8 16 1764 918 459 459 14 1 1 1
2 8 17 14112 912 456 456 14 1 1 2
2 8 20 7056 918 459 459 14 1 1 2
2 8 22 7056 918 459 459 14 1 1 2
2 8 24 3528 918 459 459 14 1 1 1
2 8 28 7056 918 459 459 14 1 1 2
2 8 29 14112 912 456 456 14 1 1 2
2 8 31 14112 912 456 456 14 1 1 2
2 8 32 1764 918 459 459 14 1 1 1
2 8 34 7056 918 459 459 14 1 1 2
2 8 48 1764 918 459 459 14 1 1 1
2 8 80 7056 918 459 459 14 1 1 2
2 8 84 14112 918 459 459 14 1 1 3
2 8 85 28224 912 456 456 14 1 1 3
2 8 86 14112 918 459 459 14 1 1 3
2 8 87 28224 912 456 456 14 1 1 3
2 8 96 3528 918 459 459 14 1 1 2
2 8 98 14112 918 459 459 14 1 1 3
2 8 112 7056 918 459 459 14 1 1 2
2 8 160 3528 918 459 459 14 1 1 2
2 8 224 3528 918 459 459 14 1 1 2
2 10 1 14112 912 456 456 14 1 2 1
2 10 2 7056 918 459 459 14 1 2 1
2 10 3 14112 912 456 456 14 1 2 1
2 10 4 7056 918 459 459 14 1 2 1
2 10 6 7056 918 459 459 14 1 2 1
2 10 8 14112 918 459 459 14 1 2 1
2 10 10 14112 918 459 459 14 1 2 2
2 10 11 28224 912 456 456 14 1 2 2
2 10 12 28224 918 459 459 14 1 2 2
2 10 13 28224 912 456 456 14 1 2 2
2 10 14 14112 918 459 459 14 1 2 2
2 10 15 28224 912 456 456 14 1 2 2
2 10 16 3528 918 459 459 14 1 2 1
2 10 19 28224 912 456 456 14 1 2 2
2 10 20 14112 918 459 459 14 1 2 2
2 10 22 14112 918 459 459 14 1 2 2
2 10 26 14112 918 459 459 14 1 2 2
2 10 29 28224 912 456 456 14 1 2 2
2 10 30 14112 918 459 459 14 1 2 2
2 10 31 28224 912 456 456 14 1 2 2
2 10 32 3528 918 459 459 14 1 2 1
2 10 34 14112 918 459 459 14 1 2 2
2 10 48 3528 918 459 459 14 1 2 1
2 10 64 7056 918 459 459 14 1 2 1
2 10 66 14112 918 459 459 14 1 2 2
2 10 67 14112 912 456 456 14 1 2 2
2 10 68 7056 918 459 459 14 1 2 2
2 10 69 14112 912 456 456 14 1 2 2
2 10 70 14112 918 459 459 14 1 2 2
2 10 71 14112 912 456 456 14 1 2 2
2 10 80 7056 918 459 459 14 1 2 2
2 10 84 14112 918 459 459 14 1 2 3
2 10 85 28224 912 456 456 14 1 2 3
2 10 86 14112 918 459 459 14 1 2 3
2 10 87 28224 912 456 456 14 1 2 3
2 10 88 14112 918 459 459 14 1 2 2
2 10 91 14112 912 456 456 14 1 2 2
2 10 92 28224 918 459 459 14 1 2 3
2 10 93 28224 912 456 456 14 1 2 3
2 10 94 14112 918 459 459 14 1 2 3
2 10 95 28224 912 456 456 14 1 2 3
2 10 96 7056 918 459 459 14 1 2 2
2 10 98 14112 918 459 459 14 1 2 3
2 10 99 28224 912 456 456 14 1 2 3
2 10 100 7056 918 459 459 14 1 2 2
2 10 104 14112 918 459 459 14 1 2 2
2 10 106 14112 918 459 459 14 1 2 3
2 10 107 28224 912 456 456 14 1 2 3
2 10 109 14112 912 456 456 14 1 2 2
2 10 110 14112 918 459 459 14 1 2 3
2 10 112 7056 918 459 459 14 1 2 2
2 10 120 14112 918 459 459 14 1 2 2
2 10 122 14112 918 459 459 14 1 2 3
2 10 127 14112 912 456 456 14 1 2 2
2 10 128 1764 918 459 459 14 1 2 1
2 10 132 7056 918 459 459 14 1 2 2
2 10 134 7056 918 459 459 14 1 2 2
2 10 160 3528 918 459 459 14 1 2 2
2 10 176 3528 918 459 459 14 1 2 2
2 10 256 1764 918 459 459 14 1 2 1
2 10 258 7056 918 459 459 14 1 2 2
2 10 272 3528 918 459 459 14 1 2 2
2 10 384 1764 918 459 459 14 1 2 1
2 64 1 2352 918 459 459 14 1 1 1
2 64 2 1176 918 459 459 14 1 1 1
2 64 4 2352 918 459 459 14 1 1 1
2 64 5 2352 918 459 459 14 1 1 1
2 64 8 1764 918 459 459 14 1 1 1
2 64 10 3528 918 459 459 14 1 1 2
2 64 11 7056 918 459 459 14 1 1 2
2 64 12 14112 918 459 459 14 1 1 2
2 64 13 14112 918 459 459 14 1 1 2
2 64 16 882 918 459 459 14 1 1 1
2 64 20 7056 918 459 459 14 1 1 2
2 64 21 7056 918 459 459 14 1 1 2
2 64 32 1764 918 459 459 14 1 1 1
2 64 33 14112 918 459 459 14 1 1 2
2 64 34 3528 918 459 459 14 1 1 2
2 64 40 1764 918 459 459 14 1 1 1
2 64 42 3528 918 459 459 14 1 1 2
2 64 80 1764 918 459 459 14 1 1 2
2 64 84 14112 918 459 459 14 1 1 3
2 64 85 14112 918 459 459 14 1 1 3
2 64 96 7056 918 459 459 14 1 1 2
2 64 98 7056 918 459 459 14 1 1 3
2 64 99 14112 918 459 459 14 1 1 3
2 64 160 1764 918 459 459 14 1 1 2
2 64 168 1764 918 459 459 14 1 1 2
2 66 1 7056 918 459 459 14 1 2 1
2 66 2 3528 918 459 459 14 1 2 1
2 66 4 7056 918 459 459 14 1 2 1
2 66 5 7056 918 459 459 14 1 2 1
2 66 8 7056 918 459 459 14 1 2 1
2 66 10 14112 918 459 459 14 1 2 2
2 66 11 14112 918 459 459 14 1 2 2
2 66 12 14112 918 459 459 14 1 2 2
2 66 13 28224 918 459 459 14 1 2 2
2 66 16 1764 918 459 459 14 1 2 1
2 66 17 14112 918 459 459 14 1 2 2
2 66 20 14112 918 459 459 14 1 2 2
2 66 32 3528 918 459 459 14 1 2 1
2 66 34 7056 918 459 459 14 1 2 2
2 66 37 28224 918 459 459 14 1 2 2
2 66 44 14112 918 459 459 14 1 2 2
2 66 64 3528 918 459 459 14 1 2 1
2 66 66 3528 918 459 459 14 1 2 2
2 66 67 7056 918 459 459 14 1 2 2
2 66 68 14112 918 459 459 14 1 2 2
2 66 69 14112 918 459 459 14 1 2 2
2 66 80 3528 918 459 459 14 1 2 2
2 66 82 3528 918 459 459 14 1 2 2
2 66 84 14112 918 459 459 14 1 2 3
2 66 85 14112 918 459 459 14 1 2 3
2 66 88 7056 918 459 459 14 1 2 2
2 66 91 7056 918 459 459 14 1 2 2
2 66 92 14112 918 459 459 14 1 2 3
2 66 93 28224 918 459 459 14 1 2 3
2 66 96 7056 918 459 459 14 1 2 2
2 66 98 7056 918 459 459 14 1 2 3
2 66 103 28224 918 459 459 14 1 2 3
2 66 104 14112 918 459 459 14 1 2 2
2 66 106 14112 918 459 459 14 1 2 3
2 66 109 14112 918 459 459 14 1 2 2
2 66 110 14112 918 459 459 14 1 2 3
2 66 111 14112 918 459 459 14 1 2 3
2 66 128 882 918 459 459 14 1 2 1
2 66 132 7056 918 459 459 14 1 2 2
2 66 160 3528 918 459 459 14 1 2 2
2 66 256 1764 918 459 459 14 1 2 1
2 66 258 3528 918 459 459 14 1 2 2
2 66 272 1764 918 459 459 14 1 2 2
2 80 1 7056 918 459 459 14 1 2 1
2 80 2 7056 918 459 459 14 1 2 1
2 80 3 7056 918 459 459 14 1 2 1
2 80 4 14112 918 459 459 14 1 2 1
2 80 5 14112 918 459 459 14 1 2 1
2 80 8 14112 912 456 456 14 1 2 1
2 80 10 28224 912 456 456 14 1 2 2
2 80 12 28224 912 456 456 14 1 2 2
2 80 13 28224 912 456 456 14 1 2 2
2 80 16 14112 918 459 459 14 1 2 1
2 80 17 28224 918 459 459 14 1 2 2
2 80 20 14112 918 459 459 14 1 2 2
2 80 21 14112 918 459 459 14 1 2 2
2 80 22 14112 918 459 459 14 1 2 2
2 80 23 14112 918 459 459 14 1 2 2
2 80 24 14112 912 456 456 14 1 2 1
2 80 25 28224 912 456 456 14 1 2 2
2 80 28 28224 912 456 456 14 1 2 2
2 80 30 28224 912 456 456 14 1 2 2
2 80 32 14112 918 459 459 14 1 2 1
2 80 33 28224 918 459 459 14 1 2 2
2 80 34 28224 918 459 459 14 1 2 2
2 80 35 28224 918 459 459 14 1 2 2
2 80 36 14112 918 459 459 14 1 2 1
2 80 37 28224 918 459 459 14 1 2 2
2 80 38 28224 918 459 459 14 1 2 2
2 80 39 28224 918 459 459 14 1 2 2
2 80 40 14112 912 456 456 14 1 2 1
2 80 41 28224 912 456 456 14 1 2 2
2 80 42 28224 912 456 456 14 1 2 2
2 80 43 28224 912 456 456 14 1 2 2
2 80 44 28224 912 456 456 14 1 2 2
2 80 45 14112 912 456 456 14 1 2 1
2 80 46 28224 912 456 456 14 1 2 2
2 80 47 28224 912 456 456 14 1 2 2
2 80 64 3528 918 459 459 14 1 2 1
2 80 66 7056 918 459 459 14 1 2 2
2 80 67 7056 918 459 459 14 1 2 2
2 80 68 14112 918 459 459 14 1 2 2
2 80 69 14112 918 459 459 14 1 2 2
2 80 80 14112 918 459 459 14 1 2 2
2 80 84 14112 918 459 459 14 1 2 3
2 80 85 14112 918 459 459 14 1 2 3
2 80 86 14112 918 459 459 14 1 2 3
2 80 87 14112 918 459 459 14 1 2 3
2 80 88 14112 912 456 456 14 1 2 2
2 80 92 28224 912 456 456 14 1 2 3
2 80 94 28224 912 456 456 14 1 2 3
2 80 96 14112 918 459 459 14 1 2 2
2 80 98 28224 918 459 459 14 1 2 3
2 80 99 28224 918 459 459 14 1 2 3
2 80 100 14112 918 459 459 14 1 2 2
2 80 102 28224 918 459 459 14 1 2 3
2 80 103 28224 918 459 459 14 1 2 3
2 80 104 14112 912 456 456 14 1 2 2
2 80 106 28224 912 456 456 14 1 2 3
2 80 107 28224 912 456 456 14 1 2 3
2 80 109 14112 912 456 456 14 1 2 2
2 80 110 28224 912 456 456 14 1 2 3
2 80 111 28224 912 456 456 14 1 2 3
2 80 128 3528 918 459 459 14 1 2 1
2 80 129 7056 918 459 459 14 1 2 2
2 80 132 14112 918 459 459 14 1 2 2
2 80 133 14112 918 459 459 14 1 2 2
2 80 136 14112 912 456 456 14 1 2 2
2 80 140 28224 912 456 456 14 1 2 3
2 80 141 28224 912 456 456 14 1 2 3
2 80 160 14112 918 459 459 14 1 2 2
2 80 161 28224 918 459 459 14 1 2 3
2 80 164 14112 918 459 459 14 1 2 2
2 80 165 28224 918 459 459 14 1 2 3
2 80 168 14112 912 456 456 14 1 2 2
2 80 169 28224 912 456 456 14 1 2 3
2 80 172 28224 912 456 456 14 1 2 3
2 80 173 14112 912 456 456 14 1 2 2
2 80 192 3528 918 459 459 14 1 2 1
2 80 196 14112 918 459 459 14 1 2 2
2 80 197 14112 918 459 459 14 1 2 2
2 80 224 14112 918 459 459 14 1 2 2
2 80 228 14112 918 459 459 14 1 2 2
2 80 232 14112 912 456 456 14 1 2 2
2 80 237 14112 912 456 456 14 1 2 2
2 80 256 7056 918 459 459 14 1 2 1
2 80 257 14112 918 459 459 14 1 2 2
2 80 258 7056 918 459 459 14 1 2 2
2 80 259 14112 918 459 459 14 1 2 2
2 80 264 14112 912 456 456 14 1 2 2
2 80 265 14112 912 456 456 14 1 2 2
2 80 266 28224 912 456 456 14 1 2 3
2 80 272 14112 918 459 459 14 1 2 2
2 80 273 28224 918 459 459 14 1 2 3
2 80 280 14112 912 456 456 14 1 2 2
2 80 281 28224 912 456 456 14 1 2 3
2 80 283 14112 912 456 456 14 1 2 2
2 80 320 7056 918 459 459 14 1 2 1
2 80 322 7056 918 459 459 14 1 2 2
2 80 336 14112 918 459 459 14 1 2 2
2 84 1 14112 918 459 459 14 1 3 1
2 84 2 7056 918 459 459 14 1 3 1
2 84 4 14112 918 459 459 14 1 3 1
2 84 5 14112 918 459 459 14 1 3 1
2 84 8 28224 912 456 456 14 1 3 1
2 84 10 28224 912 456 456 14 1 3 2
2 84 12 28224 912 456 456 14 1 3 2
2 84 13 28224 912 456 456 14 1 3 2
2 84 16 14112 918 459 459 14 1 3 1
2 84 17 28224 918 459 459 14 1 3 2
2 84 20 14112 918 459 459 14 1 3 2
2 84 21 14112 918 459 459 14 1 3 2
2 84 22 14112 918 459 459 14 1 3 2
2 84 23 14112 918 459 459 14 1 3 2
2 84 24 28224 912 456 456 14 1 3 1
2 84 25 28224 912 456 456 14 1 3 2
2 84 28 28224 912 456 456 14 1 3 2
2 84 30 28224 912 456 456 14 1 3 2
2 84 32 14112 918 459 459 14 1 3 1
2 84 33 28224 918 459 459 14 1 3 2
2 84 34 28224 918 459 459 14 1 3 2
2 84 35 28224 918 459 459 14 1 3 2
2 84 36 14112 918 459 459 14 1 3 1
2 84 37 28224 918 459 459 14 1 3 2
2 84 38 28224 918 459 459 14 1 3 2
2 84 39 28224 918 459 459 14 1 3 2
2 84 41 28224 912 456 456 14 1 3 2
2 84 42 28224 912 456 456 14 1 3 2
2 84 43 28224 912 456 456 14 1 3 2
2 84 44 28224 912 456 456 14 1 3 2
2 84 46 28224 912 456 456 14 1 3 2
2 84 47 28224 912 456 456 14 1 3 2
2 84 64 14112 918 459 459 14 1 3 1
2 84 66 14112 918 459 459 14 1 3 2
2 84 67 14112 918 459 459 14 1 3 2
2 84 68 14112 918 459 459 14 1 3 2
2 84 69 28224 918 459 459 14 1 3 2
2 84 80 14112 918 459 459 14 1 3 2
2 84 84 3528 918 459 459 14 1 3 3
2 84 85 14112 918 459 459 14 1 3 3
2 84 86 7056 918 459 459 14 1 3 3
2 84 88 28224 912 456 456 14 1 3 2
2 84 92 28224 912 456 456 14 1 3 3
2 84 94 28224 912 456 456 14 1 3 3
2 84 96 28224 918 459 459 14 1 3 2
2 84 98 14112 918 459 459 14 1 3 3
2 84 99 28224 918 459 459 14 1 3 3
2 84 100 14112 918 459 459 14 1 3 2
2 84 102 28224 918 459 459 14 1 3 3
2 84 103 28224 918 459 459 14 1 3 3
2 84 104 28224 912 456 456 14 1 3 2
2 84 106 28224 912 456 456 14 1 3 3
2 84 109 28224 912 456 456 14 1 3 2
2 84 110 28224 912 456 456 14 1 3 3
2 84 111 28224 912 456 456 14 1 3 3
2 84 128 3528 918 459 459 14 1 3 1
2 84 129 14112 918 459 459 14 1 3 2
2 84 132 14112 918 459 459 14 1 3 2
2 84 152 28224 912 456 456 14 1 3 2
2 84 156 28224 912 456 456 14 1 3 3
2 84 160 14112 918 459 459 14 1 3 2
2 84 163 28224 918 459 459 14 1 3 3
2 84 164 14112 918 459 459 14 1 3 2
2 84 165 28224 918 459 459 14 1 3 3
2 84 169 28224 912 456 456 14 1 3 3
2 84 171 28224 912 456 456 14 1 3 3
2 84 172 28224 912 456 456 14 1 3 3
2 84 174 28224 912 456 456 14 1 3 3
2 84 208 14112 918 459 459 14 1 3 2
2 84 212 3528 918 459 459 14 1 3 3
2 84 213 14112 918 459 459 14 1 3 3
2 84 226 14112 918 459 459 14 1 3 3
2 84 228 14112 918 459 459 14 1 3 2
2 84 232 28224 912 456 456 14 1 3 2
2 84 234 28224 912 456 456 14 1 3 3
2 84 237 28224 912 456 456 14 1 3 2
2 84 239 28224 912 456 456 14 1 3 3
2 84 256 7056 918 459 459 14 1 3 1
2 84 258 7056 918 459 459 14 1 3 2
2 84 261 28224 918 459 459 14 1 3 2
2 84 272 14112 918 459 459 14 1 3 2
2 84 277 28224 918 459 459 14 1 3 3
2 84 324 14112 918 459 459 14 1 3 2
2 84 340 7056 918 459 459 14 1 3 3
2 84 342 7056 918 459 459 14 1 3 3
10 1 1 4704 918 459 459 14 2 1 1
10 1 2 4704 918 459 459 14 2 1 1
10 1 3 4704 918 459 459 14 2 1 1
10 1 4 4704 918 459 459 14 2 1 1
10 1 5 4704 918 459 459 14 2 1 1
10 1 6 4704 918 459 459 14 2 1 1
10 1 7 4704 918 459 459 14 2 1 1
10 1 8 3528 918 459 459 14 2 1 1
10 1 10 14112 918 459 459 14 2 1 2
10 1 11 14112 918 459 459 14 2 1 2
10 1 12 14112 918 459 459 14 2 1 2
10 1 13 14112 918 459 459 14 2 1 2
10 1 14 14112 918 459 459 14 2 1 2
10 1 15 14112 918 459 459 14 2 1 2
10 1 16 3528 918 459 459 14 2 1 1
10 1 17 14112 918 459 459 14 2 1 2
10 1 20 14112 918 459 459 14 2 1 2
10 1 21 14112 918 459 459 14 2 1 2
10 1 22 14112 918 459 459 14 2 1 2
10 1 23 14112 918 459 459 14 2 1 2
10 1 24 3528 918 459 459 14 2 1 1
10 1 28 14112 918 459 459 14 2 1 2
10 1 29 14112 918 459 459 14 2 1 2
10 1 30 14112 918 459 459 14 2 1 2
10 1 31 14112 918 459 459 14 2 1 2
10 1 32 3528 918 459 459 14 2 1 1
10 1 33 14112 918 459 459 14 2 1 2
10 1 34 14112 918 459 459 14 2 1 2
10 1 35 14112 918 459 459 14 2 1 2
10 1 40 3528 918 459 459 14 2 1 1
10 1 42 14112 918 459 459 14 2 1 2
10 1 43 14112 918 459 459 14 2 1 2
10 1 48 3528 918 459 459 14 2 1 1
10 1 49 14112 918 459 459 14 2 1 2
10 1 56 3528 918 459 459 14 2 1 1
10 1 80 7056 918 459 459 14 2 1 2
10 1 84 28224 918 459 459 14 2 1 3
10 1 85 28224 918 459 459 14 2 1 3
10 1 86 28224 918 459 459 14 2 1 3
10 1 87 28224 918 459 459 14 2 1 3
10 1 96 7056 918 459 459 14 2 1 2
10 1 98 28224 918 459 459 14 2 1 3
10 1 99 28224 918 459 459 14 2 1 3
10 1 112 7056 918 459 459 14 2 1 2
10 1 160 7056 918 459 459 14 2 1 2
10 1 161 28224 918 459 459 14 2 1 3
10 1 168 7056 918 459 459 14 2 1 2
10 1 224 7056 918 459 459 14 2 1 2
10 1 232 7056 918 459 459 14 2 1 2
10 9 1 4704 918 459 459 14 2 1 1
10 9 3 2352 918 459 459 14 2 1 1
10 9 4 2352 918 459 459 14 2 1 1
10 9 5 4704 918 459 459 14 2 1 1
10 9 7 2352 918 459 459 14 2 1 1
10 9 8 3528 918 459 459 14 2 1 1
10 9 10 14112 918 459 459 14 2 1 2
10 9 11 7056 918 459 459 14 2 1 2
10 9 12 14112 918 459 459 14 2 1 2
10 9 13 14112 918 459 459 14 2 1 2
10 9 14 14112 918 459 459 14 2 1 2
10 9 15 14112 918 459 459 14 2 1 2
10 9 24 1764 918 459 459 14 2 1 1
10 9 28 7056 918 459 459 14 2 1 2
10 9 29 14112 918 459 459 14 2 1 2
10 9 31 7056 918 459 459 14 2 1 2
10 9 32 1764 918 459 459 14 2 1 1
10 9 33 14112 918 459 459 14 2 1 2
10 9 35 7056 918 459 459 14 2 1 2
10 9 40 3528 918 459 459 14 2 1 1
10 9 42 14112 918 459 459 14 2 1 2
10 9 43 7056 918 459 459 14 2 1 2
10 9 56 1764 918 459 459 14 2 1 1
10 9 80 3528 918 459 459 14 2 1 2
10 9 84 14112 918 459 459 14 2 1 3
10 9 85 28224 918 459 459 14 2 1 3
10 9 87 14112 918 459 459 14 2 1 3
10 9 96 7056 918 459 459 14 2 1 2
10 9 98 28224 918 459 459 14 2 1 3
10 9 99 14112 918 459 459 14 2 1 3
10 9 112 7056 918 459 459 14 2 1 2
10 9 224 3528 918 459 459 14 2 1 2
10 9 232 3528 918 459 459 14 2 1 2
10 10 1 14112 918 459 459 14 2 2 1
10 10 2 14112 918 459 459 14 2 2 1
10 10 3 14112 918 459 459 14 2 2 1
10 10 4 14112 918 459 459 14 2 2 1
10 10 5 14112 918 459 459 14 2 2 1
10 10 6 14112 918 459 459 14 2 2 1
10 10 7 14112 918 459 459 14 2 2 1
10 10 9 14112 918 459 459 14 2 2 1
10 10 10 14112 918 459 459 14 2 2 2
10 10 11 28224 918 459 459 14 2 2 2
10 10 12 28224 918 459 459 14 2 2 2
10 10 13 28224 918 459 459 14 2 2 2
10 10 14 28224 918 459 459 14 2 2 2
10 10 15 28224 918 459 459 14 2 2 2
10 10 17 14112 918 459 459 14 2 2 2
10 10 19 28224 918 459 459 14 2 2 2
10 10 20 28224 918 459 459 14 2 2 2
10 10 21 28224 918 459 459 14 2 2 2
10 10 22 28224 918 459 459 14 2 2 2
10 10 23 28224 918 459 459 14 2 2 2
10 10 27 7056 918 459 459 14 2 2 1
10 10 28 28224 918 459 459 14 2 2 2
10 10 29 28224 918 459 459 14 2 2 2
10 10 30 28224 918 459 459 14 2 2 2
10 10 31 28224 918 459 459 14 2 2 2
10 10 36 7056 918 459 459 14 2 2 1
10 10 37 28224 918 459 459 14 2 2 2
10 10 38 28224 918 459 459 14 2 2 2
10 10 39 28224 918 459 459 14 2 2 2
10 10 45 14112 918 459 459 14 2 2 1
10 10 46 14112 918 459 459 14 2 2 2
10 10 47 28224 918 459 459 14 2 2 2
10 10 53 14112 918 459 459 14 2 2 2
10 10 55 28224 918 459 459 14 2 2 2
10 10 63 7056 918 459 459 14 2 2 1
10 10 64 7056 918 459 459 14 2 2 1
10 10 66 14112 918 459 459 14 2 2 2
10 10 67 14112 918 459 459 14 2 2 2
10 10 68 14112 918 459 459 14 2 2 2
10 10 69 14112 918 459 459 14 2 2 2
10 10 70 14112 918 459 459 14 2 2 2
10 10 71 14112 918 459 459 14 2 2 2
10 10 80 14112 918 459 459 14 2 2 2
10 10 82 14112 918 459 459 14 2 2 2
10 10 84 28224 918 459 459 14 2 2 3
10 10 85 28224 918 459 459 14 2 2 3
10 10 86 28224 918 459 459 14 2 2 3
10 10 87 28224 918 459 459 14 2 2 3
10 10 91 7056 918 459 459 14 2 2 2
10 10 92 28224 918 459 459 14 2 2 3
10 10 93 28224 918 459 459 14 2 2 3
10 10 94 28224 918 459 459 14 2 2 3
10 10 95 28224 918 459 459 14 2 2 3
10 10 96 14112 918 459 459 14 2 2 2
10 10 98 28224 918 459 459 14 2 2 3
10 10 100 14112 918 459 459 14 2 2 2
10 10 102 28224 918 459 459 14 2 2 3
10 10 103 28224 918 459 459 14 2 2 3
10 10 104 14112 918 459 459 14 2 2 2
10 10 106 28224 918 459 459 14 2 2 3
10 10 109 14112 918 459 459 14 2 2 2
10 10 110 14112 918 459 459 14 2 2 3
10 10 111 28224 918 459 459 14 2 2 3
10 10 112 14112 918 459 459 14 2 2 2
10 10 114 28224 918 459 459 14 2 2 3
10 10 116 28224 918 459 459 14 2 2 3
10 10 117 14112 918 459 459 14 2 2 3
10 10 118 14112 918 459 459 14 2 2 2
10 10 120 14112 918 459 459 14 2 2 2
10 10 122 28224 918 459 459 14 2 2 3
10 10 125 28224 918 459 459 14 2 2 3
10 10 127 14112 918 459 459 14 2 2 2
10 10 192 3528 918 459 459 14 2 2 1
10 10 196 14112 918 459 459 14 2 2 2
10 10 197 14112 918 459 459 14 2 2 2
10 10 198 14112 918 459 459 14 2 2 2
10 10 199 14112 918 459 459 14 2 2 2
10 10 228 7056 918 459 459 14 2 2 2
10 10 237 14112 918 459 459 14 2 2 2
10 10 255 7056 918 459 459 14 2 2 2
10 10 256 3528 918 459 459 14 2 2 1
10 10 257 14112 918 459 459 14 2 2 2
10 10 258 14112 918 459 459 14 2 2 2
10 10 259 14112 918 459 459 14 2 2 2
10 10 265 14112 918 459 459 14 2 2 2
10 10 266 14112 918 459 459 14 2 2 3
10 10 267 28224 918 459 459 14 2 2 3
10 10 273 14112 918 459 459 14 2 2 3
10 10 275 28224 918 459 459 14 2 2 3
10 10 283 7056 918 459 459 14 2 2 2
10 10 320 7056 918 459 459 14 2 2 1
10 10 322 14112 918 459 459 14 2 2 2
10 10 323 14112 918 459 459 14 2 2 2
10 10 336 14112 918 459 459 14 2 2 2
10 10 338 14112 918 459 459 14 2 2 2
10 10 347 7056 918 459 459 14 2 2 2
10 10 448 3528 918 459 459 14 2 2 1
10 64 1 4704 918 459 459 14 2 1 1
10 64 3 2352 918 459 459 14 2 1 1
10 64 4 2352 918 459 459 14 2 1 1
10 64 5 4704 918 459 459 14 2 1 1
10 64 7 2352 918 459 459 14 2 1 1
10 64 8 3528 918 459 459 14 2 1 1
10 64 10 14112 918 459 459 14 2 1 2
10 64 11 7056 918 459 459 14 2 1 2
10 64 12 14112 918 459 459 14 2 1 2
10 64 13 14112 918 459 459 14 2 1 2
10 64 14 14112 918 459 459 14 2 1 2
10 64 15 14112 918 459 459 14 2 1 2
10 64 24 1764 918 459 459 14 2 1 1
10 64 28 7056 918 459 459 14 2 1 2
10 64 29 14112 918 459 459 14 2 1 2
10 64 31 7056 918 459 459 14 2 1 2
10 64 32 1764 918 459 459 14 2 1 1
10 64 33 14112 918 459 459 14 2 1 2
10 64 35 7056 918 459 459 14 2 1 2
10 64 40 3528 918 459 459 14 2 1 1
10 64 42 14112 918 459 459 14 2 1 2
10 64 43 7056 918 459 459 14 2 1 2
10 64 56 1764 918 459 459 14 2 1 1
10 64 80 3528 918 459 459 14 2 1 2
10 64 84 14112 918 459 459 14 2 1 3
10 64 85 28224 918 459 459 14 2 1 3
10 64 87 14112 918 459 459 14 2 1 3
10 64 96 7056 918 459 459 14 2 1 2
10 64 98 28224 918 459 459 14 2 1 3
10 64 99 14112 918 459 459 14 2 1 3
10 64 112 7056 918 459 459 14 2 1 2
10 64 224 3528 918 459 459 14 2 1 2
10 64 232 3528 918 459 459 14 2 1 2
10 65 1 4704 918 459 459 14 2 1 1
10 65 2 4704 918 459 459 14 2 1 1
10 65 3 4704 918 459 459 14 2 1 1
10 65 4 4704 918 459 459 14 2 1 1
10 65 5 4704 918 459 459 14 2 1 1
10 65 6 4704 918 459 459 14 2 1 1
10 65 7 4704 918 459 459 14 2 1 1
10 65 8 3528 918 459 459 14 2 1 1
10 65 10 14112 918 459 459 14 2 1 2
10 65 11 14112 918 459 459 14 2 1 2
10 65 12 14112 918 459 459 14 2 1 2
10 65 13 14112 918 459 459 14 2 1 2
10 65 14 14112 918 459 459 14 2 1 2
10 65 15 14112 918 459 459 14 2 1 2
10 65 16 3528 918 459 459 14 2 1 1
10 65 17 14112 918 459 459 14 2 1 2
10 65 20 14112 918 459 459 14 2 1 2
10 65 21 14112 918 459 459 14 2 1 2
10 65 22 14112 918 459 459 14 2 1 2
10 65 23 14112 918 459 459 14 2 1 2
10 65 24 3528 918 459 459 14 2 1 1
10 65 28 14112 918 459 459 14 2 1 2
10 65 29 14112 918 459 459 14 2 1 2
10 65 30 14112 918 459 459 14 2 1 2
10 65 31 14112 918 459 459 14 2 1 2
10 65 32 3528 918 459 459 14 2 1 1
10 65 33 14112 918 459 459 14 2 1 2
10 65 34 14112 918 459 459 14 2 1 2
10 65 35 14112 918 459 459 14 2 1 2
10 65 40 3528 918 459 459 14 2 1 1
10 65 42 14112 918 459 459 14 2 1 2
10 65 43 14112 918 459 459 14 2 1 2
10 65 48 3528 918 459 459 14 2 1 1
10 65 49 14112 918 459 459 14 2 1 2
10 65 56 3528 918 459 459 14 2 1 1
10 65 80 7056 918 459 459 14 2 1 2
10 65 84 28224 918 459 459 14 2 1 3
10 65 85 28224 918 459 459 14 2 1 3
10 65 86 28224 918 459 459 14 2 1 3
10 65 87 28224 918 459 459 14 2 1 3
10 65 96 7056 918 459 459 14 2 1 2
10 65 98 28224 918 459 459 14 2 1 3
10 65 99 28224 918 459 459 14 2 1 3
10 65 112 7056 918 459 459 14 2 1 2
10 65 160 7056 918 459 459 14 2 1 2
10 65 161 28224 918 459 459 14 2 1 3
10 65 168 7056 918 459 459 14 2 1 2
10 65 224 7056 918 459 459 14 2 1 2
10 65 232 7056 918 459 459 14 2 1 2
10 66 1 14112 918 459 459 14 2 2 1
10 66 2 14112 918 459 459 14 2 2 1
10 66 3 14112 918 459 459 14 2 2 1
10 66 4 14112 918 459 459 14 2 2 1
10 66 5 14112 918 459 459 14 2 2 1
10 66 6 14112 918 459 459 14 2 2 1
10 66 7 14112 918 459 459 14 2 2 1
10 66 8 14112 918 459 459 14 2 2 1
10 66 9 14112 918 459 459 14 2 2 1
10 66 10 28224 918 459 459 14 2 2 2
10 66 11 28224 918 459 459 14 2 2 2
10 66 12 28224 918 459 459 14 2 2 2
10 66 13 28224 918 459 459 14 2 2 2
10 66 14 28224 918 459 459 14 2 2 2
10 66 15 28224 918 459 459 14 2 2 2
10 66 16 14112 918 459 459 14 2 2 1
10 66 17 28224 918 459 459 14 2 2 2
10 66 18 14112 918 459 459 14 2 2 1
10 66 19 28224 918 459 459 14 2 2 2
10 66 20 28224 918 459 459 14 2 2 2
10 66 21 28224 918 459 459 14 2 2 2
10 66 22 28224 918 459 459 14 2 2 2
10 66 23 28224 918 459 459 14 2 2 2
10 66 24 14112 918 459 459 14 2 2 1
10 66 25 28224 918 459 459 14 2 2 2
10 66 26 28224 918 459 459 14 2 2 2
10 66 27 14112 918 459 459 14 2 2 1
10 66 28 28224 918 459 459 14 2 2 2
10 66 29 28224 918 459 459 14 2 2 2
10 66 30 28224 918 459 459 14 2 2 2
10 66 31 28224 918 459 459 14 2 2 2
10 66 32 14112 918 459 459 14 2 2 1
10 66 33 28224 918 459 459 14 2 2 2
10 66 34 28224 918 459 459 14 2 2 2
10 66 35 28224 918 459 459 14 2 2 2
10 66 36 14112 918 459 459 14 2 2 1
10 66 37 28224 918 459 459 14 2 2 2
10 66 38 28224 918 459 459 14 2 2 2
10 66 39 28224 918 459 459 14 2 2 2
10 66 40 14112 918 459 459 14 2 2 1
10 66 41 28224 918 459 459 14 2 2 2
10 66 42 28224 918 459 459 14 2 2 2
10 66 43 28224 918 459 459 14 2 2 2
10 66 44 28224 918 459 459 14 2 2 2
10 66 45 14112 918 459 459 14 2 2 1
10 66 46 28224 918 459 459 14 2 2 2
10 66 47 28224 918 459 459 14 2 2 2
10 66 48 14112 918 459 459 14 2 2 1
10 66 49 28224 918 459 459 14 2 2 2
10 66 50 28224 918 459 459 14 2 2 2
10 66 51 28224 918 459 459 14 2 2 2
10 66 52 28224 918 459 459 14 2 2 2
10 66 53 28224 918 459 459 14 2 2 2
10 66 54 14112 918 459 459 14 2 2 1
10 66 55 28224 918 459 459 14 2 2 2
10 66 56 14112 918 459 459 14 2 2 1
10 66 57 28224 918 459 459 14 2 2 2
10 66 58 28224 918 459 459 14 2 2 2
10 66 59 28224 918 459 459 14 2 2 2
10 66 60 28224 918 459 459 14 2 2 2
10 66 61 28224 918 459 459 14 2 2 2
10 66 62 28224 918 459 459 14 2 2 2
10 66 63 14112 918 459 459 14 2 2 1
10 66 64 7056 918 459 459 14 2 2 1
10 66 66 14112 918 459 459 14 2 2 2
10 66 67 14112 918 459 459 14 2 2 2
10 66 68 14112 918 459 459 14 2 2 2
10 66 69 14112 918 459 459 14 2 2 2
10 66 70 14112 918 459 459 14 2 2 2
10 66 71 14112 918 459 459 14 2 2 2
10 66 80 14112 918 459 459 14 2 2 2
10 66 82 14112 918 459 459 14 2 2 2
10 66 84 28224 918 459 459 14 2 2 3
10 66 85 28224 918 459 459 14 2 2 3
10 66 86 28224 918 459 459 14 2 2 3
10 66 87 28224 918 459 459 14 2 2 3
10 66 88 14112 918 459 459 14 2 2 2
10 66 91 14112 918 459 459 14 2 2 2
10 66 92 28224 918 459 459 14 2 2 3
10 66 93 28224 918 459 459 14 2 2 3
10 66 94 28224 918 459 459 14 2 2 3
10 66 95 28224 918 459 459 14 2 2 3
10 66 96 14112 918 459 459 14 2 2 2
10 66 98 28224 918 459 459 14 2 2 3
10 66 99 28224 918 459 459 14 2 2 3
10 66 100 14112 918 459 459 14 2 2 2
10 66 102 28224 918 459 459 14 2 2 3
10 66 103 28224 918 459 459 14 2 2 3
10 66 104 14112 918 459 459 14 2 2 2
10 66 106 28224 918 459 459 14 2 2 3
10 66 107 28224 918 459 459 14 2 2 3
10 66 109 14112 918 459 459 14 2 2 2
10 66 110 28224 918 459 459 14 2 2 3
10 66 111 28224 918 459 459 14 2 2 3
10 66 112 14112 918 459 459 14 2 2 2
10 66 114 28224 918 459 459 14 2 2 3
10 66 115 28224 918 459 459 14 2 2 3
10 66 116 28224 918 459 459 14 2 2 3
10 66 117 28224 918 459 459 14 2 2 3
10 66 118 14112 918 459 459 14 2 2 2
10 66 120 14112 918 459 459 14 2 2 2
10 66 122 28224 918 459 459 14 2 2 3
10 66 123 28224 918 459 459 14 2 2 3
10 66 124 28224 918 459 459 14 2 2 3
10 66 125 28224 918 459 459 14 2 2 3
10 66 127 14112 918 459 459 14 2 2 2
10 66 128 7056 918 459 459 14 2 2 1
10 66 129 14112 918 459 459 14 2 2 2
10 66 132 14112 918 459 459 14 2 2 2
10 66 133 14112 918 459 459 14 2 2 2
10 66 134 14112 918 459 459 14 2 2 2
10 66 135 14112 918 459 459 14 2 2 2
10 66 136 14112 918 459 459 14 2 2 2
10 66 137 14112 918 459 459 14 2 2 2
10 66 140 28224 918 459 459 14 2 2 3
10 66 141 28224 918 459 459 14 2 2 3
10 66 142 28224 918 459 459 14 2 2 3
10 66 143 28224 918 459 459 14 2 2 3
10 66 160 14112 918 459 459 14 2 2 2
10 66 161 28224 918 459 459 14 2 2 3
10 66 164 14112 918 459 459 14 2 2 2
10 66 165 28224 918 459 459 14 2 2 3
10 66 168 14112 918 459 459 14 2 2 2
10 66 169 28224 918 459 459 14 2 2 3
10 66 172 28224 918 459 459 14 2 2 3
10 66 173 14112 918 459 459 14 2 2 2
10 66 176 14112 918 459 459 14 2 2 2
10 66 177 28224 918 459 459 14 2 2 3
10 66 182 14112 918 459 459 14 2 2 2
10 66 183 28224 918 459 459 14 2 2 3
10 66 184 14112 918 459 459 14 2 2 2
10 66 185 28224 918 459 459 14 2 2 3
10 66 190 28224 918 459 459 14 2 2 3
10 66 191 14112 918 459 459 14 2 2 2
10 66 192 7056 918 459 459 14 2 2 1
10 66 196 14112 918 459 459 14 2 2 2
10 66 197 14112 918 459 459 14 2 2 2
10 66 198 14112 918 459 459 14 2 2 2
10 66 199 14112 918 459 459 14 2 2 2
10 66 224 14112 918 459 459 14 2 2 2
10 66 228 14112 918 459 459 14 2 2 2
10 66 232 14112 918 459 459 14 2 2 2
10 66 237 14112 918 459 459 14 2 2 2
10 66 240 14112 918 459 459 14 2 2 2
10 66 246 14112 918 459 459 14 2 2 2
10 66 248 14112 918 459 459 14 2 2 2
10 66 255 14112 918 459 459 14 2 2 2
10 66 256 7056 918 459 459 14 2 2 1
10 66 257 14112 918 459 459 14 2 2 2
10 66 258 14112 918 459 459 14 2 2 2
10 66 259 14112 918 459 459 14 2 2 2
10 66 264 14112 918 459 459 14 2 2 2
10 66 265 14112 918 459 459 14 2 2 2
10 66 266 28224 918 459 459 14 2 2 3
10 66 267 28224 918 459 459 14 2 2 3
10 66 272 14112 918 459 459 14 2 2 2
10 66 273 28224 918 459 459 14 2 2 3
10 66 274 14112 918 459 459 14 2 2 2
10 66 275 28224 918 459 459 14 2 2 3
10 66 280 14112 918 459 459 14 2 2 2
10 66 281 28224 918 459 459 14 2 2 3
10 66 282 28224 918 459 459 14 2 2 3
10 66 283 14112 918 459 459 14 2 2 2
10 66 320 7056 918 459 459 14 2 2 1
10 66 322 14112 918 459 459 14 2 2 2
10 66 323 14112 918 459 459 14 2 2 2
10 66 336 14112 918 459 459 14 2 2 2
10 66 338 14112 918 459 459 14 2 2 2
10 66 344 14112 918 459 459 14 2 2 2
10 66 347 14112 918 459 459 14 2 2 2
10 66 384 7056 918 459 459 14 2 2 1
10 66 385 14112 918 459 459 14 2 2 2
10 66 392 14112 918 459 459 14 2 2 2
10 66 393 14112 918 459 459 14 2 2 2
10 66 448 7056 918 459 459 14 2 2 1
10 73 1 4704 918 459 459 14 2 1 1
10 73 3 2352 918 459 459 14 2 1 1
10 73 4 2352 918 459 459 14 2 1 1
10 73 5 4704 918 459 459 14 2 1 1
10 73 7 2352 918 459 459 14 2 1 1
10 73 8 3528 918 459 459 14 2 1 1
10 73 10 14112 918 459 459 14 2 1 2
10 73 11 7056 918 459 459 14 2 1 2
10 73 12 14112 918 459 459 14 2 1 2
10 73 13 14112 918 459 459 14 2 1 2
10 73 14 14112 918 459 459 14 2 1 2
10 73 15 14112 918 459 459 14 2 1 2
10 73 24 1764 918 459 459 14 2 1 1
10 73 28 7056 918 459 459 14 2 1 2
10 73 29 14112 918 459 459 14 2 1 2
10 73 31 7056 918 459 459 14 2 1 2
10 73 32 1764 918 459 459 14 2 1 1
10 73 33 14112 918 459 459 14 2 1 2
10 73 35 7056 918 459 459 14 2 1 2
10 73 40 3528 918 459 459 14 2 1 1
10 73 42 14112 918 459 459 14 2 1 2
10 73 43 7056 918 459 459 14 2 1 2
10 73 56 1764 918 459 459 14 2 1 1
10 73 80 3528 918 459 459 14 2 1 2
10 73 84 14112 918 459 459 14 2 1 3
10 73 85 28224 918 459 459 14 2 1 3
10 73 87 14112 918 459 459 14 2 1 3
10 73 96 7056 918 459 459 14 2 1 2
10 73 98 28224 918 459 459 14 2 1 3
10 73 99 14112 918 459 459 14 2 1 3
10 73 112 7056 918 459 459 14 2 1 2
10 73 224 3528 918 459 459 14 2 1 2
10 73 232 3528 918 459 459 14 2 1 2
10 74 1 14112 918 459 459 14 2 2 1
10 74 2 14112 918 459 459 14 2 2 1
10 74 3 14112 918 459 459 14 2 2 1
10 74 4 14112 918 459 459 14 2 2 1
10 74 5 14112 918 459 459 14 2 2 1
10 74 6 14112 918 459 459 14 2 2 1
10 74 7 14112 918 459 459 14 2 2 1
10 74 8 14112 918 459 459 14 2 2 1
10 74 9 14112 918 459 459 14 2 2 1
10 74 10 28224 918 459 459 14 2 2 2
10 74 11 28224 918 459 459 14 2 2 2
10 74 12 28224 918 459 459 14 2 2 2
10 74 13 28224 918 459 459 14 2 2 2
10 74 14 28224 918 459 459 14 2 2 2
10 74 15 28224 918 459 459 14 2 2 2
10 74 16 14112 918 459 459 14 2 2 1
10 74 17 28224 918 459 459 14 2 2 2
10 74 18 14112 918 459 459 14 2 2 1
10 74 19 28224 918 459 459 14 2 2 2
10 74 20 28224 918 459 459 14 2 2 2
10 74 21 28224 918 459 459 14 2 2 2
10 74 22 28224 918 459 459 14 2 2 2
10 74 23 28224 918 459 459 14 2 2 2
10 74 24 14112 918 459 459 14 2 2 1
10 74 25 28224 918 459 459 14 2 2 2
10 74 26 28224 918 459 459 14 2 2 2
10 74 27 14112 918 459 459 14 2 2 1
10 74 28 28224 918 459 459 14 2 2 2
10 74 29 28224 918 459 459 14 2 2 2
10 74 30 28224 918 459 459 14 2 2 2
10 74 31 28224 918 459 459 14 2 2 2
10 74 32 14112 918 459 459 14 2 2 1
10 74 33 28224 918 459 459 14 2 2 2
10 74 34 28224 918 459 459 14 2 2 2
10 74 35 28224 918 459 459 14 2 2 2
10 74 36 14112 918 459 459 14 2 2 1
10 74 37 28224 918 459 459 14 2 2 2
10 74 38 28224 918 459 459 14 2 2 2
10 74 39 28224 918 459 459 14 2 2 2
10 74 40 14112 918 459 459 14 2 2 1
10 74 41 28224 918 459 459 14 2 2 2
10 74 42 28224 918 459 459 14 2 2 2
10 74 43 28224 918 459 459 14 2 2 2
10 74 44 28224 918 459 459 14 2 2 2
10 74 45 14112 918 459 459 14 2 2 1
10 74 46 28224 918 459 459 14 2 2 2
10 74 47 28224 918 459 459 14 2 2 2
10 74 48 14112 918 459 459 14 2 2 1
10 74 49 28224 918 459 459 14 2 2 2
10 74 50 28224 918 459 459 14 2 2 2
10 74 51 28224 918 459 459 14 2 2 2
10 74 52 28224 918 459 459 14 2 2 2
10 74 53 28224 918 459 459 14 2 2 2
10 74 54 14112 918 459 459 14 2 2 1
10 74 55 28224 918 459 459 14 2 2 2
10 74 56 14112 918 459 459 14 2 2 1
10 74 57 28224 918 459 459 14 2 2 2
10 74 58 28224 918 459 459 14 2 2 2
10 74 59 28224 918 459 459 14 2 2 2
10 74 60 28224 918 459 459 14 2 2 2
10 74 61 28224 918 459 459 14 2 2 2
10 74 62 28224 918 459 459 14 2 2 2
10 74 63 14112 918 459 459 14 2 2 1
10 74 64 7056 918 459 459 14 2 2 1
10 74 66 14112 918 459 459 14 2 2 2
10 74 67 14112 918 459 459 14 2 2 2
10 74 68 14112 918 459 459 14 2 2 2
10 74 69 14112 918 459 459 14 2 2 2
10 74 70 14112 918 459 459 14 2 2 2
10 74 71 14112 918 459 459 14 2 2 2
10 74 80 14112 918 459 459 14 2 2 2
10 74 82 14112 918 459 459 14 2 2 2
10 74 84 28224 918 459 459 14 2 2 3
10 74 85 28224 918 459 459 14 2 2 3
10 74 86 28224 918 459 459 14 2 2 3
10 74 87 28224 918 459 459 14 2 2 3
10 74 88 14112 918 459 459 14 2 2 2
10 74 91 14112 918 459 459 14 2 2 2
10 74 92 28224 918 459 459 14 2 2 3
10 74 93 28224 918 459 459 14 2 2 3
10 74 94 28224 918 459 459 14 2 2 3
10 74 95 28224 918 459 459 14 2 2 3
10 74 96 14112 918 459 459 14 2 2 2
10 74 98 28224 918 459 459 14 2 2 3
10 74 99 28224 918 459 459 14 2 2 3
10 74 100 14112 918 459 459 14 2 2 2
10 74 102 28224 918 459 459 14 2 2 3
10 74 103 28224 918 459 459 14 2 2 3
10 74 104 14112 918 459 459 14 2 2 2
10 74 106 28224 918 459 459 14 2 2 3
10 74 107 28224 918 459 459 14 2 2 3
10 74 109 14112 918 459 459 14 2 2 2
10 74 110 28224 918 459 459 14 2 2 3
10 74 111 28224 918 459 459 14 2 2 3
10 74 112 14112 918 459 459 14 2 2 2
10 74 114 28224 918 459 459 14 2 2 3
10 74 115 28224 918 459 459 14 2 2 3
10 74 116 28224 918 459 459 14 2 2 3
10 74 117 28224 918 459 459 14 2 2 3
10 74 118 14112 918 459 459 14 2 2 2
10 74 120 14112 918 459 459 14 2 2 2
10 74 122 28224 918 459 459 14 2 2 3
10 74 123 28224 918 459 459 14 2 2 3
10 74 124 28224 918 459 459 14 2 2 3
10 74 125 28224 918 459 459 14 2 2 3
10 74 127 14112 918 459 459 14 2 2 2
10 74 128 7056 918 459 459 14 2 2 1
10 74 129 14112 918 459 459 14 2 2 2
10 74 132 14112 918 459 459 14 2 2 2
10 74 133 14112 918 459 459 14 2 2 2
10 74 134 14112 918 459 459 14 2 2 2
10 74 135 14112 918 459 459 14 2 2 2
10 74 136 14112 918 459 459 14 2 2 2
10 74 137 14112 918 459 459 14 2 2 2
10 74 140 28224 918 459 459 14 2 2 3
10 74 141 28224 918 459 459 14 2 2 3
10 74 142 28224 918 459 459 14 2 2 3
10 74 143 28224 918 459 459 14 2 2 3
10 74 160 14112 918 459 459 14 2 2 2
10 74 161 28224 918 459 459 14 2 2 3
10 74 164 14112 918 459 459 14 2 2 2
10 74 165 28224 918 459 459 14 2 2 3
10 74 168 14112 918 459 459 14 2 2 2
10 74 169 28224 918 459 459 14 2 2 3
10 74 172 28224 918 459 459 14 2 2 3
10 74 173 14112 918 459 459 14 2 2 2
10 74 176 14112 918 459 459 14 2 2 2
10 74 177 28224 918 459 459 14 2 2 3
10 74 182 14112 918 459 459 14 2 2 2
10 74 183 28224 918 459 459 14 2 2 3
10 74 184 14112 918 459 459 14 2 2 2
10 74 185 28224 918 459 459 14 2 2 3
10 74 190 28224 918 459 459 14 2 2 3
10 74 191 14112 918 459 459 14 2 2 2
10 74 192 7056 918 459 459 14 2 2 1
10 74 196 14112 918 459 459 14 2 2 2
10 74 197 14112 918 459 459 14 2 2 2
10 74 198 14112 918 459 459 14 2 2 2
10 74 199 14112 918 459 459 14 2 2 2
10 74 224 14112 918 459 459 14 2 2 2
10 74 228 14112 918 459 459 14 2 2 2
10 74 232 14112 918 459 459 14 2 2 2
10 74 237 14112 918 459 459 14 2 2 2
10 74 240 14112 918 459 459 14 2 2 2
10 74 246 14112 918 459 459 14 2 2 2
10 74 248 14112 918 459 459 14 2 2 2
10 74 255 14112 918 459 459 14 2 2 2
10 74 256 7056 918 459 459 14 2 2 1
10 74 257 14112 918 459 459 14 2 2 2
10 74 258 14112 918 459 459 14 2 2 2
10 74 259 14112 918 459 459 14 2 2 2
10 74 264 14112 918 459 459 14 2 2 2
10 74 265 14112 918 459 459 14 2 2 2
10 74 266 28224 918 459 459 14 2 2 3
10 74 267 28224 918 459 459 14 2 2 3
10 74 272 14112 918 459 459 14 2 2 2
10 74 273 28224 918 459 459 14 2 2 3
10 74 274 14112 918 459 459 14 2 2 2
10 74 275 28224 918 459 459 14 2 2 3
10 74 280 14112 918 459 459 14 2 2 2
10 74 281 28224 918 459 459 14 2 2 3
10 74 282 28224 918 459 459 14 2 2 3
10 74 283 14112 918 459 459 14 2 2 2
10 74 320 7056 918 459 459 14 2 2 1
10 74 322 14112 918 459 459 14 2 2 2
10 74 323 14112 918 459 459 14 2 2 2
10 74 336 14112 918 459 459 14 2 2 2
10 74 338 14112 918 459 459 14 2 2 2
10 74 344 14112 918 459 459 14 2 2 2
10 74 347 14112 918 459 459 14 2 2 2
10 74 384 7056 918 459 459 14 2 2 1
10 74 385 14112 918 459 459 14 2 2 2
10 74 392 14112 918 459 459 14 2 2 2
10 74 393 14112 918 459 459 14 2 2 2
10 74 448 7056 918 459 459 14 2 2 1
10 82 1 14112 918 459 459 14 2 2 1
10 82 3 7056 918 459 459 14 2 2 1
10 82 4 7056 918 459 459 14 2 2 1
10 82 5 14112 918 459 459 14 2 2 1
10 82 7 7056 918 459 459 14 2 2 1
10 82 8 14112 918 459 459 14 2 2 1
10 82 9 14112 918 459 459 14 2 2 1
10 82 10 28224 918 459 459 14 2 2 2
10 82 11 28224 918 459 459 14 2 2 2
10 82 12 28224 918 459 459 14 2 2 2
10 82 13 28224 918 459 459 14 2 2 2
10 82 14 28224 918 459 459 14 2 2 2
10 82 15 28224 918 459 459 14 2 2 2
10 82 24 7056 918 459 459 14 2 2 1
10 82 25 28224 918 459 459 14 2 2 2
10 82 27 7056 918 459 459 14 2 2 1
10 82 28 14112 918 459 459 14 2 2 2
10 82 29 28224 918 459 459 14 2 2 2
10 82 31 14112 918 459 459 14 2 2 2
10 82 32 7056 918 459 459 14 2 2 1
10 82 33 28224 918 459 459 14 2 2 2
10 82 35 14112 918 459 459 14 2 2 2
10 82 36 7056 918 459 459 14 2 2 1
10 82 37 28224 918 459 459 14 2 2 2
10 82 39 14112 918 459 459 14 2 2 2
10 82 40 14112 918 459 459 14 2 2 1
10 82 41 28224 918 459 459 14 2 2 2
10 82 42 28224 918 459 459 14 2 2 2
10 82 43 28224 918 459 459 14 2 2 2
10 82 44 28224 918 459 459 14 2 2 2
10 82 45 14112 918 459 459 14 2 2 1
10 82 46 28224 918 459 459 14 2 2 2
10 82 47 28224 918 459 459 14 2 2 2
10 82 56 7056 918 459 459 14 2 2 1
10 82 57 28224 918 459 459 14 2 2 2
10 82 59 14112 918 459 459 14 2 2 2
10 82 60 14112 918 459 459 14 2 2 2
10 82 61 28224 918 459 459 14 2 2 2
10 82 63 7056 918 459 459 14 2 2 1
10 82 64 7056 918 459 459 14 2 2 1
10 82 66 14112 918 459 459 14 2 2 2
10 82 67 7056 918 459 459 14 2 2 2
10 82 68 14112 918 459 459 14 2 2 2
10 82 69 14112 918 459 459 14 2 2 2
10 82 70 14112 918 459 459 14 2 2 2
10 82 71 14112 918 459 459 14 2 2 2
10 82 80 14112 918 459 459 14 2 2 2
10 82 82 14112 918 459 459 14 2 2 2
10 82 84 28224 918 459 459 14 2 2 3
10 82 85 28224 918 459 459 14 2 2 3
10 82 86 28224 918 459 459 14 2 2 3
10 82 87 28224 918 459 459 14 2 2 3
10 82 88 7056 918 459 459 14 2 2 2
10 82 91 7056 918 459 459 14 2 2 2
10 82 92 14112 918 459 459 14 2 2 3
10 82 93 28224 918 459 459 14 2 2 3
10 82 95 14112 918 459 459 14 2 2 3
10 82 96 14112 918 459 459 14 2 2 2
10 82 98 28224 918 459 459 14 2 2 3
10 82 99 14112 918 459 459 14 2 2 3
10 82 100 14112 918 459 459 14 2 2 2
10 82 102 28224 918 459 459 14 2 2 3
10 82 103 14112 918 459 459 14 2 2 3
10 82 104 14112 918 459 459 14 2 2 2
10 82 106 28224 918 459 459 14 2 2 3
10 82 107 28224 918 459 459 14 2 2 3
10 82 109 14112 918 459 459 14 2 2 2
10 82 110 28224 918 459 459 14 2 2 3
10 82 111 28224 918 459 459 14 2 2 3
10 82 112 14112 918 459 459 14 2 2 2
10 82 114 28224 918 459 459 14 2 2 3
10 82 116 28224 918 459 459 14 2 2 3
10 82 118 14112 918 459 459 14 2 2 2
10 82 120 14112 918 459 459 14 2 2 2
10 82 122 28224 918 459 459 14 2 2 3
10 82 123 14112 918 459 459 14 2 2 3
10 82 124 14112 918 459 459 14 2 2 3
10 82 125 28224 918 459 459 14 2 2 3
10 82 127 14112 918 459 459 14 2 2 2
10 82 192 3528 918 459 459 14 2 2 1
10 82 196 7056 918 459 459 14 2 2 2
10 82 197 14112 918 459 459 14 2 2 2
10 82 199 7056 918 459 459 14 2 2 2
10 82 224 7056 918 459 459 14 2 2 2
10 82 228 7056 918 459 459 14 2 2 2
10 82 232 14112 918 459 459 14 2 2 2
10 82 237 14112 918 459 459 14 2 2 2
10 82 248 7056 918 459 459 14 2 2 2
10 82 255 7056 918 459 459 14 2 2 2
10 82 256 3528 918 459 459 14 2 2 1
10 82 257 14112 918 459 459 14 2 2 2
10 82 259 7056 918 459 459 14 2 2 2
10 82 264 14112 918 459 459 14 2 2 2
10 82 265 14112 918 459 459 14 2 2 2
10 82 266 28224 918 459 459 14 2 2 3
10 82 267 28224 918 459 459 14 2 2 3
10 82 280 7056 918 459 459 14 2 2 2
10 82 281 28224 918 459 459 14 2 2 3
10 82 283 7056 918 459 459 14 2 2 2
10 82 320 7056 918 459 459 14 2 2 1
10 82 322 14112 918 459 459 14 2 2 2
10 82 323 7056 918 459 459 14 2 2 2
10 82 336 14112 918 459 459 14 2 2 2
10 82 338 14112 918 459 459 14 2 2 2
10 82 344 7056 918 459 459 14 2 2 2
10 82 347 7056 918 459 459 14 2 2 2
10 82 448 3528 918 459 459 14 2 2 1
10 83 1 14112 918 459 459 14 2 2 1
10 83 2 14112 918 459 459 14 2 2 1
10 83 3 14112 918 459 459 14 2 2 1
10 83 4 14112 918 459 459 14 2 2 1
10 83 5 14112 918 459 459 14 2 2 1
10 83 6 14112 918 459 459 14 2 2 1
10 83 7 14112 918 459 459 14 2 2 1
10 83 8 14112 918 459 459 14 2 2 1
10 83 10 28224 918 459 459 14 2 2 2
10 83 11 14112 918 459 459 14 2 2 2
10 83 12 28224 918 459 459 14 2 2 2
10 83 13 28224 918 459 459 14 2 2 2
10 83 14 28224 918 459 459 14 2 2 2
10 83 15 28224 918 459 459 14 2 2 2
10 83 17 28224 918 459 459 14 2 2 2
10 83 19 14112 918 459 459 14 2 2 2
10 83 20 28224 918 459 459 14 2 2 2
10 83 21 28224 918 459 459 14 2 2 2
10 83 22 28224 918 459 459 14 2 2 2
10 83 23 28224 918 459 459 14 2 2 2
10 83 24 7056 918 459 459 14 2 2 1
10 83 28 28224 918 459 459 14 2 2 2
10 83 29 28224 918 459 459 14 2 2 2
10 83 30 28224 918 459 459 14 2 2 2
10 83 31 28224 918 459 459 14 2 2 2
10 83 32 7056 918 459 459 14 2 2 1
10 83 33 28224 918 459 459 14 2 2 2
10 83 34 28224 918 459 459 14 2 2 2
10 83 35 28224 918 459 459 14 2 2 2
10 83 40 14112 918 459 459 14 2 2 1
10 83 42 28224 918 459 459 14 2 2 2
10 83 43 14112 918 459 459 14 2 2 2
10 83 49 28224 918 459 459 14 2 2 2
10 83 51 14112 918 459 459 14 2 2 2
10 83 56 7056 918 459 459 14 2 2 1
10 83 64 7056 918 459 459 14 2 2 1
10 83 66 14112 918 459 459 14 2 2 2
10 83 67 14112 918 459 459 14 2 2 2
10 83 68 14112 918 459 459 14 2 2 2
10 83 69 14112 918 459 459 14 2 2 2
10 83 70 14112 918 459 459 14 2 2 2
10 83 71 14112 918 459 459 14 2 2 2
10 83 80 14112 918 459 459 14 2 2 2
10 83 82 14112 918 459 459 14 2 2 2
10 83 84 28224 918 459 459 14 2 2 3
10 83 85 28224 918 459 459 14 2 2 3
10 83 86 28224 918 459 459 14 2 2 3
10 83 87 28224 918 459 459 14 2 2 3
10 83 88 7056 918 459 459 14 2 2 2
10 83 92 28224 918 459 459 14 2 2 3
10 83 93 28224 918 459 459 14 2 2 3
10 83 94 28224 918 459 459 14 2 2 3
10 83 95 28224 918 459 459 14 2 2 3
10 83 96 14112 918 459 459 14 2 2 2
10 83 98 28224 918 459 459 14 2 2 3
10 83 99 28224 918 459 459 14 2 2 3
10 83 100 14112 918 459 459 14 2 2 2
10 83 102 28224 918 459 459 14 2 2 3
10 83 104 14112 918 459 459 14 2 2 2
10 83 106 28224 918 459 459 14 2 2 3
10 83 107 14112 918 459 459 14 2 2 3
10 83 109 14112 918 459 459 14 2 2 2
10 83 111 28224 918 459 459 14 2 2 3
10 83 112 14112 918 459 459 14 2 2 2
10 83 114 28224 918 459 459 14 2 2 3
10 83 115 14112 918 459 459 14 2 2 3
10 83 116 28224 918 459 459 14 2 2 3
10 83 118 14112 918 459 459 14 2 2 2
10 83 120 14112 918 459 459 14 2 2 2
10 83 122 28224 918 459 459 14 2 2 3
10 83 125 28224 918 459 459 14 2 2 3
10 83 127 14112 918 459 459 14 2 2 2
10 83 192 3528 918 459 459 14 2 2 1
10 83 196 14112 918 459 459 14 2 2 2
10 83 197 14112 918 459 459 14 2 2 2
10 83 198 14112 918 459 459 14 2 2 2
10 83 199 14112 918 459 459 14 2 2 2
10 83 224 7056 918 459 459 14 2 2 2
10 83 232 14112 918 459 459 14 2 2 2
10 83 248 7056 918 459 459 14 2 2 2
10 83 256 3528 918 459 459 14 2 2 1
10 83 257 14112 918 459 459 14 2 2 2
10 83 258 14112 918 459 459 14 2 2 2
10 83 259 14112 918 459 459 14 2 2 2
10 83 264 14112 918 459 459 14 2 2 2
10 83 266 28224 918 459 459 14 2 2 3
10 83 267 14112 918 459 459 14 2 2 3
10 83 273 28224 918 459 459 14 2 2 3
10 83 275 14112 918 459 459 14 2 2 3
10 83 280 7056 918 459 459 14 2 2 2
10 83 320 7056 918 459 459 14 2 2 1
10 83 322 14112 918 459 459 14 2 2 2
10 83 323 14112 918 459 459 14 2 2 2
10 83 336 14112 918 459 459 14 2 2 2
10 83 338 14112 918 459 459 14 2 2 2
10 83 344 7056 918 459 459 14 2 2 2
10 83 448 3528 918 459 459 14 2 2 1
10 84 1 28224 918 459 459 14 2 3 1
10 84 3 14112 918 459 459 14 2 3 1
10 84 4 14112 918 459 459 14 2 3 1
10 84 5 28224 918 459 459 14 2 3 1
10 84 7 14112 918 459 459 14 2 3 1
10 84 8 28224 918 459 459 14 2 3 1
10 84 9 28224 918 459 459 14 2 3 1
10 84 10 28224 918 459 459 14 2 3 2
10 84 11 28224 918 459 459 14 2 3 2
10 84 12 28224 918 459 459 14 2 3 2
10 84 13 28224 918 459 459 14 2 3 2
10 84 14 28224 918 459 459 14 2 3 2
10 84 15 28224 918 459 459 14 2 3 2
10 84 16 28224 918 459 459 14 2 3 1
10 84 17 28224 918 459 459 14 2 3 2
10 84 18 28224 918 459 459 14 2 3 1
10 84 19 28224 918 459 459 14 2 3 2
10 84 20 28224 918 459 459 14 2 3 2
10 84 21 28224 918 459 459 14 2 3 2
10 84 22 28224 918 459 459 14 2 3 2
10 84 23 28224 918 459 459 14 2 3 2
10 84 24 28224 918 459 459 14 2 3 1
10 84 25 28224 918 459 459 14 2 3 2
10 84 26 28224 918 459 459 14 2 3 2
10 84 27 28224 918 459 459 14 2 3 1
10 84 28 28224 918 459 459 14 2 3 2
10 84 29 28224 918 459 459 14 2 3 2
10 84 30 28224 918 459 459 14 2 3 2
10 84 31 28224 918 459 459 14 2 3 2
10 84 32 28224 918 459 459 14 2 3 1
10 84 33 28224 918 459 459 14 2 3 2
10 84 34 28224 918 459 459 14 2 3 2
10 84 35 28224 918 459 459 14 2 3 2
10 84 36 28224 918 459 459 14 2 3 1
10 84 37 28224 918 459 459 14 2 3 2
10 84 38 28224 918 459 459 14 2 3 2
10 84 39 28224 918 459 459 14 2 3 2
10 84 40 28224 918 459 459 14 2 3 1
10 84 41 28224 918 459 459 14 2 3 2
10 84 42 28224 918 459 459 14 2 3 2
10 84 43 28224 918 459 459 14 2 3 2
10 84 44 28224 918 459 459 14 2 3 2
10 84 45 28224 918 459 459 14 2 3 1
10 84 46 28224 918 459 459 14 2 3 2
10 84 47 28224 918 459 459 14 2 3 2
10 84 48 28224 918 459 459 14 2 3 1
10 84 49 28224 918 459 459 14 2 3 2
10 84 50 28224 918 459 459 14 2 3 2
10 84 51 28224 918 459 459 14 2 3 2
10 84 52 28224 918 459 459 14 2 3 2
10 84 53 28224 918 459 459 14 2 3 2
10 84 54 28224 918 459 459 14 2 3 1
10 84 55 28224 918 459 459 14 2 3 2
10 84 56 28224 918 459 459 14 2 3 1
10 84 57 28224 918 459 459 14 2 3 2
10 84 58 28224 918 459 459 14 2 3 2
10 84 59 28224 918 459 459 14 2 3 2
10 84 60 28224 918 459 459 14 2 3 2
10 84 61 28224 918 459 459 14 2 3 2
10 84 62 28224 918 459 459 14 2 3 2
10 84 63 28224 918 459 459 14 2 3 1
10 84 72 28224 918 459 459 14 2 3 1
10 84 73 28224 918 459 459 14 2 3 1
10 84 74 28224 918 459 459 14 2 3 2
10 84 75 28224 918 459 459 14 2 3 2
10 84 76 28224 918 459 459 14 2 3 2
10 84 77 28224 918 459 459 14 2 3 2
10 84 78 28224 918 459 459 14 2 3 2
10 84 79 28224 918 459 459 14 2 3 2
10 84 80 14112 918 459 459 14 2 3 2
10 84 81 28224 918 459 459 14 2 3 2
10 84 83 14112 918 459 459 14 2 3 2
10 84 84 14112 918 459 459 14 2 3 3
10 84 85 28224 918 459 459 14 2 3 3
10 84 87 14112 918 459 459 14 2 3 3
10 84 88 28224 918 459 459 14 2 3 2
10 84 89 28224 918 459 459 14 2 3 2
10 84 90 28224 918 459 459 14 2 3 2
10 84 91 28224 918 459 459 14 2 3 2
10 84 92 28224 918 459 459 14 2 3 3
10 84 93 28224 918 459 459 14 2 3 3
10 84 94 28224 918 459 459 14 2 3 3
10 84 95 28224 918 459 459 14 2 3 3
10 84 96 28224 918 459 459 14 2 3 2
10 84 97 28224 918 459 459 14 2 3 2
10 84 98 28224 918 459 459 14 2 3 3
10 84 99 28224 918 459 459 14 2 3 3
10 84 100 28224 918 459 459 14 2 3 2
10 84 101 28224 918 459 459 14 2 3 2
10 84 102 28224 918 459 459 14 2 3 3
10 84 103 28224 918 459 459 14 2 3 3
10 84 104 28224 918 459 459 14 2 3 2
10 84 105 28224 918 459 459 14 2 3 2
10 84 106 28224 918 459 459 14 2 3 3
10 84 107 28224 918 459 459 14 2 3 3
10 84 108 28224 918 459 459 14 2 3 2
10 84 109 28224 918 459 459 14 2 3 2
10 84 110 28224 918 459 459 14 2 3 3
10 84 111 28224 918 459 459 14 2 3 3
10 84 112 28224 918 459 459 14 2 3 2
10 84 113 28224 918 459 459 14 2 3 2
10 84 114 28224 918 459 459 14 2 3 3
10 84 115 28224 918 459 459 14 2 3 3
10 84 116 28224 918 459 459 14 2 3 3
10 84 117 28224 918 459 459 14 2 3 3
10 84 118 28224 918 459 459 14 2 3 2
10 84 119 28224 918 459 459 14 2 3 2
10 84 120 28224 918 459 459 14 2 3 2
10 84 121 28224 918 459 459 14 2 3 2
10 84 122 28224 918 459 459 14 2 3 3
10 84 123 28224 918 459 459 14 2 3 3
10 84 124 28224 918 459 459 14 2 3 3
10 84 125 28224 918 459 459 14 2 3 3
10 84 126 28224 918 459 459 14 2 3 2
10 84 127 28224 918 459 459 14 2 3 2
10 84 136 14112 918 459 459 14 2 3 2
10 84 137 28224 918 459 459 14 2 3 2
10 84 139 14112 918 459 459 14 2 3 2
10 84 140 14112 918 459 459 14 2 3 3
10 84 141 28224 918 459 459 14 2 3 3
10 84 143 14112 918 459 459 14 2 3 3
10 84 152 28224 918 459 459 14 2 3 2
10 84 153 28224 918 459 459 14 2 3 2
10 84 154 28224 918 459 459 14 2 3 2
10 84 155 28224 918 459 459 14 2 3 2
10 84 156 28224 918 459 459 14 2 3 3
10 84 157 28224 918 459 459 14 2 3 3
10 84 158 28224 918 459 459 14 2 3 3
10 84 159 28224 918 459 459 14 2 3 3
10 84 160 28224 918 459 459 14 2 3 2
10 84 161 28224 918 459 459 14 2 3 3
10 84 162 28224 918 459 459 14 2 3 2
10 84 163 28224 918 459 459 14 2 3 3
10 84 164 28224 918 459 459 14 2 3 2
10 84 165 28224 918 459 459 14 2 3 3
10 84 166 28224 918 459 459 14 2 3 2
10 84 167 28224 918 459 459 14 2 3 3
10 84 168 28224 918 459 459 14 2 3 2
10 84 169 28224 918 459 459 14 2 3 3
10 84 170 28224 918 459 459 14 2 3 2
10 84 171 28224 918 459 459 14 2 3 3
10 84 172 28224 918 459 459 14 2 3 3
10 84 173 28224 918 459 459 14 2 3 2
10 84 174 28224 918 459 459 14 2 3 3
10 84 175 28224 918 459 459 14 2 3 2
10 84 176 28224 918 459 459 14 2 3 2
10 84 177 28224 918 459 459 14 2 3 3
10 84 178 28224 918 459 459 14 2 3 2
10 84 179 28224 918 459 459 14 2 3 3
10 84 180 28224 918 459 459 14 2 3 2
10 84 181 28224 918 459 459 14 2 3 3
10 84 182 28224 918 459 459 14 2 3 2
10 84 183 28224 918 459 459 14 2 3 3
10 84 184 28224 918 459 459 14 2 3 2
10 84 185 28224 918 459 459 14 2 3 3
10 84 186 28224 918 459 459 14 2 3 2
10 84 187 28224 918 459 459 14 2 3 3
10 84 188 28224 918 459 459 14 2 3 3
10 84 189 28224 918 459 459 14 2 3 2
10 84 190 28224 918 459 459 14 2 3 3
10 84 191 28224 918 459 459 14 2 3 2
10 84 216 14112 918 459 459 14 2 3 1
10 84 217 28224 918 459 459 14 2 3 2
10 84 219 14112 918 459 459 14 2 3 1
10 84 220 14112 918 459 459 14 2 3 2
10 84 221 28224 918 459 459 14 2 3 2
10 84 223 14112 918 459 459 14 2 3 2
10 84 224 28224 918 459 459 14 2 3 2
10 84 225 28224 918 459 459 14 2 3 3
10 84 226 28224 918 459 459 14 2 3 3
10 84 227 28224 918 459 459 14 2 3 2
10 84 228 28224 918 459 459 14 2 3 2
10 84 229 28224 918 459 459 14 2 3 3
10 84 230 28224 918 459 459 14 2 3 3
10 84 231 28224 918 459 459 14 2 3 2
10 84 232 28224 918 459 459 14 2 3 2
10 84 233 28224 918 459 459 14 2 3 3
10 84 234 28224 918 459 459 14 2 3 3
10 84 235 28224 918 459 459 14 2 3 2
10 84 236 28224 918 459 459 14 2 3 3
10 84 237 28224 918 459 459 14 2 3 2
10 84 238 28224 918 459 459 14 2 3 2
10 84 239 28224 918 459 459 14 2 3 3
10 84 240 28224 918 459 459 14 2 3 2
10 84 241 28224 918 459 459 14 2 3 3
10 84 242 28224 918 459 459 14 2 3 3
10 84 243 28224 918 459 459 14 2 3 2
10 84 244 28224 918 459 459 14 2 3 3
10 84 245 28224 918 459 459 14 2 3 2
10 84 246 28224 918 459 459 14 2 3 2
10 84 247 28224 918 459 459 14 2 3 3
10 84 248 28224 918 459 459 14 2 3 2
10 84 249 28224 918 459 459 14 2 3 3
10 84 250 28224 918 459 459 14 2 3 3
10 84 251 28224 918 459 459 14 2 3 2
10 84 252 28224 918 459 459 14 2 3 2
10 84 253 28224 918 459 459 14 2 3 3
10 84 254 28224 918 459 459 14 2 3 3
10 84 255 28224 918 459 459 14 2 3 2
10 84 288 14112 918 459 459 14 2 3 1
10 84 289 28224 918 459 459 14 2 3 2
10 84 291 14112 918 459 459 14 2 3 2
10 84 292 14112 918 459 459 14 2 3 1
10 84 293 28224 918 459 459 14 2 3 2
10 84 295 14112 918 459 459 14 2 3 2
10 84 296 28224 918 459 459 14 2 3 2
10 84 297 28224 918 459 459 14 2 3 2
10 84 298 28224 918 459 459 14 2 3 3
10 84 299 28224 918 459 459 14 2 3 3
10 84 300 28224 918 459 459 14 2 3 2
10 84 301 28224 918 459 459 14 2 3 2
10 84 302 28224 918 459 459 14 2 3 3
10 84 303 28224 918 459 459 14 2 3 3
10 84 304 28224 918 459 459 14 2 3 2
10 84 305 28224 918 459 459 14 2 3 3
10 84 306 28224 918 459 459 14 2 3 2
10 84 307 28224 918 459 459 14 2 3 3
10 84 308 28224 918 459 459 14 2 3 2
10 84 309 28224 918 459 459 14 2 3 3
10 84 310 28224 918 459 459 14 2 3 2
10 84 311 28224 918 459 459 14 2 3 3
10 84 312 28224 918 459 459 14 2 3 2
10 84 313 28224 918 459 459 14 2 3 3
10 84 314 28224 918 459 459 14 2 3 3
10 84 315 28224 918 459 459 14 2 3 2
10 84 316 28224 918 459 459 14 2 3 2
10 84 317 28224 918 459 459 14 2 3 3
10 84 318 28224 918 459 459 14 2 3 3
10 84 319 28224 918 459 459 14 2 3 2
10 84 360 28224 918 459 459 14 2 3 1
10 84 361 28224 918 459 459 14 2 3 2
10 84 362 28224 918 459 459 14 2 3 2
10 84 363 28224 918 459 459 14 2 3 2
10 84 364 28224 918 459 459 14 2 3 2
10 84 365 28224 918 459 459 14 2 3 1
10 84 366 28224 918 459 459 14 2 3 2
10 84 367 28224 918 459 459 14 2 3 2
10 84 368 14112 918 459 459 14 2 3 2
10 84 369 28224 918 459 459 14 2 3 3
10 84 371 14112 918 459 459 14 2 3 2
10 84 372 14112 918 459 459 14 2 3 3
10 84 373 28224 918 459 459 14 2 3 2
10 84 375 14112 918 459 459 14 2 3 3
10 84 376 28224 918 459 459 14 2 3 2
10 84 377 28224 918 459 459 14 2 3 3
10 84 378 28224 918 459 459 14 2 3 2
10 84 379 28224 918 459 459 14 2 3 3
10 84 380 28224 918 459 459 14 2 3 3
10 84 381 28224 918 459 459 14 2 3 2
10 84 382 28224 918 459 459 14 2 3 3
10 84 383 28224 918 459 459 14 2 3 2
10 84 424 14112 918 459 459 14 2 3 2
10 84 425 28224 918 459 459 14 2 3 3
10 84 427 14112 918 459 459 14 2 3 2
10 84 428 14112 918 459 459 14 2 3 3
10 84 429 28224 918 459 459 14 2 3 2
10 84 431 14112 918 459 459 14 2 3 3
10 84 440 28224 918 459 459 14 2 3 2
10 84 441 28224 918 459 459 14 2 3 2
10 84 442 28224 918 459 459 14 2 3 3
10 84 443 28224 918 459 459 14 2 3 3
10 84 444 28224 918 459 459 14 2 3 3
10 84 445 28224 918 459 459 14 2 3 3
10 84 446 28224 918 459 459 14 2 3 2
10 84 447 28224 918 459 459 14 2 3 2
10 84 504 14112 918 459 459 14 2 3 1
10 84 505 28224 918 459 459 14 2 3 2
10 84 507 14112 918 459 459 14 2 3 2
10 84 508 14112 918 459 459 14 2 3 2
10 84 509 28224 918 459 459 14 2 3 2
10 84 511 14112 918 459 459 14 2 3 1
11 1 1 4704 918 459 459 14 2 1 1
11 1 2 4704 918 459 459 14 2 1 1
11 1 3 4704 918 459 459 14 2 1 1
11 1 4 4704 918 459 459 14 2 1 1
11 1 5 4704 918 459 459 14 2 1 1
11 1 6 4704 918 459 459 14 2 1 1
11 1 7 4704 918 459 459 14 2 1 1
11 1 8 3528 918 459 459 14 2 1 1
11 1 10 14112 918 459 459 14 2 1 2
11 1 11 14112 918 459 459 14 2 1 2
11 1 12 14112 918 459 459 14 2 1 2
11 1 13 14112 918 459 459 14 2 1 2
11 1 14 14112 918 459 459 14 2 1 2
11 1 15 14112 918 459 459 14 2 1 2
11 1 16 3528 918 459 459 14 2 1 1
11 1 17 14112 918 459 459 14 2 1 2
11 1 20 14112 918 459 459 14 2 1 2
11 1 21 14112 918 459 459 14 2 1 2
11 1 22 14112 918 459 459 14 2 1 2
11 1 23 14112 918 459 459 14 2 1 2
11 1 24 3528 918 459 459 14 2 1 1
11 1 28 14112 918 459 459 14 2 1 2
11 1 29 14112 918 459 459 14 2 1 2
11 1 30 14112 918 459 459 14 2 1 2
11 1 31 14112 918 459 459 14 2 1 2
11 1 32 3528 918 459 459 14 2 1 1
11 1 33 14112 918 459 459 14 2 1 2
11 1 34 14112 918 459 459 14 2 1 2
11 1 35 14112 918 459 459 14 2 1 2
11 1 40 3528 918 459 459 14 2 1 1
11 1 42 14112 918 459 459 14 2 1 2
11 1 43 14112 918 459 459 14 2 1 2
11 1 48 3528 918 459 459 14 2 1 1
11 1 49 14112 918 459 459 14 2 1 2
11 1 56 3528 918 459 459 14 2 1 1
11 1 80 7056 918 459 459 14 2 1 2
11 1 84 28224 918 459 459 14 2 1 3
11 1 85 28224 918 459 459 14 2 1 3
11 1 86 28224 918 459 459 14 2 1 3
11 1 87 28224 918 459 459 14 2 1 3
11 1 96 7056 918 459 459 14 2 1 2
11 1 98 28224 918 459 459 14 2 1 3
11 1 99 28224 918 459 459 14 2 1 3
11 1 112 7056 918 459 459 14 2 1 2
11 1 160 7056 918 459 459 14 2 1 2
11 1 161 28224 918 459 459 14 2 1 3
11 1 168 7056 918 459 459 14 2 1 2
11 1 224 7056 918 459 459 14 2 1 2
11 1 232 7056 918 459 459 14 2 1 2
11 10 1 14112 918 459 459 14 2 2 1
11 10 2 14112 918 459 459 14 2 2 1
11 10 3 14112 918 459 459 14 2 2 1
11 10 4 14112 918 459 459 14 2 2 1
11 10 5 14112 918 459 459 14 2 2 1
11 10 6 14112 918 459 459 14 2 2 1
11 10 7 14112 918 459 459 14 2 2 1
11 10 10 9408 918 459 459 14 2 2 2
11 10 11 28224 918 459 459 14 2 2 2
11 10 12 28224 918 459 459 14 2 2 2
11 10 13 28224 918 459 459 14 2 2 2
11 10 14 28224 918 459 459 14 2 2 2
11 10 15 28224 918 459 459 14 2 2 2
11 10 19 9408 918 459 459 14 2 2 2
11 10 20 28224 918 459 459 14 2 2 2
11 10 21 28224 918 459 459 14 2 2 2
11 10 22 28224 918 459 459 14 2 2 2
11 10 23 28224 918 459 459 14 2 2 2
11 10 25 9408 918 459 459 14 2 2 2
11 10 28 28224 918 459 459 14 2 2 2
11 10 29 28224 918 459 459 14 2 2 2
11 10 30 28224 918 459 459 14 2 2 2
11 10 31 28224 918 459 459 14 2 2 2
11 10 64 7056 918 459 459 14 2 2 1
11 10 66 14112 918 459 459 14 2 2 2
11 10 67 14112 918 459 459 14 2 2 2
11 10 68 14112 918 459 459 14 2 2 2
11 10 69 14112 918 459 459 14 2 2 2
11 10 70 14112 918 459 459 14 2 2 2
11 10 71 14112 918 459 459 14 2 2 2
11 10 80 14112 918 459 459 14 2 2 2
11 10 84 28224 918 459 459 14 2 2 3
11 10 85 28224 918 459 459 14 2 2 3
11 10 86 28224 918 459 459 14 2 2 3
11 10 87 28224 918 459 459 14 2 2 3
11 10 92 28224 918 459 459 14 2 2 3
11 10 93 28224 918 459 459 14 2 2 3
11 10 94 28224 918 459 459 14 2 2 3
11 10 95 28224 918 459 459 14 2 2 3
11 10 96 14112 918 459 459 14 2 2 2
11 10 98 28224 918 459 459 14 2 2 3
11 10 100 14112 918 459 459 14 2 2 2
11 10 103 28224 918 459 459 14 2 2 3
11 10 104 14112 918 459 459 14 2 2 2
11 10 106 28224 918 459 459 14 2 2 3
11 10 109 14112 918 459 459 14 2 2 2
11 10 112 14112 918 459 459 14 2 2 2
11 10 117 28224 918 459 459 14 2 2 3
11 10 118 14112 918 459 459 14 2 2 2
11 10 120 14112 918 459 459 14 2 2 2
11 10 127 14112 918 459 459 14 2 2 2
11 10 256 2352 918 459 459 14 2 2 1
11 10 257 14112 918 459 459 14 2 2 2
11 10 258 14112 918 459 459 14 2 2 2
11 10 259 14112 918 459 459 14 2 2 2
11 10 266 9408 918 459 459 14 2 2 3
11 10 267 28224 918 459 459 14 2 2 3
11 10 275 9408 918 459 459 14 2 2 3
11 10 281 9408 918 459 459 14 2 2 3
11 10 320 7056 918 459 459 14 2 2 1
11 10 322 14112 918 459 459 14 2 2 2
11 10 323 14112 918 459 459 14 2 2 2
11 10 336 14112 918 459 459 14 2 2 2
11 64 1 4704 918 459 459 14 2 1 1
11 64 4 1568 918 459 459 14 2 1 1
11 64 5 4704 918 459 459 14 2 1 1
11 64 8 3528 918 459 459 14 2 1 1
11 64 10 14112 918 459 459 14 2 1 2
11 64 12 14112 918 459 459 14 2 1 2
11 64 13 14112 918 459 459 14 2 1 2
11 64 14 14112 918 459 459 14 2 1 2
11 64 15 14112 918 459 459 14 2 1 2
11 64 32 1176 918 459 459 14 2 1 1
11 64 33 14112 918 459 459 14 2 1 2
11 64 40 3528 918 459 459 14 2 1 1
11 64 42 14112 918 459 459 14 2 1 2
11 64 80 2352 918 459 459 14 2 1 2
11 64 84 9408 918 459 459 14 2 1 3
11 64 85 28224 918 459 459 14 2 1 3
11 64 96 7056 918 459 459 14 2 1 2
11 64 98 28224 918 459 459 14 2 1 3
11 64 112 7056 918 459 459 14 2 1 2
11 65 1 4704 918 459 459 14 2 1 1
11 65 2 4704 918 459 459 14 2 1 1
11 65 3 4704 918 459 459 14 2 1 1
11 65 4 4704 918 459 459 14 2 1 1
11 65 5 4704 918 459 459 14 2 1 1
11 65 6 4704 918 459 459 14 2 1 1
11 65 7 4704 918 459 459 14 2 1 1
11 65 8 3528 918 459 459 14 2 1 1
11 65 10 14112 918 459 459 14 2 1 2
11 65 11 14112 918 459 459 14 2 1 2
11 65 12 14112 918 459 459 14 2 1 2
11 65 13 14112 918 459 459 14 2 1 2
11 65 14 14112 918 459 459 14 2 1 2
11 65 15 14112 918 459 459 14 2 1 2
11 65 16 3528 918 459 459 14 2 1 1
11 65 17 14112 918 459 459 14 2 1 2
11 65 20 14112 918 459 459 14 2 1 2
11 65 21 14112 918 459 459 14 2 1 2
11 65 22 14112 918 459 459 14 2 1 2
11 65 23 14112 918 459 459 14 2 1 2
11 65 24 3528 918 459 459 14 2 1 1
11 65 28 14112 918 459 459 14 2 1 2
11 65 29 14112 918 459 459 14 2 1 2
11 65 30 14112 918 459 459 14 2 1 2
11 65 31 14112 918 459 459 14 2 1 2
11 65 32 3528 918 459 459 14 2 1 1
11 65 33 14112 918 459 459 14 2 1 2
11 65 34 14112 918 459 459 14 2 1 2
11 65 35 14112 918 459 459 14 2 1 2
11 65 40 3528 918 459 459 14 2 1 1
11 65 42 14112 918 459 459 14 2 1 2
11 65 43 14112 918 459 459 14 2 1 2
11 65 48 3528 918 459 459 14 2 1 1
11 65 49 14112 918 459 459 14 2 1 2
11 65 56 3528 918 459 459 14 2 1 1
11 65 80 7056 918 459 459 14 2 1 2
11 65 84 28224 918 459 459 14 2 1 3
11 65 85 28224 918 459 459 14 2 1 3
11 65 86 28224 918 459 459 14 2 1 3
11 65 87 28224 918 459 459 14 2 1 3
11 65 96 7056 918 459 459 14 2 1 2
11 65 98 28224 918 459 459 14 2 1 3
11 65 99 28224 918 459 459 14 2 1 3
11 65 112 7056 918 459 459 14 2 1 2
11 65 160 7056 918 459 459 14 2 1 2
11 65 161 28224 918 459 459 14 2 1 3
11 65 168 7056 918 459 459 14 2 1 2
11 65 224 7056 918 459 459 14 2 1 2
11 65 232 7056 918 459 459 14 2 1 2
11 66 1 14112 918 459 459 14 2 2 1
11 66 2 14112 918 459 459 14 2 2 1
11 66 3 14112 918 459 459 14 2 2 1
11 66 4 14112 918 459 459 14 2 2 1
11 66 5 14112 918 459 459 14 2 2 1
11 66 6 14112 918 459 459 14 2 2 1
11 66 7 14112 918 459 459 14 2 2 1
11 66 8 14112 918 459 459 14 2 2 1
11 66 9 14112 918 459 459 14 2 2 1
11 66 10 28224 918 459 459 14 2 2 2
11 66 11 28224 918 459 459 14 2 2 2
11 66 12 28224 918 459 459 14 2 2 2
11 66 13 28224 918 459 459 14 2 2 2
11 66 14 28224 918 459 459 14 2 2 2
11 66 15 28224 918 459 459 14 2 2 2
11 66 16 14112 918 459 459 14 2 2 1
11 66 17 28224 918 459 459 14 2 2 2
11 66 18 14112 918 459 459 14 2 2 1
11 66 19 28224 918 459 459 14 2 2 2
11 66 20 28224 918 459 459 14 2 2 2
11 66 21 28224 918 459 459 14 2 2 2
11 66 22 28224 918 459 459 14 2 2 2
11 66 23 28224 918 459 459 14 2 2 2
11 66 24 14112 918 459 459 14 2 2 1
11 66 25 28224 918 459 459 14 2 2 2
11 66 26 28224 918 459 459 14 2 2 2
11 66 27 14112 918 459 459 14 2 2 1
11 66 28 28224 918 459 459 14 2 2 2
11 66 29 28224 918 459 459 14 2 2 2
11 66 30 28224 918 459 459 14 2 2 2
11 66 31 28224 918 459 459 14 2 2 2
11 66 32 14112 918 459 459 14 2 2 1
11 66 33 28224 918 459 459 14 2 2 2
11 66 34 28224 918 459 459 14 2 2 2
11 66 35 28224 918 459 459 14 2 2 2
11 66 36 14112 918 459 459 14 2 2 1
11 66 37 28224 918 459 459 14 2 2 2
11 66 38 28224 918 459 459 14 2 2 2
11 66 39 28224 918 459 459 14 2 2 2
11 66 40 14112 918 459 459 14 2 2 1
11 66 41 28224 918 459 459 14 2 2 2
11 66 42 28224 918 459 459 14 2 2 2
11 66 43 28224 918 459 459 14 2 2 2
11 66 44 28224 918 459 459 14 2 2 2
11 66 45 14112 918 459 459 14 2 2 1
11 66 46 28224 918 459 459 14 2 2 2
11 66 47 28224 918 459 459 14 2 2 2
11 66 48 14112 918 459 459 14 2 2 1
11 66 49 28224 918 459 459 14 2 2 2
11 66 50 28224 918 459 459 14 2 2 2
11 66 51 28224 918 459 459 14 2 2 2
11 66 52 28224 918 459 459 14 2 2 2
11 66 53 28224 918 459 459 14 2 2 2
11 66 54 14112 918 459 459 14 2 2 1
11 66 55 28224 918 459 459 14 2 2 2
11 66 56 14112 918 459 459 14 2 2 1
11 66 57 28224 918 459 459 14 2 2 2
11 66 58 28224 918 459 459 14 2 2 2
11 66 59 28224 918 459 459 14 2 2 2
11 66 60 28224 918 459 459 14 2 2 2
11 66 61 28224 918 459 459 14 2 2 2
11 66 62 28224 918 459 459 14 2 2 2
11 66 63 14112 918 459 459 14 2 2 1
11 66 64 7056 918 459 459 14 2 2 1
11 66 66 14112 918 459 459 14 2 2 2
11 66 67 14112 918 459 459 14 2 2 2
11 66 68 14112 918 459 459 14 2 2 2
11 66 69 14112 918 459 459 14 2 2 2
11 66 70 14112 918 459 459 14 2 2 2
11 66 71 14112 918 459 459 14 2 2 2
11 66 80 14112 918 459 459 14 2 2 2
11 66 82 14112 918 459 459 14 2 2 2
11 66 84 28224 918 459 459 14 2 2 3
11 66 85 28224 918 459 459 14 2 2 3
11 66 86 28224 918 459 459 14 2 2 3
11 66 87 28224 918 459 459 14 2 2 3
11 66 88 14112 918 459 459 14 2 2 2
11 66 91 14112 918 459 459 14 2 2 2
11 66 92 28224 918 459 459 14 2 2 3
11 66 93 28224 918 459 459 14 2 2 3
11 66 94 28224 918 459 459 14 2 2 3
11 66 95 28224 918 459 459 14 2 2 3
11 66 96 14112 918 459 459 14 2 2 2
11 66 98 28224 918 459 459 14 2 2 3
11 66 99 28224 918 459 459 14 2 2 3
11 66 100 14112 918 459 459 14 2 2 2
11 66 102 28224 918 459 459 14 2 2 3
11 66 103 28224 918 459 459 14 2 2 3
11 66 104 14112 918 459 459 14 2 2 2
11 66 106 28224 918 459 459 14 2 2 3
11 66 107 28224 918 459 459 14 2 2 3
11 66 109 14112 918 459 459 14 2 2 2
11 66 110 28224 918 459 459 14 2 2 3
11 66 111 28224 918 459 459 14 2 2 3
11 66 112 14112 918 459 459 14 2 2 2
11 66 114 28224 918 459 459 14 2 2 3
11 66 115 28224 918 459 459 14 2 2 3
11 66 116 28224 918 459 459 14 2 2 3
11 66 117 28224 918 459 459 14 2 2 3
11 66 118 14112 918 459 459 14 2 2 2
11 66 120 14112 918 459 459 14 2 2 2
11 66 122 28224 918 459 459 14 2 2 3
11 66 123 28224 918 459 459 14 2 2 3
11 66 124 28224 918 459 459 14 2 2 3
11 66 125 28224 918 459 459 14 2 2 3
11 66 127 14112 918 459 459 14 2 2 2
11 66 128 7056 918 459 459 14 2 2 1
11 66 129 14112 918 459 459 14 2 2 2
11 66 132 14112 918 459 459 14 2 2 2
11 66 133 14112 918 459 459 14 2 2 2
11 66 134 14112 918 459 459 14 2 2 2
11 66 135 14112 918 459 459 14 2 2 2
11 66 136 14112 918 459 459 14 2 2 2
11 66 137 14112 918 459 459 14 2 2 2
11 66 140 28224 918 459 459 14 2 2 3
11 66 141 28224 918 459 459 14 2 2 3
11 66 142 28224 918 459 459 14 2 2 3
11 66 143 28224 918 459 459 14 2 2 3
11 66 160 14112 918 459 459 14 2 2 2
11 66 161 28224 918 459 459 14 2 2 3
11 66 164 14112 918 459 459 14 2 2 2
11 66 165 28224 918 459 459 14 2 2 3
11 66 168 14112 918 459 459 14 2 2 2
11 66 169 28224 918 459 459 14 2 2 3
11 66 172 28224 918 459 459 14 2 2 3
11 66 173 14112 918 459 459 14 2 2 2
11 66 176 14112 918 459 459 14 2 2 2
11 66 177 28224 918 459 459 14 2 2 3
11 66 182 14112 918 459 459 14 2 2 2
11 66 183 28224 918 459 459 14 2 2 3
11 66 184 14112 918 459 459 14 2 2 2
11 66 185 28224 918 459 459 14 2 2 3
11 66 190 28224 918 459 459 14 2 2 3
11 66 191 14112 918 459 459 14 2 2 2
11 66 192 7056 918 459 459 14 2 2 1
11 66 196 14112 918 459 459 14 2 2 2
11 66 197 14112 918 459 459 14 2 2 2
11 66 198 14112 918 459 459 14 2 2 2
11 66 199 14112 918 459 459 14 2 2 2
11 66 224 14112 918 459 459 14 2 2 2
11 66 228 14112 918 459 459 14 2 2 2
11 66 232 14112 918 459 459 14 2 2 2
11 66 237 14112 918 459 459 14 2 2 2
11 66 240 14112 918 459 459 14 2 2 2
11 66 246 14112 918 459 459 14 2 2 2
11 66 248 14112 918 459 459 14 2 2 2
11 66 255 14112 918 459 459 14 2 2 2
11 66 256 7056 918 459 459 14 2 2 1
11 66 257 14112 918 459 459 14 2 2 2
11 66 258 14112 918 459 459 14 2 2 2
11 66 259 14112 918 459 459 14 2 2 2
11 66 264 14112 918 459 459 14 2 2 2
11 66 265 14112 918 459 459 14 2 2 2
11 66 266 28224 918 459 459 14 2 2 3
11 66 267 28224 918 459 459 14 2 2 3
11 66 272 14112 918 459 459 14 2 2 2
11 66 273 28224 918 459 459 14 2 2 3
11 66 274 14112 918 459 459 14 2 2 2
11 66 275 28224 918 459 459 14 2 2 3
11 66 280 14112 918 459 459 14 2 2 2
11 66 281 28224 918 459 459 14 2 2 3
11 66 282 28224 918 459 459 14 2 2 3
11 66 283 14112 918 459 459 14 2 2 2
11 66 320 7056 918 459 459 14 2 2 1
11 66 322 14112 918 459 459 14 2 2 2
11 66 323 14112 918 459 459 14 2 2 2
11 66 336 14112 918 459 459 14 2 2 2
11 66 338 14112 918 459 459 14 2 2 2
11 66 344 14112 918 459 459 14 2 2 2
11 66 347 14112 918 459 459 14 2 2 2
11 66 384 7056 918 459 459 14 2 2 1
11 66 385 14112 918 459 459 14 2 2 2
11 66 392 14112 918 459 459 14 2 2 2
11 66 393 14112 918 459 459 14 2 2 2
11 66 448 7056 918 459 459 14 2 2 1
11 74 1 14112 918 459 459 14 2 2 1
11 74 2 14112 918 459 459 14 2 2 1
11 74 3 14112 918 459 459 14 2 2 1
11 74 4 14112 918 459 459 14 2 2 1
11 74 5 14112 918 459 459 14 2 2 1
11 74 6 14112 918 459 459 14 2 2 1
11 74 7 14112 918 459 459 14 2 2 1
11 74 8 14112 918 459 459 14 2 2 1
11 74 9 14112 918 459 459 14 2 2 1
11 74 10 28224 918 459 459 14 2 2 2
11 74 11 28224 918 459 459 14 2 2 2
11 74 12 28224 918 459 459 14 2 2 2
11 74 13 28224 918 459 459 14 2 2 2
11 74 14 28224 918 459 459 14 2 2 2
11 74 15 28224 918 459 459 14 2 2 2
11 74 16 14112 918 459 459 14 2 2 1
11 74 17 28224 918 459 459 14 2 2 2
11 74 18 14112 918 459 459 14 2 2 1
11 74 19 28224 918 459 459 14 2 2 2
11 74 20 28224 918 459 459 14 2 2 2
11 74 21 28224 918 459 459 14 2 2 2
11 74 22 28224 918 459 459 14 2 2 2
11 74 23 28224 918 459 459 14 2 2 2
11 74 24 14112 918 459 459 14 2 2 1
11 74 25 28224 918 459 459 14 2 2 2
11 74 26 28224 918 459 459 14 2 2 2
11 74 27 14112 918 459 459 14 2 2 1
11 74 28 28224 918 459 459 14 2 2 2
11 74 29 28224 918 459 459 14 2 2 2
11 74 30 28224 918 459 459 14 2 2 2
11 74 31 28224 918 459 459 14 2 2 2
11 74 32 14112 918 459 459 14 2 2 1
11 74 33 28224 918 459 459 14 2 2 2
11 74 34 28224 918 459 459 14 2 2 2
11 74 35 28224 918 459 459 14 2 2 2
11 74 36 14112 918 459 459 14 2 2 1
11 74 37 28224 918 459 459 14 2 2 2
11 74 38 28224 918 459 459 14 2 2 2
11 74 39 28224 918 459 459 14 2 2 2
11 74 40 14112 918 459 459 14 2 2 1
11 74 41 28224 918 459 459 14 2 2 2
11 74 42 28224 918 459 459 14 2 2 2
11 74 43 28224 918 459 459 14 2 2 2
11 74 44 28224 918 459 459 14 2 2 2
11 74 45 14112 918 459 459 14 2 2 1
11 74 46 28224 918 459 459 14 2 2 2
11 74 47 28224 918 459 459 14 2 2 2
11 74 48 14112 918 459 459 14 2 2 1
11 74 49 28224 918 459 459 14 2 2 2
11 74 50 28224 918 459 459 14 2 2 2
11 74 51 28224 918 459 459 14 2 2 2
11 74 52 28224 918 459 459 14 2 2 2
11 74 53 28224 918 459 459 14 2 2 2
11 74 54 14112 918 459 459 14 2 2 1
11 74 55 28224 918 459 459 14 2 2 2
11 74 56 14112 918 459 459 14 2 2 1
11 74 57 28224 918 459 459 14 2 2 2
11 74 58 28224 918 459 459 14 2 2 2
11 74 59 28224 918 459 459 14 2 2 2
11 74 60 28224 918 459 459 14 2 2 2
11 74 61 28224 918 459 459 14 2 2 2
11 74 62 28224 918 459 459 14 2 2 2
11 74 63 14112 918 459 459 14 2 2 1
11 74 64 7056 918 459 459 14 2 2 1
11 74 66 14112 918 459 459 14 2 2 2
11 74 67 14112 918 459 459 14 2 2 2
11 74 68 14112 918 459 459 14 2 2 2
11 74 69 14112 918 459 459 14 2 2 2
11 74 70 14112 918 459 459 14 2 2 2
11 74 71 14112 918 459 459 14 2 2 2
11 74 80 14112 918 459 459 14 2 2 2
11 74 82 14112 918 459 459 14 2 2 2
11 74 84 28224 918 459 459 14 2 2 3
11 74 85 28224 918 459 459 14 2 2 3
11 74 86 28224 918 459 459 14 2 2 3
11 74 87 28224 918 459 459 14 2 2 3
11 74 88 14112 918 459 459 14 2 2 2
11 74 91 14112 918 459 459 14 2 2 2
11 74 92 28224 918 459 459 14 2 2 3
11 74 93 28224 918 459 459 14 2 2 3
11 74 94 28224 918 459 459 14 2 2 3
11 74 95 28224 918 459 459 14 2 2 3
11 74 96 14112 918 459 459 14 2 2 2
11 74 98 28224 918 459 459 14 2 2 3
11 74 99 28224 918 459 459 14 2 2 3
11 74 100 14112 918 459 459 14 2 2 2
11 74 102 28224 918 459 459 14 2 2 3
11 74 103 28224 918 459 459 14 2 2 3
11 74 104 14112 918 459 459 14 2 2 2
11 74 106 28224 918 459 459 14 2 2 3
11 74 107 28224 918 459 459 14 2 2 3
11 74 109 14112 918 459 459 14 2 2 2
11 74 110 28224 918 459 459 14 2 2 3
11 74 111 28224 918 459 459 14 2 2 3
11 74 112 14112 918 459 459 14 2 2 2
11 74 114 28224 918 459 459 14 2 2 3
11 74 115 28224 918 459 459 14 2 2 3
11 74 116 28224 918 459 459 14 2 2 3
11 74 117 28224 918 459 459 14 2 2 3
11 74 118 14112 918 459 459 14 2 2 2
11 74 120 14112 918 459 459 14 2 2 2
11 74 122 28224 918 459 459 14 2 2 3
11 74 123 28224 918 459 459 14 2 2 3
11 74 124 28224 918 459 459 14 2 2 3
11 74 125 28224 918 459 459 14 2 2 3
11 74 127 14112 918 459 459 14 2 2 2
11 74 128 7056 918 459 459 14 2 2 1
11 74 129 14112 918 459 459 14 2 2 2
11 74 132 14112 918 459 459 14 2 2 2
11 74 133 14112 918 459 459 14 2 2 2
11 74 134 14112 918 459 459 14 2 2 2
11 74 135 14112 918 459 459 14 2 2 2
11 74 136 14112 918 459 459 14 2 2 2
11 74 137 14112 918 459 459 14 2 2 2
11 74 140 28224 918 459 459 14 2 2 3
11 74 141 28224 918 459 459 14 2 2 3
11 74 142 28224 918 459 459 14 2 2 3
11 74 143 28224 918 459 459 14 2 2 3
11 74 160 14112 918 459 459 14 2 2 2
11 74 161 28224 918 459 459 14 2 2 3
11 74 164 14112 918 459 459 14 2 2 2
11 74 165 28224 918 459 459 14 2 2 3
11 74 168 14112 918 459 459 14 2 2 2
11 74 169 28224 918 459 459 14 2 2 3
11 74 172 28224 918 459 459 14 2 2 3
11 74 173 14112 918 459 459 14 2 2 2
11 74 176 14112 918 459 459 14 2 2 2
11 74 177 28224 918 459 459 14 2 2 3
11 74 182 14112 918 459 459 14 2 2 2
11 74 183 28224 918 459 459 14 2 2 3
11 74 184 14112 918 459 459 14 2 2 2
11 74 185 28224 918 459 459 14 2 2 3
11 74 190 28224 918 459 459 14 2 2 3
11 74 191 14112 918 459 459 14 2 2 2
11 74 192 7056 918 459 459 14 2 2 1
11 74 196 14112 918 459 459 14 2 2 2
11 74 197 14112 918 459 459 14 2 2 2
11 74 198 14112 918 459 459 14 2 2 2
11 74 199 14112 918 459 459 14 2 2 2
11 74 224 14112 918 459 459 14 2 2 2
11 74 228 14112 918 459 459 14 2 2 2
11 74 232 14112 918 459 459 14 2 2 2
11 74 237 14112 918 459 459 14 2 2 2
11 74 240 14112 918 459 459 14 2 2 2
11 74 246 14112 918 459 459 14 2 2 2
11 74 248 14112 918 459 459 14 2 2 2
11 74 255 14112 918 459 459 14 2 2 2
11 74 256 7056 918 459 459 14 2 2 1
11 74 257 14112 918 459 459 14 2 2 2
11 74 258 14112 918 459 459 14 2 2 2
11 74 259 14112 918 459 459 14 2 2 2
11 74 264 14112 918 459 459 14 2 2 2
11 74 265 14112 918 459 459 14 2 2 2
11 74 266 28224 918 459 459 14 2 2 3
11 74 267 28224 918 459 459 14 2 2 3
11 74 272 14112 918 459 459 14 2 2 2
11 74 273 28224 918 459 459 14 2 2 3
11 74 274 14112 918 459 459 14 2 2 2
11 74 275 28224 918 459 459 14 2 2 3
11 74 280 14112 918 459 459 14 2 2 2
11 74 281 28224 918 459 459 14 2 2 3
11 74 282 28224 918 459 459 14 2 2 3
11 74 283 14112 918 459 459 14 2 2 2
11 74 320 7056 918 459 459 14 2 2 1
11 74 322 14112 918 459 459 14 2 2 2
11 74 323 14112 918 459 459 14 2 2 2
11 74 336 14112 918 459 459 14 2 2 2
11 74 338 14112 918 459 459 14 2 2 2
11 74 344 14112 918 459 459 14 2 2 2
11 74 347 14112 918 459 459 14 2 2 2
11 74 384 7056 918 459 459 14 2 2 1
11 74 385 14112 918 459 459 14 2 2 2
11 74 392 14112 918 459 459 14 2 2 2
11 74 393 14112 918 459 459 14 2 2 2
11 74 448 7056 918 459 459 14 2 2 1
11 84 1 28224 918 459 459 14 2 3 1
11 84 4 9408 918 459 459 14 2 3 1
11 84 5 28224 918 459 459 14 2 3 1
11 84 8 28224 918 459 459 14 2 3 1
11 84 9 28224 918 459 459 14 2 3 1
11 84 10 28224 918 459 459 14 2 3 2
11 84 11 28224 918 459 459 14 2 3 2
11 84 12 28224 918 459 459 14 2 3 2
11 84 13 28224 918 459 459 14 2 3 2
11 84 14 28224 918 459 459 14 2 3 2
11 84 15 28224 918 459 459 14 2 3 2
11 84 16 28224 918 459 459 14 2 3 1
11 84 17 28224 918 459 459 14 2 3 2
11 84 18 28224 918 459 459 14 2 3 1
11 84 19 28224 918 459 459 14 2 3 2
11 84 20 28224 918 459 459 14 2 3 2
11 84 21 28224 918 459 459 14 2 3 2
11 84 22 28224 918 459 459 14 2 3 2
11 84 23 28224 918 459 459 14 2 3 2
11 84 24 28224 918 459 459 14 2 3 1
11 84 25 28224 918 459 459 14 2 3 2
11 84 26 28224 918 459 459 14 2 3 2
11 84 27 28224 918 459 459 14 2 3 1
11 84 28 28224 918 459 459 14 2 3 2
11 84 29 28224 918 459 459 14 2 3 2
11 84 30 28224 918 459 459 14 2 3 2
11 84 31 28224 918 459 459 14 2 3 2
11 84 32 28224 918 459 459 14 2 3 1
11 84 33 28224 918 459 459 14 2 3 2
11 84 34 28224 918 459 459 14 2 3 2
11 84 35 28224 918 459 459 14 2 3 2
11 84 36 28224 918 459 459 14 2 3 1
11 84 37 28224 918 459 459 14 2 3 2
11 84 38 28224 918 459 459 14 2 3 2
11 84 39 28224 918 459 459 14 2 3 2
11 84 40 28224 918 459 459 14 2 3 1
11 84 41 28224 918 459 459 14 2 3 2
11 84 42 28224 918 459 459 14 2 3 2
11 84 43 28224 918 459 459 14 2 3 2
11 84 44 28224 918 459 459 14 2 3 2
11 84 45 28224 918 459 459 14 2 3 1
11 84 46 28224 918 459 459 14 2 3 2
11 84 47 28224 918 459 459 14 2 3 2
11 84 48 28224 918 459 459 14 2 3 1
11 84 49 28224 918 459 459 14 2 3 2
11 84 50 28224 918 459 459 14 2 3 2
11 84 51 28224 918 459 459 14 2 3 2
11 84 52 28224 918 459 459 14 2 3 2
11 84 53 28224 918 459 459 14 2 3 2
11 84 54 28224 918 459 459 14 2 3 1
11 84 55 28224 918 459 459 14 2 3 2
11 84 56 28224 918 459 459 14 2 3 1
11 84 57 28224 918 459 459 14 2 3 2
11 84 58 28224 918 459 459 14 2 3 2
11 84 59 28224 918 459 459 14 2 3 2
11 84 60 28224 918 459 459 14 2 3 2
11 84 61 28224 918 459 459 14 2 3 2
11 84 62 28224 918 459 459 14 2 3 2
11 84 63 28224 918 459 459 14 2 3 1
11 84 80 9408 918 459 459 14 2 3 2
11 84 81 28224 918 459 459 14 2 3 2
11 84 84 9408 918 459 459 14 2 3 3
11 84 85 28224 918 459 459 14 2 3 3
11 84 88 28224 918 459 459 14 2 3 2
11 84 89 28224 918 459 459 14 2 3 2
11 84 90 28224 918 459 459 14 2 3 2
11 84 91 28224 918 459 459 14 2 3 2
11 84 92 28224 918 459 459 14 2 3 3
11 84 93 28224 918 459 459 14 2 3 3
11 84 94 28224 918 459 459 14 2 3 3
11 84 95 28224 918 459 459 14 2 3 3
11 84 96 28224 918 459 459 14 2 3 2
11 84 97 28224 918 459 459 14 2 3 2
11 84 98 28224 918 459 459 14 2 3 3
11 84 99 28224 918 459 459 14 2 3 3
11 84 100 28224 918 459 459 14 2 3 2
11 84 101 28224 918 459 459 14 2 3 2
11 84 102 28224 918 459 459 14 2 3 3
11 84 103 28224 918 459 459 14 2 3 3
11 84 104 28224 918 459 459 14 2 3 2
11 84 105 28224 918 459 459 14 2 3 2
11 84 106 28224 918 459 459 14 2 3 3
11 84 107 28224 918 459 459 14 2 3 3
11 84 108 28224 918 459 459 14 2 3 2
11 84 109 28224 918 459 459 14 2 3 2
11 84 110 28224 918 459 459 14 2 3 3
11 84 111 28224 918 459 459 14 2 3 3
11 84 112 28224 918 459 459 14 2 3 2
11 84 113 28224 918 459 459 14 2 3 2
11 84 114 28224 918 459 459 14 2 3 3
11 84 115 28224 918 459 459 14 2 3 3
11 84 116 28224 918 459 459 14 2 3 3
11 84 117 28224 918 459 459 14 2 3 3
11 84 118 28224 918 459 459 14 2 3 2
11 84 119 28224 918 459 459 14 2 3 2
11 84 120 28224 918 459 459 14 2 3 2
11 84 121 28224 918 459 459 14 2 3 2
11 84 122 28224 918 459 459 14 2 3 3
11 84 123 28224 918 459 459 14 2 3 3
11 84 124 28224 918 459 459 14 2 3 3
11 84 125 28224 918 459 459 14 2 3 3
11 84 126 28224 918 459 459 14 2 3 2
11 84 127 28224 918 459 459 14 2 3 2
11 84 152 9408 918 459 459 14 2 3 2
11 84 153 28224 918 459 459 14 2 3 2
11 84 156 9408 918 459 459 14 2 3 3
11 84 157 28224 918 459 459 14 2 3 3
11 84 160 28224 918 459 459 14 2 3 2
11 84 161 28224 918 459 459 14 2 3 3
11 84 162 28224 918 459 459 14 2 3 2
11 84 163 28224 918 459 459 14 2 3 3
11 84 164 28224 918 459 459 14 2 3 2
11 84 165 28224 918 459 459 14 2 3 3
11 84 166 28224 918 459 459 14 2 3 2
11 84 167 28224 918 459 459 14 2 3 3
11 84 168 28224 918 459 459 14 2 3 2
11 84 169 28224 918 459 459 14 2 3 3
11 84 170 28224 918 459 459 14 2 3 2
11 84 171 28224 918 459 459 14 2 3 3
11 84 172 28224 918 459 459 14 2 3 3
11 84 173 28224 918 459 459 14 2 3 2
11 84 174 28224 918 459 459 14 2 3 3
11 84 175 28224 918 459 459 14 2 3 2
11 84 176 28224 918 459 459 14 2 3 2
11 84 177 28224 918 459 459 14 2 3 3
11 84 178 28224 918 459 459 14 2 3 2
11 84 179 28224 918 459 459 14 2 3 3
11 84 180 28224 918 459 459 14 2 3 2
11 84 181 28224 918 459 459 14 2 3 3
11 84 182 28224 918 459 459 14 2 3 2
11 84 183 28224 918 459 459 14 2 3 3
11 84 184 28224 918 459 459 14 2 3 2
11 84 185 28224 918 459 459 14 2 3 3
11 84 186 28224 918 459 459 14 2 3 2
11 84 187 28224 918 459 459 14 2 3 3
11 84 188 28224 918 459 459 14 2 3 3
11 84 189 28224 918 459 459 14 2 3 2
11 84 190 28224 918 459 459 14 2 3 3
11 84 191 28224 918 459 459 14 2 3 2
11 84 200 9408 918 459 459 14 2 3 2
11 84 201 28224 918 459 459 14 2 3 2
11 84 204 9408 918 459 459 14 2 3 3
11 84 205 28224 918 459 459 14 2 3 3
11 84 224 28224 918 459 459 14 2 3 2
11 84 225 28224 918 459 459 14 2 3 3
11 84 226 28224 918 459 459 14 2 3 3
11 84 227 28224 918 459 459 14 2 3 2
11 84 228 28224 918 459 459 14 2 3 2
11 84 229 28224 918 459 459 14 2 3 3
11 84 230 28224 918 459 459 14 2 3 3
11 84 231 28224 918 459 459 14 2 3 2
11 84 232 28224 918 459 459 14 2 3 2
11 84 233 28224 918 459 459 14 2 3 3
11 84 234 28224 918 459 459 14 2 3 3
11 84 235 28224 918 459 459 14 2 3 2
11 84 236 28224 918 459 459 14 2 3 3
11 84 237 28224 918 459 459 14 2 3 2
11 84 238 28224 918 459 459 14 2 3 2
11 84 239 28224 918 459 459 14 2 3 3
11 84 240 28224 918 459 459 14 2 3 2
11 84 241 28224 918 459 459 14 2 3 3
11 84 242 28224 918 459 459 14 2 3 3
11 84 243 28224 918 459 459 14 2 3 2
11 84 244 28224 918 459 459 14 2 3 3
11 84 245 28224 918 459 459 14 2 3 2
11 84 246 28224 918 459 459 14 2 3 2
11 84 247 28224 918 459 459 14 2 3 3
11 84 248 28224 918 459 459 14 2 3 2
11 84 249 28224 918 459 459 14 2 3 3
11 84 250 28224 918 459 459 14 2 3 3
11 84 251 28224 918 459 459 14 2 3 2
11 84 252 28224 918 459 459 14 2 3 2
11 84 253 28224 918 459 459 14 2 3 3
11 84 254 28224 918 459 459 14 2 3 3
11 84 255 28224 918 459 459 14 2 3 2
12 1 1 2352 918 459 459 14 2 1 1
12 1 2 4704 918 459 459 14 2 1 1
12 1 3 4704 918 459 459 14 2 1 1
12 1 4 2352 918 459 459 14 2 1 1
12 1 5 2352 918 459 459 14 2 1 1
12 1 8 1764 918 459 459 14 2 1 1
12 1 10 14112 918 459 459 14 2 1 2
12 1 11 14112 918 459 459 14 2 1 2
12 1 12 7056 918 459 459 14 2 1 2
12 1 13 7056 918 459 459 14 2 1 2
12 1 16 3528 918 459 459 14 2 1 1
12 1 17 14112 918 459 459 14 2 1 2
12 1 20 7056 918 459 459 14 2 1 2
12 1 21 14112 918 459 459 14 2 1 2
12 1 22 14112 918 459 459 14 2 1 2
12 1 23 14112 918 459 459 14 2 1 2
12 1 24 3528 918 459 459 14 2 1 1
12 1 28 7056 918 459 459 14 2 1 2
12 1 30 14112 918 459 459 14 2 1 2
12 1 31 14112 918 459 459 14 2 1 2
12 1 32 1764 918 459 459 14 2 1 1
12 1 33 7056 918 459 459 14 2 1 2
12 1 40 1764 918 459 459 14 2 1 1
12 1 80 7056 918 459 459 14 2 1 2
12 1 84 14112 918 459 459 14 2 1 3
12 1 85 14112 918 459 459 14 2 1 3
12 1 86 28224 918 459 459 14 2 1 3
12 1 87 28224 918 459 459 14 2 1 3
12 1 96 3528 918 459 459 14 2 1 2
12 1 160 3528 918 459 459 14 2 1 2
12 1 161 14112 918 459 459 14 2 1 3
12 1 168 7056 918 459 459 14 2 1 2
12 1 224 3528 918 459 459 14 2 1 2
12 8 1 2352 918 459 459 14 2 1 1
12 8 2 4704 918 459 459 14 2 1 1
12 8 4 1176 918 459 459 14 2 1 1
12 8 8 1764 918 459 459 14 2 1 1
12 8 10 14112 918 459 459 14 2 1 2
12 8 11 14112 918 459 459 14 2 1 2
12 8 12 3528 918 459 459 14 2 1 2
12 8 13 7056 918 459 459 14 2 1 2
12 8 16 3528 918 459 459 14 2 1 1
12 8 17 14112 918 459 459 14 2 1 2
12 8 20 7056 918 459 459 14 2 1 2
12 8 22 14112 918 459 459 14 2 1 2
12 8 32 882 918 459 459 14 2 1 1
12 8 80 7056 918 459 459 14 2 1 2
12 8 84 7056 918 459 459 14 2 1 3
12 8 85 14112 918 459 459 14 2 1 3
12 8 86 28224 918 459 459 14 2 1 3
12 8 96 1764 918 459 459 14 2 1 2
12 8 160 3528 918 459 459 14 2 1 2
12 10 1 7056 918 459 459 14 2 2 1
12 10 2 14112 918 459 459 14 2 2 1
12 10 4 3528 918 459 459 14 2 2 1
12 10 8 7056 918 459 459 14 2 2 1
12 10 9 7056 918 459 459 14 2 2 1
12 10 10 28224 918 459 459 14 2 2 2
12 10 11 28224 918 459 459 14 2 2 2
12 10 12 14112 918 459 459 14 2 2 2
12 10 13 14112 918 459 459 14 2 2 2
12 10 16 14112 918 459 459 14 2 2 1
12 10 17 28224 918 459 459 14 2 2 2
12 10 18 14112 918 459 459 14 2 2 1
12 10 19 28224 918 459 459 14 2 2 2
12 10 20 28224 918 459 459 14 2 2 2
12 10 21 28224 918 459 459 14 2 2 2
12 10 22 28224 918 459 459 14 2 2 2
12 10 23 28224 918 459 459 14 2 2 2
12 10 32 7056 918 459 459 14 2 2 1
12 10 33 7056 918 459 459 14 2 2 2
12 10 34 28224 918 459 459 14 2 2 2
12 10 37 7056 918 459 459 14 2 2 2
12 10 64 3528 918 459 459 14 2 2 1
12 10 66 14112 918 459 459 14 2 2 2
12 10 67 14112 918 459 459 14 2 2 2
12 10 68 3528 918 459 459 14 2 2 2
12 10 69 7056 918 459 459 14 2 2 2
12 10 80 14112 918 459 459 14 2 2 2
12 10 82 14112 918 459 459 14 2 2 2
12 10 84 28224 918 459 459 14 2 2 3
12 10 85 28224 918 459 459 14 2 2 3
12 10 86 28224 918 459 459 14 2 2 3
12 10 87 28224 918 459 459 14 2 2 3
12 10 88 14112 918 459 459 14 2 2 2
12 10 91 14112 918 459 459 14 2 2 2
12 10 93 28224 918 459 459 14 2 2 3
12 10 94 28224 918 459 459 14 2 2 3
12 10 96 7056 918 459 459 14 2 2 2
12 10 98 28224 918 459 459 14 2 2 3
12 10 104 7056 918 459 459 14 2 2 2
12 10 106 28224 918 459 459 14 2 2 3
12 10 107 28224 918 459 459 14 2 2 3
12 10 109 7056 918 459 459 14 2 2 2
12 10 128 7056 918 459 459 14 2 2 1
12 10 129 14112 918 459 459 14 2 2 2
12 10 132 7056 918 459 459 14 2 2 2
12 10 134 14112 918 459 459 14 2 2 2
12 10 136 14112 918 459 459 14 2 2 2
12 10 137 14112 918 459 459 14 2 2 2
12 10 140 14112 918 459 459 14 2 2 3
12 10 141 14112 918 459 459 14 2 2 3
12 10 160 7056 918 459 459 14 2 2 2
12 10 161 7056 918 459 459 14 2 2 3
12 10 164 7056 918 459 459 14 2 2 2
12 10 165 7056 918 459 459 14 2 2 3
12 10 176 14112 918 459 459 14 2 2 2
12 10 182 14112 918 459 459 14 2 2 2
12 10 256 1764 918 459 459 14 2 2 1
12 64 1 4704 918 459 459 14 2 1 1
12 64 2 4704 918 459 459 14 2 1 1
12 64 3 4704 918 459 459 14 2 1 1
12 64 4 4704 918 459 459 14 2 1 1
12 64 5 4704 918 459 459 14 2 1 1
12 64 6 4704 918 459 459 14 2 1 1
12 64 7 4704 918 459 459 14 2 1 1
12 64 8 3528 918 459 459 14 2 1 1
12 64 10 14112 918 459 459 14 2 1 2
12 64 11 14112 918 459 459 14 2 1 2
12 64 12 14112 918 459 459 14 2 1 2
12 64 13 14112 918 459 459 14 2 1 2
12 64 14 14112 918 459 459 14 2 1 2
12 64 15 14112 918 459 459 14 2 1 2
12 64 16 3528 918 459 459 14 2 1 1
12 64 17 14112 918 459 459 14 2 1 2
12 64 20 14112 918 459 459 14 2 1 2
12 64 21 14112 918 459 459 14 2 1 2
12 64 22 14112 918 459 459 14 2 1 2
12 64 23 14112 918 459 459 14 2 1 2
12 64 24 3528 918 459 459 14 2 1 1
12 64 28 14112 918 459 459 14 2 1 2
12 64 29 14112 918 459 459 14 2 1 2
12 64 30 14112 918 459 459 14 2 1 2
12 64 31 14112 918 459 459 14 2 1 2
12 64 32 3528 918 459 459 14 2 1 1
12 64 33 14112 918 459 459 14 2 1 2
12 64 34 14112 918 459 459 14 2 1 2
12 64 35 14112 918 459 459 14 2 1 2
12 64 40 3528 918 459 459 14 2 1 1
12 64 42 14112 918 459 459 14 2 1 2
12 64 43 14112 918 459 459 14 2 1 2
12 64 48 3528 918 459 459 14 2 1 1
12 64 49 14112 918 459 459 14 2 1 2
12 64 56 3528 918 459 459 14 2 1 1
12 64 80 7056 918 459 459 14 2 1 2
12 64 84 28224 918 459 459 14 2 1 3
12 64 85 28224 918 459 459 14 2 1 3
12 64 86 28224 918 459 459 14 2 1 3
12 64 87 28224 918 459 459 14 2 1 3
12 64 96 7056 918 459 459 14 2 1 2
12 64 98 28224 918 459 459 14 2 1 3
12 64 99 28224 918 459 459 14 2 1 3
12 64 112 7056 918 459 459 14 2 1 2
12 64 160 7056 918 459 459 14 2 1 2
12 64 161 28224 918 459 459 14 2 1 3
12 64 168 7056 918 459 459 14 2 1 2
12 64 224 7056 918 459 459 14 2 1 2
12 64 232 7056 918 459 459 14 2 1 2
12 66 1 14112 918 459 459 14 2 2 1
12 66 2 14112 918 459 459 14 2 2 1
12 66 3 14112 918 459 459 14 2 2 1
12 66 4 14112 918 459 459 14 2 2 1
12 66 5 14112 918 459 459 14 2 2 1
12 66 6 14112 918 459 459 14 2 2 1
12 66 7 14112 918 459 459 14 2 2 1
12 66 8 14112 918 459 459 14 2 2 1
12 66 9 14112 918 459 459 14 2 2 1
12 66 10 28224 918 459 459 14 2 2 2
12 66 11 28224 918 459 459 14 2 2 2
12 66 12 28224 918 459 459 14 2 2 2
12 66 13 28224 918 459 459 14 2 2 2
12 66 14 28224 918 459 459 14 2 2 2
12 66 15 28224 918 459 459 14 2 2 2
12 66 16 14112 918 459 459 14 2 2 1
12 66 17 28224 918 459 459 14 2 2 2
12 66 18 14112 918 459 459 14 2 2 1
12 66 19 28224 918 459 459 14 2 2 2
12 66 20 28224 918 459 459 14 2 2 2
12 66 21 28224 918 459 459 14 2 2 2
12 66 22 28224 918 459 459 14 2 2 2
12 66 23 28224 918 459 459 14 2 2 2
12 66 24 14112 918 459 459 14 2 2 1
12 66 25 28224 918 459 459 14 2 2 2
12 66 26 28224 918 459 459 14 2 2 2
12 66 27 14112 918 459 459 14 2 2 1
12 66 28 28224 918 459 459 14 2 2 2
12 66 29 28224 918 459 459 14 2 2 2
12 66 30 28224 918 459 459 14 2 2 2
12 66 31 28224 918 459 459 14 2 2 2
12 66 32 14112 918 459 459 14 2 2 1
12 66 33 28224 918 459 459 14 2 2 2
12 66 34 28224 918 459 459 14 2 2 2
12 66 35 28224 918 459 459 14 2 2 2
12 66 36 14112 918 459 459 14 2 2 1
12 66 37 28224 918 459 459 14 2 2 2
12 66 38 28224 918 459 459 14 2 2 2
12 66 39 28224 918 459 459 14 2 2 2
12 66 40 14112 918 459 459 14 2 2 1
12 66 41 28224 918 459 459 14 2 2 2
12 66 42 28224 918 459 459 14 2 2 2
12 66 43 28224 918 459 459 14 2 2 2
12 66 44 28224 918 459 459 14 2 2 2
12 66 45 14112 918 459 459 14 2 2 1
12 66 46 28224 918 459 459 14 2 2 2
12 66 47 28224 918 459 459 14 2 2 2
12 66 48 14112 918 459 459 14 2 2 1
12 66 49 28224 918 459 459 14 2 2 2
12 66 50 28224 918 459 459 14 2 2 2
12 66 51 28224 918 459 459 14 2 2 2
12 66 52 28224 918 459 459 14 2 2 2
12 66 53 28224 918 459 459 14 2 2 2
12 66 54 14112 918 459 459 14 2 2 1
12 66 55 28224 918 459 459 14 2 2 2
12 66 56 14112 918 459 459 14 2 2 1
12 66 57 28224 918 459 459 14 2 2 2
12 66 58 28224 918 459 459 14 2 2 2
12 66 59 28224 918 459 459 14 2 2 2
12 66 60 28224 918 459 459 14 2 2 2
12 66 61 28224 918 459 459 14 2 2 2
12 66 62 28224 918 459 459 14 2 2 2
12 66 63 14112 918 459 459 14 2 2 1
12 66 64 7056 918 459 459 14 2 2 1
12 66 66 14112 918 459 459 14 2 2 2
12 66 67 14112 918 459 459 14 2 2 2
12 66 68 14112 918 459 459 14 2 2 2
12 66 69 14112 918 459 459 14 2 2 2
12 66 70 14112 918 459 459 14 2 2 2
12 66 71 14112 918 459 459 14 2 2 2
12 66 80 14112 918 459 459 14 2 2 2
12 66 82 14112 918 459 459 14 2 2 2
12 66 84 28224 918 459 459 14 2 2 3
12 66 85 28224 918 459 459 14 2 2 3
12 66 86 28224 918 459 459 14 2 2 3
12 66 87 28224 918 459 459 14 2 2 3
12 66 88 14112 918 459 459 14 2 2 2
12 66 91 14112 918 459 459 14 2 2 2
12 66 92 28224 918 459 459 14 2 2 3
12 66 93 28224 918 459 459 14 2 2 3
12 66 94 28224 918 459 459 14 2 2 3
12 66 95 28224 918 459 459 14 2 2 3
12 66 96 14112 918 459 459 14 2 2 2
12 66 98 28224 918 459 459 14 2 2 3
12 66 99 28224 918 459 459 14 2 2 3
12 66 100 14112 918 459 459 14 2 2 2
12 66 102 28224 918 459 459 14 2 2 3
12 66 103 28224 918 459 459 14 2 2 3
12 66 104 14112 918 459 459 14 2 2 2
12 66 106 28224 918 459 459 14 2 2 3
12 66 107 28224 918 459 459 14 2 2 3
12 66 109 14112 918 459 459 14 2 2 2
12 66 110 28224 918 459 459 14 2 2 3
12 66 111 28224 918 459 459 14 2 2 3
12 66 112 14112 918 459 459 14 2 2 2
12 66 114 28224 918 459 459 14 2 2 3
12 66 115 28224 918 459 459 14 2 2 3
12 66 116 28224 918 459 459 14 2 2 3
12 66 117 28224 918 459 459 14 2 2 3
12 66 118 14112 918 459 459 14 2 2 2
12 66 120 14112 918 459 459 14 2 2 2
12 66 122 28224 918 459 459 14 2 2 3
12 66 123 28224 918 459 459 14 2 2 3
12 66 124 28224 918 459 459 14 2 2 3
12 66 125 28224 918 459 459 14 2 2 3
12 66 127 14112 918 459 459 14 2 2 2
12 66 128 7056 918 459 459 14 2 2 1
12 66 129 14112 918 459 459 14 2 2 2
12 66 132 14112 918 459 459 14 2 2 2
12 66 133 14112 918 459 459 14 2 2 2
12 66 134 14112 918 459 459 14 2 2 2
12 66 135 14112 918 459 459 14 2 2 2
12 66 136 14112 918 459 459 14 2 2 2
12 66 137 14112 918 459 459 14 2 2 2
12 66 140 28224 918 459 459 14 2 2 3
12 66 141 28224 918 459 459 14 2 2 3
12 66 142 28224 918 459 459 14 2 2 3
12 66 143 28224 918 459 459 14 2 2 3
12 66 160 14112 918 459 459 14 2 2 2
12 66 161 28224 918 459 459 14 2 2 3
12 66 164 14112 918 459 459 14 2 2 2
12 66 165 28224 918 459 459 14 2 2 3
12 66 168 14112 918 459 459 14 2 2 2
12 66 169 28224 918 459 459 14 2 2 3
12 66 172 28224 918 459 459 14 2 2 3
12 66 173 14112 918 459 459 14 2 2 2
12 66 176 14112 918 459 459 14 2 2 2
12 66 177 28224 918 459 459 14 2 2 3
12 66 182 14112 918 459 459 14 2 2 2
12 66 183 28224 918 459 459 14 2 2 3
12 66 184 14112 918 459 459 14 2 2 2
12 66 185 28224 918 459 459 14 2 2 3
12 66 190 28224 918 459 459 14 2 2 3
12 66 191 14112 918 459 459 14 2 2 2
12 66 192 7056 918 459 459 14 2 2 1
12 66 196 14112 918 459 459 14 2 2 2
12 66 197 14112 918 459 459 14 2 2 2
12 66 198 14112 918 459 459 14 2 2 2
12 66 199 14112 918 459 459 14 2 2 2
12 66 224 14112 918 459 459 14 2 2 2
12 66 228 14112 918 459 459 14 2 2 2
12 66 232 14112 918 459 459 14 2 2 2
12 66 237 14112 918 459 459 14 2 2 2
12 66 240 14112 918 459 459 14 2 2 2
12 66 246 14112 918 459 459 14 2 2 2
12 66 248 14112 918 459 459 14 2 2 2
12 66 255 14112 918 459 459 14 2 2 2
12 66 256 7056 918 459 459 14 2 2 1
12 66 257 14112 918 459 459 14 2 2 2
12 66 258 14112 918 459 459 14 2 2 2
12 66 259 14112 918 459 459 14 2 2 2
12 66 264 14112 918 459 459 14 2 2 2
12 66 265 14112 918 459 459 14 2 2 2
12 66 266 28224 918 459 459 14 2 2 3
12 66 267 28224 918 459 459 14 2 2 3
12 66 272 14112 918 459 459 14 2 2 2
12 66 273 28224 918 459 459 14 2 2 3
12 66 274 14112 918 459 459 14 2 2 2
12 66 275 28224 918 459 459 14 2 2 3
12 66 280 14112 918 459 459 14 2 2 2
12 66 281 28224 918 459 459 14 2 2 3
12 66 282 28224 918 459 459 14 2 2 3
12 66 283 14112 918 459 459 14 2 2 2
12 66 320 7056 918 459 459 14 2 2 1
12 66 322 14112 918 459 459 14 2 2 2
12 66 323 14112 918 459 459 14 2 2 2
12 66 336 14112 918 459 459 14 2 2 2
12 66 338 14112 918 459 459 14 2 2 2
12 66 344 14112 918 459 459 14 2 2 2
12 66 347 14112 918 459 459 14 2 2 2
12 66 384 7056 918 459 459 14 2 2 1
12 66 385 14112 918 459 459 14 2 2 2
12 66 392 14112 918 459 459 14 2 2 2
12 66 393 14112 918 459 459 14 2 2 2
12 66 448 7056 918 459 459 14 2 2 1
12 80 1 14112 918 459 459 14 2 2 1
12 80 2 14112 918 459 459 14 2 2 1
12 80 3 14112 918 459 459 14 2 2 1
12 80 4 14112 918 459 459 14 2 2 1
12 80 5 14112 918 459 459 14 2 2 1
12 80 6 14112 918 459 459 14 2 2 1
12 80 7 14112 918 459 459 14 2 2 1
12 80 8 7056 918 459 459 14 2 2 1
12 80 10 28224 918 459 459 14 2 2 2
12 80 11 28224 918 459 459 14 2 2 2
12 80 12 28224 918 459 459 14 2 2 2
12 80 13 28224 918 459 459 14 2 2 2
12 80 14 28224 918 459 459 14 2 2 2
12 80 15 28224 918 459 459 14 2 2 2
12 80 16 14112 918 459 459 14 2 2 1
12 80 17 28224 918 459 459 14 2 2 2
12 80 20 14112 918 459 459 14 2 2 2
12 80 21 28224 918 459 459 14 2 2 2
12 80 22 28224 918 459 459 14 2 2 2
12 80 23 28224 918 459 459 14 2 2 2
12 80 24 14112 918 459 459 14 2 2 1
12 80 25 28224 918 459 459 14 2 2 2
12 80 28 14112 918 459 459 14 2 2 2
12 80 30 28224 918 459 459 14 2 2 2
12 80 31 28224 918 459 459 14 2 2 2
12 80 32 7056 918 459 459 14 2 2 1
12 80 33 28224 918 459 459 14 2 2 2
12 80 38 28224 918 459 459 14 2 2 2
12 80 39 28224 918 459 459 14 2 2 2
12 80 40 7056 918 459 459 14 2 2 1
12 80 46 28224 918 459 459 14 2 2 2
12 80 47 28224 918 459 459 14 2 2 2
12 80 52 14112 918 459 459 14 2 2 2
12 80 53 28224 918 459 459 14 2 2 2
12 80 60 14112 918 459 459 14 2 2 2
12 80 64 3528 918 459 459 14 2 2 1
12 80 66 14112 918 459 459 14 2 2 2
12 80 67 14112 918 459 459 14 2 2 2
12 80 68 14112 918 459 459 14 2 2 2
12 80 69 14112 918 459 459 14 2 2 2
12 80 70 14112 918 459 459 14 2 2 2
12 80 71 14112 918 459 459 14 2 2 2
12 80 80 14112 918 459 459 14 2 2 2
12 80 84 14112 918 459 459 14 2 2 3
12 80 85 28224 918 459 459 14 2 2 3
12 80 86 28224 918 459 459 14 2 2 3
12 80 87 28224 918 459 459 14 2 2 3
12 80 88 14112 918 459 459 14 2 2 2
12 80 92 14112 918 459 459 14 2 2 3
12 80 94 28224 918 459 459 14 2 2 3
12 80 95 28224 918 459 459 14 2 2 3
12 80 96 7056 918 459 459 14 2 2 2
12 80 102 28224 918 459 459 14 2 2 3
12 80 103 28224 918 459 459 14 2 2 3
12 80 104 7056 918 459 459 14 2 2 2
12 80 110 28224 918 459 459 14 2 2 3
12 80 111 28224 918 459 459 14 2 2 3
12 80 116 14112 918 459 459 14 2 2 3
12 80 117 28224 918 459 459 14 2 2 3
12 80 124 14112 918 459 459 14 2 2 3
12 80 128 7056 918 459 459 14 2 2 1
12 80 129 14112 918 459 459 14 2 2 2
12 80 132 14112 918 459 459 14 2 2 2
12 80 133 14112 918 459 459 14 2 2 2
12 80 134 14112 918 459 459 14 2 2 2
12 80 135 14112 918 459 459 14 2 2 2
12 80 136 14112 918 459 459 14 2 2 2
12 80 137 14112 918 459 459 14 2 2 2
12 80 140 28224 918 459 459 14 2 2 3
12 80 141 28224 918 459 459 14 2 2 3
12 80 142 28224 918 459 459 14 2 2 3
12 80 143 28224 918 459 459 14 2 2 3
12 80 160 7056 918 459 459 14 2 2 2
12 80 161 28224 918 459 459 14 2 2 3
12 80 168 14112 918 459 459 14 2 2 2
12 80 173 14112 918 459 459 14 2 2 2
12 80 176 14112 918 459 459 14 2 2 2
12 80 177 28224 918 459 459 14 2 2 3
12 80 182 14112 918 459 459 14 2 2 2
12 80 183 28224 918 459 459 14 2 2 3
12 80 184 14112 918 459 459 14 2 2 2
12 80 185 28224 918 459 459 14 2 2 3
12 80 190 28224 918 459 459 14 2 2 3
12 80 191 14112 918 459 459 14 2 2 2
12 80 192 7056 918 459 459 14 2 2 1
12 80 196 14112 918 459 459 14 2 2 2
12 80 198 14112 918 459 459 14 2 2 2
12 80 199 14112 918 459 459 14 2 2 2
12 80 224 7056 918 459 459 14 2 2 2
12 80 240 14112 918 459 459 14 2 2 2
12 80 246 14112 918 459 459 14 2 2 2
12 80 248 14112 918 459 459 14 2 2 2
12 80 255 14112 918 459 459 14 2 2 2
12 80 256 3528 918 459 459 14 2 2 1
12 80 257 14112 918 459 459 14 2 2 2
12 80 264 7056 918 459 459 14 2 2 2
12 80 320 3528 918 459 459 14 2 2 1
12 84 1 28224 918 459 459 14 2 3 1
12 84 2 28224 918 459 459 14 2 3 1
12 84 3 28224 918 459 459 14 2 3 1
12 84 4 28224 918 459 459 14 2 3 1
12 84 5 28224 918 459 459 14 2 3 1
12 84 6 28224 918 459 459 14 2 3 1
12 84 7 28224 918 459 459 14 2 3 1
12 84 8 14112 918 459 459 14 2 3 1
12 84 10 28224 918 459 459 14 2 3 2
12 84 11 28224 918 459 459 14 2 3 2
12 84 12 28224 918 459 459 14 2 3 2
12 84 13 28224 918 459 459 14 2 3 2
12 84 14 28224 918 459 459 14 2 3 2
12 84 15 28224 918 459 459 14 2 3 2
12 84 16 28224 918 459 459 14 2 3 1
12 84 17 28224 918 459 459 14 2 3 2
12 84 20 14112 918 459 459 14 2 3 2
12 84 21 28224 918 459 459 14 2 3 2
12 84 22 28224 918 459 459 14 2 3 2
12 84 23 28224 918 459 459 14 2 3 2
12 84 25 28224 918 459 459 14 2 3 2
12 84 28 14112 918 459 459 14 2 3 2
12 84 30 28224 918 459 459 14 2 3 2
12 84 31 28224 918 459 459 14 2 3 2
12 84 32 7056 918 459 459 14 2 3 1
12 84 33 28224 918 459 459 14 2 3 2
12 84 38 28224 918 459 459 14 2 3 2
12 84 39 28224 918 459 459 14 2 3 2
12 84 46 28224 918 459 459 14 2 3 2
12 84 47 28224 918 459 459 14 2 3 2
12 84 52 14112 918 459 459 14 2 3 2
12 84 53 28224 918 459 459 14 2 3 2
12 84 60 14112 918 459 459 14 2 3 2
12 84 64 14112 918 459 459 14 2 3 1
12 84 66 28224 918 459 459 14 2 3 2
12 84 67 28224 918 459 459 14 2 3 2
12 84 68 28224 918 459 459 14 2 3 2
12 84 69 28224 918 459 459 14 2 3 2
12 84 70 28224 918 459 459 14 2 3 2
12 84 71 28224 918 459 459 14 2 3 2
12 84 72 14112 918 459 459 14 2 3 1
12 84 74 28224 918 459 459 14 2 3 2
12 84 75 28224 918 459 459 14 2 3 2
12 84 77 28224 918 459 459 14 2 3 2
12 84 78 28224 918 459 459 14 2 3 2
12 84 79 28224 918 459 459 14 2 3 2
12 84 80 28224 918 459 459 14 2 3 2
12 84 84 7056 918 459 459 14 2 3 3
12 84 85 28224 918 459 459 14 2 3 3
12 84 86 28224 918 459 459 14 2 3 3
12 84 87 28224 918 459 459 14 2 3 3
12 84 88 28224 918 459 459 14 2 3 2
12 84 92 14112 918 459 459 14 2 3 3
12 84 94 28224 918 459 459 14 2 3 3
12 84 95 28224 918 459 459 14 2 3 3
12 84 96 14112 918 459 459 14 2 3 2
12 84 102 28224 918 459 459 14 2 3 3
12 84 103 28224 918 459 459 14 2 3 3
12 84 104 14112 918 459 459 14 2 3 2
12 84 110 28224 918 459 459 14 2 3 3
12 84 111 28224 918 459 459 14 2 3 3
12 84 116 7056 918 459 459 14 2 3 3
12 84 117 28224 918 459 459 14 2 3 3
12 84 128 28224 918 459 459 14 2 3 1
12 84 129 28224 918 459 459 14 2 3 2
12 84 131 28224 918 459 459 14 2 3 2
12 84 132 28224 918 459 459 14 2 3 2
12 84 133 28224 918 459 459 14 2 3 2
12 84 134 28224 918 459 459 14 2 3 2
12 84 136 28224 918 459 459 14 2 3 2
12 84 137 28224 918 459 459 14 2 3 2
12 84 139 28224 918 459 459 14 2 3 2
12 84 140 28224 918 459 459 14 2 3 3
12 84 141 28224 918 459 459 14 2 3 3
12 84 142 28224 918 459 459 14 2 3 3
12 84 144 28224 918 459 459 14 2 3 1
12 84 147 28224 918 459 459 14 2 3 2
12 84 148 28224 918 459 459 14 2 3 2
12 84 150 28224 918 459 459 14 2 3 2
12 84 152 28224 918 459 459 14 2 3 2
12 84 153 28224 918 459 459 14 2 3 2
12 84 155 28224 918 459 459 14 2 3 2
12 84 156 28224 918 459 459 14 2 3 3
12 84 157 28224 918 459 459 14 2 3 3
12 84 158 28224 918 459 459 14 2 3 3
12 84 160 28224 918 459 459 14 2 3 2
12 84 163 28224 918 459 459 14 2 3 3
12 84 164 28224 918 459 459 14 2 3 2
12 84 165 28224 918 459 459 14 2 3 3
12 84 166 28224 918 459 459 14 2 3 2
12 84 168 28224 918 459 459 14 2 3 2
12 84 169 28224 918 459 459 14 2 3 3
12 84 171 28224 918 459 459 14 2 3 3
12 84 172 28224 918 459 459 14 2 3 3
12 84 174 28224 918 459 459 14 2 3 3
12 84 176 28224 918 459 459 14 2 3 2
12 84 179 28224 918 459 459 14 2 3 3
12 84 180 28224 918 459 459 14 2 3 2
12 84 182 28224 918 459 459 14 2 3 2
12 84 184 28224 918 459 459 14 2 3 2
12 84 187 28224 918 459 459 14 2 3 3
12 84 188 28224 918 459 459 14 2 3 3
12 84 190 28224 918 459 459 14 2 3 3
12 84 193 28224 918 459 459 14 2 3 2
12 84 194 28224 918 459 459 14 2 3 2
12 84 197 28224 918 459 459 14 2 3 2
12 84 199 28224 918 459 459 14 2 3 2
12 84 201 28224 918 459 459 14 2 3 2
12 84 202 28224 918 459 459 14 2 3 2
12 84 205 28224 918 459 459 14 2 3 3
12 84 207 28224 918 459 459 14 2 3 3
12 84 210 28224 918 459 459 14 2 3 2
12 84 213 28224 918 459 459 14 2 3 3
12 84 215 28224 918 459 459 14 2 3 3
12 84 217 28224 918 459 459 14 2 3 2
12 84 218 28224 918 459 459 14 2 3 2
12 84 223 28224 918 459 459 14 2 3 2
12 84 225 28224 918 459 459 14 2 3 3
12 84 226 28224 918 459 459 14 2 3 3
12 84 229 28224 918 459 459 14 2 3 3
12 84 231 28224 918 459 459 14 2 3 2
12 84 234 28224 918 459 459 14 2 3 3
12 84 239 28224 918 459 459 14 2 3 3
12 84 242 28224 918 459 459 14 2 3 3
12 84 247 28224 918 459 459 14 2 3 3
12 84 250 28224 918 459 459 14 2 3 3
12 84 255 28224 918 459 459 14 2 3 2
12 84 256 14112 918 459 459 14 2 3 1
12 84 261 28224 918 459 459 14 2 3 2
12 84 264 7056 918 459 459 14 2 3 2
12 84 269 28224 918 459 459 14 2 3 2
12 84 272 28224 918 459 459 14 2 3 2
12 84 277 28224 918 459 459 14 2 3 3
12 84 296 7056 918 459 459 14 2 3 2
12 84 309 28224 918 459 459 14 2 3 3
12 84 324 28224 918 459 459 14 2 3 2
12 84 340 14112 918 459 459 14 2 3 3
12 84 348 7056 918 459 459 14 2 3 3
12 84 380 7056 918 459 459 14 2 3 3
13 1 1 2352 918 459 459 14 2 1 1
13 1 2 4704 918 459 459 14 2 1 1
13 1 3 4704 918 459 459 14 2 1 1
13 1 4 2352 918 459 459 14 2 1 1
13 1 5 2352 918 459 459 14 2 1 1
13 1 8 1764 918 459 459 14 2 1 1
13 1 10 14112 918 459 459 14 2 1 2
13 1 11 14112 918 459 459 14 2 1 2
13 1 12 7056 918 459 459 14 2 1 2
13 1 13 7056 918 459 459 14 2 1 2
13 1 16 3528 918 459 459 14 2 1 1
13 1 17 14112 918 459 459 14 2 1 2
13 1 20 7056 918 459 459 14 2 1 2
13 1 21 14112 918 459 459 14 2 1 2
13 1 22 14112 918 459 459 14 2 1 2
13 1 23 14112 918 459 459 14 2 1 2
13 1 24 3528 918 459 459 14 2 1 1
13 1 28 7056 918 459 459 14 2 1 2
13 1 30 14112 918 459 459 14 2 1 2
13 1 31 14112 918 459 459 14 2 1 2
13 1 32 1764 918 459 459 14 2 1 1
13 1 33 7056 918 459 459 14 2 1 2
13 1 40 1764 918 459 459 14 2 1 1
13 1 80 7056 918 459 459 14 2 1 2
13 1 84 14112 918 459 459 14 2 1 3
13 1 85 14112 918 459 459 14 2 1 3
13 1 86 28224 918 459 459 14 2 1 3
13 1 87 28224 918 459 459 14 2 1 3
13 1 96 3528 918 459 459 14 2 1 2
13 1 160 3528 918 459 459 14 2 1 2
13 1 161 14112 918 459 459 14 2 1 3
13 1 168 7056 918 459 459 14 2 1 2
13 1 224 3528 918 459 459 14 2 1 2
13 8 1 2352 918 459 459 14 2 1 1
13 8 2 4704 918 459 459 14 2 1 1
13 8 3 4704 918 459 459 14 2 1 1
13 8 4 2352 918 459 459 14 2 1 1
13 8 5 2352 918 459 459 14 2 1 1
13 8 8 1764 918 459 459 14 2 1 1
13 8 10 14112 918 459 459 14 2 1 2
13 8 11 14112 918 459 459 14 2 1 2
13 8 12 7056 918 459 459 14 2 1 2
13 8 13 7056 918 459 459 14 2 1 2
13 8 16 3528 918 459 459 14 2 1 1
13 8 17 14112 918 459 459 14 2 1 2
13 8 20 7056 918 459 459 14 2 1 2
13 8 21 14112 918 459 459 14 2 1 2
13 8 22 14112 918 459 459 14 2 1 2
13 8 23 14112 918 459 459 14 2 1 2
13 8 24 3528 918 459 459 14 2 1 1
13 8 28 7056 918 459 459 14 2 1 2
13 8 30 14112 918 459 459 14 2 1 2
13 8 31 14112 918 459 459 14 2 1 2
13 8 32 1764 918 459 459 14 2 1 1
13 8 33 7056 918 459 459 14 2 1 2
13 8 40 1764 918 459 459 14 2 1 1
13 8 80 7056 918 459 459 14 2 1 2
13 8 84 14112 918 459 459 14 2 1 3
13 8 85 14112 918 459 459 14 2 1 3
13 8 86 28224 918 459 459 14 2 1 3
13 8 87 28224 918 459 459 14 2 1 3
13 8 96 3528 918 459 459 14 2 1 2
13 8 160 3528 918 459 459 14 2 1 2
13 8 161 14112 918 459 459 14 2 1 3
13 8 168 7056 918 459 459 14 2 1 2
13 8 224 3528 918 459 459 14 2 1 2
13 9 1 2352 918 459 459 14 2 1 1
13 9 2 4704 918 459 459 14 2 1 1
13 9 3 4704 918 459 459 14 2 1 1
13 9 4 2352 918 459 459 14 2 1 1
13 9 5 2352 918 459 459 14 2 1 1
13 9 8 1764 918 459 459 14 2 1 1
13 9 10 14112 918 459 459 14 2 1 2
13 9 11 14112 918 459 459 14 2 1 2
13 9 12 7056 918 459 459 14 2 1 2
13 9 13 7056 918 459 459 14 2 1 2
13 9 16 3528 918 459 459 14 2 1 1
13 9 17 14112 918 459 459 14 2 1 2
13 9 20 7056 918 459 459 14 2 1 2
13 9 21 14112 918 459 459 14 2 1 2
13 9 22 14112 918 459 459 14 2 1 2
13 9 23 14112 918 459 459 14 2 1 2
13 9 24 3528 918 459 459 14 2 1 1
13 9 28 7056 918 459 459 14 2 1 2
13 9 30 14112 918 459 459 14 2 1 2
13 9 31 14112 918 459 459 14 2 1 2
13 9 32 1764 918 459 459 14 2 1 1
13 9 33 7056 918 459 459 14 2 1 2
13 9 40 1764 918 459 459 14 2 1 1
13 9 80 7056 918 459 459 14 2 1 2
13 9 84 14112 918 459 459 14 2 1 3
13 9 85 14112 918 459 459 14 2 1 3
13 9 86 28224 918 459 459 14 2 1 3
13 9 87 28224 918 459 459 14 2 1 3
13 9 96 3528 918 459 459 14 2 1 2
13 9 160 3528 918 459 459 14 2 1 2
13 9 161 14112 918 459 459 14 2 1 3
13 9 168 7056 918 459 459 14 2 1 2
13 9 224 3528 918 459 459 14 2 1 2
13 10 1 7056 918 459 459 14 2 2 1
13 10 2 14112 918 459 459 14 2 2 1
13 10 3 14112 918 459 459 14 2 2 1
13 10 4 7056 918 459 459 14 2 2 1
13 10 5 7056 918 459 459 14 2 2 1
13 10 8 7056 918 459 459 14 2 2 1
13 10 9 7056 918 459 459 14 2 2 1
13 10 10 28224 918 459 459 14 2 2 2
13 10 11 28224 918 459 459 14 2 2 2
13 10 12 14112 918 459 459 14 2 2 2
13 10 13 14112 918 459 459 14 2 2 2
13 10 16 14112 918 459 459 14 2 2 1
13 10 17 28224 918 459 459 14 2 2 2
13 10 18 14112 918 459 459 14 2 2 1
13 10 19 28224 918 459 459 14 2 2 2
13 10 20 28224 918 459 459 14 2 2 2
13 10 21 28224 918 459 459 14 2 2 2
13 10 22 28224 918 459 459 14 2 2 2
13 10 23 28224 918 459 459 14 2 2 2
13 10 24 14112 918 459 459 14 2 2 1
13 10 25 28224 918 459 459 14 2 2 2
13 10 26 28224 918 459 459 14 2 2 2
13 10 27 14112 918 459 459 14 2 2 1
13 10 28 28224 918 459 459 14 2 2 2
13 10 29 28224 918 459 459 14 2 2 2
13 10 30 28224 918 459 459 14 2 2 2
13 10 31 28224 918 459 459 14 2 2 2
13 10 32 7056 918 459 459 14 2 2 1
13 10 33 14112 918 459 459 14 2 2 2
13 10 34 28224 918 459 459 14 2 2 2
13 10 35 28224 918 459 459 14 2 2 2
13 10 36 7056 918 459 459 14 2 2 1
13 10 37 14112 918 459 459 14 2 2 2
13 10 40 7056 918 459 459 14 2 2 1
13 10 41 14112 918 459 459 14 2 2 2
13 10 42 28224 918 459 459 14 2 2 2
13 10 43 28224 918 459 459 14 2 2 2
13 10 44 14112 918 459 459 14 2 2 2
13 10 45 7056 918 459 459 14 2 2 1
13 10 64 3528 918 459 459 14 2 2 1
13 10 66 14112 918 459 459 14 2 2 2
13 10 67 14112 918 459 459 14 2 2 2
13 10 68 7056 918 459 459 14 2 2 2
13 10 69 7056 918 459 459 14 2 2 2
13 10 80 14112 918 459 459 14 2 2 2
13 10 82 14112 918 459 459 14 2 2 2
13 10 84 28224 918 459 459 14 2 2 3
13 10 85 28224 918 459 459 14 2 2 3
13 10 86 28224 918 459 459 14 2 2 3
13 10 87 28224 918 459 459 14 2 2 3
13 10 88 14112 918 459 459 14 2 2 2
13 10 91 14112 918 459 459 14 2 2 2
13 10 92 28224 918 459 459 14 2 2 3
13 10 93 28224 918 459 459 14 2 2 3
13 10 94 28224 918 459 459 14 2 2 3
13 10 95 28224 918 459 459 14 2 2 3
13 10 96 7056 918 459 459 14 2 2 2
13 10 98 28224 918 459 459 14 2 2 3
13 10 99 28224 918 459 459 14 2 2 3
13 10 100 7056 918 459 459 14 2 2 2
13 10 104 7056 918 459 459 14 2 2 2
13 10 106 28224 918 459 459 14 2 2 3
13 10 107 28224 918 459 459 14 2 2 3
13 10 109 7056 918 459 459 14 2 2 2
13 10 128 7056 918 459 459 14 2 2 1
13 10 129 14112 918 459 459 14 2 2 2
13 10 132 7056 918 459 459 14 2 2 2
13 10 133 14112 918 459 459 14 2 2 2
13 10 134 14112 918 459 459 14 2 2 2
13 10 135 14112 918 459 459 14 2 2 2
13 10 136 14112 918 459 459 14 2 2 2
13 10 137 14112 918 459 459 14 2 2 2
13 10 140 14112 918 459 459 14 2 2 3
13 10 141 14112 918 459 459 14 2 2 3
13 10 142 28224 918 459 459 14 2 2 3
13 10 143 28224 918 459 459 14 2 2 3
13 10 160 7056 918 459 459 14 2 2 2
13 10 161 14112 918 459 459 14 2 2 3
13 10 164 7056 918 459 459 14 2 2 2
13 10 165 14112 918 459 459 14 2 2 3
13 10 168 14112 918 459 459 14 2 2 2
13 10 169 14112 918 459 459 14 2 2 3
13 10 172 14112 918 459 459 14 2 2 3
13 10 173 14112 918 459 459 14 2 2 2
13 10 176 14112 918 459 459 14 2 2 2
13 10 177 28224 918 459 459 14 2 2 3
13 10 182 14112 918 459 459 14 2 2 2
13 10 183 28224 918 459 459 14 2 2 3
13 10 184 14112 918 459 459 14 2 2 2
13 10 185 28224 918 459 459 14 2 2 3
13 10 190 28224 918 459 459 14 2 2 3
13 10 191 14112 918 459 459 14 2 2 2
13 10 192 7056 918 459 459 14 2 2 1
13 10 196 7056 918 459 459 14 2 2 2
13 10 198 14112 918 459 459 14 2 2 2
13 10 199 14112 918 459 459 14 2 2 2
13 10 224 7056 918 459 459 14 2 2 2
13 10 228 7056 918 459 459 14 2 2 2
13 10 240 14112 918 459 459 14 2 2 2
13 10 246 14112 918 459 459 14 2 2 2
13 10 248 14112 918 459 459 14 2 2 2
13 10 255 14112 918 459 459 14 2 2 2
13 10 256 3528 918 459 459 14 2 2 1
13 10 257 7056 918 459 459 14 2 2 2
13 10 264 7056 918 459 459 14 2 2 2
13 10 265 7056 918 459 459 14 2 2 2
13 10 320 3528 918 459 459 14 2 2 1
13 64 1 4704 918 459 459 14 2 1 1
13 64 2 4704 918 459 459 14 2 1 1
13 64 3 4704 918 459 459 14 2 1 1
13 64 4 4704 918 459 459 14 2 1 1
13 64 5 4704 918 459 459 14 2 1 1
13 64 6 4704 918 459 459 14 2 1 1
13 64 7 4704 918 459 459 14 2 1 1
13 64 8 3528 918 459 459 14 2 1 1
13 64 10 14112 918 459 459 14 2 1 2
13 64 11 14112 918 459 459 14 2 1 2
13 64 12 14112 918 459 459 14 2 1 2
13 64 13 14112 918 459 459 14 2 1 2
13 64 14 14112 918 459 459 14 2 1 2
13 64 15 14112 918 459 459 14 2 1 2
13 64 16 3528 918 459 459 14 2 1 1
13 64 17 14112 918 459 459 14 2 1 2
13 64 20 14112 918 459 459 14 2 1 2
13 64 21 14112 918 459 459 14 2 1 2
13 64 22 14112 918 459 459 14 2 1 2
13 64 23 14112 918 459 459 14 2 1 2
13 64 24 3528 918 459 459 14 2 1 1
13 64 28 14112 918 459 459 14 2 1 2
13 64 29 14112 918 459 459 14 2 1 2
13 64 30 14112 918 459 459 14 2 1 2
13 64 31 14112 918 459 459 14 2 1 2
13 64 32 3528 918 459 459 14 2 1 1
13 64 33 14112 918 459 459 14 2 1 2
13 64 34 14112 918 459 459 14 2 1 2
13 64 35 14112 918 459 459 14 2 1 2
13 64 40 3528 918 459 459 14 2 1 1
13 64 42 14112 918 459 459 14 2 1 2
13 64 43 14112 918 459 459 14 2 1 2
13 64 48 3528 918 459 459 14 2 1 1
13 64 49 14112 918 459 459 14 2 1 2
13 64 56 3528 918 459 459 14 2 1 1
13 64 80 7056 918 459 459 14 2 1 2
13 64 84 28224 918 459 459 14 2 1 3
13 64 85 28224 918 459 459 14 2 1 3
13 64 86 28224 918 459 459 14 2 1 3
13 64 87 28224 918 459 459 14 2 1 3
13 64 96 7056 918 459 459 14 2 1 2
13 64 98 28224 918 459 459 14 2 1 3
13 64 99 28224 918 459 459 14 2 1 3
13 64 112 7056 918 459 459 14 2 1 2
13 64 160 7056 918 459 459 14 2 1 2
13 64 161 28224 918 459 459 14 2 1 3
13 64 168 7056 918 459 459 14 2 1 2
13 64 224 7056 918 459 459 14 2 1 2
13 64 232 7056 918 459 459 14 2 1 2
13 65 1 4704 918 459 459 14 2 1 1
13 65 2 4704 918 459 459 14 2 1 1
13 65 3 4704 918 459 459 14 2 1 1
13 65 4 4704 918 459 459 14 2 1 1
13 65 5 4704 918 459 459 14 2 1 1
13 65 6 4704 918 459 459 14 2 1 1
13 65 7 4704 918 459 459 14 2 1 1
13 65 8 3528 918 459 459 14 2 1 1
13 65 10 14112 918 459 459 14 2 1 2
13 65 11 14112 918 459 459 14 2 1 2
13 65 12 14112 918 459 459 14 2 1 2
13 65 13 14112 918 459 459 14 2 1 2
13 65 14 14112 918 459 459 14 2 1 2
13 65 15 14112 918 459 459 14 2 1 2
13 65 16 3528 918 459 459 14 2 1 1
13 65 17 14112 918 459 459 14 2 1 2
13 65 20 14112 918 459 459 14 2 1 2
13 65 21 14112 918 459 459 14 2 1 2
13 65 22 14112 918 459 459 14 2 1 2
13 65 23 14112 918 459 459 14 2 1 2
13 65 24 3528 918 459 459 14 2 1 1
13 65 28 14112 918 459 459 14 2 1 2
13 65 29 14112 918 459 459 14 2 1 2
13 65 30 14112 918 459 459 14 2 1 2
13 65 31 14112 918 459 459 14 2 1 2
13 65 32 3528 918 459 459 14 2 1 1
13 65 33 14112 918 459 459 14 2 1 2
13 65 34 14112 918 459 459 14 2 1 2
13 65 35 14112 918 459 459 14 2 1 2
13 65 40 3528 918 459 459 14 2 1 1
13 65 42 14112 918 459 459 14 2 1 2
13 65 43 14112 918 459 459 14 2 1 2
13 65 48 3528 918 459 459 14 2 1 1
13 65 49 14112 918 459 459 14 2 1 2
13 65 56 3528 918 459 459 14 2 1 1
13 65 80 7056 918 459 459 14 2 1 2
13 65 84 28224 918 459 459 14 2 1 3
13 65 85 28224 918 459 459 14 2 1 3
13 65 86 28224 918 459 459 14 2 1 3
13 65 87 28224 918 459 459 14 2 1 3
13 65 96 7056 918 459 459 14 2 1 2
13 65 98 28224 918 459 459 14 2 1 3
13 65 99 28224 918 459 459 14 2 1 3
13 65 112 7056 918 459 459 14 2 1 2
13 65 160 7056 918 459 459 14 2 1 2
13 65 161 28224 918 459 459 14 2 1 3
13 65 168 7056 918 459 459 14 2 1 2
13 65 224 7056 918 459 459 14 2 1 2
13 65 232 7056 918 459 459 14 2 1 2
13 66 1 14112 918 459 459 14 2 2 1
13 66 2 14112 918 459 459 14 2 2 1
13 66 3 14112 918 459 459 14 2 2 1
13 66 4 14112 918 459 459 14 2 2 1
13 66 5 14112 918 459 459 14 2 2 1
13 66 6 14112 918 459 459 14 2 2 1
13 66 7 14112 918 459 459 14 2 2 1
13 66 8 14112 918 459 459 14 2 2 1
13 66 9 14112 918 459 459 14 2 2 1
13 66 10 28224 918 459 459 14 2 2 2
13 66 11 28224 918 459 459 14 2 2 2
13 66 12 28224 918 459 459 14 2 2 2
13 66 13 28224 918 459 459 14 2 2 2
13 66 14 28224 918 459 459 14 2 2 2
13 66 15 28224 918 459 459 14 2 2 2
13 66 16 14112 918 459 459 14 2 2 1
13 66 17 28224 918 459 459 14 2 2 2
13 66 18 14112 918 459 459 14 2 2 1
13 66 19 28224 918 459 459 14 2 2 2
13 66 20 28224 918 459 459 14 2 2 2
13 66 21 28224 918 459 459 14 2 2 2
13 66 22 28224 918 459 459 14 2 2 2
13 66 23 28224 918 459 459 14 2 2 2
13 66 24 14112 918 459 459 14 2 2 1
13 66 25 28224 918 459 459 14 2 2 2
13 66 26 28224 918 459 459 14 2 2 2
13 66 27 14112 918 459 459 14 2 2 1
13 66 28 28224 918 459 459 14 2 2 2
13 66 29 28224 918 459 459 14 2 2 2
13 66 30 28224 918 459 459 14 2 2 2
13 66 31 28224 918 459 459 14 2 2 2
13 66 32 14112 918 459 459 14 2 2 1
13 66 33 28224 918 459 459 14 2 2 2
13 66 34 28224 918 459 459 14 2 2 2
13 66 35 28224 918 459 459 14 2 2 2
13 66 36 14112 918 459 459 14 2 2 1
13 66 37 28224 918 459 459 14 2 2 2
13 66 38 28224 918 459 459 14 2 2 2
13 66 39 28224 918 459 459 14 2 2 2
13 66 40 14112 918 459 459 14 2 2 1
13 66 41 28224 918 459 459 14 2 2 2
13 66 42 28224 918 459 459 14 2 2 2
13 66 43 28224 918 459 459 14 2 2 2
13 66 44 28224 918 459 459 14 2 2 2
13 66 45 14112 918 459 459 14 2 2 1
13 66 46 28224 918 459 459 14 2 2 2
13 66 47 28224 918 459 459 14 2 2 2
13 66 48 14112 918 459 459 14 2 2 1
13 66 49 28224 918 459 459 14 2 2 2
13 66 50 28224 918 459 459 14 2 2 2
13 66 51 28224 918 459 459 14 2 2 2
13 66 52 28224 918 459 459 14 2 2 2
13 66 53 28224 918 459 459 14 2 2 2
13 66 54 14112 918 459 459 14 2 2 1
13 66 55 28224 918 459 459 14 2 2 2
13 66 56 14112 918 459 459 14 2 2 1
13 66 57 28224 918 459 459 14 2 2 2
13 66 58 28224 918 459 459 14 2 2 2
13 66 59 28224 918 459 459 14 2 2 2
13 66 60 28224 918 459 459 14 2 2 2
13 66 61 28224 918 459 459 14 2 2 2
13 66 62 28224 918 459 459 14 2 2 2
13 66 63 14112 918 459 459 14 2 2 1
13 66 64 7056 918 459 459 14 2 2 1
13 66 66 14112 918 459 459 14 2 2 2
13 66 67 14112 918 459 459 14 2 2 2
13 66 68 14112 918 459 459 14 2 2 2
13 66 69 14112 918 459 459 14 2 2 2
13 66 70 14112 918 459 459 14 2 2 2
13 66 71 14112 918 459 459 14 2 2 2
13 66 80 14112 918 459 459 14 2 2 2
13 66 82 14112 918 459 459 14 2 2 2
13 66 84 28224 918 459 459 14 2 2 3
13 66 85 28224 918 459 459 14 2 2 3
13 66 86 28224 918 459 459 14 2 2 3
13 66 87 28224 918 459 459 14 2 2 3
13 66 88 14112 918 459 459 14 2 2 2
13 66 91 14112 918 459 459 14 2 2 2
13 66 92 28224 918 459 459 14 2 2 3
13 66 93 28224 918 459 459 14 2 2 3
13 66 94 28224 918 459 459 14 2 2 3
13 66 95 28224 918 459 459 14 2 2 3
13 66 96 14112 918 459 459 14 2 2 2
13 66 98 28224 918 459 459 14 2 2 3
13 66 99 28224 918 459 459 14 2 2 3
13 66 100 14112 918 459 459 14 2 2 2
13 66 102 28224 918 459 459 14 2 2 3
13 66 103 28224 918 459 459 14 2 2 3
13 66 104 14112 918 459 459 14 2 2 2
13 66 106 28224 918 459 459 14 2 2 3
13 66 107 28224 918 459 459 14 2 2 3
13 66 109 14112 918 459 459 14 2 2 2
13 66 110 28224 918 459 459 14 2 2 3
13 66 111 28224 918 459 459 14 2 2 3
13 66 112 14112 918 459 459 14 2 2 2
13 66 114 28224 918 459 459 14 2 2 3
13 66 115 28224 918 459 459 14 2 2 3
13 66 116 28224 918 459 459 14 2 2 3
13 66 117 28224 918 459 459 14 2 2 3
13 66 118 14112 918 459 459 14 2 2 2
13 66 120 14112 918 459 459 14 2 2 2
13 66 122 28224 918 459 459 14 2 2 3
13 66 123 28224 918 459 459 14 2 2 3
13 66 124 28224 918 459 459 14 2 2 3
13 66 125 28224 918 459 459 14 2 2 3
13 66 127 14112 918 459 459 14 2 2 2
13 66 128 7056 918 459 459 14 2 2 1
13 66 129 14112 918 459 459 14 2 2 2
13 66 132 14112 918 459 459 14 2 2 2
13 66 133 14112 918 459 459 14 2 2 2
13 66 134 14112 918 459 459 14 2 2 2
13 66 135 14112 918 459 459 14 2 2 2
13 66 136 14112 918 459 459 14 2 2 2
13 66 137 14112 918 459 459 14 2 2 2
13 66 140 28224 918 459 459 14 2 2 3
13 66 141 28224 918 459 459 14 2 2 3
13 66 142 28224 918 459 459 14 2 2 3
13 66 143 28224 918 459 459 14 2 2 3
13 66 160 14112 918 459 459 14 2 2 2
13 66 161 28224 918 459 459 14 2 2 3
13 66 164 14112 918 459 459 14 2 2 2
13 66 165 28224 918 459 459 14 2 2 3
13 66 168 14112 918 459 459 14 2 2 2
13 66 169 28224 918 459 459 14 2 2 3
13 66 172 28224 918 459 459 14 2 2 3
13 66 173 14112 918 459 459 14 2 2 2
13 66 176 14112 918 459 459 14 2 2 2
13 66 177 28224 918 459 459 14 2 2 3
13 66 182 14112 918 459 459 14 2 2 2
13 66 183 28224 918 459 459 14 2 2 3
13 66 184 14112 918 459 459 14 2 2 2
13 66 185 28224 918 459 459 14 2 2 3
13 66 190 28224 918 459 459 14 2 2 3
13 66 191 14112 918 459 459 14 2 2 2
13 66 192 7056 918 459 459 14 2 2 1
13 66 196 14112 918 459 459 14 2 2 2
13 66 197 14112 918 459 459 14 2 2 2
13 66 198 14112 918 459 459 14 2 2 2
13 66 199 14112 918 459 459 14 2 2 2
13 66 224 14112 918 459 459 14 2 2 2
13 66 228 14112 918 459 459 14 2 2 2
13 66 232 14112 918 459 459 14 2 2 2
13 66 237 14112 918 459 459 14 2 2 2
13 66 240 14112 918 459 459 14 2 2 2
13 66 246 14112 918 459 459 14 2 2 2
13 66 248 14112 918 459 459 14 2 2 2
13 66 255 14112 918 459 459 14 2 2 2
13 66 256 7056 918 459 459 14 2 2 1
13 66 257 14112 918 459 459 14 2 2 2
13 66 258 14112 918 459 459 14 2 2 2
13 66 259 14112 918 459 459 14 2 2 2
13 66 264 14112 918 459 459 14 2 2 2
13 66 265 14112 918 459 459 14 2 2 2
13 66 266 28224 918 459 459 14 2 2 3
13 66 267 28224 918 459 459 14 2 2 3
13 66 272 14112 918 459 459 14 2 2 2
13 66 273 28224 918 459 459 14 2 2 3
13 66 274 14112 918 459 459 14 2 2 2
13 66 275 28224 918 459 459 14 2 2 3
13 66 280 14112 918 459 459 14 2 2 2
13 66 281 28224 918 459 459 14 2 2 3
13 66 282 28224 918 459 459 14 2 2 3
13 66 283 14112 918 459 459 14 2 2 2
13 66 320 7056 918 459 459 14 2 2 1
13 66 322 14112 918 459 459 14 2 2 2
13 66 323 14112 918 459 459 14 2 2 2
13 66 336 14112 918 459 459 14 2 2 2
13 66 338 14112 918 459 459 14 2 2 2
13 66 344 14112 918 459 459 14 2 2 2
13 66 347 14112 918 459 459 14 2 2 2
13 66 384 7056 918 459 459 14 2 2 1
13 66 385 14112 918 459 459 14 2 2 2
13 66 392 14112 918 459 459 14 2 2 2
13 66 393 14112 918 459 459 14 2 2 2
13 66 448 7056 918 459 459 14 2 2 1
13 80 1 14112 918 459 459 14 2 2 1
13 80 2 14112 918 459 459 14 2 2 1
13 80 3 14112 918 459 459 14 2 2 1
13 80 4 14112 918 459 459 14 2 2 1
13 80 5 14112 918 459 459 14 2 2 1
13 80 6 14112 918 459 459 14 2 2 1
13 80 7 14112 918 459 459 14 2 2 1
13 80 8 7056 918 459 459 14 2 2 1
13 80 10 28224 918 459 459 14 2 2 2
13 80 11 28224 918 459 459 14 2 2 2
13 80 12 28224 918 459 459 14 2 2 2
13 80 13 28224 918 459 459 14 2 2 2
13 80 14 28224 918 459 459 14 2 2 2
13 80 15 28224 918 459 459 14 2 2 2
13 80 16 14112 918 459 459 14 2 2 1
13 80 17 28224 918 459 459 14 2 2 2
13 80 20 14112 918 459 459 14 2 2 2
13 80 21 28224 918 459 459 14 2 2 2
13 80 22 28224 918 459 459 14 2 2 2
13 80 23 28224 918 459 459 14 2 2 2
13 80 24 14112 918 459 459 14 2 2 1
13 80 25 28224 918 459 459 14 2 2 2
13 80 28 14112 918 459 459 14 2 2 2
13 80 30 28224 918 459 459 14 2 2 2
13 80 31 28224 918 459 459 14 2 2 2
13 80 32 7056 918 459 459 14 2 2 1
13 80 33 28224 918 459 459 14 2 2 2
13 80 38 28224 918 459 459 14 2 2 2
13 80 39 28224 918 459 459 14 2 2 2
13 80 40 7056 918 459 459 14 2 2 1
13 80 46 28224 918 459 459 14 2 2 2
13 80 47 28224 918 459 459 14 2 2 2
13 80 52 14112 918 459 459 14 2 2 2
13 80 53 28224 918 459 459 14 2 2 2
13 80 60 14112 918 459 459 14 2 2 2
13 80 64 3528 918 459 459 14 2 2 1
13 80 66 14112 918 459 459 14 2 2 2
13 80 67 14112 918 459 459 14 2 2 2
13 80 68 14112 918 459 459 14 2 2 2
13 80 69 14112 918 459 459 14 2 2 2
13 80 70 14112 918 459 459 14 2 2 2
13 80 71 14112 918 459 459 14 2 2 2
13 80 80 14112 918 459 459 14 2 2 2
13 80 84 14112 918 459 459 14 2 2 3
13 80 85 28224 918 459 459 14 2 2 3
13 80 86 28224 918 459 459 14 2 2 3
13 80 87 28224 918 459 459 14 2 2 3
13 80 88 14112 918 459 459 14 2 2 2
13 80 92 14112 918 459 459 14 2 2 3
13 80 94 28224 918 459 459 14 2 2 3
13 80 95 28224 918 459 459 14 2 2 3
13 80 96 7056 918 459 459 14 2 2 2
13 80 102 28224 918 459 459 14 2 2 3
13 80 103 28224 918 459 459 14 2 2 3
13 80 104 7056 918 459 459 14 2 2 2
13 80 110 28224 918 459 459 14 2 2 3
13 80 111 28224 918 459 459 14 2 2 3
13 80 116 14112 918 459 459 14 2 2 3
13 80 117 28224 918 459 459 14 2 2 3
13 80 124 14112 918 459 459 14 2 2 3
13 80 128 7056 918 459 459 14 2 2 1
13 80 129 14112 918 459 459 14 2 2 2
13 80 132 14112 918 459 459 14 2 2 2
13 80 133 14112 918 459 459 14 2 2 2
13 80 134 14112 918 459 459 14 2 2 2
13 80 135 14112 918 459 459 14 2 2 2
13 80 136 14112 918 459 459 14 2 2 2
13 80 137 14112 918 459 459 14 2 2 2
13 80 140 28224 918 459 459 14 2 2 3
13 80 141 28224 918 459 459 14 2 2 3
13 80 142 28224 918 459 459 14 2 2 3
13 80 143 28224 918 459 459 14 2 2 3
13 80 160 7056 918 459 459 14 2 2 2
13 80 161 28224 918 459 459 14 2 2 3
13 80 168 14112 918 459 459 14 2 2 2
13 80 173 14112 918 459 459 14 2 2 2
13 80 176 14112 918 459 459 14 2 2 2
13 80 177 28224 918 459 459 14 2 2 3
13 80 182 14112 918 459 459 14 2 2 2
13 80 183 28224 918 459 459 14 2 2 3
13 80 184 14112 918 459 459 14 2 2 2
13 80 185 28224 918 459 459 14 2 2 3
13 80 190 28224 918 459 459 14 2 2 3
13 80 191 14112 918 459 459 14 2 2 2
13 80 192 7056 918 459 459 14 2 2 1
13 80 196 14112 918 459 459 14 2 2 2
13 80 198 14112 918 459 459 14 2 2 2
13 80 199 14112 918 459 459 14 2 2 2
13 80 224 7056 918 459 459 14 2 2 2
13 80 240 14112 918 459 459 14 2 2 2
13 80 246 14112 918 459 459 14 2 2 2
13 80 248 14112 918 459 459 14 2 2 2
13 80 255 14112 918 459 459 14 2 2 2
13 80 256 3528 918 459 459 14 2 2 1
13 80 257 14112 918 459 459 14 2 2 2
13 80 264 7056 918 459 459 14 2 2 2
13 80 320 3528 918 459 459 14 2 2 1
13 81 1 14112 918 459 459 14 2 2 1
13 81 2 14112 918 459 459 14 2 2 1
13 81 3 14112 918 459 459 14 2 2 1
13 81 4 14112 918 459 459 14 2 2 1
13 81 5 14112 918 459 459 14 2 2 1
13 81 6 14112 918 459 459 14 2 2 1
13 81 7 14112 918 459 459 14 2 2 1
13 81 8 7056 918 459 459 14 2 2 1
13 81 10 28224 918 459 459 14 2 2 2
13 81 11 28224 918 459 459 14 2 2 2
13 81 12 28224 918 459 459 14 2 2 2
13 81 13 28224 918 459 459 14 2 2 2
13 81 14 28224 918 459 459 14 2 2 2
13 81 15 28224 918 459 459 14 2 2 2
13 81 16 14112 918 459 459 14 2 2 1
13 81 17 28224 918 459 459 14 2 2 2
13 81 20 14112 918 459 459 14 2 2 2
13 81 21 28224 918 459 459 14 2 2 2
13 81 22 28224 918 459 459 14 2 2 2
13 81 23 28224 918 459 459 14 2 2 2
13 81 24 14112 918 459 459 14 2 2 1
13 81 25 28224 918 459 459 14 2 2 2
13 81 28 14112 918 459 459 14 2 2 2
13 81 30 28224 918 459 459 14 2 2 2
13 81 31 28224 918 459 459 14 2 2 2
13 81 32 7056 918 459 459 14 2 2 1
13 81 33 28224 918 459 459 14 2 2 2
13 81 38 28224 918 459 459 14 2 2 2
13 81 39 28224 918 459 459 14 2 2 2
13 81 40 7056 918 459 459 14 2 2 1
13 81 46 28224 918 459 459 14 2 2 2
13 81 47 28224 918 459 459 14 2 2 2
13 81 52 14112 918 459 459 14 2 2 2
13 81 53 28224 918 459 459 14 2 2 2
13 81 60 14112 918 459 459 14 2 2 2
13 81 64 3528 918 459 459 14 2 2 1
13 81 66 14112 918 459 459 14 2 2 2
13 81 67 14112 918 459 459 14 2 2 2
13 81 68 14112 918 459 459 14 2 2 2
13 81 69 14112 918 459 459 14 2 2 2
13 81 70 14112 918 459 459 14 2 2 2
13 81 71 14112 918 459 459 14 2 2 2
13 81 80 14112 918 459 459 14 2 2 2
13 81 84 14112 918 459 459 14 2 2 3
13 81 85 28224 918 459 459 14 2 2 3
13 81 86 28224 918 459 459 14 2 2 3
13 81 87 28224 918 459 459 14 2 2 3
13 81 88 14112 918 459 459 14 2 2 2
13 81 92 14112 918 459 459 14 2 2 3
13 81 94 28224 918 459 459 14 2 2 3
13 81 95 28224 918 459 459 14 2 2 3
13 81 96 7056 918 459 459 14 2 2 2
13 81 102 28224 918 459 459 14 2 2 3
13 81 103 28224 918 459 459 14 2 2 3
13 81 104 7056 918 459 459 14 2 2 2
13 81 110 28224 918 459 459 14 2 2 3
13 81 111 28224 918 459 459 14 2 2 3
13 81 116 14112 918 459 459 14 2 2 3
13 81 117 28224 918 459 459 14 2 2 3
13 81 124 14112 918 459 459 14 2 2 3
13 81 128 7056 918 459 459 14 2 2 1
13 81 129 14112 918 459 459 14 2 2 2
13 81 132 14112 918 459 459 14 2 2 2
13 81 133 14112 918 459 459 14 2 2 2
13 81 134 14112 918 459 459 14 2 2 2
13 81 135 14112 918 459 459 14 2 2 2
13 81 136 14112 918 459 459 14 2 2 2
13 81 137 14112 918 459 459 14 2 2 2
13 81 140 28224 918 459 459 14 2 2 3
13 81 141 28224 918 459 459 14 2 2 3
13 81 142 28224 918 459 459 14 2 2 3
13 81 143 28224 918 459 459 14 2 2 3
13 81 160 7056 918 459 459 14 2 2 2
13 81 161 28224 918 459 459 14 2 2 3
13 81 168 14112 918 459 459 14 2 2 2
13 81 173 14112 918 459 459 14 2 2 2
13 81 176 14112 918 459 459 14 2 2 2
13 81 177 28224 918 459 459 14 2 2 3
13 81 182 14112 918 459 459 14 2 2 2
13 81 183 28224 918 459 459 14 2 2 3
13 81 184 14112 918 459 459 14 2 2 2
13 81 185 28224 918 459 459 14 2 2 3
13 81 190 28224 918 459 459 14 2 2 3
13 81 191 14112 918 459 459 14 2 2 2
13 81 192 7056 918 459 459 14 2 2 1
13 81 196 14112 918 459 459 14 2 2 2
13 81 198 14112 918 459 459 14 2 2 2
13 81 199 14112 918 459 459 14 2 2 2
13 81 224 7056 918 459 459 14 2 2 2
13 81 240 14112 918 459 459 14 2 2 2
13 81 246 14112 918 459 459 14 2 2 2
13 81 248 14112 918 459 459 14 2 2 2
13 81 255 14112 918 459 459 14 2 2 2
13 81 256 3528 918 459 459 14 2 2 1
13 81 257 14112 918 459 459 14 2 2 2
13 81 264 7056 918 459 459 14 2 2 2
13 81 320 3528 918 459 459 14 2 2 1
13 82 1 14112 918 459 459 14 2 2 1
13 82 2 14112 918 459 459 14 2 2 1
13 82 3 14112 918 459 459 14 2 2 1
13 82 4 14112 918 459 459 14 2 2 1
13 82 5 14112 918 459 459 14 2 2 1
13 82 6 14112 918 459 459 14 2 2 1
13 82 7 14112 918 459 459 14 2 2 1
13 82 8 14112 918 459 459 14 2 2 1
13 82 9 14112 918 459 459 14 2 2 1
13 82 10 28224 918 459 459 14 2 2 2
13 82 11 28224 918 459 459 14 2 2 2
13 82 12 28224 918 459 459 14 2 2 2
13 82 13 28224 918 459 459 14 2 2 2
13 82 14 28224 918 459 459 14 2 2 2
13 82 15 28224 918 459 459 14 2 2 2
13 82 16 14112 918 459 459 14 2 2 1
13 82 17 28224 918 459 459 14 2 2 2
13 82 18 14112 918 459 459 14 2 2 1
13 82 19 28224 918 459 459 14 2 2 2
13 82 20 28224 918 459 459 14 2 2 2
13 82 21 28224 918 459 459 14 2 2 2
13 82 22 28224 918 459 459 14 2 2 2
13 82 23 28224 918 459 459 14 2 2 2
13 82 24 14112 918 459 459 14 2 2 1
13 82 25 28224 918 459 459 14 2 2 2
13 82 26 28224 918 459 459 14 2 2 2
13 82 27 14112 918 459 459 14 2 2 1
13 82 28 28224 918 459 459 14 2 2 2
13 82 29 28224 918 459 459 14 2 2 2
13 82 30 28224 918 459 459 14 2 2 2
13 82 31 28224 918 459 459 14 2 2 2
13 82 32 14112 918 459 459 14 2 2 1
13 82 33 28224 918 459 459 14 2 2 2
13 82 34 28224 918 459 459 14 2 2 2
13 82 35 28224 918 459 459 14 2 2 2
13 82 36 14112 918 459 459 14 2 2 1
13 82 37 28224 918 459 459 14 2 2 2
13 82 38 28224 918 459 459 14 2 2 2
13 82 39 28224 918 459 459 14 2 2 2
13 82 40 14112 918 459 459 14 2 2 1
13 82 41 28224 918 459 459 14 2 2 2
13 82 42 28224 918 459 459 14 2 2 2
13 82 43 28224 918 459 459 14 2 2 2
13 82 44 28224 918 459 459 14 2 2 2
13 82 45 14112 918 459 459 14 2 2 1
13 82 46 28224 918 459 459 14 2 2 2
13 82 47 28224 918 459 459 14 2 2 2
13 82 48 14112 918 459 459 14 2 2 1
13 82 49 28224 918 459 459 14 2 2 2
13 82 50 28224 918 459 459 14 2 2 2
13 82 51 28224 918 459 459 14 2 2 2
13 82 52 28224 918 459 459 14 2 2 2
13 82 53 28224 918 459 459 14 2 2 2
13 82 54 14112 918 459 459 14 2 2 1
13 82 55 28224 918 459 459 14 2 2 2
13 82 56 14112 918 459 459 14 2 2 1
13 82 57 28224 918 459 459 14 2 2 2
13 82 58 28224 918 459 459 14 2 2 2
13 82 59 28224 918 459 459 14 2 2 2
13 82 60 28224 918 459 459 14 2 2 2
13 82 61 28224 918 459 459 14 2 2 2
13 82 62 28224 918 459 459 14 2 2 2
13 82 63 14112 918 459 459 14 2 2 1
13 82 64 7056 918 459 459 14 2 2 1
13 82 66 14112 918 459 459 14 2 2 2
13 82 67 14112 918 459 459 14 2 2 2
13 82 68 14112 918 459 459 14 2 2 2
13 82 69 14112 918 459 459 14 2 2 2
13 82 70 14112 918 459 459 14 2 2 2
13 82 71 14112 918 459 459 14 2 2 2
13 82 80 14112 918 459 459 14 2 2 2
13 82 82 14112 918 459 459 14 2 2 2
13 82 84 28224 918 459 459 14 2 2 3
13 82 85 28224 918 459 459 14 2 2 3
13 82 86 28224 918 459 459 14 2 2 3
13 82 87 28224 918 459 459 14 2 2 3
13 82 88 14112 918 459 459 14 2 2 2
13 82 91 14112 918 459 459 14 2 2 2
13 82 92 28224 918 459 459 14 2 2 3
13 82 93 28224 918 459 459 14 2 2 3
13 82 94 28224 918 459 459 14 2 2 3
13 82 95 28224 918 459 459 14 2 2 3
13 82 96 14112 918 459 459 14 2 2 2
13 82 98 28224 918 459 459 14 2 2 3
13 82 99 28224 918 459 459 14 2 2 3
13 82 100 14112 918 459 459 14 2 2 2
13 82 102 28224 918 459 459 14 2 2 3
13 82 103 28224 918 459 459 14 2 2 3
13 82 104 14112 918 459 459 14 2 2 2
13 82 106 28224 918 459 459 14 2 2 3
13 82 107 28224 918 459 459 14 2 2 3
13 82 109 14112 918 459 459 14 2 2 2
13 82 110 28224 918 459 459 14 2 2 3
13 82 111 28224 918 459 459 14 2 2 3
13 82 112 14112 918 459 459 14 2 2 2
13 82 114 28224 918 459 459 14 2 2 3
13 82 115 28224 918 459 459 14 2 2 3
13 82 116 28224 918 459 459 14 2 2 3
13 82 117 28224 918 459 459 14 2 2 3
13 82 118 14112 918 459 459 14 2 2 2
13 82 120 14112 918 459 459 14 2 2 2
13 82 122 28224 918 459 459 14 2 2 3
13 82 123 28224 918 459 459 14 2 2 3
13 82 124 28224 918 459 459 14 2 2 3
13 82 125 28224 918 459 459 14 2 2 3
13 82 127 14112 918 459 459 14 2 2 2
13 82 128 7056 918 459 459 14 2 2 1
13 82 129 14112 918 459 459 14 2 2 2
13 82 132 14112 918 459 459 14 2 2 2
13 82 133 14112 918 459 459 14 2 2 2
13 82 134 14112 918 459 459 14 2 2 2
13 82 135 14112 918 459 459 14 2 2 2
13 82 136 14112 918 459 459 14 2 2 2
13 82 137 14112 918 459 459 14 2 2 2
13 82 140 28224 918 459 459 14 2 2 3
13 82 141 28224 918 459 459 14 2 2 3
13 82 142 28224 918 459 459 14 2 2 3
13 82 143 28224 918 459 459 14 2 2 3
13 82 160 14112 918 459 459 14 2 2 2
13 82 161 28224 918 459 459 14 2 2 3
13 82 164 14112 918 459 459 14 2 2 2
13 82 165 28224 918 459 459 14 2 2 3
13 82 168 14112 918 459 459 14 2 2 2
13 82 169 28224 918 459 459 14 2 2 3
13 82 172 28224 918 459 459 14 2 2 3
13 82 173 14112 918 459 459 14 2 2 2
13 82 176 14112 918 459 459 14 2 2 2
13 82 177 28224 918 459 459 14 2 2 3
13 82 182 14112 918 459 459 14 2 2 2
13 82 183 28224 918 459 459 14 2 2 3
13 82 184 14112 918 459 459 14 2 2 2
13 82 185 28224 918 459 459 14 2 2 3
13 82 190 28224 918 459 459 14 2 2 3
13 82 191 14112 918 459 459 14 2 2 2
13 82 192 7056 918 459 459 14 2 2 1
13 82 196 14112 918 459 459 14 2 2 2
13 82 197 14112 918 459 459 14 2 2 2
13 82 198 14112 918 459 459 14 2 2 2
13 82 199 14112 918 459 459 14 2 2 2
13 82 224 14112 918 459 459 14 2 2 2
13 82 228 14112 918 459 459 14 2 2 2
13 82 232 14112 918 459 459 14 2 2 2
13 82 237 14112 918 459 459 14 2 2 2
13 82 240 14112 918 459 459 14 2 2 2
13 82 246 14112 918 459 459 14 2 2 2
13 82 248 14112 918 459 459 14 2 2 2
13 82 255 14112 918 459 459 14 2 2 2
13 82 256 7056 918 459 459 14 2 2 1
13 82 257 14112 918 459 459 14 2 2 2
13 82 258 14112 918 459 459 14 2 2 2
13 82 259 14112 918 459 459 14 2 2 2
13 82 264 14112 918 459 459 14 2 2 2
13 82 265 14112 918 459 459 14 2 2 2
13 82 266 28224 918 459 459 14 2 2 3
13 82 267 28224 918 459 459 14 2 2 3
13 82 272 14112 918 459 459 14 2 2 2
13 82 273 28224 918 459 459 14 2 2 3
13 82 274 14112 918 459 459 14 2 2 2
13 82 275 28224 918 459 459 14 2 2 3
13 82 280 14112 918 459 459 14 2 2 2
13 82 281 28224 918 459 459 14 2 2 3
13 82 282 28224 918 459 459 14 2 2 3
13 82 283 14112 918 459 459 14 2 2 2
13 82 320 7056 918 459 459 14 2 2 1
13 82 322 14112 918 459 459 14 2 2 2
13 82 323 14112 918 459 459 14 2 2 2
13 82 336 14112 918 459 459 14 2 2 2
13 82 338 14112 918 459 459 14 2 2 2
13 82 344 14112 918 459 459 14 2 2 2
13 82 347 14112 918 459 459 14 2 2 2
13 82 384 7056 918 459 459 14 2 2 1
13 82 385 14112 918 459 459 14 2 2 2
13 82 392 14112 918 459 459 14 2 2 2
13 82 393 14112 918 459 459 14 2 2 2
13 82 448 7056 918 459 459 14 2 2 1
13 84 1 28224 918 459 459 14 2 3 1
13 84 2 28224 918 459 459 14 2 3 1
13 84 3 28224 918 459 459 14 2 3 1
13 84 4 28224 918 459 459 14 2 3 1
13 84 5 28224 918 459 459 14 2 3 1
13 84 6 28224 918 459 459 14 2 3 1
13 84 7 28224 918 459 459 14 2 3 1
13 84 8 14112 918 459 459 14 2 3 1
13 84 10 28224 918 459 459 14 2 3 2
13 84 11 28224 918 459 459 14 2 3 2
13 84 12 28224 918 459 459 14 2 3 2
13 84 13 28224 918 459 459 14 2 3 2
13 84 14 28224 918 459 459 14 2 3 2
13 84 15 28224 918 459 459 14 2 3 2
13 84 16 28224 918 459 459 14 2 3 1
13 84 17 28224 918 459 459 14 2 3 2
13 84 20 14112 918 459 459 14 2 3 2
13 84 21 28224 918 459 459 14 2 3 2
13 84 22 28224 918 459 459 14 2 3 2
13 84 23 28224 918 459 459 14 2 3 2
13 84 24 28224 918 459 459 14 2 3 1
13 84 25 28224 918 459 459 14 2 3 2
13 84 28 14112 918 459 459 14 2 3 2
13 84 30 28224 918 459 459 14 2 3 2
13 84 31 28224 918 459 459 14 2 3 2
13 84 32 14112 918 459 459 14 2 3 1
13 84 33 28224 918 459 459 14 2 3 2
13 84 38 28224 918 459 459 14 2 3 2
13 84 39 28224 918 459 459 14 2 3 2
13 84 40 14112 918 459 459 14 2 3 1
13 84 46 28224 918 459 459 14 2 3 2
13 84 47 28224 918 459 459 14 2 3 2
13 84 52 14112 918 459 459 14 2 3 2
13 84 53 28224 918 459 459 14 2 3 2
13 84 60 14112 918 459 459 14 2 3 2
13 84 64 14112 918 459 459 14 2 3 1
13 84 65 28224 918 459 459 14 2 3 1
13 84 66 28224 918 459 459 14 2 3 2
13 84 67 28224 918 459 459 14 2 3 2
13 84 68 28224 918 459 459 14 2 3 2
13 84 69 28224 918 459 459 14 2 3 2
13 84 70 28224 918 459 459 14 2 3 2
13 84 71 28224 918 459 459 14 2 3 2
13 84 72 14112 918 459 459 14 2 3 1
13 84 74 28224 918 459 459 14 2 3 2
13 84 75 28224 918 459 459 14 2 3 2
13 84 76 28224 918 459 459 14 2 3 2
13 84 77 28224 918 459 459 14 2 3 2
13 84 78 28224 918 459 459 14 2 3 2
13 84 79 28224 918 459 459 14 2 3 2
13 84 80 28224 918 459 459 14 2 3 2
13 84 81 28224 918 459 459 14 2 3 2
13 84 84 14112 918 459 459 14 2 3 3
13 84 85 28224 918 459 459 14 2 3 3
13 84 86 28224 918 459 459 14 2 3 3
13 84 87 28224 918 459 459 14 2 3 3
13 84 88 28224 918 459 459 14 2 3 2
13 84 89 28224 918 459 459 14 2 3 2
13 84 92 14112 918 459 459 14 2 3 3
13 84 94 28224 918 459 459 14 2 3 3
13 84 95 28224 918 459 459 14 2 3 3
13 84 96 14112 918 459 459 14 2 3 2
13 84 97 28224 918 459 459 14 2 3 2
13 84 102 28224 918 459 459 14 2 3 3
13 84 103 28224 918 459 459 14 2 3 3
13 84 104 14112 918 459 459 14 2 3 2
13 84 110 28224 918 459 459 14 2 3 3
13 84 111 28224 918 459 459 14 2 3 3
13 84 116 14112 918 459 459 14 2 3 3
13 84 117 28224 918 459 459 14 2 3 3
13 84 124 14112 918 459 459 14 2 3 3
13 84 128 28224 918 459 459 14 2 3 1
13 84 129 28224 918 459 459 14 2 3 2
13 84 130 28224 918 459 459 14 2 3 1
13 84 131 28224 918 459 459 14 2 3 2
13 84 132 28224 918 459 459 14 2 3 2
13 84 133 28224 918 459 459 14 2 3 2
13 84 134 28224 918 459 459 14 2 3 2
13 84 135 28224 918 459 459 14 2 3 2
13 84 136 28224 918 459 459 14 2 3 2
13 84 137 28224 918 459 459 14 2 3 2
13 84 138 28224 918 459 459 14 2 3 2
13 84 139 28224 918 459 459 14 2 3 2
13 84 140 28224 918 459 459 14 2 3 3
13 84 141 28224 918 459 459 14 2 3 3
13 84 142 28224 918 459 459 14 2 3 3
13 84 143 28224 918 459 459 14 2 3 3
13 84 144 28224 918 459 459 14 2 3 1
13 84 145 28224 918 459 459 14 2 3 2
13 84 146 28224 918 459 459 14 2 3 1
13 84 147 28224 918 459 459 14 2 3 2
13 84 148 28224 918 459 459 14 2 3 2
13 84 149 28224 918 459 459 14 2 3 2
13 84 150 28224 918 459 459 14 2 3 2
13 84 151 28224 918 459 459 14 2 3 2
13 84 152 28224 918 459 459 14 2 3 2
13 84 153 28224 918 459 459 14 2 3 2
13 84 154 28224 918 459 459 14 2 3 2
13 84 155 28224 918 459 459 14 2 3 2
13 84 156 28224 918 459 459 14 2 3 3
13 84 157 28224 918 459 459 14 2 3 3
13 84 158 28224 918 459 459 14 2 3 3
13 84 159 28224 918 459 459 14 2 3 3
13 84 160 28224 918 459 459 14 2 3 2
13 84 161 28224 918 459 459 14 2 3 3
13 84 162 28224 918 459 459 14 2 3 2
13 84 163 28224 918 459 459 14 2 3 3
13 84 164 28224 918 459 459 14 2 3 2
13 84 165 28224 918 459 459 14 2 3 3
13 84 166 28224 918 459 459 14 2 3 2
13 84 167 28224 918 459 459 14 2 3 3
13 84 168 28224 918 459 459 14 2 3 2
13 84 169 28224 918 459 459 14 2 3 3
13 84 170 28224 918 459 459 14 2 3 2
13 84 171 28224 918 459 459 14 2 3 3
13 84 172 28224 918 459 459 14 2 3 3
13 84 173 28224 918 459 459 14 2 3 2
13 84 174 28224 918 459 459 14 2 3 3
13 84 175 28224 918 459 459 14 2 3 2
13 84 176 28224 918 459 459 14 2 3 2
13 84 177 28224 918 459 459 14 2 3 3
13 84 178 28224 918 459 459 14 2 3 2
13 84 179 28224 918 459 459 14 2 3 3
13 84 180 28224 918 459 459 14 2 3 2
13 84 181 28224 918 459 459 14 2 3 3
13 84 182 28224 918 459 459 14 2 3 2
13 84 183 28224 918 459 459 14 2 3 3
13 84 184 28224 918 459 459 14 2 3 2
13 84 185 28224 918 459 459 14 2 3 3
13 84 186 28224 918 459 459 14 2 3 2
13 84 187 28224 918 459 459 14 2 3 3
13 84 188 28224 918 459 459 14 2 3 3
13 84 189 28224 918 459 459 14 2 3 2
13 84 190 28224 918 459 459 14 2 3 3
13 84 191 28224 918 459 459 14 2 3 2
13 84 192 28224 918 459 459 14 2 3 1
13 84 193 28224 918 459 459 14 2 3 2
13 84 194 28224 918 459 459 14 2 3 2
13 84 195 28224 918 459 459 14 2 3 1
13 84 196 28224 918 459 459 14 2 3 2
13 84 197 28224 918 459 459 14 2 3 2
13 84 198 28224 918 459 459 14 2 3 2
13 84 199 28224 918 459 459 14 2 3 2
13 84 200 28224 918 459 459 14 2 3 2
13 84 201 28224 918 459 459 14 2 3 2
13 84 202 28224 918 459 459 14 2 3 2
13 84 203 28224 918 459 459 14 2 3 2
13 84 204 28224 918 459 459 14 2 3 3
13 84 205 28224 918 459 459 14 2 3 3
13 84 206 28224 918 459 459 14 2 3 3
13 84 207 28224 918 459 459 14 2 3 3
13 84 208 28224 918 459 459 14 2 3 2
13 84 209 28224 918 459 459 14 2 3 2
13 84 210 28224 918 459 459 14 2 3 2
13 84 211 28224 918 459 459 14 2 3 2
13 84 212 28224 918 459 459 14 2 3 3
13 84 213 28224 918 459 459 14 2 3 3
13 84 214 28224 918 459 459 14 2 3 3
13 84 215 28224 918 459 459 14 2 3 3
13 84 216 28224 918 459 459 14 2 3 1
13 84 217 28224 918 459 459 14 2 3 2
13 84 218 28224 918 459 459 14 2 3 2
13 84 219 28224 918 459 459 14 2 3 1
13 84 220 28224 918 459 459 14 2 3 2
13 84 221 28224 918 459 459 14 2 3 2
13 84 222 28224 918 459 459 14 2 3 2
13 84 223 28224 918 459 459 14 2 3 2
13 84 224 28224 918 459 459 14 2 3 2
13 84 225 28224 918 459 459 14 2 3 3
13 84 226 28224 918 459 459 14 2 3 3
13 84 227 28224 918 459 459 14 2 3 2
13 84 228 28224 918 459 459 14 2 3 2
13 84 229 28224 918 459 459 14 2 3 3
13 84 230 28224 918 459 459 14 2 3 3
13 84 231 28224 918 459 459 14 2 3 2
13 84 232 28224 918 459 459 14 2 3 2
13 84 233 28224 918 459 459 14 2 3 3
13 84 234 28224 918 459 459 14 2 3 3
13 84 235 28224 918 459 459 14 2 3 2
13 84 236 28224 918 459 459 14 2 3 3
13 84 237 28224 918 459 459 14 2 3 2
13 84 238 28224 918 459 459 14 2 3 2
13 84 239 28224 918 459 459 14 2 3 3
13 84 240 28224 918 459 459 14 2 3 2
13 84 241 28224 918 459 459 14 2 3 3
13 84 242 28224 918 459 459 14 2 3 3
13 84 243 28224 918 459 459 14 2 3 2
13 84 244 28224 918 459 459 14 2 3 3
13 84 245 28224 918 459 459 14 2 3 2
13 84 246 28224 918 459 459 14 2 3 2
13 84 247 28224 918 459 459 14 2 3 3
13 84 248 28224 918 459 459 14 2 3 2
13 84 249 28224 918 459 459 14 2 3 3
13 84 250 28224 918 459 459 14 2 3 3
13 84 251 28224 918 459 459 14 2 3 2
13 84 252 28224 918 459 459 14 2 3 2
13 84 253 28224 918 459 459 14 2 3 3
13 84 254 28224 918 459 459 14 2 3 3
13 84 255 28224 918 459 459 14 2 3 2
13 84 256 14112 918 459 459 14 2 3 1
13 84 257 28224 918 459 459 14 2 3 2
13 84 258 28224 918 459 459 14 2 3 2
13 84 259 28224 918 459 459 14 2 3 2
13 84 260 28224 918 459 459 14 2 3 1
13 84 261 28224 918 459 459 14 2 3 2
13 84 262 28224 918 459 459 14 2 3 2
13 84 263 28224 918 459 459 14 2 3 2
13 84 264 14112 918 459 459 14 2 3 2
13 84 266 28224 918 459 459 14 2 3 3
13 84 267 28224 918 459 459 14 2 3 3
13 84 268 28224 918 459 459 14 2 3 2
13 84 269 28224 918 459 459 14 2 3 2
13 84 270 28224 918 459 459 14 2 3 3
13 84 271 28224 918 459 459 14 2 3 3
13 84 272 28224 918 459 459 14 2 3 2
13 84 273 28224 918 459 459 14 2 3 3
13 84 276 14112 918 459 459 14 2 3 2
13 84 277 28224 918 459 459 14 2 3 3
13 84 278 28224 918 459 459 14 2 3 2
13 84 279 28224 918 459 459 14 2 3 3
13 84 280 28224 918 459 459 14 2 3 2
13 84 281 28224 918 459 459 14 2 3 3
13 84 284 14112 918 459 459 14 2 3 2
13 84 286 28224 918 459 459 14 2 3 3
13 84 287 28224 918 459 459 14 2 3 2
13 84 288 14112 918 459 459 14 2 3 1
13 84 289 28224 918 459 459 14 2 3 2
13 84 294 28224 918 459 459 14 2 3 2
13 84 295 28224 918 459 459 14 2 3 2
13 84 296 14112 918 459 459 14 2 3 2
13 84 302 28224 918 459 459 14 2 3 3
13 84 303 28224 918 459 459 14 2 3 3
13 84 308 14112 918 459 459 14 2 3 2
13 84 309 28224 918 459 459 14 2 3 3
13 84 316 14112 918 459 459 14 2 3 2
13 84 320 14112 918 459 459 14 2 3 1
13 84 321 28224 918 459 459 14 2 3 2
13 84 322 28224 918 459 459 14 2 3 2
13 84 323 28224 918 459 459 14 2 3 2
13 84 324 28224 918 459 459 14 2 3 2
13 84 325 28224 918 459 459 14 2 3 1
13 84 326 28224 918 459 459 14 2 3 2
13 84 327 28224 918 459 459 14 2 3 2
13 84 328 14112 918 459 459 14 2 3 2
13 84 330 28224 918 459 459 14 2 3 3
13 84 331 28224 918 459 459 14 2 3 3
13 84 332 28224 918 459 459 14 2 3 2
13 84 333 28224 918 459 459 14 2 3 2
13 84 334 28224 918 459 459 14 2 3 3
13 84 335 28224 918 459 459 14 2 3 3
13 84 336 28224 918 459 459 14 2 3 2
13 84 337 28224 918 459 459 14 2 3 3
13 84 340 14112 918 459 459 14 2 3 3
13 84 341 28224 918 459 459 14 2 3 2
13 84 342 28224 918 459 459 14 2 3 3
13 84 343 28224 918 459 459 14 2 3 2
13 84 344 28224 918 459 459 14 2 3 2
13 84 345 28224 918 459 459 14 2 3 3
13 84 348 14112 918 459 459 14 2 3 3
13 84 350 28224 918 459 459 14 2 3 2
13 84 351 28224 918 459 459 14 2 3 3
13 84 352 14112 918 459 459 14 2 3 2
13 84 353 28224 918 459 459 14 2 3 2
13 84 358 28224 918 459 459 14 2 3 3
13 84 359 28224 918 459 459 14 2 3 3
13 84 360 14112 918 459 459 14 2 3 1
13 84 366 28224 918 459 459 14 2 3 2
13 84 367 28224 918 459 459 14 2 3 2
13 84 372 14112 918 459 459 14 2 3 3
13 84 373 28224 918 459 459 14 2 3 2
13 84 380 14112 918 459 459 14 2 3 3
17 1 1 4704 918 459 459 14 2 1 1
17 1 2 2352 918 459 459 14 2 1 1
17 1 4 2352 918 459 459 14 2 1 1
17 1 5 4704 918 459 459 14 2 1 1
17 1 6 2352 918 459 459 14 2 1 1
17 1 8 3528 918 459 459 14 2 1 1
17 1 10 7056 918 459 459 14 2 1 2
17 1 11 14112 918 459 459 14 2 1 2
17 1 12 14112 918 459 459 14 2 1 2
17 1 13 14112 918 459 459 14 2 1 2
17 1 14 14112 918 459 459 14 2 1 2
17 1 15 14112 918 459 459 14 2 1 2
17 1 16 1764 918 459 459 14 2 1 1
17 1 20 7056 918 459 459 14 2 1 2
17 1 21 14112 918 459 459 14 2 1 2
17 1 22 7056 918 459 459 14 2 1 2
17 1 32 1764 918 459 459 14 2 1 1
17 1 33 14112 918 459 459 14 2 1 2
17 1 34 7056 918 459 459 14 2 1 2
17 1 40 3528 918 459 459 14 2 1 1
17 1 42 7056 918 459 459 14 2 1 2
17 1 43 14112 918 459 459 14 2 1 2
17 1 48 1764 918 459 459 14 2 1 1
17 1 80 3528 918 459 459 14 2 1 2
17 1 84 14112 918 459 459 14 2 1 3
17 1 85 28224 918 459 459 14 2 1 3
17 1 86 14112 918 459 459 14 2 1 3
17 1 96 7056 918 459 459 14 2 1 2
17 1 98 14112 918 459 459 14 2 1 3
17 1 99 28224 918 459 459 14 2 1 3
17 1 112 7056 918 459 459 14 2 1 2
17 1 160 3528 918 459 459 14 2 1 2
17 1 168 3528 918 459 459 14 2 1 2
17 10 1 7056 918 459 459 14 2 2 1
17 10 2 14112 918 459 459 14 2 2 1
17 10 4 7056 918 459 459 14 2 2 1
17 10 5 7056 918 459 459 14 2 2 1
17 10 6 14112 918 459 459 14 2 2 1
17 10 10 4704 918 459 459 14 2 2 2
17 10 11 14112 918 459 459 14 2 2 2
17 10 12 28224 918 459 459 14 2 2 2
17 10 14 14112 918 459 459 14 2 2 2
17 10 15 14112 918 459 459 14 2 2 2
17 10 19 9408 918 459 459 14 2 2 2
17 10 20 28224 918 459 459 14 2 2 2
17 10 21 28224 918 459 459 14 2 2 2
17 10 22 28224 918 459 459 14 2 2 2
17 10 23 28224 918 459 459 14 2 2 2
17 10 64 3528 918 459 459 14 2 2 1
17 10 66 14112 918 459 459 14 2 2 2
17 10 68 7056 918 459 459 14 2 2 2
17 10 69 7056 918 459 459 14 2 2 2
17 10 70 14112 918 459 459 14 2 2 2
17 10 80 7056 918 459 459 14 2 2 2
17 10 84 28224 918 459 459 14 2 2 3
17 10 85 28224 918 459 459 14 2 2 3
17 10 86 28224 918 459 459 14 2 2 3
17 10 87 28224 918 459 459 14 2 2 3
17 10 96 14112 918 459 459 14 2 2 2
17 10 98 28224 918 459 459 14 2 2 3
17 10 104 14112 918 459 459 14 2 2 2
17 10 106 14112 918 459 459 14 2 2 3
17 10 112 14112 918 459 459 14 2 2 2
17 10 117 14112 918 459 459 14 2 2 3
17 10 118 14112 918 459 459 14 2 2 2
17 10 256 1176 918 459 459 14 2 2 1
17 10 257 7056 918 459 459 14 2 2 2
17 10 258 14112 918 459 459 14 2 2 2
17 10 266 4704 918 459 459 14 2 2 3
17 10 267 14112 918 459 459 14 2 2 3
17 10 275 9408 918 459 459 14 2 2 3
17 10 320 3528 918 459 459 14 2 2 1
17 10 322 14112 918 459 459 14 2 2 2
17 10 336 7056 918 459 459 14 2 2 2
17 64 1 2352 918 459 459 14 2 1 1
17 64 4 784 912 456 456 14 2 1 1
17 64 5 2352 912 456 456 14 2 1 1
17 64 8 1764 918 459 459 14 2 1 1
17 64 10 7056 918 459 459 14 2 1 2
17 64 12 7056 912 456 456 14 2 1 2
17 64 13 7056 912 456 456 14 2 1 2
17 64 14 14112 912 456 456 14 2 1 2
17 64 32 588 918 459 459 14 2 1 1
17 64 33 7056 918 459 459 14 2 1 2
17 64 40 1764 918 459 459 14 2 1 1
17 64 42 7056 918 459 459 14 2 1 2
17 64 80 1176 918 459 459 14 2 1 2
17 64 84 4704 912 456 456 14 2 1 3
17 64 85 14112 912 456 456 14 2 1 3
17 64 96 3528 918 459 459 14 2 1 2
17 64 98 14112 918 459 459 14 2 1 3
17 64 112 3528 918 459 459 14 2 1 2
17 65 1 4704 918 459 459 14 2 1 1
17 65 2 2352 918 459 459 14 2 1 1
17 65 4 2352 912 456 456 14 2 1 1
17 65 5 4704 912 456 456 14 2 1 1
17 65 6 2352 912 456 456 14 2 1 1
17 65 8 3528 918 459 459 14 2 1 1
17 65 10 7056 918 459 459 14 2 1 2
17 65 11 14112 918 459 459 14 2 1 2
17 65 12 14112 912 456 456 14 2 1 2
17 65 13 14112 912 456 456 14 2 1 2
17 65 14 14112 912 456 456 14 2 1 2
17 65 15 14112 912 456 456 14 2 1 2
17 65 16 1764 918 459 459 14 2 1 1
17 65 20 7056 912 456 456 14 2 1 2
17 65 21 14112 912 456 456 14 2 1 2
17 65 22 7056 912 456 456 14 2 1 2
17 65 32 1764 918 459 459 14 2 1 1
17 65 33 14112 918 459 459 14 2 1 2
17 65 34 7056 918 459 459 14 2 1 2
17 65 40 3528 918 459 459 14 2 1 1
17 65 42 7056 918 459 459 14 2 1 2
17 65 43 14112 918 459 459 14 2 1 2
17 65 48 1764 918 459 459 14 2 1 1
17 65 80 3528 918 459 459 14 2 1 2
17 65 84 14112 912 456 456 14 2 1 3
17 65 85 28224 912 456 456 14 2 1 3
17 65 86 14112 912 456 456 14 2 1 3
17 65 96 7056 918 459 459 14 2 1 2
17 65 98 14112 918 459 459 14 2 1 3
17 65 99 28224 918 459 459 14 2 1 3
17 65 112 7056 918 459 459 14 2 1 2
17 65 160 3528 918 459 459 14 2 1 2
17 65 168 3528 918 459 459 14 2 1 2
17 66 1 14112 918 459 459 14 2 2 1
17 66 2 7056 918 459 459 14 2 2 1
17 66 4 7056 912 456 456 14 2 2 1
17 66 5 14112 912 456 456 14 2 2 1
17 66 6 7056 912 456 456 14 2 2 1
17 66 8 14112 918 459 459 14 2 2 1
17 66 9 14112 918 459 459 14 2 2 1
17 66 10 28224 918 459 459 14 2 2 2
17 66 11 28224 918 459 459 14 2 2 2
17 66 12 28224 912 456 456 14 2 2 2
17 66 13 28224 912 456 456 14 2 2 2
17 66 14 28224 912 456 456 14 2 2 2
17 66 15 28224 912 456 456 14 2 2 2
17 66 16 7056 918 459 459 14 2 2 1
17 66 17 28224 918 459 459 14 2 2 2
17 66 18 7056 918 459 459 14 2 2 1
17 66 20 14112 912 456 456 14 2 2 2
17 66 21 28224 912 456 456 14 2 2 2
17 66 22 14112 912 456 456 14 2 2 2
17 66 32 7056 918 459 459 14 2 2 1
17 66 33 28224 918 459 459 14 2 2 2
17 66 34 14112 918 459 459 14 2 2 2
17 66 36 7056 912 456 456 14 2 2 1
17 66 37 28224 912 456 456 14 2 2 2
17 66 38 14112 912 456 456 14 2 2 2
17 66 40 14112 918 459 459 14 2 2 1
17 66 41 28224 918 459 459 14 2 2 2
17 66 42 28224 918 459 459 14 2 2 2
17 66 43 28224 918 459 459 14 2 2 2
17 66 44 28224 912 456 456 14 2 2 2
17 66 45 14112 912 456 456 14 2 2 1
17 66 46 28224 912 456 456 14 2 2 2
17 66 47 28224 912 456 456 14 2 2 2
17 66 48 7056 918 459 459 14 2 2 1
17 66 49 28224 918 459 459 14 2 2 2
17 66 50 14112 918 459 459 14 2 2 2
17 66 52 14112 912 456 456 14 2 2 2
17 66 53 28224 912 456 456 14 2 2 2
17 66 54 7056 912 456 456 14 2 2 1
17 66 64 7056 918 459 459 14 2 2 1
17 66 66 7056 918 459 459 14 2 2 2
17 66 67 14112 918 459 459 14 2 2 2
17 66 68 14112 912 456 456 14 2 2 2
17 66 69 14112 912 456 456 14 2 2 2
17 66 70 14112 912 456 456 14 2 2 2
17 66 71 14112 912 456 456 14 2 2 2
17 66 80 7056 918 459 459 14 2 2 2
17 66 82 7056 918 459 459 14 2 2 2
17 66 84 14112 912 456 456 14 2 2 3
17 66 85 28224 912 456 456 14 2 2 3
17 66 86 14112 912 456 456 14 2 2 3
17 66 88 14112 918 459 459 14 2 2 2
17 66 91 14112 918 459 459 14 2 2 2
17 66 92 28224 912 456 456 14 2 2 3
17 66 93 28224 912 456 456 14 2 2 3
17 66 94 28224 912 456 456 14 2 2 3
17 66 95 28224 912 456 456 14 2 2 3
17 66 96 14112 918 459 459 14 2 2 2
17 66 98 14112 918 459 459 14 2 2 3
17 66 99 28224 918 459 459 14 2 2 3
17 66 100 14112 912 456 456 14 2 2 2
17 66 102 14112 912 456 456 14 2 2 3
17 66 103 28224 912 456 456 14 2 2 3
17 66 104 14112 918 459 459 14 2 2 2
17 66 106 28224 918 459 459 14 2 2 3
17 66 107 28224 918 459 459 14 2 2 3
17 66 109 14112 912 456 456 14 2 2 2
17 66 110 28224 912 456 456 14 2 2 3
17 66 111 28224 912 456 456 14 2 2 3
17 66 112 14112 918 459 459 14 2 2 2
17 66 114 14112 918 459 459 14 2 2 3
17 66 115 28224 918 459 459 14 2 2 3
17 66 116 14112 912 456 456 14 2 2 3
17 66 117 28224 912 456 456 14 2 2 3
17 66 118 14112 912 456 456 14 2 2 2
17 66 120 14112 918 459 459 14 2 2 2
17 66 123 28224 918 459 459 14 2 2 3
17 66 124 28224 912 456 456 14 2 2 3
17 66 127 14112 912 456 456 14 2 2 2
17 66 128 3528 918 459 459 14 2 2 1
17 66 132 7056 912 456 456 14 2 2 2
17 66 133 14112 912 456 456 14 2 2 2
17 66 134 7056 912 456 456 14 2 2 2
17 66 160 7056 918 459 459 14 2 2 2
17 66 164 7056 912 456 456 14 2 2 2
17 66 168 14112 918 459 459 14 2 2 2
17 66 173 14112 912 456 456 14 2 2 2
17 66 176 7056 918 459 459 14 2 2 2
17 66 182 7056 912 456 456 14 2 2 2
17 66 256 3528 918 459 459 14 2 2 1
17 66 257 14112 918 459 459 14 2 2 2
17 66 258 7056 918 459 459 14 2 2 2
17 66 264 14112 918 459 459 14 2 2 2
17 66 265 14112 918 459 459 14 2 2 2
17 66 266 28224 918 459 459 14 2 2 3
17 66 267 28224 918 459 459 14 2 2 3
17 66 272 7056 918 459 459 14 2 2 2
17 66 273 28224 918 459 459 14 2 2 3
17 66 274 7056 918 459 459 14 2 2 2
17 66 320 7056 918 459 459 14 2 2 1
17 66 322 7056 918 459 459 14 2 2 2
17 66 323 14112 918 459 459 14 2 2 2
17 66 336 7056 918 459 459 14 2 2 2
17 66 338 7056 918 459 459 14 2 2 2
17 66 344 14112 918 459 459 14 2 2 2
17 66 347 14112 918 459 459 14 2 2 2
17 66 384 3528 918 459 459 14 2 2 1
17 74 1 14112 918 459 459 14 2 2 1
17 74 2 14112 918 459 459 14 2 2 1
17 74 3 14112 918 459 459 14 2 2 1
17 74 4 14112 912 456 456 14 2 2 1
17 74 5 14112 912 456 456 14 2 2 1
17 74 6 14112 912 456 456 14 2 2 1
17 74 7 14112 912 456 456 14 2 2 1
17 74 8 14112 918 459 459 14 2 2 1
17 74 10 14112 918 459 459 14 2 2 2
17 74 11 28224 918 459 459 14 2 2 2
17 74 12 28224 912 456 456 14 2 2 2
17 74 13 28224 912 456 456 14 2 2 2
17 74 14 28224 912 456 456 14 2 2 2
17 74 15 28224 912 456 456 14 2 2 2
17 74 16 7056 918 459 459 14 2 2 1
17 74 19 28224 918 459 459 14 2 2 2
17 74 20 28224 912 456 456 14 2 2 2
17 74 21 28224 912 456 456 14 2 2 2
17 74 22 28224 912 456 456 14 2 2 2
17 74 23 28224 912 456 456 14 2 2 2
17 74 26 14112 918 459 459 14 2 2 2
17 74 28 28224 912 456 456 14 2 2 2
17 74 29 28224 912 456 456 14 2 2 2
17 74 30 28224 912 456 456 14 2 2 2
17 74 31 28224 912 456 456 14 2 2 2
17 74 32 7056 918 459 459 14 2 2 1
17 74 33 28224 918 459 459 14 2 2 2
17 74 34 28224 918 459 459 14 2 2 2
17 74 35 28224 918 459 459 14 2 2 2
17 74 40 14112 918 459 459 14 2 2 1
17 74 42 14112 918 459 459 14 2 2 2
17 74 43 28224 918 459 459 14 2 2 2
17 74 48 7056 918 459 459 14 2 2 1
17 74 51 28224 918 459 459 14 2 2 2
17 74 58 14112 918 459 459 14 2 2 2
17 74 64 7056 918 459 459 14 2 2 1
17 74 66 14112 918 459 459 14 2 2 2
17 74 67 14112 918 459 459 14 2 2 2
17 74 68 14112 912 456 456 14 2 2 2
17 74 69 14112 912 456 456 14 2 2 2
17 74 70 14112 912 456 456 14 2 2 2
17 74 71 14112 912 456 456 14 2 2 2
17 74 80 7056 918 459 459 14 2 2 2
17 74 84 28224 912 456 456 14 2 2 3
17 74 85 28224 912 456 456 14 2 2 3
17 74 86 28224 912 456 456 14 2 2 3
17 74 87 28224 912 456 456 14 2 2 3
17 74 88 14112 918 459 459 14 2 2 2
17 74 91 14112 918 459 459 14 2 2 2
17 74 92 28224 912 456 456 14 2 2 3
17 74 93 28224 912 456 456 14 2 2 3
17 74 94 28224 912 456 456 14 2 2 3
17 74 95 28224 912 456 456 14 2 2 3
17 74 96 14112 918 459 459 14 2 2 2
17 74 98 28224 918 459 459 14 2 2 3
17 74 99 28224 918 459 459 14 2 2 3
17 74 100 14112 912 456 456 14 2 2 2
17 74 103 28224 912 456 456 14 2 2 3
17 74 104 14112 918 459 459 14 2 2 2
17 74 106 14112 918 459 459 14 2 2 3
17 74 107 28224 918 459 459 14 2 2 3
17 74 109 14112 912 456 456 14 2 2 2
17 74 110 28224 912 456 456 14 2 2 3
17 74 112 14112 918 459 459 14 2 2 2
17 74 115 28224 918 459 459 14 2 2 3
17 74 117 28224 912 456 456 14 2 2 3
17 74 118 14112 912 456 456 14 2 2 2
17 74 120 14112 918 459 459 14 2 2 2
17 74 122 14112 918 459 459 14 2 2 3
17 74 123 28224 918 459 459 14 2 2 3
17 74 124 28224 912 456 456 14 2 2 3
17 74 127 14112 912 456 456 14 2 2 2
17 74 128 3528 918 459 459 14 2 2 1
17 74 132 14112 912 456 456 14 2 2 2
17 74 133 14112 912 456 456 14 2 2 2
17 74 134 14112 912 456 456 14 2 2 2
17 74 135 14112 912 456 456 14 2 2 2
17 74 160 7056 918 459 459 14 2 2 2
17 74 168 14112 918 459 459 14 2 2 2
17 74 176 7056 918 459 459 14 2 2 2
17 74 256 3528 918 459 459 14 2 2 1
17 74 257 14112 918 459 459 14 2 2 2
17 74 258 14112 918 459 459 14 2 2 2
17 74 259 14112 918 459 459 14 2 2 2
17 74 264 14112 918 459 459 14 2 2 2
17 74 266 14112 918 459 459 14 2 2 3
17 74 267 28224 918 459 459 14 2 2 3
17 74 272 7056 918 459 459 14 2 2 2
17 74 275 28224 918 459 459 14 2 2 3
17 74 282 14112 918 459 459 14 2 2 3
17 74 320 7056 918 459 459 14 2 2 1
17 74 322 14112 918 459 459 14 2 2 2
17 74 323 14112 918 459 459 14 2 2 2
17 74 336 7056 918 459 459 14 2 2 2
17 74 344 14112 918 459 459 14 2 2 2
17 74 347 14112 918 459 459 14 2 2 2
17 74 384 3528 918 459 459 14 2 2 1
17 84 1 14112 918 459 459 14 2 3 1
17 84 4 4704 912 456 456 14 2 3 1
17 84 5 14112 912 456 456 14 2 3 1
17 84 8 14112 918 459 459 14 2 3 1
17 84 9 14112 918 459 459 14 2 3 1
17 84 10 28224 918 459 459 14 2 3 2
17 84 12 14112 912 456 456 14 2 3 2
17 84 13 14112 912 456 456 14 2 3 2
17 84 14 28224 912 456 456 14 2 3 2
17 84 16 28224 918 459 459 14 2 3 1
17 84 17 28224 918 459 459 14 2 3 2
17 84 18 28224 918 459 459 14 2 3 1
17 84 19 28224 918 459 459 14 2 3 2
17 84 20 28224 912 456 456 14 2 3 2
17 84 21 28224 912 456 456 14 2 3 2
17 84 22 28224 912 456 456 14 2 3 2
17 84 23 28224 912 456 456 14 2 3 2
17 84 32 14112 918 459 459 14 2 3 1
17 84 33 14112 918 459 459 14 2 3 2
17 84 34 28224 918 459 459 14 2 3 2
17 84 36 14112 912 456 456 14 2 3 1
17 84 37 14112 912 456 456 14 2 3 2
17 84 38 28224 912 456 456 14 2 3 2
17 84 40 14112 918 459 459 14 2 3 1
17 84 41 14112 918 459 459 14 2 3 2
17 84 42 28224 918 459 459 14 2 3 2
17 84 44 14112 912 456 456 14 2 3 2
17 84 45 14112 912 456 456 14 2 3 1
17 84 46 28224 912 456 456 14 2 3 2
17 84 48 28224 918 459 459 14 2 3 1
17 84 49 28224 918 459 459 14 2 3 2
17 84 50 28224 918 459 459 14 2 3 2
17 84 51 28224 918 459 459 14 2 3 2
17 84 52 28224 912 456 456 14 2 3 2
17 84 53 28224 912 456 456 14 2 3 2
17 84 54 28224 912 456 456 14 2 3 1
17 84 55 28224 912 456 456 14 2 3 2
17 84 80 4704 918 459 459 14 2 3 2
17 84 81 14112 918 459 459 14 2 3 2
17 84 84 4704 912 456 456 14 2 3 3
17 84 85 14112 912 456 456 14 2 3 3
17 84 88 14112 918 459 459 14 2 3 2
17 84 89 14112 918 459 459 14 2 3 2
17 84 90 28224 918 459 459 14 2 3 2
17 84 92 14112 912 456 456 14 2 3 3
17 84 93 14112 912 456 456 14 2 3 3
17 84 94 28224 912 456 456 14 2 3 3
17 84 96 28224 918 459 459 14 2 3 2
17 84 97 28224 918 459 459 14 2 3 2
17 84 98 28224 918 459 459 14 2 3 3
17 84 99 28224 918 459 459 14 2 3 3
17 84 100 28224 912 456 456 14 2 3 2
17 84 101 28224 912 456 456 14 2 3 2
17 84 102 28224 912 456 456 14 2 3 3
17 84 103 28224 912 456 456 14 2 3 3
17 84 112 14112 918 459 459 14 2 3 2
17 84 113 14112 918 459 459 14 2 3 2
17 84 114 28224 918 459 459 14 2 3 3
17 84 116 14112 912 456 456 14 2 3 3
17 84 117 14112 912 456 456 14 2 3 3
17 84 118 28224 912 456 456 14 2 3 2
17 84 120 14112 918 459 459 14 2 3 2
17 84 121 14112 918 459 459 14 2 3 2
17 84 122 28224 918 459 459 14 2 3 3
17 84 124 14112 912 456 456 14 2 3 3
17 84 125 14112 912 456 456 14 2 3 3
17 84 126 28224 912 456 456 14 2 3 2
17 84 152 9408 918 459 459 14 2 3 2
17 84 153 28224 918 459 459 14 2 3 2
17 84 156 9408 912 456 456 14 2 3 3
17 84 157 28224 912 456 456 14 2 3 3
17 84 160 28224 918 459 459 14 2 3 2
17 84 161 28224 918 459 459 14 2 3 3
17 84 162 28224 918 459 459 14 2 3 2
17 84 163 28224 918 459 459 14 2 3 3
17 84 164 28224 912 456 456 14 2 3 2
17 84 165 28224 912 456 456 14 2 3 3
17 84 166 28224 912 456 456 14 2 3 2
17 84 167 28224 912 456 456 14 2 3 3
17 84 168 28224 918 459 459 14 2 3 2
17 84 169 28224 918 459 459 14 2 3 3
17 84 170 28224 918 459 459 14 2 3 2
17 84 171 28224 918 459 459 14 2 3 3
17 84 172 28224 912 456 456 14 2 3 3
17 84 173 28224 912 456 456 14 2 3 2
17 84 174 28224 912 456 456 14 2 3 3
17 84 175 28224 912 456 456 14 2 3 2
17 84 176 28224 918 459 459 14 2 3 2
17 84 177 28224 918 459 459 14 2 3 3
17 84 178 28224 918 459 459 14 2 3 2
17 84 179 28224 918 459 459 14 2 3 3
17 84 180 28224 912 456 456 14 2 3 2
17 84 181 28224 912 456 456 14 2 3 3
17 84 182 28224 912 456 456 14 2 3 2
17 84 183 28224 912 456 456 14 2 3 3
17 84 184 28224 918 459 459 14 2 3 2
17 84 185 28224 918 459 459 14 2 3 3
17 84 186 28224 918 459 459 14 2 3 2
17 84 187 28224 918 459 459 14 2 3 3
17 84 188 28224 912 456 456 14 2 3 3
17 84 189 28224 912 456 456 14 2 3 2
17 84 190 28224 912 456 456 14 2 3 3
17 84 191 28224 912 456 456 14 2 3 2
84 1 1 4704 912 456 456 14 3 1 1
84 1 2 2352 918 459 459 14 3 1 1
84 1 4 4704 912 456 456 14 3 1 1
84 1 5 2352 918 459 459 14 3 1 1
84 1 7 2352 918 459 459 14 3 1 1
84 1 8 3528 918 459 459 14 3 1 1
84 1 10 7056 918 459 459 14 3 1 2
84 1 11 14112 912 456 456 14 3 1 2
84 1 12 14112 912 456 456 14 3 1 2
84 1 13 14112 918 459 459 14 3 1 2
84 1 14 14112 912 456 456 14 3 1 2
84 1 15 14112 918 459 459 14 3 1 2
84 1 16 1764 918 459 459 14 3 1 1
84 1 20 14112 912 456 456 14 3 1 2
84 1 21 7056 918 459 459 14 3 1 2
84 1 23 7056 918 459 459 14 3 1 2
84 1 32 3528 918 459 459 14 3 1 1
84 1 33 14112 912 456 456 14 3 1 2
84 1 34 7056 918 459 459 14 3 1 2
84 1 35 14112 912 456 456 14 3 1 2
84 1 40 1764 918 459 459 14 3 1 1
84 1 42 7056 918 459 459 14 3 1 2
84 1 56 1764 918 459 459 14 3 1 1
84 1 80 3528 918 459 459 14 3 1 2
84 1 84 28224 912 456 456 14 3 1 3
84 1 85 14112 918 459 459 14 3 1 3
84 1 87 14112 918 459 459 14 3 1 3
84 1 96 7056 918 459 459 14 3 1 2
84 1 98 14112 918 459 459 14 3 1 3
84 1 99 28224 912 456 456 14 3 1 3
84 1 112 7056 918 459 459 14 3 1 2
84 1 160 3528 918 459 459 14 3 1 2
84 1 168 3528 918 459 459 14 3 1 2
84 8 1 2352 918 459 459 14 3 1 1
84 8 2 2352 918 459 459 14 3 1 1
84 8 3 2352 918 459 459 14 3 1 1
84 8 5 1176 918 459 459 14 3 1 1
84 8 8 1764 918 459 459 14 3 1 1
84 8 10 14112 918 459 459 14 3 1 2
84 8 11 14112 918 459 459 14 3 1 2
84 8 12 7056 918 459 459 14 3 1 2
84 8 13 3528 918 459 459 14 3 1 2
84 8 16 1764 918 459 459 14 3 1 1
84 8 17 14112 918 459 459 14 3 1 2
84 8 21 3528 918 459 459 14 3 1 2
84 8 23 7056 918 459 459 14 3 1 2
84 8 24 1764 918 459 459 14 3 1 1
84 8 29 3528 918 459 459 14 3 1 2
84 8 30 7056 918 459 459 14 3 1 2
84 8 40 882 918 459 459 14 3 1 1
84 8 80 7056 918 459 459 14 3 1 2
84 8 84 14112 918 459 459 14 3 1 3
84 8 85 7056 918 459 459 14 3 1 3
84 8 86 14112 918 459 459 14 3 1 3
84 8 87 14112 918 459 459 14 3 1 3
84 8 96 1764 918 459 459 14 3 1 2
84 8 168 1764 918 459 459 14 3 1 2
84 8 232 1764 918 459 459 14 3 1 2
84 10 1 7056 918 459 459 14 3 2 1
84 10 2 14112 918 459 459 14 3 2 1
84 10 3 14112 918 459 459 14 3 2 1
84 10 4 7056 918 459 459 14 3 2 1
84 10 5 7056 918 459 459 14 3 2 1
84 10 8 14112 912 456 456 14 3 2 1
84 10 10 28224 912 456 456 14 3 2 2
84 10 11 28224 912 456 456 14 3 2 2
84 10 12 28224 912 456 456 14 3 2 2
84 10 16 14112 918 459 459 14 3 2 1
84 10 17 28224 918 459 459 14 3 2 2
84 10 18 14112 918 459 459 14 3 2 1
84 10 19 28224 918 459 459 14 3 2 2
84 10 20 28224 918 459 459 14 3 2 2
84 10 21 28224 918 459 459 14 3 2 2
84 10 22 28224 918 459 459 14 3 2 2
84 10 23 28224 918 459 459 14 3 2 2
84 10 24 14112 912 456 456 14 3 2 1
84 10 25 28224 912 456 456 14 3 2 2
84 10 26 28224 912 456 456 14 3 2 2
84 10 27 14112 912 456 456 14 3 2 1
84 10 28 28224 912 456 456 14 3 2 2
84 10 29 28224 912 456 456 14 3 2 2
84 10 30 28224 912 456 456 14 3 2 2
84 10 31 28224 912 456 456 14 3 2 2
84 10 32 14112 912 456 456 14 3 2 1
84 10 33 28224 912 456 456 14 3 2 2
84 10 34 28224 912 456 456 14 3 2 2
84 10 38 28224 912 456 456 14 3 2 2
84 10 40 14112 918 459 459 14 3 2 1
84 10 41 28224 918 459 459 14 3 2 2
84 10 42 14112 918 459 459 14 3 2 2
84 10 43 14112 918 459 459 14 3 2 2
84 10 46 14112 918 459 459 14 3 2 2
84 10 47 14112 918 459 459 14 3 2 2
84 10 64 3528 918 459 459 14 3 2 1
84 10 66 14112 918 459 459 14 3 2 2
84 10 67 14112 918 459 459 14 3 2 2
84 10 68 7056 918 459 459 14 3 2 2
84 10 69 7056 918 459 459 14 3 2 2
84 10 80 14112 918 459 459 14 3 2 2
84 10 82 14112 918 459 459 14 3 2 2
84 10 84 28224 918 459 459 14 3 2 3
84 10 85 28224 918 459 459 14 3 2 3
84 10 86 28224 918 459 459 14 3 2 3
84 10 87 28224 918 459 459 14 3 2 3
84 10 88 14112 912 456 456 14 3 2 2
84 10 91 14112 912 456 456 14 3 2 2
84 10 92 28224 912 456 456 14 3 2 3
84 10 93 28224 912 456 456 14 3 2 3
84 10 94 28224 912 456 456 14 3 2 3
84 10 95 28224 912 456 456 14 3 2 3
84 10 96 14112 912 456 456 14 3 2 2
84 10 98 28224 912 456 456 14 3 2 3
84 10 102 28224 912 456 456 14 3 2 3
84 10 104 14112 918 459 459 14 3 2 2
84 10 106 14112 918 459 459 14 3 2 3
84 10 107 14112 918 459 459 14 3 2 3
84 10 110 14112 918 459 459 14 3 2 3
84 10 111 14112 918 459 459 14 3 2 3
84 10 128 7056 918 459 459 14 3 2 1
84 10 129 14112 918 459 459 14 3 2 2
84 10 132 14112 918 459 459 14 3 2 2
84 10 133 7056 918 459 459 14 3 2 2
84 10 134 14112 918 459 459 14 3 2 2
84 10 135 14112 918 459 459 14 3 2 2
84 10 136 14112 912 456 456 14 3 2 2
84 10 137 14112 912 456 456 14 3 2 2
84 10 140 28224 912 456 456 14 3 2 3
84 10 142 28224 912 456 456 14 3 2 3
84 10 143 28224 912 456 456 14 3 2 3
84 10 160 14112 912 456 456 14 3 2 2
84 10 161 28224 912 456 456 14 3 2 3
84 10 164 14112 912 456 456 14 3 2 2
84 10 168 14112 918 459 459 14 3 2 2
84 10 169 28224 918 459 459 14 3 2 3
84 10 176 14112 912 456 456 14 3 2 2
84 10 177 28224 912 456 456 14 3 2 3
84 10 182 14112 912 456 456 14 3 2 2
84 10 183 28224 912 456 456 14 3 2 3
84 10 184 14112 918 459 459 14 3 2 2
84 10 185 28224 918 459 459 14 3 2 3
84 10 190 28224 918 459 459 14 3 2 3
84 10 191 14112 918 459 459 14 3 2 2
84 10 192 7056 918 459 459 14 3 2 1
84 10 197 7056 918 459 459 14 3 2 2
84 10 198 14112 918 459 459 14 3 2 2
84 10 199 14112 918 459 459 14 3 2 2
84 10 232 14112 918 459 459 14 3 2 2
84 10 240 14112 912 456 456 14 3 2 2
84 10 246 14112 912 456 456 14 3 2 2
84 10 248 14112 918 459 459 14 3 2 2
84 10 255 14112 918 459 459 14 3 2 2
84 10 256 3528 918 459 459 14 3 2 1
84 10 257 7056 918 459 459 14 3 2 2
84 10 264 14112 912 456 456 14 3 2 2
84 10 320 3528 918 459 459 14 3 2 1
84 65 1 2352 918 459 459 14 3 1 1
84 65 2 1176 918 459 459 14 3 1 1
84 65 5 588 918 459 459 14 3 1 1
84 65 8 1764 918 459 459 14 3 1 1
84 65 10 7056 918 459 459 14 3 1 2
84 65 11 14112 918 459 459 14 3 1 2
84 65 12 7056 918 459 459 14 3 1 2
84 65 13 3528 918 459 459 14 3 1 2
84 65 16 882 918 459 459 14 3 1 1
84 65 21 1764 918 459 459 14 3 1 2
84 65 23 3528 918 459 459 14 3 1 2
84 65 40 441 918 459 459 14 3 1 1
84 65 80 3528 918 459 459 14 3 1 2
84 65 84 14112 918 459 459 14 3 1 3
84 65 85 3528 918 459 459 14 3 1 3
84 65 87 7056 918 459 459 14 3 1 3
84 65 96 1764 918 459 459 14 3 1 2
84 65 168 882 918 459 459 14 3 1 2
84 66 1 14112 912 456 456 14 3 2 1
84 66 2 7056 918 459 459 14 3 2 1
84 66 4 14112 912 456 456 14 3 2 1
84 66 5 7056 918 459 459 14 3 2 1
84 66 7 7056 918 459 459 14 3 2 1
84 66 9 14112 918 459 459 14 3 2 1
84 66 10 28224 912 456 456 14 3 2 2
84 66 11 28224 918 459 459 14 3 2 2
84 66 12 14112 918 459 459 14 3 2 2
84 66 13 28224 912 456 456 14 3 2 2
84 66 14 14112 918 459 459 14 3 2 2
84 66 15 28224 912 456 456 14 3 2 2
84 66 17 28224 912 456 456 14 3 2 2
84 66 18 3528 918 459 459 14 3 2 1
84 66 21 14112 918 459 459 14 3 2 2
84 66 23 14112 918 459 459 14 3 2 2
84 66 33 14112 918 459 459 14 3 2 2
84 66 35 14112 918 459 459 14 3 2 2
84 66 37 28224 912 456 456 14 3 2 2
84 66 39 28224 912 456 456 14 3 2 2
84 66 45 3528 918 459 459 14 3 2 1
84 66 47 14112 918 459 459 14 3 2 2
84 66 63 3528 918 459 459 14 3 2 1
84 66 64 7056 918 459 459 14 3 2 1
84 66 66 7056 918 459 459 14 3 2 2
84 66 67 14112 912 456 456 14 3 2 2
84 66 68 14112 912 456 456 14 3 2 2
84 66 69 14112 918 459 459 14 3 2 2
84 66 70 14112 912 456 456 14 3 2 2
84 66 71 14112 918 459 459 14 3 2 2
84 66 80 7056 918 459 459 14 3 2 2
84 66 82 7056 918 459 459 14 3 2 2
84 66 84 28224 912 456 456 14 3 2 3
84 66 85 14112 918 459 459 14 3 2 3
84 66 87 14112 918 459 459 14 3 2 3
84 66 88 14112 912 456 456 14 3 2 2
84 66 91 14112 918 459 459 14 3 2 2
84 66 92 14112 918 459 459 14 3 2 3
84 66 93 28224 912 456 456 14 3 2 3
84 66 94 14112 918 459 459 14 3 2 3
84 66 95 28224 912 456 456 14 3 2 3
84 66 96 14112 912 456 456 14 3 2 2
84 66 98 28224 912 456 456 14 3 2 3
84 66 99 14112 918 459 459 14 3 2 3
84 66 100 14112 918 459 459 14 3 2 2
84 66 102 28224 918 459 459 14 3 2 3
84 66 103 28224 912 456 456 14 3 2 3
84 66 107 28224 912 456 456 14 3 2 3
84 66 109 7056 918 459 459 14 3 2 2
84 66 111 14112 918 459 459 14 3 2 3
84 66 112 14112 912 456 456 14 3 2 2
84 66 115 14112 918 459 459 14 3 2 3
84 66 118 14112 918 459 459 14 3 2 2
84 66 127 7056 918 459 459 14 3 2 2
84 66 128 1764 918 459 459 14 3 2 1
84 66 133 7056 918 459 459 14 3 2 2
84 66 135 7056 918 459 459 14 3 2 2
84 66 173 3528 918 459 459 14 3 2 2
84 66 191 3528 918 459 459 14 3 2 2
84 66 320 1764 918 459 459 14 3 2 1
84 66 322 7056 918 459 459 14 3 2 2
84 66 338 3528 918 459 459 14 3 2 2
84 66 448 1764 918 459 459 14 3 2 1
84 81 1 7056 918 459 459 14 3 2 1
84 81 2 3528 918 459 459 14 3 2 1
84 81 5 1764 918 459 459 14 3 2 1
84 81 8 7056 918 459 459 14 3 2 1
84 81 9 7056 918 459 459 14 3 2 1
84 81 10 28224 918 459 459 14 3 2 2
84 81 11 28224 918 459 459 14 3 2 2
84 81 12 14112 918 459 459 14 3 2 2
84 81 13 14112 918 459 459 14 3 2 2
84 81 16 7056 918 459 459 14 3 2 1
84 81 17 14112 918 459 459 14 3 2 2
84 81 19 14112 918 459 459 14 3 2 2
84 81 21 14112 918 459 459 14 3 2 2
84 81 40 3528 918 459 459 14 3 2 1
84 81 41 14112 918 459 459 14 3 2 2
84 81 42 7056 918 459 459 14 3 2 2
84 81 64 3528 918 459 459 14 3 2 1
84 81 66 7056 918 459 459 14 3 2 2
84 81 67 14112 918 459 459 14 3 2 2
84 81 68 7056 918 459 459 14 3 2 2
84 81 69 3528 918 459 459 14 3 2 2
84 81 80 14112 918 459 459 14 3 2 2
84 81 84 14112 918 459 459 14 3 2 3
84 81 85 14112 918 459 459 14 3 2 3
84 81 86 14112 918 459 459 14 3 2 3
84 81 88 14112 918 459 459 14 3 2 2
84 81 91 14112 918 459 459 14 3 2 2
84 81 92 28224 918 459 459 14 3 2 3
84 81 93 14112 918 459 459 14 3 2 3
84 81 94 14112 918 459 459 14 3 2 3
84 81 95 28224 918 459 459 14 3 2 3
84 81 96 7056 918 459 459 14 3 2 2
84 81 100 7056 918 459 459 14 3 2 2
84 81 104 3528 918 459 459 14 3 2 2
84 81 106 7056 918 459 459 14 3 2 3
84 81 107 14112 918 459 459 14 3 2 3
84 81 109 3528 918 459 459 14 3 2 2
84 81 128 1764 918 459 459 14 3 2 1
84 81 133 1764 918 459 459 14 3 2 2
84 81 135 3528 918 459 459 14 3 2 2
84 81 168 3528 918 459 459 14 3 2 2
84 81 184 7056 918 459 459 14 3 2 2
84 81 320 882 918 459 459 14 3 2 1
84 84 1 28224 912 456 456 14 3 3 1
84 84 2 14112 918 459 459 14 3 3 1
84 84 4 28224 912 456 456 14 3 3 1
84 84 5 14112 918 459 459 14 3 3 1
84 84 7 14112 918 459 459 14 3 3 1
84 84 8 14112 918 459 459 14 3 3 1
84 84 10 28224 918 459 459 14 3 3 2
84 84 11 28224 912 456 456 14 3 3 2
84 84 12 28224 912 456 456 14 3 3 2
84 84 13 28224 918 459 459 14 3 3 2
84 84 14 28224 912 456 456 14 3 3 2
84 84 15 28224 918 459 459 14 3 3 2
84 84 16 14112 918 459 459 14 3 3 1
84 84 17 28224 912 456 456 14 3 3 2
84 84 20 28224 912 456 456 14 3 3 2
84 84 21 14112 918 459 459 14 3 3 2
84 84 22 28224 912 456 456 14 3 3 2
84 84 23 28224 918 459 459 14 3 3 2
84 84 24 14112 918 459 459 14 3 3 1
84 84 25 28224 912 456 456 14 3 3 2
84 84 29 14112 918 459 459 14 3 3 2
84 84 30 28224 912 456 456 14 3 3 2
84 84 31 28224 918 459 459 14 3 3 2
84 84 33 28224 912 456 456 14 3 3 2
84 84 38 28224 912 456 456 14 3 3 2
84 84 39 28224 918 459 459 14 3 3 2
84 84 40 7056 918 459 459 14 3 3 1
84 84 46 28224 912 456 456 14 3 3 2
84 84 47 28224 918 459 459 14 3 3 2
84 84 52 28224 912 456 456 14 3 3 2
84 84 53 14112 918 459 459 14 3 3 2
84 84 61 14112 918 459 459 14 3 3 2
84 84 65 14112 918 459 459 14 3 3 1
84 84 66 28224 912 456 456 14 3 3 2
84 84 67 28224 918 459 459 14 3 3 2
84 84 68 14112 918 459 459 14 3 3 2
84 84 69 28224 912 456 456 14 3 3 2
84 84 70 14112 918 459 459 14 3 3 2
84 84 71 28224 912 456 456 14 3 3 2
84 84 81 14112 918 459 459 14 3 3 2
84 84 84 3528 918 459 459 14 3 3 3
84 84 85 28224 912 456 456 14 3 3 3
84 84 86 14112 918 459 459 14 3 3 3
84 84 89 28224 918 459 459 14 3 3 2
84 84 92 14112 918 459 459 14 3 3 3
84 84 94 28224 918 459 459 14 3 3 3
84 84 95 28224 912 456 456 14 3 3 3
84 84 97 14112 918 459 459 14 3 3 2
84 84 102 28224 918 459 459 14 3 3 3
84 84 103 28224 912 456 456 14 3 3 3
84 84 105 14112 918 459 459 14 3 3 2
84 84 110 28224 918 459 459 14 3 3 3
84 84 111 28224 912 456 456 14 3 3 3
84 84 117 28224 912 456 456 14 3 3 3
84 84 124 7056 918 459 459 14 3 3 3
84 84 129 28224 912 456 456 14 3 3 2
84 84 130 7056 918 459 459 14 3 3 1
84 84 133 14112 918 459 459 14 3 3 2
84 84 135 14112 918 459 459 14 3 3 2
84 84 153 28224 912 456 456 14 3 3 2
84 84 154 28224 918 459 459 14 3 3 2
84 84 158 28224 912 456 456 14 3 3 3
84 84 159 28224 918 459 459 14 3 3 3
84 84 161 28224 912 456 456 14 3 3 3
84 84 163 28224 912 456 456 14 3 3 3
84 84 165 28224 918 459 459 14 3 3 3
84 84 167 14112 918 459 459 14 3 3 3
84 84 170 7056 918 459 459 14 3 3 2
84 84 174 28224 912 456 456 14 3 3 3
84 84 179 28224 912 456 456 14 3 3 3
84 84 181 28224 918 459 459 14 3 3 3
84 84 186 14112 918 459 459 14 3 3 2
84 84 187 28224 912 456 456 14 3 3 3
84 84 189 14112 918 459 459 14 3 3 2
84 84 190 28224 912 456 456 14 3 3 3
84 84 209 14112 918 459 459 14 3 3 2
84 84 211 14112 918 459 459 14 3 3 2
84 84 214 7056 918 459 459 14 3 3 3
84 84 233 14112 918 459 459 14 3 3 3
84 84 238 14112 918 459 459 14 3 3 2
84 84 243 14112 918 459 459 14 3 3 2
84 84 245 28224 912 456 456 14 3 3 2
84 84 254 7056 918 459 459 14 3 3 3
84 84 273 3528 918 459 459 14 3 3 3
84 84 325 3528 918 459 459 14 3 3 1
85 1 1 4704 918 459 459 14 3 1 1
85 1 2 4704 918 459 459 14 3 1 1
85 1 3 4704 918 459 459 14 3 1 1
85 1 4 4704 918 459 459 14 3 1 1
85 1 5 4704 918 459 459 14 3 1 1
85 1 6 4704 918 459 459 14 3 1 1
85 1 7 4704 918 459 459 14 3 1 1
85 1 8 3528 918 459 459 14 3 1 1
85 1 10 14112 918 459 459 14 3 1 2
85 1 11 14112 918 459 459 14 3 1 2
85 1 12 14112 918 459 459 14 3 1 2
85 1 13 14112 918 459 459 14 3 1 2
85 1 14 14112 918 459 459 14 3 1 2
85 1 15 14112 918 459 459 14 3 1 2
85 1 16 3528 918 459 459 14 3 1 1
85 1 17 14112 918 459 459 14 3 1 2
85 1 20 14112 918 459 459 14 3 1 2
85 1 21 14112 918 459 459 14 3 1 2
85 1 22 14112 918 459 459 14 3 1 2
85 1 23 14112 918 459 459 14 3 1 2
85 1 24 3528 918 459 459 14 3 1 1
85 1 28 14112 918 459 459 14 3 1 2
85 1 29 14112 918 459 459 14 3 1 2
85 1 30 14112 918 459 459 14 3 1 2
85 1 31 14112 918 459 459 14 3 1 2
85 1 32 3528 918 459 459 14 3 1 1
85 1 33 14112 918 459 459 14 3 1 2
85 1 34 14112 918 459 459 14 3 1 2
85 1 35 14112 918 459 459 14 3 1 2
85 1 40 3528 918 459 459 14 3 1 1
85 1 42 14112 918 459 459 14 3 1 2
85 1 43 14112 918 459 459 14 3 1 2
85 1 48 3528 918 459 459 14 3 1 1
85 1 49 14112 918 459 459 14 3 1 2
85 1 56 3528 918 459 459 14 3 1 1
85 1 80 7056 918 459 459 14 3 1 2
85 1 84 28224 918 459 459 14 3 1 3
85 1 85 28224 918 459 459 14 3 1 3
85 1 86 28224 918 459 459 14 3 1 3
85 1 87 28224 918 459 459 14 3 1 3
85 1 96 7056 918 459 459 14 3 1 2
85 1 98 28224 918 459 459 14 3 1 3
85 1 99 28224 918 459 459 14 3 1 3
85 1 112 7056 918 459 459 14 3 1 2
85 1 160 7056 918 459 459 14 3 1 2
85 1 161 28224 918 459 459 14 3 1 3
85 1 168 7056 918 459 459 14 3 1 2
85 1 224 7056 918 459 459 14 3 1 2
85 1 232 7056 918 459 459 14 3 1 2
85 8 1 4704 918 459 459 14 3 1 1
85 8 2 1568 918 459 459 14 3 1 1
85 8 3 4704 918 459 459 14 3 1 1
85 8 8 3528 918 459 459 14 3 1 1
85 8 10 14112 918 459 459 14 3 1 2
85 8 11 14112 918 459 459 14 3 1 2
85 8 12 14112 918 459 459 14 3 1 2
85 8 14 14112 918 459 459 14 3 1 2
85 8 15 14112 918 459 459 14 3 1 2
85 8 16 1176 918 459 459 14 3 1 1
85 8 17 14112 918 459 459 14 3 1 2
85 8 24 3528 918 459 459 14 3 1 1
85 8 28 14112 918 459 459 14 3 1 2
85 8 80 7056 918 459 459 14 3 1 2
85 8 84 28224 918 459 459 14 3 1 3
85 8 86 28224 918 459 459 14 3 1 3
85 8 96 2352 918 459 459 14 3 1 2
85 8 98 9408 918 459 459 14 3 1 3
85 8 112 7056 918 459 459 14 3 1 2
85 9 1 4704 918 459 459 14 3 1 1
85 9 2 4704 918 459 459 14 3 1 1
85 9 3 4704 918 459 459 14 3 1 1
85 9 4 4704 918 459 459 14 3 1 1
85 9 5 4704 918 459 459 14 3 1 1
85 9 6 4704 918 459 459 14 3 1 1
85 9 7 4704 918 459 459 14 3 1 1
85 9 8 3528 918 459 459 14 3 1 1
85 9 10 14112 918 459 459 14 3 1 2
85 9 11 14112 918 459 459 14 3 1 2
85 9 12 14112 918 459 459 14 3 1 2
85 9 13 14112 918 459 459 14 3 1 2
85 9 14 14112 918 459 459 14 3 1 2
85 9 15 14112 918 459 459 14 3 1 2
85 9 16 3528 918 459 459 14 3 1 1
85 9 17 14112 918 459 459 14 3 1 2
85 9 20 14112 918 459 459 14 3 1 2
85 9 21 14112 918 459 459 14 3 1 2
85 9 22 14112 918 459 459 14 3 1 2
85 9 23 14112 918 459 459 14 3 1 2
85 9 24 3528 918 459 459 14 3 1 1
85 9 28 14112 918 459 459 14 3 1 2
85 9 29 14112 918 459 459 14 3 1 2
85 9 30 14112 918 459 459 14 3 1 2
85 9 31 14112 918 459 459 14 3 1 2
85 9 32 3528 918 459 459 14 3 1 1
85 9 33 14112 918 459 459 14 3 1 2
85 9 34 14112 918 459 459 14 3 1 2
85 9 35 14112 918 459 459 14 3 1 2
85 9 40 3528 918 459 459 14 3 1 1
85 9 42 14112 918 459 459 14 3 1 2
85 9 43 14112 918 459 459 14 3 1 2
85 9 48 3528 918 459 459 14 3 1 1
85 9 49 14112 918 459 459 14 3 1 2
85 9 56 3528 918 459 459 14 3 1 1
85 9 80 7056 918 459 459 14 3 1 2
85 9 84 28224 918 459 459 14 3 1 3
85 9 85 28224 918 459 459 14 3 1 3
85 9 86 28224 918 459 459 14 3 1 3
85 9 87 28224 918 459 459 14 3 1 3
85 9 96 7056 918 459 459 14 3 1 2
85 9 98 28224 918 459 459 14 3 1 3
85 9 99 28224 918 459 459 14 3 1 3
85 9 112 7056 918 459 459 14 3 1 2
85 9 160 7056 918 459 459 14 3 1 2
85 9 161 28224 918 459 459 14 3 1 3
85 9 168 7056 918 459 459 14 3 1 2
85 9 224 7056 918 459 459 14 3 1 2
85 9 232 7056 918 459 459 14 3 1 2
85 10 1 14112 918 459 459 14 3 2 1
85 10 2 14112 918 459 459 14 3 2 1
85 10 3 14112 918 459 459 14 3 2 1
85 10 4 14112 918 459 459 14 3 2 1
85 10 5 14112 918 459 459 14 3 2 1
85 10 6 14112 918 459 459 14 3 2 1
85 10 7 14112 918 459 459 14 3 2 1
85 10 8 14112 918 459 459 14 3 2 1
85 10 9 14112 918 459 459 14 3 2 1
85 10 10 28224 918 459 459 14 3 2 2
85 10 11 28224 918 459 459 14 3 2 2
85 10 12 28224 918 459 459 14 3 2 2
85 10 13 28224 918 459 459 14 3 2 2
85 10 14 28224 918 459 459 14 3 2 2
85 10 15 28224 918 459 459 14 3 2 2
85 10 16 14112 918 459 459 14 3 2 1
85 10 17 28224 918 459 459 14 3 2 2
85 10 18 14112 918 459 459 14 3 2 1
85 10 19 28224 918 459 459 14 3 2 2
85 10 20 28224 918 459 459 14 3 2 2
85 10 21 28224 918 459 459 14 3 2 2
85 10 22 28224 918 459 459 14 3 2 2
85 10 23 28224 918 459 459 14 3 2 2
85 10 24 14112 918 459 459 14 3 2 1
85 10 25 28224 918 459 459 14 3 2 2
85 10 26 28224 918 459 459 14 3 2 2
85 10 27 14112 918 459 459 14 3 2 1
85 10 28 28224 918 459 459 14 3 2 2
85 10 29 28224 918 459 459 14 3 2 2
85 10 30 28224 918 459 459 14 3 2 2
85 10 31 28224 918 459 459 14 3 2 2
85 10 32 14112 918 459 459 14 3 2 1
85 10 33 28224 918 459 459 14 3 2 2
85 10 34 28224 918 459 459 14 3 2 2
85 10 35 28224 918 459 459 14 3 2 2
85 10 36 14112 918 459 459 14 3 2 1
85 10 37 28224 918 459 459 14 3 2 2
85 10 38 28224 918 459 459 14 3 2 2
85 10 39 28224 918 459 459 14 3 2 2
85 10 40 14112 918 459 459 14 3 2 1
85 10 41 28224 918 459 459 14 3 2 2
85 10 42 28224 918 459 459 14 3 2 2
85 10 43 28224 918 459 459 14 3 2 2
85 10 44 28224 918 459 459 14 3 2 2
85 10 45 14112 918 459 459 14 3 2 1
85 10 46 28224 918 459 459 14 3 2 2
85 10 47 28224 918 459 459 14 3 2 2
85 10 48 14112 918 459 459 14 3 2 1
85 10 49 28224 918 459 459 14 3 2 2
85 10 50 28224 918 459 459 14 3 2 2
85 10 51 28224 918 459 459 14 3 2 2
85 10 52 28224 918 459 459 14 3 2 2
85 10 53 28224 918 459 459 14 3 2 2
85 10 54 14112 918 459 459 14 3 2 1
85 10 55 28224 918 459 459 14 3 2 2
85 10 56 14112 918 459 459 14 3 2 1
85 10 57 28224 918 459 459 14 3 2 2
85 10 58 28224 918 459 459 14 3 2 2
85 10 59 28224 918 459 459 14 3 2 2
85 10 60 28224 918 459 459 14 3 2 2
85 10 61 28224 918 459 459 14 3 2 2
85 10 62 28224 918 459 459 14 3 2 2
85 10 63 14112 918 459 459 14 3 2 1
85 10 64 7056 918 459 459 14 3 2 1
85 10 66 14112 918 459 459 14 3 2 2
85 10 67 14112 918 459 459 14 3 2 2
85 10 68 14112 918 459 459 14 3 2 2
85 10 69 14112 918 459 459 14 3 2 2
85 10 70 14112 918 459 459 14 3 2 2
85 10 71 14112 918 459 459 14 3 2 2
85 10 80 14112 918 459 459 14 3 2 2
85 10 82 14112 918 459 459 14 3 2 2
85 10 84 28224 918 459 459 14 3 2 3
85 10 85 28224 918 459 459 14 3 2 3
85 10 86 28224 918 459 459 14 3 2 3
85 10 87 28224 918 459 459 14 3 2 3
85 10 88 14112 918 459 459 14 3 2 2
85 10 91 14112 918 459 459 14 3 2 2
85 10 92 28224 918 459 459 14 3 2 3
85 10 93 28224 918 459 459 14 3 2 3
85 10 94 28224 918 459 459 14 3 2 3
85 10 95 28224 918 459 459 14 3 2 3
85 10 96 14112 918 459 459 14 3 2 2
85 10 98 28224 918 459 459 14 3 2 3
85 10 99 28224 918 459 459 14 3 2 3
85 10 100 14112 918 459 459 14 3 2 2
85 10 102 28224 918 459 459 14 3 2 3
85 10 103 28224 918 459 459 14 3 2 3
85 10 104 14112 918 459 459 14 3 2 2
85 10 106 28224 918 459 459 14 3 2 3
85 10 107 28224 918 459 459 14 3 2 3
85 10 109 14112 918 459 459 14 3 2 2
85 10 110 28224 918 459 459 14 3 2 3
85 10 111 28224 918 459 459 14 3 2 3
85 10 112 14112 918 459 459 14 3 2 2
85 10 114 28224 918 459 459 14 3 2 3
85 10 115 28224 918 459 459 14 3 2 3
85 10 116 28224 918 459 459 14 3 2 3
85 10 117 28224 918 459 459 14 3 2 3
85 10 118 14112 918 459 459 14 3 2 2
85 10 120 14112 918 459 459 14 3 2 2
85 10 122 28224 918 459 459 14 3 2 3
85 10 123 28224 918 459 459 14 3 2 3
85 10 124 28224 918 459 459 14 3 2 3
85 10 125 28224 918 459 459 14 3 2 3
85 10 127 14112 918 459 459 14 3 2 2
85 10 128 7056 918 459 459 14 3 2 1
85 10 129 14112 918 459 459 14 3 2 2
85 10 132 14112 918 459 459 14 3 2 2
85 10 133 14112 918 459 459 14 3 2 2
85 10 134 14112 918 459 459 14 3 2 2
85 10 135 14112 918 459 459 14 3 2 2
85 10 136 14112 918 459 459 14 3 2 2
85 10 137 14112 918 459 459 14 3 2 2
85 10 140 28224 918 459 459 14 3 2 3
85 10 141 28224 918 459 459 14 3 2 3
85 10 142 28224 918 459 459 14 3 2 3
85 10 143 28224 918 459 459 14 3 2 3
85 10 160 14112 918 459 459 14 3 2 2
85 10 161 28224 918 459 459 14 3 2 3
85 10 164 14112 918 459 459 14 3 2 2
85 10 165 28224 918 459 459 14 3 2 3
85 10 168 14112 918 459 459 14 3 2 2
85 10 169 28224 918 459 459 14 3 2 3
85 10 172 28224 918 459 459 14 3 2 3
85 10 173 14112 918 459 459 14 3 2 2
85 10 176 14112 918 459 459 14 3 2 2
85 10 177 28224 918 459 459 14 3 2 3
85 10 182 14112 918 459 459 14 3 2 2
85 10 183 28224 918 459 459 14 3 2 3
85 10 184 14112 918 459 459 14 3 2 2
85 10 185 28224 918 459 459 14 3 2 3
85 10 190 28224 918 459 459 14 3 2 3
85 10 191 14112 918 459 459 14 3 2 2
85 10 192 7056 918 459 459 14 3 2 1
85 10 196 14112 918 459 459 14 3 2 2
85 10 197 14112 918 459 459 14 3 2 2
85 10 198 14112 918 459 459 14 3 2 2
85 10 199 14112 918 459 459 14 3 2 2
85 10 224 14112 918 459 459 14 3 2 2
85 10 228 14112 918 459 459 14 3 2 2
85 10 232 14112 918 459 459 14 3 2 2
85 10 237 14112 918 459 459 14 3 2 2
85 10 240 14112 918 459 459 14 3 2 2
85 10 246 14112 918 459 459 14 3 2 2
85 10 248 14112 918 459 459 14 3 2 2
85 10 255 14112 918 459 459 14 3 2 2
85 10 256 7056 918 459 459 14 3 2 1
85 10 257 14112 918 459 459 14 3 2 2
85 10 258 14112 918 459 459 14 3 2 2
85 10 259 14112 918 459 459 14 3 2 2
85 10 264 14112 918 459 459 14 3 2 2
85 10 265 14112 918 459 459 14 3 2 2
85 10 266 28224 918 459 459 14 3 2 3
85 10 267 28224 918 459 459 14 3 2 3
85 10 272 14112 918 459 459 14 3 2 2
85 10 273 28224 918 459 459 14 3 2 3
85 10 274 14112 918 459 459 14 3 2 2
85 10 275 28224 918 459 459 14 3 2 3
85 10 280 14112 918 459 459 14 3 2 2
85 10 281 28224 918 459 459 14 3 2 3
85 10 282 28224 918 459 459 14 3 2 3
85 10 283 14112 918 459 459 14 3 2 2
85 10 320 7056 918 459 459 14 3 2 1
85 10 322 14112 918 459 459 14 3 2 2
85 10 323 14112 918 459 459 14 3 2 2
85 10 336 14112 918 459 459 14 3 2 2
85 10 338 14112 918 459 459 14 3 2 2
85 10 344 14112 918 459 459 14 3 2 2
85 10 347 14112 918 459 459 14 3 2 2
85 10 384 7056 918 459 459 14 3 2 1
85 10 385 14112 918 459 459 14 3 2 2
85 10 392 14112 918 459 459 14 3 2 2
85 10 393 14112 918 459 459 14 3 2 2
85 10 448 7056 918 459 459 14 3 2 1
85 66 1 14112 918 459 459 14 3 2 1
85 66 2 14112 918 459 459 14 3 2 1
85 66 3 14112 918 459 459 14 3 2 1
85 66 4 14112 918 459 459 14 3 2 1
85 66 5 14112 918 459 459 14 3 2 1
85 66 6 14112 918 459 459 14 3 2 1
85 66 7 14112 918 459 459 14 3 2 1
85 66 10 28224 918 459 459 14 3 2 2
85 66 11 28224 918 459 459 14 3 2 2
85 66 12 9408 918 459 459 14 3 2 2
85 66 13 28224 918 459 459 14 3 2 2
85 66 14 28224 918 459 459 14 3 2 2
85 66 15 28224 918 459 459 14 3 2 2
85 66 17 28224 918 459 459 14 3 2 2
85 66 19 28224 918 459 459 14 3 2 2
85 66 21 28224 918 459 459 14 3 2 2
85 66 22 28224 918 459 459 14 3 2 2
85 66 29 28224 918 459 459 14 3 2 2
85 66 31 28224 918 459 459 14 3 2 2
85 66 37 9408 918 459 459 14 3 2 2
85 66 39 28224 918 459 459 14 3 2 2
85 66 41 9408 918 459 459 14 3 2 2
85 66 43 28224 918 459 459 14 3 2 2
85 66 64 7056 918 459 459 14 3 2 1
85 66 66 14112 918 459 459 14 3 2 2
85 66 67 14112 918 459 459 14 3 2 2
85 66 68 14112 918 459 459 14 3 2 2
85 66 69 14112 918 459 459 14 3 2 2
85 66 70 14112 918 459 459 14 3 2 2
85 66 71 14112 918 459 459 14 3 2 2
85 66 80 14112 918 459 459 14 3 2 2
85 66 82 14112 918 459 459 14 3 2 2
85 66 84 28224 918 459 459 14 3 2 3
85 66 85 28224 918 459 459 14 3 2 3
85 66 86 28224 918 459 459 14 3 2 3
85 66 87 28224 918 459 459 14 3 2 3
85 66 88 14112 918 459 459 14 3 2 2
85 66 91 14112 918 459 459 14 3 2 2
85 66 92 28224 918 459 459 14 3 2 3
85 66 93 28224 918 459 459 14 3 2 3
85 66 95 28224 918 459 459 14 3 2 3
85 66 96 14112 918 459 459 14 3 2 2
85 66 98 28224 918 459 459 14 3 2 3
85 66 103 28224 918 459 459 14 3 2 3
85 66 107 28224 918 459 459 14 3 2 3
85 66 111 28224 918 459 459 14 3 2 3
85 66 112 14112 918 459 459 14 3 2 2
85 66 115 28224 918 459 459 14 3 2 3
85 66 118 14112 918 459 459 14 3 2 2
85 66 120 14112 918 459 459 14 3 2 2
85 66 127 14112 918 459 459 14 3 2 2
85 66 128 2352 918 459 459 14 3 2 1
85 66 129 14112 918 459 459 14 3 2 2
85 66 132 14112 918 459 459 14 3 2 2
85 66 133 14112 918 459 459 14 3 2 2
85 66 140 9408 918 459 459 14 3 2 3
85 66 141 28224 918 459 459 14 3 2 3
85 66 165 9408 918 459 459 14 3 2 3
85 66 169 9408 918 459 459 14 3 2 3
85 66 192 7056 918 459 459 14 3 2 1
85 66 196 14112 918 459 459 14 3 2 2
85 66 197 14112 918 459 459 14 3 2 2
85 66 224 14112 918 459 459 14 3 2 2
85 74 1 14112 918 459 459 14 3 2 1
85 74 2 14112 918 459 459 14 3 2 1
85 74 3 14112 918 459 459 14 3 2 1
85 74 4 14112 918 459 459 14 3 2 1
85 74 5 14112 918 459 459 14 3 2 1
85 74 6 14112 918 459 459 14 3 2 1
85 74 7 14112 918 459 459 14 3 2 1
85 74 8 14112 918 459 459 14 3 2 1
85 74 9 14112 918 459 459 14 3 2 1
85 74 10 28224 918 459 459 14 3 2 2
85 74 11 28224 918 459 459 14 3 2 2
85 74 12 28224 918 459 459 14 3 2 2
85 74 13 28224 918 459 459 14 3 2 2
85 74 14 28224 918 459 459 14 3 2 2
85 74 15 28224 918 459 459 14 3 2 2
85 74 16 14112 918 459 459 14 3 2 1
85 74 17 28224 918 459 459 14 3 2 2
85 74 18 14112 918 459 459 14 3 2 1
85 74 19 28224 918 459 459 14 3 2 2
85 74 20 28224 918 459 459 14 3 2 2
85 74 21 28224 918 459 459 14 3 2 2
85 74 22 28224 918 459 459 14 3 2 2
85 74 23 28224 918 459 459 14 3 2 2
85 74 24 14112 918 459 459 14 3 2 1
85 74 25 28224 918 459 459 14 3 2 2
85 74 26 28224 918 459 459 14 3 2 2
85 74 27 14112 918 459 459 14 3 2 1
85 74 28 28224 918 459 459 14 3 2 2
85 74 29 28224 918 459 459 14 3 2 2
85 74 30 28224 918 459 459 14 3 2 2
85 74 31 28224 918 459 459 14 3 2 2
85 74 32 14112 918 459 459 14 3 2 1
85 74 33 28224 918 459 459 14 3 2 2
85 74 34 28224 918 459 459 14 3 2 2
85 74 35 28224 918 459 459 14 3 2 2
85 74 36 14112 918 459 459 14 3 2 1
85 74 37 28224 918 459 459 14 3 2 2
85 74 38 28224 918 459 459 14 3 2 2
85 74 39 28224 918 459 459 14 3 2 2
85 74 40 14112 918 459 459 14 3 2 1
85 74 41 28224 918 459 459 14 3 2 2
85 74 42 28224 918 459 459 14 3 2 2
85 74 43 28224 918 459 459 14 3 2 2
85 74 44 28224 918 459 459 14 3 2 2
85 74 45 14112 918 459 459 14 3 2 1
85 74 46 28224 918 459 459 14 3 2 2
85 74 47 28224 918 459 459 14 3 2 2
85 74 48 14112 918 459 459 14 3 2 1
85 74 49 28224 918 459 459 14 3 2 2
85 74 50 28224 918 459 459 14 3 2 2
85 74 51 28224 918 459 459 14 3 2 2
85 74 52 28224 918 459 459 14 3 2 2
85 74 53 28224 918 459 459 14 3 2 2
85 74 54 14112 918 459 459 14 3 2 1
85 74 55 28224 918 459 459 14 3 2 2
85 74 56 14112 918 459 459 14 3 2 1
85 74 57 28224 918 459 459 14 3 2 2
85 74 58 28224 918 459 459 14 3 2 2
85 74 59 28224 918 459 459 14 3 2 2
85 74 60 28224 918 459 459 14 3 2 2
85 74 61 28224 918 459 459 14 3 2 2
85 74 62 28224 918 459 459 14 3 2 2
85 74 63 14112 918 459 459 14 3 2 1
85 74 64 7056 918 459 459 14 3 2 1
85 74 66 14112 918 459 459 14 3 2 2
85 74 67 14112 918 459 459 14 3 2 2
85 74 68 14112 918 459 459 14 3 2 2
85 74 69 14112 918 459 459 14 3 2 2
85 74 70 14112 918 459 459 14 3 2 2
85 74 71 14112 918 459 459 14 3 2 2
85 74 80 14112 918 459 459 14 3 2 2
85 74 82 14112 918 459 459 14 3 2 2
85 74 84 28224 918 459 459 14 3 2 3
85 74 85 28224 918 459 459 14 3 2 3
85 74 86 28224 918 459 459 14 3 2 3
85 74 87 28224 918 459 459 14 3 2 3
85 74 88 14112 918 459 459 14 3 2 2
85 74 91 14112 918 459 459 14 3 2 2
85 74 92 28224 918 459 459 14 3 2 3
85 74 93 28224 918 459 459 14 3 2 3
85 74 94 28224 918 459 459 14 3 2 3
85 74 95 28224 918 459 459 14 3 2 3
85 74 96 14112 918 459 459 14 3 2 2
85 74 98 28224 918 459 459 14 3 2 3
85 74 99 28224 918 459 459 14 3 2 3
85 74 100 14112 918 459 459 14 3 2 2
85 74 102 28224 918 459 459 14 3 2 3
85 74 103 28224 918 459 459 14 3 2 3
85 74 104 14112 918 459 459 14 3 2 2
85 74 106 28224 918 459 459 14 3 2 3
85 74 107 28224 918 459 459 14 3 2 3
85 74 109 14112 918 459 459 14 3 2 2
85 74 110 28224 918 459 459 14 3 2 3
85 74 111 28224 918 459 459 14 3 2 3
85 74 112 14112 918 459 459 14 3 2 2
85 74 114 28224 918 459 459 14 3 2 3
85 74 115 28224 918 459 459 14 3 2 3
85 74 116 28224 918 459 459 14 3 2 3
85 74 117 28224 918 459 459 14 3 2 3
85 74 118 14112 918 459 459 14 3 2 2
85 74 120 14112 918 459 459 14 3 2 2
85 74 122 28224 918 459 459 14 3 2 3
85 74 123 28224 918 459 459 14 3 2 3
85 74 124 28224 918 459 459 14 3 2 3
85 74 125 28224 918 459 459 14 3 2 3
85 74 127 14112 918 459 459 14 3 2 2
85 74 128 7056 918 459 459 14 3 2 1
85 74 129 14112 918 459 459 14 3 2 2
85 74 132 14112 918 459 459 14 3 2 2
85 74 133 14112 918 459 459 14 3 2 2
85 74 134 14112 918 459 459 14 3 2 2
85 74 135 14112 918 459 459 14 3 2 2
85 74 136 14112 918 459 459 14 3 2 2
85 74 137 14112 918 459 459 14 3 2 2
85 74 140 28224 918 459 459 14 3 2 3
85 74 141 28224 918 459 459 14 3 2 3
85 74 142 28224 918 459 459 14 3 2 3
85 74 143 28224 918 459 459 14 3 2 3
85 74 160 14112 918 459 459 14 3 2 2
85 74 161 28224 918 459 459 14 3 2 3
85 74 164 14112 918 459 459 14 3 2 2
85 74 165 28224 918 459 459 14 3 2 3
85 74 168 14112 918 459 459 14 3 2 2
85 74 169 28224 918 459 459 14 3 2 3
85 74 172 28224 918 459 459 14 3 2 3
85 74 173 14112 918 459 459 14 3 2 2
85 74 176 14112 918 459 459 14 3 2 2
85 74 177 28224 918 459 459 14 3 2 3
85 74 182 14112 918 459 459 14 3 2 2
85 74 183 28224 918 459 459 14 3 2 3
85 74 184 14112 918 459 459 14 3 2 2
85 74 185 28224 918 459 459 14 3 2 3
85 74 190 28224 918 459 459 14 3 2 3
85 74 191 14112 918 459 459 14 3 2 2
85 74 192 7056 918 459 459 14 3 2 1
85 74 196 14112 918 459 459 14 3 2 2
85 74 197 14112 918 459 459 14 3 2 2
85 74 198 14112 918 459 459 14 3 2 2
85 74 199 14112 918 459 459 14 3 2 2
85 74 224 14112 918 459 459 14 3 2 2
85 74 228 14112 918 459 459 14 3 2 2
85 74 232 14112 918 459 459 14 3 2 2
85 74 237 14112 918 459 459 14 3 2 2
85 74 240 14112 918 459 459 14 3 2 2
85 74 246 14112 918 459 459 14 3 2 2
85 74 248 14112 918 459 459 14 3 2 2
85 74 255 14112 918 459 459 14 3 2 2
85 74 256 7056 918 459 459 14 3 2 1
85 74 257 14112 918 459 459 14 3 2 2
85 74 258 14112 918 459 459 14 3 2 2
85 74 259 14112 918 459 459 14 3 2 2
85 74 264 14112 918 459 459 14 3 2 2
85 74 265 14112 918 459 459 14 3 2 2
85 74 266 28224 918 459 459 14 3 2 3
85 74 267 28224 918 459 459 14 3 2 3
85 74 272 14112 918 459 459 14 3 2 2
85 74 273 28224 918 459 459 14 3 2 3
85 74 274 14112 918 459 459 14 3 2 2
85 74 275 28224 918 459 459 14 3 2 3
85 74 280 14112 918 459 459 14 3 2 2
85 74 281 28224 918 459 459 14 3 2 3
85 74 282 28224 918 459 459 14 3 2 3
85 74 283 14112 918 459 459 14 3 2 2
85 74 320 7056 918 459 459 14 3 2 1
85 74 322 14112 918 459 459 14 3 2 2
85 74 323 14112 918 459 459 14 3 2 2
85 74 336 14112 918 459 459 14 3 2 2
85 74 338 14112 918 459 459 14 3 2 2
85 74 344 14112 918 459 459 14 3 2 2
85 74 347 14112 918 459 459 14 3 2 2
85 74 384 7056 918 459 459 14 3 2 1
85 74 385 14112 918 459 459 14 3 2 2
85 74 392 14112 918 459 459 14 3 2 2
85 74 393 14112 918 459 459 14 3 2 2
85 74 448 7056 918 459 459 14 3 2 1
85 84 1 28224 918 459 459 14 3 3 1
85 84 2 28224 918 459 459 14 3 3 1
85 84 3 28224 918 459 459 14 3 3 1
85 84 4 28224 918 459 459 14 3 3 1
85 84 5 28224 918 459 459 14 3 3 1
85 84 6 28224 918 459 459 14 3 3 1
85 84 7 28224 918 459 459 14 3 3 1
85 84 8 28224 918 459 459 14 3 3 1
85 84 9 28224 918 459 459 14 3 3 1
85 84 10 28224 918 459 459 14 3 3 2
85 84 11 28224 918 459 459 14 3 3 2
85 84 12 28224 918 459 459 14 3 3 2
85 84 13 28224 918 459 459 14 3 3 2
85 84 14 28224 918 459 459 14 3 3 2
85 84 15 28224 918 459 459 14 3 3 2
85 84 16 9408 918 459 459 14 3 3 1
85 84 17 28224 918 459 459 14 3 3 2
85 84 18 28224 918 459 459 14 3 3 1
85 84 19 28224 918 459 459 14 3 3 2
85 84 20 28224 918 459 459 14 3 3 2
85 84 21 28224 918 459 459 14 3 3 2
85 84 22 28224 918 459 459 14 3 3 2
85 84 23 28224 918 459 459 14 3 3 2
85 84 24 28224 918 459 459 14 3 3 1
85 84 25 28224 918 459 459 14 3 3 2
85 84 26 28224 918 459 459 14 3 3 2
85 84 27 28224 918 459 459 14 3 3 1
85 84 28 28224 918 459 459 14 3 3 2
85 84 29 28224 918 459 459 14 3 3 2
85 84 30 28224 918 459 459 14 3 3 2
85 84 31 28224 918 459 459 14 3 3 2
85 84 33 28224 918 459 459 14 3 3 2
85 84 34 28224 918 459 459 14 3 3 2
85 84 35 28224 918 459 459 14 3 3 2
85 84 36 28224 918 459 459 14 3 3 1
85 84 37 28224 918 459 459 14 3 3 2
85 84 38 28224 918 459 459 14 3 3 2
85 84 39 28224 918 459 459 14 3 3 2
85 84 41 28224 918 459 459 14 3 3 2
85 84 42 28224 918 459 459 14 3 3 2
85 84 43 28224 918 459 459 14 3 3 2
85 84 44 28224 918 459 459 14 3 3 2
85 84 45 28224 918 459 459 14 3 3 1
85 84 46 28224 918 459 459 14 3 3 2
85 84 47 28224 918 459 459 14 3 3 2
85 84 49 28224 918 459 459 14 3 3 2
85 84 50 28224 918 459 459 14 3 3 2
85 84 51 28224 918 459 459 14 3 3 2
85 84 52 28224 918 459 459 14 3 3 2
85 84 53 28224 918 459 459 14 3 3 2
85 84 54 28224 918 459 459 14 3 3 1
85 84 55 28224 918 459 459 14 3 3 2
85 84 57 28224 918 459 459 14 3 3 2
85 84 58 28224 918 459 459 14 3 3 2
85 84 59 28224 918 459 459 14 3 3 2
85 84 60 28224 918 459 459 14 3 3 2
85 84 61 28224 918 459 459 14 3 3 2
85 84 62 28224 918 459 459 14 3 3 2
85 84 63 28224 918 459 459 14 3 3 1
85 84 66 28224 918 459 459 14 3 3 2
85 84 67 28224 918 459 459 14 3 3 2
85 84 68 9408 918 459 459 14 3 3 2
85 84 69 28224 918 459 459 14 3 3 2
85 84 70 28224 918 459 459 14 3 3 2
85 84 71 28224 918 459 459 14 3 3 2
85 84 74 28224 918 459 459 14 3 3 2
85 84 75 28224 918 459 459 14 3 3 2
85 84 76 28224 918 459 459 14 3 3 2
85 84 77 28224 918 459 459 14 3 3 2
85 84 78 28224 918 459 459 14 3 3 2
85 84 79 28224 918 459 459 14 3 3 2
85 84 82 28224 918 459 459 14 3 3 2
85 84 83 28224 918 459 459 14 3 3 2
85 84 84 9408 918 459 459 14 3 3 3
85 84 85 28224 918 459 459 14 3 3 3
85 84 86 28224 918 459 459 14 3 3 3
85 84 87 28224 918 459 459 14 3 3 3
85 84 90 28224 918 459 459 14 3 3 2
85 84 91 28224 918 459 459 14 3 3 2
85 84 92 28224 918 459 459 14 3 3 3
85 84 93 28224 918 459 459 14 3 3 3
85 84 94 28224 918 459 459 14 3 3 3
85 84 95 28224 918 459 459 14 3 3 3
85 84 98 28224 918 459 459 14 3 3 3
85 84 99 28224 918 459 459 14 3 3 3
85 84 101 28224 918 459 459 14 3 3 2
85 84 102 28224 918 459 459 14 3 3 3
85 84 103 28224 918 459 459 14 3 3 3
85 84 106 28224 918 459 459 14 3 3 3
85 84 107 28224 918 459 459 14 3 3 3
85 84 109 28224 918 459 459 14 3 3 2
85 84 110 28224 918 459 459 14 3 3 3
85 84 111 28224 918 459 459 14 3 3 3
85 84 114 28224 918 459 459 14 3 3 3
85 84 115 28224 918 459 459 14 3 3 3
85 84 117 28224 918 459 459 14 3 3 3
85 84 118 28224 918 459 459 14 3 3 2
85 84 119 28224 918 459 459 14 3 3 2
85 84 122 28224 918 459 459 14 3 3 3
85 84 123 28224 918 459 459 14 3 3 3
85 84 125 28224 918 459 459 14 3 3 3
85 84 126 28224 918 459 459 14 3 3 2
85 84 127 28224 918 459 459 14 3 3 2
85 84 129 28224 918 459 459 14 3 3 2
85 84 131 28224 918 459 459 14 3 3 2
85 84 133 28224 918 459 459 14 3 3 2
85 84 134 28224 918 459 459 14 3 3 2
85 84 137 28224 918 459 459 14 3 3 2
85 84 139 28224 918 459 459 14 3 3 2
85 84 141 28224 918 459 459 14 3 3 3
85 84 142 28224 918 459 459 14 3 3 3
85 84 145 28224 918 459 459 14 3 3 2
85 84 147 28224 918 459 459 14 3 3 2
85 84 149 28224 918 459 459 14 3 3 2
85 84 150 28224 918 459 459 14 3 3 2
85 84 153 28224 918 459 459 14 3 3 2
85 84 155 28224 918 459 459 14 3 3 2
85 84 157 28224 918 459 459 14 3 3 3
85 84 158 28224 918 459 459 14 3 3 3
85 84 161 28224 918 459 459 14 3 3 3
85 84 163 28224 918 459 459 14 3 3 3
85 84 165 28224 918 459 459 14 3 3 3
85 84 166 28224 918 459 459 14 3 3 2
85 84 169 28224 918 459 459 14 3 3 3
85 84 171 28224 918 459 459 14 3 3 3
85 84 173 28224 918 459 459 14 3 3 2
85 84 174 28224 918 459 459 14 3 3 3
85 84 177 28224 918 459 459 14 3 3 3
85 84 179 28224 918 459 459 14 3 3 3
85 84 181 28224 918 459 459 14 3 3 3
85 84 182 28224 918 459 459 14 3 3 2
85 84 185 28224 918 459 459 14 3 3 3
85 84 187 28224 918 459 459 14 3 3 3
85 84 189 28224 918 459 459 14 3 3 2
85 84 190 28224 918 459 459 14 3 3 3
85 84 197 28224 918 459 459 14 3 3 2
85 84 199 28224 918 459 459 14 3 3 2
85 84 205 28224 918 459 459 14 3 3 3
85 84 207 28224 918 459 459 14 3 3 3
85 84 213 28224 918 459 459 14 3 3 3
85 84 215 28224 918 459 459 14 3 3 3
85 84 221 28224 918 459 459 14 3 3 2
85 84 223 28224 918 459 459 14 3 3 2
85 84 229 28224 918 459 459 14 3 3 3
85 84 231 28224 918 459 459 14 3 3 2
85 84 237 28224 918 459 459 14 3 3 2
85 84 239 28224 918 459 459 14 3 3 3
85 84 245 28224 918 459 459 14 3 3 2
85 84 247 28224 918 459 459 14 3 3 3
85 84 253 28224 918 459 459 14 3 3 3
85 84 255 28224 918 459 459 14 3 3 2
85 84 261 9408 918 459 459 14 3 3 2
85 84 263 28224 918 459 459 14 3 3 2
85 84 269 28224 918 459 459 14 3 3 2
85 84 271 28224 918 459 459 14 3 3 3
85 84 277 9408 918 459 459 14 3 3 3
85 84 279 28224 918 459 459 14 3 3 3
85 84 285 28224 918 459 459 14 3 3 3
85 84 287 28224 918 459 459 14 3 3 2
85 84 295 28224 918 459 459 14 3 3 2
85 84 303 28224 918 459 459 14 3 3 3
85 84 311 28224 918 459 459 14 3 3 3
85 84 319 28224 918 459 459 14 3 3 2
85 84 321 9408 918 459 459 14 3 3 2
85 84 323 28224 918 459 459 14 3 3 2
85 84 329 28224 918 459 459 14 3 3 2
85 84 331 28224 918 459 459 14 3 3 3
85 84 337 9408 918 459 459 14 3 3 3
85 84 339 28224 918 459 459 14 3 3 3
85 84 345 28224 918 459 459 14 3 3 3
85 84 347 28224 918 459 459 14 3 3 2
85 84 355 28224 918 459 459 14 3 3 3
85 84 363 28224 918 459 459 14 3 3 2
85 84 371 28224 918 459 459 14 3 3 2
85 84 379 28224 918 459 459 14 3 3 3
86 1 1 4704 918 459 459 14 3 1 1
86 1 2 2352 918 459 459 14 3 1 1
86 1 4 4704 918 459 459 14 3 1 1
86 1 5 2352 918 459 459 14 3 1 1
86 1 7 2352 918 459 459 14 3 1 1
86 1 8 3528 918 459 459 14 3 1 1
86 1 10 7056 918 459 459 14 3 1 2
86 1 11 14112 918 459 459 14 3 1 2
86 1 12 14112 918 459 459 14 3 1 2
86 1 13 14112 918 459 459 14 3 1 2
86 1 14 14112 918 459 459 14 3 1 2
86 1 15 14112 918 459 459 14 3 1 2
86 1 16 1764 918 459 459 14 3 1 1
86 1 20 14112 918 459 459 14 3 1 2
86 1 21 7056 918 459 459 14 3 1 2
86 1 23 7056 918 459 459 14 3 1 2
86 1 32 3528 918 459 459 14 3 1 1
86 1 33 14112 918 459 459 14 3 1 2
86 1 34 7056 918 459 459 14 3 1 2
86 1 35 14112 918 459 459 14 3 1 2
86 1 40 1764 918 459 459 14 3 1 1
86 1 42 7056 918 459 459 14 3 1 2
86 1 56 1764 918 459 459 14 3 1 1
86 1 80 3528 918 459 459 14 3 1 2
86 1 84 28224 918 459 459 14 3 1 3
86 1 85 14112 918 459 459 14 3 1 3
86 1 87 14112 918 459 459 14 3 1 3
86 1 96 7056 918 459 459 14 3 1 2
86 1 98 14112 918 459 459 14 3 1 3
86 1 99 28224 918 459 459 14 3 1 3
86 1 112 7056 918 459 459 14 3 1 2
86 1 160 3528 918 459 459 14 3 1 2
86 1 168 3528 918 459 459 14 3 1 2
86 8 1 4704 918 459 459 14 3 1 1
86 8 2 4704 918 459 459 14 3 1 1
86 8 3 4704 918 459 459 14 3 1 1
86 8 4 4704 918 459 459 14 3 1 1
86 8 5 4704 918 459 459 14 3 1 1
86 8 6 4704 918 459 459 14 3 1 1
86 8 7 4704 918 459 459 14 3 1 1
86 8 8 3528 918 459 459 14 3 1 1
86 8 10 14112 918 459 459 14 3 1 2
86 8 11 14112 918 459 459 14 3 1 2
86 8 12 14112 918 459 459 14 3 1 2
86 8 13 14112 918 459 459 14 3 1 2
86 8 14 14112 918 459 459 14 3 1 2
86 8 15 14112 918 459 459 14 3 1 2
86 8 16 3528 918 459 459 14 3 1 1
86 8 17 14112 918 459 459 14 3 1 2
86 8 20 14112 918 459 459 14 3 1 2
86 8 21 14112 918 459 459 14 3 1 2
86 8 22 14112 918 459 459 14 3 1 2
86 8 23 14112 918 459 459 14 3 1 2
86 8 24 3528 918 459 459 14 3 1 1
86 8 28 14112 918 459 459 14 3 1 2
86 8 29 14112 918 459 459 14 3 1 2
86 8 30 14112 918 459 459 14 3 1 2
86 8 31 14112 918 459 459 14 3 1 2
86 8 32 3528 918 459 459 14 3 1 1
86 8 33 14112 918 459 459 14 3 1 2
86 8 34 14112 918 459 459 14 3 1 2
86 8 35 14112 918 459 459 14 3 1 2
86 8 40 3528 918 459 459 14 3 1 1
86 8 42 14112 918 459 459 14 3 1 2
86 8 43 14112 918 459 459 14 3 1 2
86 8 48 3528 918 459 459 14 3 1 1
86 8 49 14112 918 459 459 14 3 1 2
86 8 56 3528 918 459 459 14 3 1 1
86 8 80 7056 918 459 459 14 3 1 2
86 8 84 28224 918 459 459 14 3 1 3
86 8 85 28224 918 459 459 14 3 1 3
86 8 86 28224 918 459 459 14 3 1 3
86 8 87 28224 918 459 459 14 3 1 3
86 8 96 7056 918 459 459 14 3 1 2
86 8 98 28224 918 459 459 14 3 1 3
86 8 99 28224 918 459 459 14 3 1 3
86 8 112 7056 918 459 459 14 3 1 2
86 8 160 7056 918 459 459 14 3 1 2
86 8 161 28224 918 459 459 14 3 1 3
86 8 168 7056 918 459 459 14 3 1 2
86 8 224 7056 918 459 459 14 3 1 2
86 8 232 7056 918 459 459 14 3 1 2
86 10 1 14112 918 459 459 14 3 2 1
86 10 2 14112 918 459 459 14 3 2 1
86 10 3 14112 918 459 459 14 3 2 1
86 10 4 14112 918 459 459 14 3 2 1
86 10 5 14112 918 459 459 14 3 2 1
86 10 6 14112 918 459 459 14 3 2 1
86 10 7 14112 918 459 459 14 3 2 1
86 10 8 14112 918 459 459 14 3 2 1
86 10 9 14112 918 459 459 14 3 2 1
86 10 10 28224 918 459 459 14 3 2 2
86 10 11 28224 918 459 459 14 3 2 2
86 10 12 28224 918 459 459 14 3 2 2
86 10 13 28224 918 459 459 14 3 2 2
86 10 14 28224 918 459 459 14 3 2 2
86 10 15 28224 918 459 459 14 3 2 2
86 10 16 14112 918 459 459 14 3 2 1
86 10 17 28224 918 459 459 14 3 2 2
86 10 18 14112 918 459 459 14 3 2 1
86 10 19 28224 918 459 459 14 3 2 2
86 10 20 28224 918 459 459 14 3 2 2
86 10 21 28224 918 459 459 14 3 2 2
86 10 22 28224 918 459 459 14 3 2 2
86 10 23 28224 918 459 459 14 3 2 2
86 10 24 14112 918 459 459 14 3 2 1
86 10 25 28224 918 459 459 14 3 2 2
86 10 26 28224 918 459 459 14 3 2 2
86 10 27 14112 918 459 459 14 3 2 1
86 10 28 28224 918 459 459 14 3 2 2
86 10 29 28224 918 459 459 14 3 2 2
86 10 30 28224 918 459 459 14 3 2 2
86 10 31 28224 918 459 459 14 3 2 2
86 10 32 14112 918 459 459 14 3 2 1
86 10 33 28224 918 459 459 14 3 2 2
86 10 34 28224 918 459 459 14 3 2 2
86 10 35 28224 918 459 459 14 3 2 2
86 10 36 14112 918 459 459 14 3 2 1
86 10 37 28224 918 459 459 14 3 2 2
86 10 38 28224 918 459 459 14 3 2 2
86 10 39 28224 918 459 459 14 3 2 2
86 10 40 14112 918 459 459 14 3 2 1
86 10 41 28224 918 459 459 14 3 2 2
86 10 42 28224 918 459 459 14 3 2 2
86 10 43 28224 918 459 459 14 3 2 2
86 10 44 28224 918 459 459 14 3 2 2
86 10 45 14112 918 459 459 14 3 2 1
86 10 46 28224 918 459 459 14 3 2 2
86 10 47 28224 918 459 459 14 3 2 2
86 10 48 14112 918 459 459 14 3 2 1
86 10 49 28224 918 459 459 14 3 2 2
86 10 50 28224 918 459 459 14 3 2 2
86 10 51 28224 918 459 459 14 3 2 2
86 10 52 28224 918 459 459 14 3 2 2
86 10 53 28224 918 459 459 14 3 2 2
86 10 54 14112 918 459 459 14 3 2 1
86 10 55 28224 918 459 459 14 3 2 2
86 10 56 14112 918 459 459 14 3 2 1
86 10 57 28224 918 459 459 14 3 2 2
86 10 58 28224 918 459 459 14 3 2 2
86 10 59 28224 918 459 459 14 3 2 2
86 10 60 28224 918 459 459 14 3 2 2
86 10 61 28224 918 459 459 14 3 2 2
86 10 62 28224 918 459 459 14 3 2 2
86 10 63 14112 918 459 459 14 3 2 1
86 10 64 7056 918 459 459 14 3 2 1
86 10 66 14112 918 459 459 14 3 2 2
86 10 67 14112 918 459 459 14 3 2 2
86 10 68 14112 918 459 459 14 3 2 2
86 10 69 14112 918 459 459 14 3 2 2
86 10 70 14112 918 459 459 14 3 2 2
86 10 71 14112 918 459 459 14 3 2 2
86 10 80 14112 918 459 459 14 3 2 2
86 10 82 14112 918 459 459 14 3 2 2
86 10 84 28224 918 459 459 14 3 2 3
86 10 85 28224 918 459 459 14 3 2 3
86 10 86 28224 918 459 459 14 3 2 3
86 10 87 28224 918 459 459 14 3 2 3
86 10 88 14112 918 459 459 14 3 2 2
86 10 91 14112 918 459 459 14 3 2 2
86 10 92 28224 918 459 459 14 3 2 3
86 10 93 28224 918 459 459 14 3 2 3
86 10 94 28224 918 459 459 14 3 2 3
86 10 95 28224 918 459 459 14 3 2 3
86 10 96 14112 918 459 459 14 3 2 2
86 10 98 28224 918 459 459 14 3 2 3
86 10 99 28224 918 459 459 14 3 2 3
86 10 100 14112 918 459 459 14 3 2 2
86 10 102 28224 918 459 459 14 3 2 3
86 10 103 28224 918 459 459 14 3 2 3
86 10 104 14112 918 459 459 14 3 2 2
86 10 106 28224 918 459 459 14 3 2 3
86 10 107 28224 918 459 459 14 3 2 3
86 10 109 14112 918 459 459 14 3 2 2
86 10 110 28224 918 459 459 14 3 2 3
86 10 111 28224 918 459 459 14 3 2 3
86 10 112 14112 918 459 459 14 3 2 2
86 10 114 28224 918 459 459 14 3 2 3
86 10 115 28224 918 459 459 14 3 2 3
86 10 116 28224 918 459 459 14 3 2 3
86 10 117 28224 918 459 459 14 3 2 3
86 10 118 14112 918 459 459 14 3 2 2
86 10 120 14112 918 459 459 14 3 2 2
86 10 122 28224 918 459 459 14 3 2 3
86 10 123 28224 918 459 459 14 3 2 3
86 10 124 28224 918 459 459 14 3 2 3
86 10 125 28224 918 459 459 14 3 2 3
86 10 127 14112 918 459 459 14 3 2 2
86 10 128 7056 918 459 459 14 3 2 1
86 10 129 14112 918 459 459 14 3 2 2
86 10 132 14112 918 459 459 14 3 2 2
86 10 133 14112 918 459 459 14 3 2 2
86 10 134 14112 918 459 459 14 3 2 2
86 10 135 14112 918 459 459 14 3 2 2
86 10 136 14112 918 459 459 14 3 2 2
86 10 137 14112 918 459 459 14 3 2 2
86 10 140 28224 918 459 459 14 3 2 3
86 10 141 28224 918 459 459 14 3 2 3
86 10 142 28224 918 459 459 14 3 2 3
86 10 143 28224 918 459 459 14 3 2 3
86 10 160 14112 918 459 459 14 3 2 2
86 10 161 28224 918 459 459 14 3 2 3
86 10 164 14112 918 459 459 14 3 2 2
86 10 165 28224 918 459 459 14 3 2 3
86 10 168 14112 918 459 459 14 3 2 2
86 10 169 28224 918 459 459 14 3 2 3
86 10 172 28224 918 459 459 14 3 2 3
86 10 173 14112 918 459 459 14 3 2 2
86 10 176 14112 918 459 459 14 3 2 2
86 10 177 28224 918 459 459 14 3 2 3
86 10 182 14112 918 459 459 14 3 2 2
86 10 183 28224 918 459 459 14 3 2 3
86 10 184 14112 918 459 459 14 3 2 2
86 10 185 28224 918 459 459 14 3 2 3
86 10 190 28224 918 459 459 14 3 2 3
86 10 191 14112 918 459 459 14 3 2 2
86 10 192 7056 918 459 459 14 3 2 1
86 10 196 14112 918 459 459 14 3 2 2
86 10 197 14112 918 459 459 14 3 2 2
86 10 198 14112 918 459 459 14 3 2 2
86 10 199 14112 918 459 459 14 3 2 2
86 10 224 14112 918 459 459 14 3 2 2
86 10 228 14112 918 459 459 14 3 2 2
86 10 232 14112 918 459 459 14 3 2 2
86 10 237 14112 918 459 459 14 3 2 2
86 10 240 14112 918 459 459 14 3 2 2
86 10 246 14112 918 459 459 14 3 2 2
86 10 248 14112 918 459 459 14 3 2 2
86 10 255 14112 918 459 459 14 3 2 2
86 10 256 7056 918 459 459 14 3 2 1
86 10 257 14112 918 459 459 14 3 2 2
86 10 258 14112 918 459 459 14 3 2 2
86 10 259 14112 918 459 459 14 3 2 2
86 10 264 14112 918 459 459 14 3 2 2
86 10 265 14112 918 459 459 14 3 2 2
86 10 266 28224 918 459 459 14 3 2 3
86 10 267 28224 918 459 459 14 3 2 3
86 10 272 14112 918 459 459 14 3 2 2
86 10 273 28224 918 459 459 14 3 2 3
86 10 274 14112 918 459 459 14 3 2 2
86 10 275 28224 918 459 459 14 3 2 3
86 10 280 14112 918 459 459 14 3 2 2
86 10 281 28224 918 459 459 14 3 2 3
86 10 282 28224 918 459 459 14 3 2 3
86 10 283 14112 918 459 459 14 3 2 2
86 10 320 7056 918 459 459 14 3 2 1
86 10 322 14112 918 459 459 14 3 2 2
86 10 323 14112 918 459 459 14 3 2 2
86 10 336 14112 918 459 459 14 3 2 2
86 10 338 14112 918 459 459 14 3 2 2
86 10 344 14112 918 459 459 14 3 2 2
86 10 347 14112 918 459 459 14 3 2 2
86 10 384 7056 918 459 459 14 3 2 1
86 10 385 14112 918 459 459 14 3 2 2
86 10 392 14112 918 459 459 14 3 2 2
86 10 393 14112 918 459 459 14 3 2 2
86 10 448 7056 918 459 459 14 3 2 1
86 65 1 4704 918 459 459 14 3 1 1
86 65 2 1176 918 459 459 14 3 1 1
86 65 5 2352 918 459 459 14 3 1 1
86 65 8 3528 918 459 459 14 3 1 1
86 65 10 7056 918 459 459 14 3 1 2
86 65 11 14112 918 459 459 14 3 1 2
86 65 12 14112 918 459 459 14 3 1 2
86 65 13 14112 918 459 459 14 3 1 2
86 65 14 14112 918 459 459 14 3 1 2
86 65 16 882 918 459 459 14 3 1 1
86 65 21 7056 918 459 459 14 3 1 2
86 65 40 1764 918 459 459 14 3 1 1
86 65 42 3528 918 459 459 14 3 1 2
86 65 80 3528 918 459 459 14 3 1 2
86 65 84 28224 918 459 459 14 3 1 3
86 65 85 14112 918 459 459 14 3 1 3
86 65 96 7056 918 459 459 14 3 1 2
86 65 98 7056 918 459 459 14 3 1 3
86 65 168 1764 918 459 459 14 3 1 2
86 66 1 14112 918 459 459 14 3 2 1
86 66 2 7056 918 459 459 14 3 2 1
86 66 4 14112 918 459 459 14 3 2 1
86 66 5 7056 918 459 459 14 3 2 1
86 66 7 7056 918 459 459 14 3 2 1
86 66 9 14112 918 459 459 14 3 2 1
86 66 10 28224 918 459 459 14 3 2 2
86 66 11 28224 918 459 459 14 3 2 2
86 66 12 28224 918 459 459 14 3 2 2
86 66 13 28224 918 459 459 14 3 2 2
86 66 15 28224 918 459 459 14 3 2 2
86 66 17 28224 918 459 459 14 3 2 2
86 66 18 3528 918 459 459 14 3 2 1
86 66 21 14112 918 459 459 14 3 2 2
86 66 23 14112 918 459 459 14 3 2 2
86 66 33 28224 918 459 459 14 3 2 2
86 66 37 28224 918 459 459 14 3 2 2
86 66 39 28224 918 459 459 14 3 2 2
86 66 45 7056 918 459 459 14 3 2 1
86 66 47 7056 918 459 459 14 3 2 2
86 66 61 7056 918 459 459 14 3 2 2
86 66 64 7056 918 459 459 14 3 2 1
86 66 66 7056 918 459 459 14 3 2 2
86 66 67 14112 918 459 459 14 3 2 2
86 66 68 14112 918 459 459 14 3 2 2
86 66 69 14112 918 459 459 14 3 2 2
86 66 70 14112 918 459 459 14 3 2 2
86 66 71 14112 918 459 459 14 3 2 2
86 66 80 7056 918 459 459 14 3 2 2
86 66 82 7056 918 459 459 14 3 2 2
86 66 84 28224 918 459 459 14 3 2 3
86 66 85 14112 918 459 459 14 3 2 3
86 66 87 14112 918 459 459 14 3 2 3
86 66 88 14112 918 459 459 14 3 2 2
86 66 91 14112 918 459 459 14 3 2 2
86 66 92 28224 918 459 459 14 3 2 3
86 66 93 28224 918 459 459 14 3 2 3
86 66 95 28224 918 459 459 14 3 2 3
86 66 96 14112 918 459 459 14 3 2 2
86 66 98 28224 918 459 459 14 3 2 3
86 66 99 28224 918 459 459 14 3 2 3
86 66 100 14112 918 459 459 14 3 2 2
86 66 102 28224 918 459 459 14 3 2 3
86 66 103 28224 918 459 459 14 3 2 3
86 66 109 14112 918 459 459 14 3 2 2
86 66 111 7056 918 459 459 14 3 2 3
86 66 112 14112 918 459 459 14 3 2 2
86 66 117 28224 918 459 459 14 3 2 3
86 66 118 14112 918 459 459 14 3 2 2
86 66 125 7056 918 459 459 14 3 2 3
86 66 128 1764 918 459 459 14 3 2 1
86 66 133 7056 918 459 459 14 3 2 2
86 66 135 7056 918 459 459 14 3 2 2
86 66 173 7056 918 459 459 14 3 2 2
86 66 320 3528 918 459 459 14 3 2 1
86 66 322 7056 918 459 459 14 3 2 2
86 66 338 3528 918 459 459 14 3 2 2
86 81 1 14112 918 459 459 14 3 2 1
86 81 2 7056 918 459 459 14 3 2 1
86 81 4 14112 918 459 459 14 3 2 1
86 81 5 7056 918 459 459 14 3 2 1
86 81 7 7056 918 459 459 14 3 2 1
86 81 8 14112 918 459 459 14 3 2 1
86 81 9 14112 918 459 459 14 3 2 1
86 81 10 28224 918 459 459 14 3 2 2
86 81 11 28224 918 459 459 14 3 2 2
86 81 12 28224 918 459 459 14 3 2 2
86 81 13 28224 918 459 459 14 3 2 2
86 81 14 28224 918 459 459 14 3 2 2
86 81 15 28224 918 459 459 14 3 2 2
86 81 16 14112 918 459 459 14 3 2 1
86 81 17 14112 918 459 459 14 3 2 2
86 81 19 14112 918 459 459 14 3 2 2
86 81 20 14112 918 459 459 14 3 2 2
86 81 21 28224 918 459 459 14 3 2 2
86 81 22 14112 918 459 459 14 3 2 2
86 81 32 14112 918 459 459 14 3 2 1
86 81 33 28224 918 459 459 14 3 2 2
86 81 34 28224 918 459 459 14 3 2 2
86 81 35 28224 918 459 459 14 3 2 2
86 81 36 14112 918 459 459 14 3 2 1
86 81 37 28224 918 459 459 14 3 2 2
86 81 38 28224 918 459 459 14 3 2 2
86 81 39 28224 918 459 459 14 3 2 2
86 81 40 14112 918 459 459 14 3 2 1
86 81 41 28224 918 459 459 14 3 2 2
86 81 42 28224 918 459 459 14 3 2 2
86 81 43 28224 918 459 459 14 3 2 2
86 81 56 14112 918 459 459 14 3 2 1
86 81 57 28224 918 459 459 14 3 2 2
86 81 58 28224 918 459 459 14 3 2 2
86 81 59 28224 918 459 459 14 3 2 2
86 81 64 7056 918 459 459 14 3 2 1
86 81 66 7056 918 459 459 14 3 2 2
86 81 67 14112 918 459 459 14 3 2 2
86 81 68 14112 918 459 459 14 3 2 2
86 81 69 14112 918 459 459 14 3 2 2
86 81 70 14112 918 459 459 14 3 2 2
86 81 71 14112 918 459 459 14 3 2 2
86 81 80 14112 918 459 459 14 3 2 2
86 81 84 14112 918 459 459 14 3 2 3
86 81 85 28224 918 459 459 14 3 2 3
86 81 86 14112 918 459 459 14 3 2 3
86 81 88 14112 918 459 459 14 3 2 2
86 81 91 14112 918 459 459 14 3 2 2
86 81 92 28224 918 459 459 14 3 2 3
86 81 93 28224 918 459 459 14 3 2 3
86 81 94 28224 918 459 459 14 3 2 3
86 81 95 28224 918 459 459 14 3 2 3
86 81 96 14112 918 459 459 14 3 2 2
86 81 98 28224 918 459 459 14 3 2 3
86 81 99 28224 918 459 459 14 3 2 3
86 81 100 14112 918 459 459 14 3 2 2
86 81 102 28224 918 459 459 14 3 2 3
86 81 103 28224 918 459 459 14 3 2 3
86 81 104 14112 918 459 459 14 3 2 2
86 81 106 28224 918 459 459 14 3 2 3
86 81 107 28224 918 459 459 14 3 2 3
86 81 109 14112 918 459 459 14 3 2 2
86 81 110 28224 918 459 459 14 3 2 3
86 81 112 14112 918 459 459 14 3 2 2
86 81 115 28224 918 459 459 14 3 2 3
86 81 117 28224 918 459 459 14 3 2 3
86 81 118 14112 918 459 459 14 3 2 2
86 81 120 14112 918 459 459 14 3 2 2
86 81 122 28224 918 459 459 14 3 2 3
86 81 123 28224 918 459 459 14 3 2 3
86 81 124 28224 918 459 459 14 3 2 3
86 81 127 14112 918 459 459 14 3 2 2
86 81 128 3528 918 459 459 14 3 2 1
86 81 132 14112 918 459 459 14 3 2 2
86 81 133 7056 918 459 459 14 3 2 2
86 81 135 7056 918 459 459 14 3 2 2
86 81 160 14112 918 459 459 14 3 2 2
86 81 164 14112 918 459 459 14 3 2 2
86 81 168 14112 918 459 459 14 3 2 2
86 81 184 14112 918 459 459 14 3 2 2
86 81 256 7056 918 459 459 14 3 2 1
86 81 257 14112 918 459 459 14 3 2 2
86 81 258 7056 918 459 459 14 3 2 2
86 81 259 14112 918 459 459 14 3 2 2
86 81 264 14112 918 459 459 14 3 2 2
86 81 265 14112 918 459 459 14 3 2 2
86 81 266 28224 918 459 459 14 3 2 3
86 81 267 28224 918 459 459 14 3 2 3
86 81 272 14112 918 459 459 14 3 2 2
86 81 273 14112 918 459 459 14 3 2 3
86 81 275 14112 918 459 459 14 3 2 3
86 81 280 14112 918 459 459 14 3 2 2
86 81 283 14112 918 459 459 14 3 2 2
86 81 320 3528 918 459 459 14 3 2 1
86 81 322 7056 918 459 459 14 3 2 2
86 81 336 14112 918 459 459 14 3 2 2
86 81 448 3528 918 459 459 14 3 2 1
86 84 1 28224 918 459 459 14 3 3 1
86 84 2 14112 918 459 459 14 3 3 1
86 84 4 28224 918 459 459 14 3 3 1
86 84 5 14112 918 459 459 14 3 3 1
86 84 7 14112 918 459 459 14 3 3 1
86 84 8 28224 918 459 459 14 3 3 1
86 84 9 28224 918 459 459 14 3 3 1
86 84 10 28224 918 459 459 14 3 3 2
86 84 11 28224 918 459 459 14 3 3 2
86 84 12 28224 918 459 459 14 3 3 2
86 84 13 28224 918 459 459 14 3 3 2
86 84 14 28224 918 459 459 14 3 3 2
86 84 15 28224 918 459 459 14 3 3 2
86 84 16 28224 918 459 459 14 3 3 1
86 84 17 28224 918 459 459 14 3 3 2
86 84 19 28224 918 459 459 14 3 3 2
86 84 20 28224 918 459 459 14 3 3 2
86 84 21 28224 918 459 459 14 3 3 2
86 84 22 28224 918 459 459 14 3 3 2
86 84 23 28224 918 459 459 14 3 3 2
86 84 24 28224 918 459 459 14 3 3 1
86 84 25 28224 918 459 459 14 3 3 2
86 84 26 28224 918 459 459 14 3 3 2
86 84 27 28224 918 459 459 14 3 3 1
86 84 28 28224 918 459 459 14 3 3 2
86 84 29 28224 918 459 459 14 3 3 2
86 84 30 28224 918 459 459 14 3 3 2
86 84 31 28224 918 459 459 14 3 3 2
86 84 33 28224 918 459 459 14 3 3 2
86 84 34 28224 918 459 459 14 3 3 2
86 84 35 28224 918 459 459 14 3 3 2
86 84 37 28224 918 459 459 14 3 3 2
86 84 38 28224 918 459 459 14 3 3 2
86 84 39 28224 918 459 459 14 3 3 2
86 84 40 28224 918 459 459 14 3 3 1
86 84 41 28224 918 459 459 14 3 3 2
86 84 42 28224 918 459 459 14 3 3 2
86 84 43 28224 918 459 459 14 3 3 2
86 84 44 28224 918 459 459 14 3 3 2
86 84 45 28224 918 459 459 14 3 3 1
86 84 46 28224 918 459 459 14 3 3 2
86 84 47 28224 918 459 459 14 3 3 2
86 84 49 28224 918 459 459 14 3 3 2
86 84 50 28224 918 459 459 14 3 3 2
86 84 51 28224 918 459 459 14 3 3 2
86 84 52 28224 918 459 459 14 3 3 2
86 84 53 28224 918 459 459 14 3 3 2
86 84 55 28224 918 459 459 14 3 3 2
86 84 57 28224 918 459 459 14 3 3 2
86 84 58 28224 918 459 459 14 3 3 2
86 84 59 28224 918 459 459 14 3 3 2
86 84 60 28224 918 459 459 14 3 3 2
86 84 61 28224 918 459 459 14 3 3 2
86 84 62 28224 918 459 459 14 3 3 2
86 84 65 28224 918 459 459 14 3 3 1
86 84 66 28224 918 459 459 14 3 3 2
86 84 67 28224 918 459 459 14 3 3 2
86 84 68 28224 918 459 459 14 3 3 2
86 84 69 28224 918 459 459 14 3 3 2
86 84 71 28224 918 459 459 14 3 3 2
86 84 81 14112 918 459 459 14 3 3 2
86 84 83 14112 918 459 459 14 3 3 2
86 84 84 7056 918 459 459 14 3 3 3
86 84 85 28224 918 459 459 14 3 3 3
86 84 86 14112 918 459 459 14 3 3 3
86 84 89 28224 918 459 459 14 3 3 2
86 84 90 28224 918 459 459 14 3 3 2
86 84 92 28224 918 459 459 14 3 3 3
86 84 93 28224 918 459 459 14 3 3 3
86 84 94 28224 918 459 459 14 3 3 3
86 84 95 28224 918 459 459 14 3 3 3
86 84 97 28224 918 459 459 14 3 3 2
86 84 99 28224 918 459 459 14 3 3 3
86 84 101 28224 918 459 459 14 3 3 2
86 84 102 28224 918 459 459 14 3 3 3
86 84 103 28224 918 459 459 14 3 3 3
86 84 105 28224 918 459 459 14 3 3 2
86 84 106 28224 918 459 459 14 3 3 3
86 84 107 28224 918 459 459 14 3 3 3
86 84 108 28224 918 459 459 14 3 3 2
86 84 110 28224 918 459 459 14 3 3 3
86 84 111 28224 918 459 459 14 3 3 3
86 84 113 28224 918 459 459 14 3 3 2
86 84 114 28224 918 459 459 14 3 3 3
86 84 115 28224 918 459 459 14 3 3 3
86 84 117 28224 918 459 459 14 3 3 3
86 84 119 28224 918 459 459 14 3 3 2
86 84 122 28224 918 459 459 14 3 3 3
86 84 123 28224 918 459 459 14 3 3 3
86 84 125 28224 918 459 459 14 3 3 3
86 84 126 28224 918 459 459 14 3 3 2
86 84 129 28224 918 459 459 14 3 3 2
86 84 130 7056 918 459 459 14 3 3 1
86 84 133 14112 918 459 459 14 3 3 2
86 84 135 14112 918 459 459 14 3 3 2
86 84 153 28224 918 459 459 14 3 3 2
86 84 154 28224 918 459 459 14 3 3 2
86 84 158 28224 918 459 459 14 3 3 3
86 84 159 28224 918 459 459 14 3 3 3
86 84 161 28224 918 459 459 14 3 3 3
86 84 163 28224 918 459 459 14 3 3 3
86 84 165 28224 918 459 459 14 3 3 3
86 84 167 28224 918 459 459 14 3 3 3
86 84 169 28224 918 459 459 14 3 3 3
86 84 170 28224 918 459 459 14 3 3 2
86 84 174 28224 918 459 459 14 3 3 3
86 84 175 28224 918 459 459 14 3 3 2
86 84 177 28224 918 459 459 14 3 3 3
86 84 179 28224 918 459 459 14 3 3 3
86 84 181 28224 918 459 459 14 3 3 3
86 84 183 28224 918 459 459 14 3 3 3
86 84 187 28224 918 459 459 14 3 3 3
86 84 190 28224 918 459 459 14 3 3 3
86 84 209 14112 918 459 459 14 3 3 2
86 84 211 14112 918 459 459 14 3 3 2
86 84 213 28224 918 459 459 14 3 3 3
86 84 214 7056 918 459 459 14 3 3 3
86 84 225 28224 918 459 459 14 3 3 3
86 84 227 28224 918 459 459 14 3 3 2
86 84 229 28224 918 459 459 14 3 3 3
86 84 231 28224 918 459 459 14 3 3 2
86 84 233 28224 918 459 459 14 3 3 3
86 84 238 28224 918 459 459 14 3 3 2
86 84 241 28224 918 459 459 14 3 3 3
86 84 243 28224 918 459 459 14 3 3 2
86 84 245 28224 918 459 459 14 3 3 2
86 84 247 28224 918 459 459 14 3 3 3
86 84 257 28224 918 459 459 14 3 3 2
86 84 261 28224 918 459 459 14 3 3 2
86 84 263 28224 918 459 459 14 3 3 2
86 84 273 14112 918 459 459 14 3 3 3
86 84 275 7056 918 459 459 14 3 3 3
86 84 277 28224 918 459 459 14 3 3 3
86 84 325 14112 918 459 459 14 3 3 1
86 84 327 7056 918 459 459 14 3 3 2
86 84 337 28224 918 459 459 14 3 3 3
86 84 341 28224 918 459 459 14 3 3 2
86 84 401 7056 918 459 459 14 3 3 3
86 84 453 7056 918 459 459 14 3 3 2
94 1 1 4704 918 459 459 14 3 1 1
94 1 2 4704 918 459 459 14 3 1 1
94 1 3 4704 918 459 459 14 3 1 1
94 1 4 4704 918 459 459 14 3 1 1
94 1 5 4704 918 459 459 14 3 1 1
94 1 6 4704 918 459 459 14 3 1 1
94 1 7 4704 918 459 459 14 3 1 1
94 1 8 3528 918 459 459 14 3 1 1
94 1 10 14112 918 459 459 14 3 1 2
94 1 11 14112 918 459 459 14 3 1 2
94 1 12 14112 918 459 459 14 3 1 2
94 1 13 14112 918 459 459 14 3 1 2
94 1 14 14112 918 459 459 14 3 1 2
94 1 15 14112 918 459 459 14 3 1 2
94 1 16 3528 918 459 459 14 3 1 1
94 1 17 14112 918 459 459 14 3 1 2
94 1 20 14112 918 459 459 14 3 1 2
94 1 21 14112 918 459 459 14 3 1 2
94 1 22 14112 918 459 459 14 3 1 2
94 1 23 14112 918 459 459 14 3 1 2
94 1 24 3528 918 459 459 14 3 1 1
94 1 28 14112 918 459 459 14 3 1 2
94 1 29 14112 918 459 459 14 3 1 2
94 1 30 14112 918 459 459 14 3 1 2
94 1 31 14112 918 459 459 14 3 1 2
94 1 32 3528 918 459 459 14 3 1 1
94 1 33 14112 918 459 459 14 3 1 2
94 1 34 14112 918 459 459 14 3 1 2
94 1 35 14112 918 459 459 14 3 1 2
94 1 40 3528 918 459 459 14 3 1 1
94 1 42 14112 918 459 459 14 3 1 2
94 1 43 14112 918 459 459 14 3 1 2
94 1 48 3528 918 459 459 14 3 1 1
94 1 49 14112 918 459 459 14 3 1 2
94 1 56 3528 918 459 459 14 3 1 1
94 1 80 7056 918 459 459 14 3 1 2
94 1 84 28224 918 459 459 14 3 1 3
94 1 85 28224 918 459 459 14 3 1 3
94 1 86 28224 918 459 459 14 3 1 3
94 1 87 28224 918 459 459 14 3 1 3
94 1 96 7056 918 459 459 14 3 1 2
94 1 98 28224 918 459 459 14 3 1 3
94 1 99 28224 918 459 459 14 3 1 3
94 1 112 7056 918 459 459 14 3 1 2
94 1 160 7056 918 459 459 14 3 1 2
94 1 161 28224 918 459 459 14 3 1 3
94 1 168 7056 918 459 459 14 3 1 2
94 1 224 7056 918 459 459 14 3 1 2
94 1 232 7056 918 459 459 14 3 1 2
94 10 1 14112 918 459 459 14 3 2 1
94 10 2 14112 918 459 459 14 3 2 1
94 10 3 14112 918 459 459 14 3 2 1
94 10 4 14112 918 459 459 14 3 2 1
94 10 5 14112 918 459 459 14 3 2 1
94 10 6 14112 918 459 459 14 3 2 1
94 10 7 14112 918 459 459 14 3 2 1
94 10 8 14112 918 459 459 14 3 2 1
94 10 9 14112 918 459 459 14 3 2 1
94 10 10 28224 918 459 459 14 3 2 2
94 10 11 28224 918 459 459 14 3 2 2
94 10 12 28224 918 459 459 14 3 2 2
94 10 13 28224 918 459 459 14 3 2 2
94 10 14 28224 918 459 459 14 3 2 2
94 10 15 28224 918 459 459 14 3 2 2
94 10 16 14112 918 459 459 14 3 2 1
94 10 17 28224 918 459 459 14 3 2 2
94 10 18 14112 918 459 459 14 3 2 1
94 10 19 28224 918 459 459 14 3 2 2
94 10 20 28224 918 459 459 14 3 2 2
94 10 21 28224 918 459 459 14 3 2 2
94 10 22 28224 918 459 459 14 3 2 2
94 10 23 28224 918 459 459 14 3 2 2
94 10 24 14112 918 459 459 14 3 2 1
94 10 25 28224 918 459 459 14 3 2 2
94 10 26 28224 918 459 459 14 3 2 2
94 10 27 14112 918 459 459 14 3 2 1
94 10 28 28224 918 459 459 14 3 2 2
94 10 29 28224 918 459 459 14 3 2 2
94 10 30 28224 918 459 459 14 3 2 2
94 10 31 28224 918 459 459 14 3 2 2
94 10 32 14112 918 459 459 14 3 2 1
94 10 33 28224 918 459 459 14 3 2 2
94 10 34 28224 918 459 459 14 3 2 2
94 10 35 28224 918 459 459 14 3 2 2
94 10 36 14112 918 459 459 14 3 2 1
94 10 37 28224 918 459 459 14 3 2 2
94 10 38 28224 918 459 459 14 3 2 2
94 10 39 28224 918 459 459 14 3 2 2
94 10 40 14112 918 459 459 14 3 2 1
94 10 41 28224 918 459 459 14 3 2 2
94 10 42 28224 918 459 459 14 3 2 2
94 10 43 28224 918 459 459 14 3 2 2
94 10 44 28224 918 459 459 14 3 2 2
94 10 45 14112 918 459 459 14 3 2 1
94 10 46 28224 918 459 459 14 3 2 2
94 10 47 28224 918 459 459 14 3 2 2
94 10 48 14112 918 459 459 14 3 2 1
94 10 49 28224 918 459 459 14 3 2 2
94 10 50 28224 918 459 459 14 3 2 2
94 10 51 28224 918 459 459 14 3 2 2
94 10 52 28224 918 459 459 14 3 2 2
94 10 53 28224 918 459 459 14 3 2 2
94 10 54 14112 918 459 459 14 3 2 1
94 10 55 28224 918 459 459 14 3 2 2
94 10 56 14112 918 459 459 14 3 2 1
94 10 57 28224 918 459 459 14 3 2 2
94 10 58 28224 918 459 459 14 3 2 2
94 10 59 28224 918 459 459 14 3 2 2
94 10 60 28224 918 459 459 14 3 2 2
94 10 61 28224 918 459 459 14 3 2 2
94 10 62 28224 918 459 459 14 3 2 2
94 10 63 14112 918 459 459 14 3 2 1
94 10 64 7056 918 459 459 14 3 2 1
94 10 66 14112 918 459 459 14 3 2 2
94 10 67 14112 918 459 459 14 3 2 2
94 10 68 14112 918 459 459 14 3 2 2
94 10 69 14112 918 459 459 14 3 2 2
94 10 70 14112 918 459 459 14 3 2 2
94 10 71 14112 918 459 459 14 3 2 2
94 10 80 14112 918 459 459 14 3 2 2
94 10 82 14112 918 459 459 14 3 2 2
94 10 84 28224 918 459 459 14 3 2 3
94 10 85 28224 918 459 459 14 3 2 3
94 10 86 28224 918 459 459 14 3 2 3
94 10 87 28224 918 459 459 14 3 2 3
94 10 88 14112 918 459 459 14 3 2 2
94 10 91 14112 918 459 459 14 3 2 2
94 10 92 28224 918 459 459 14 3 2 3
94 10 93 28224 918 459 459 14 3 2 3
94 10 94 28224 918 459 459 14 3 2 3
94 10 95 28224 918 459 459 14 3 2 3
94 10 96 14112 918 459 459 14 3 2 2
94 10 98 28224 918 459 459 14 3 2 3
94 10 99 28224 918 459 459 14 3 2 3
94 10 100 14112 918 459 459 14 3 2 2
94 10 102 28224 918 459 459 14 3 2 3
94 10 103 28224 918 459 459 14 3 2 3
94 10 104 14112 918 459 459 14 3 2 2
94 10 106 28224 918 459 459 14 3 2 3
94 10 107 28224 918 459 459 14 3 2 3
94 10 109 14112 918 459 459 14 3 2 2
94 10 110 28224 918 459 459 14 3 2 3
94 10 111 28224 918 459 459 14 3 2 3
94 10 112 14112 918 459 459 14 3 2 2
94 10 114 28224 918 459 459 14 3 2 3
94 10 115 28224 918 459 459 14 3 2 3
94 10 116 28224 918 459 459 14 3 2 3
94 10 117 28224 918 459 459 14 3 2 3
94 10 118 14112 918 459 459 14 3 2 2
94 10 120 14112 918 459 459 14 3 2 2
94 10 122 28224 918 459 459 14 3 2 3
94 10 123 28224 918 459 459 14 3 2 3
94 10 124 28224 918 459 459 14 3 2 3
94 10 125 28224 918 459 459 14 3 2 3
94 10 127 14112 918 459 459 14 3 2 2
94 10 128 7056 918 459 459 14 3 2 1
94 10 129 14112 918 459 459 14 3 2 2
94 10 132 14112 918 459 459 14 3 2 2
94 10 133 14112 918 459 459 14 3 2 2
94 10 134 14112 918 459 459 14 3 2 2
94 10 135 14112 918 459 459 14 3 2 2
94 10 136 14112 918 459 459 14 3 2 2
94 10 137 14112 918 459 459 14 3 2 2
94 10 140 28224 918 459 459 14 3 2 3
94 10 141 28224 918 459 459 14 3 2 3
94 10 142 28224 918 459 459 14 3 2 3
94 10 143 28224 918 459 459 14 3 2 3
94 10 160 14112 918 459 459 14 3 2 2
94 10 161 28224 918 459 459 14 3 2 3
94 10 164 14112 918 459 459 14 3 2 2
94 10 165 28224 918 459 459 14 3 2 3
94 10 168 14112 918 459 459 14 3 2 2
94 10 169 28224 918 459 459 14 3 2 3
94 10 172 28224 918 459 459 14 3 2 3
94 10 173 14112 918 459 459 14 3 2 2
94 10 176 14112 918 459 459 14 3 2 2
94 10 177 28224 918 459 459 14 3 2 3
94 10 182 14112 918 459 459 14 3 2 2
94 10 183 28224 918 459 459 14 3 2 3
94 10 184 14112 918 459 459 14 3 2 2
94 10 185 28224 918 459 459 14 3 2 3
94 10 190 28224 918 459 459 14 3 2 3
94 10 191 14112 918 459 459 14 3 2 2
94 10 192 7056 918 459 459 14 3 2 1
94 10 196 14112 918 459 459 14 3 2 2
94 10 197 14112 918 459 459 14 3 2 2
94 10 198 14112 918 459 459 14 3 2 2
94 10 199 14112 918 459 459 14 3 2 2
94 10 224 14112 918 459 459 14 3 2 2
94 10 228 14112 918 459 459 14 3 2 2
94 10 232 14112 918 459 459 14 3 2 2
94 10 237 14112 918 459 459 14 3 2 2
94 10 240 14112 918 459 459 14 3 2 2
94 10 246 14112 918 459 459 14 3 2 2
94 10 248 14112 918 459 459 14 3 2 2
94 10 255 14112 918 459 459 14 3 2 2
94 10 256 7056 918 459 459 14 3 2 1
94 10 257 14112 918 459 459 14 3 2 2
94 10 258 14112 918 459 459 14 3 2 2
94 10 259 14112 918 459 459 14 3 2 2
94 10 264 14112 918 459 459 14 3 2 2
94 10 265 14112 918 459 459 14 3 2 2
94 10 266 28224 918 459 459 14 3 2 3
94 10 267 28224 918 459 459 14 3 2 3
94 10 272 14112 918 459 459 14 3 2 2
94 10 273 28224 918 459 459 14 3 2 3
94 10 274 14112 918 459 459 14 3 2 2
94 10 275 28224 918 459 459 14 3 2 3
94 10 280 14112 918 459 459 14 3 2 2
94 10 281 28224 918 459 459 14 3 2 3
94 10 282 28224 918 459 459 14 3 2 3
94 10 283 14112 918 459 459 14 3 2 2
94 10 320 7056 918 459 459 14 3 2 1
94 10 322 14112 918 459 459 14 3 2 2
94 10 323 14112 918 459 459 14 3 2 2
94 10 336 14112 918 459 459 14 3 2 2
94 10 338 14112 918 459 459 14 3 2 2
94 10 344 14112 918 459 459 14 3 2 2
94 10 347 14112 918 459 459 14 3 2 2
94 10 384 7056 918 459 459 14 3 2 1
94 10 385 14112 918 459 459 14 3 2 2
94 10 392 14112 918 459 459 14 3 2 2
94 10 393 14112 918 459 459 14 3 2 2
94 10 448 7056 918 459 459 14 3 2 1
94 84 1 28224 918 459 459 14 3 3 1
94 84 2 28224 918 459 459 14 3 3 1
94 84 3 28224 918 459 459 14 3 3 1
94 84 4 28224 918 459 459 14 3 3 1
94 84 5 28224 918 459 459 14 3 3 1
94 84 6 28224 918 459 459 14 3 3 1
94 84 7 28224 918 459 459 14 3 3 1
94 84 10 28224 918 459 459 14 3 3 2
94 84 11 28224 918 459 459 14 3 3 2
94 84 12 28224 918 459 459 14 3 3 2
94 84 13 28224 918 459 459 14 3 3 2
94 84 14 28224 918 459 459 14 3 3 2
94 84 15 28224 918 459 459 14 3 3 2
94 84 17 28224 918 459 459 14 3 3 2
94 84 19 28224 918 459 459 14 3 3 2
94 84 20 28224 918 459 459 14 3 3 2
94 84 21 28224 918 459 459 14 3 3 2
94 84 22 28224 918 459 459 14 3 3 2
94 84 23 28224 918 459 459 14 3 3 2
94 84 25 28224 918 459 459 14 3 3 2
94 84 26 28224 918 459 459 14 3 3 2
94 84 28 28224 918 459 459 14 3 3 2
94 84 29 28224 918 459 459 14 3 3 2
94 84 30 28224 918 459 459 14 3 3 2
94 84 31 28224 918 459 459 14 3 3 2
94 84 33 28224 918 459 459 14 3 3 2
94 84 34 28224 918 459 459 14 3 3 2
94 84 35 28224 918 459 459 14 3 3 2
94 84 37 28224 918 459 459 14 3 3 2
94 84 38 28224 918 459 459 14 3 3 2
94 84 39 28224 918 459 459 14 3 3 2
94 84 41 28224 918 459 459 14 3 3 2
94 84 42 28224 918 459 459 14 3 3 2
94 84 43 28224 918 459 459 14 3 3 2
94 84 44 28224 918 459 459 14 3 3 2
94 84 46 28224 918 459 459 14 3 3 2
94 84 47 28224 918 459 459 14 3 3 2
94 84 49 28224 918 459 459 14 3 3 2
94 84 50 28224 918 459 459 14 3 3 2
94 84 51 28224 918 459 459 14 3 3 2
94 84 52 28224 918 459 459 14 3 3 2
94 84 53 28224 918 459 459 14 3 3 2
94 84 55 28224 918 459 459 14 3 3 2
94 84 57 28224 918 459 459 14 3 3 2
94 84 58 28224 918 459 459 14 3 3 2
94 84 59 28224 918 459 459 14 3 3 2
94 84 60 28224 918 459 459 14 3 3 2
94 84 61 28224 918 459 459 14 3 3 2
94 84 62 28224 918 459 459 14 3 3 2
94 84 84 4032 918 459 459 14 3 3 3
94 84 85 28224 918 459 459 14 3 3 3
94 84 86 28224 918 459 459 14 3 3 3
94 84 87 28224 918 459 459 14 3 3 3
94 84 94 28224 918 459 459 14 3 3 3
94 84 95 28224 918 459 459 14 3 3 3
94 84 99 28224 918 459 459 14 3 3 3
94 84 102 28224 918 459 459 14 3 3 3
94 84 103 28224 918 459 459 14 3 3 3
94 84 106 28224 918 459 459 14 3 3 3
94 84 110 28224 918 459 459 14 3 3 3
94 84 111 28224 918 459 459 14 3 3 3
94 84 114 28224 918 459 459 14 3 3 3
94 84 115 28224 918 459 459 14 3 3 3
94 84 117 28224 918 459 459 14 3 3 3
94 84 122 28224 918 459 459 14 3 3 3
94 84 123 28224 918 459 459 14 3 3 3
94 84 125 28224 918 459 459 14 3 3 3
94 84 163 28224 918 459 459 14 3 3 3
94 84 165 28224 918 459 459 14 3 3 3
94 84 169 28224 918 459 459 14 3 3 3
94 84 174 4032 918 459 459 14 3 3 3
94 84 177 28224 918 459 459 14 3 3 3
94 84 187 28224 918 459 459 14 3 3 3
94 84 241 28224 918 459 459 14 3 3 3
94 84 250 4032 918 459 459 14 3 3 3
94 84 311 4032 918 459 459 14 3 3 3
94 84 355 4032 918 459 459 14 3 3 3
94 84 409 4032 918 459 459 14 3 3 3
94 84 461 4032 918 459 459 14 3 3 3
95 1 1 4704 918 459 459 14 3 1 1
95 1 2 4704 918 459 459 14 3 1 1
95 1 3 4704 918 459 459 14 3 1 1
95 1 4 4704 918 459 459 14 3 1 1
95 1 5 4704 918 459 459 14 3 1 1
95 1 6 4704 918 459 459 14 3 1 1
95 1 7 4704 918 459 459 14 3 1 1
95 1 8 3528 918 459 459 14 3 1 1
95 1 10 14112 918 459 459 14 3 1 2
95 1 11 14112 918 459 459 14 3 1 2
95 1 12 14112 918 459 459 14 3 1 2
95 1 13 14112 918 459 459 14 3 1 2
95 1 14 14112 918 459 459 14 3 1 2
95 1 15 14112 918 459 459 14 3 1 2
95 1 16 3528 918 459 459 14 3 1 1
95 1 17 14112 918 459 459 14 3 1 2
95 1 20 14112 918 459 459 14 3 1 2
95 1 21 14112 918 459 459 14 3 1 2
95 1 22 14112 918 459 459 14 3 1 2
95 1 23 14112 918 459 459 14 3 1 2
95 1 24 3528 918 459 459 14 3 1 1
95 1 28 14112 918 459 459 14 3 1 2
95 1 29 14112 918 459 459 14 3 1 2
95 1 30 14112 918 459 459 14 3 1 2
95 1 31 14112 918 459 459 14 3 1 2
95 1 32 3528 918 459 459 14 3 1 1
95 1 33 14112 918 459 459 14 3 1 2
95 1 34 14112 918 459 459 14 3 1 2
95 1 35 14112 918 459 459 14 3 1 2
95 1 40 3528 918 459 459 14 3 1 1
95 1 42 14112 918 459 459 14 3 1 2
95 1 43 14112 918 459 459 14 3 1 2
95 1 48 3528 918 459 459 14 3 1 1
95 1 49 14112 918 459 459 14 3 1 2
95 1 56 3528 918 459 459 14 3 1 1
95 1 80 7056 918 459 459 14 3 1 2
95 1 84 28224 918 459 459 14 3 1 3
95 1 85 28224 918 459 459 14 3 1 3
95 1 86 28224 918 459 459 14 3 1 3
95 1 87 28224 918 459 459 14 3 1 3
95 1 96 7056 918 459 459 14 3 1 2
95 1 98 28224 918 459 459 14 3 1 3
95 1 99 28224 918 459 459 14 3 1 3
95 1 112 7056 918 459 459 14 3 1 2
95 1 160 7056 918 459 459 14 3 1 2
95 1 161 28224 918 459 459 14 3 1 3
95 1 168 7056 918 459 459 14 3 1 2
95 1 224 7056 918 459 459 14 3 1 2
95 1 232 7056 918 459 459 14 3 1 2
95 10 1 14112 918 459 459 14 3 2 1
95 10 2 14112 918 459 459 14 3 2 1
95 10 3 14112 918 459 459 14 3 2 1
95 10 4 14112 918 459 459 14 3 2 1
95 10 5 14112 918 459 459 14 3 2 1
95 10 6 14112 918 459 459 14 3 2 1
95 10 7 14112 918 459 459 14 3 2 1
95 10 8 14112 918 459 459 14 3 2 1
95 10 9 14112 918 459 459 14 3 2 1
95 10 10 28224 918 459 459 14 3 2 2
95 10 11 28224 918 459 459 14 3 2 2
95 10 12 28224 918 459 459 14 3 2 2
95 10 13 28224 918 459 459 14 3 2 2
95 10 14 28224 918 459 459 14 3 2 2
95 10 15 28224 918 459 459 14 3 2 2
95 10 16 14112 918 459 459 14 3 2 1
95 10 17 28224 918 459 459 14 3 2 2
95 10 18 14112 918 459 459 14 3 2 1
95 10 19 28224 918 459 459 14 3 2 2
95 10 20 28224 918 459 459 14 3 2 2
95 10 21 28224 918 459 459 14 3 2 2
95 10 22 28224 918 459 459 14 3 2 2
95 10 23 28224 918 459 459 14 3 2 2
95 10 24 14112 918 459 459 14 3 2 1
95 10 25 28224 918 459 459 14 3 2 2
95 10 26 28224 918 459 459 14 3 2 2
95 10 27 14112 918 459 459 14 3 2 1
95 10 28 28224 918 459 459 14 3 2 2
95 10 29 28224 918 459 459 14 3 2 2
95 10 30 28224 918 459 459 14 3 2 2
95 10 31 28224 918 459 459 14 3 2 2
95 10 32 14112 918 459 459 14 3 2 1
95 10 33 28224 918 459 459 14 3 2 2
95 10 34 28224 918 459 459 14 3 2 2
95 10 35 28224 918 459 459 14 3 2 2
95 10 36 14112 918 459 459 14 3 2 1
95 10 37 28224 918 459 459 14 3 2 2
95 10 38 28224 918 459 459 14 3 2 2
95 10 39 28224 918 459 459 14 3 2 2
95 10 40 14112 918 459 459 14 3 2 1
95 10 41 28224 918 459 459 14 3 2 2
95 10 42 28224 918 459 459 14 3 2 2
95 10 43 28224 918 459 459 14 3 2 2
95 10 44 28224 918 459 459 14 3 2 2
95 10 45 14112 918 459 459 14 3 2 1
95 10 46 28224 918 459 459 14 3 2 2
95 10 47 28224 918 459 459 14 3 2 2
95 10 48 14112 918 459 459 14 3 2 1
95 10 49 28224 918 459 459 14 3 2 2
95 10 50 28224 918 459 459 14 3 2 2
95 10 51 28224 918 459 459 14 3 2 2
95 10 52 28224 918 459 459 14 3 2 2
95 10 53 28224 918 459 459 14 3 2 2
95 10 54 14112 918 459 459 14 3 2 1
95 10 55 28224 918 459 459 14 3 2 2
95 10 56 14112 918 459 459 14 3 2 1
95 10 57 28224 918 459 459 14 3 2 2
95 10 58 28224 918 459 459 14 3 2 2
95 10 59 28224 918 459 459 14 3 2 2
95 10 60 28224 918 459 459 14 3 2 2
95 10 61 28224 918 459 459 14 3 2 2
95 10 62 28224 918 459 459 14 3 2 2
95 10 63 14112 918 459 459 14 3 2 1
95 10 64 7056 918 459 459 14 3 2 1
95 10 66 14112 918 459 459 14 3 2 2
95 10 67 14112 918 459 459 14 3 2 2
95 10 68 14112 918 459 459 14 3 2 2
95 10 69 14112 918 459 459 14 3 2 2
95 10 70 14112 918 459 459 14 3 2 2
95 10 71 14112 918 459 459 14 3 2 2
95 10 80 14112 918 459 459 14 3 2 2
95 10 82 14112 918 459 459 14 3 2 2
95 10 84 28224 918 459 459 14 3 2 3
95 10 85 28224 918 459 459 14 3 2 3
95 10 86 28224 918 459 459 14 3 2 3
95 10 87 28224 918 459 459 14 3 2 3
95 10 88 14112 918 459 459 14 3 2 2
95 10 91 14112 918 459 459 14 3 2 2
95 10 92 28224 918 459 459 14 3 2 3
95 10 93 28224 918 459 459 14 3 2 3
95 10 94 28224 918 459 459 14 3 2 3
95 10 95 28224 918 459 459 14 3 2 3
95 10 96 14112 918 459 459 14 3 2 2
95 10 98 28224 918 459 459 14 3 2 3
95 10 99 28224 918 459 459 14 3 2 3
95 10 100 14112 918 459 459 14 3 2 2
95 10 102 28224 918 459 459 14 3 2 3
95 10 103 28224 918 459 459 14 3 2 3
95 10 104 14112 918 459 459 14 3 2 2
95 10 106 28224 918 459 459 14 3 2 3
95 10 107 28224 918 459 459 14 3 2 3
95 10 109 14112 918 459 459 14 3 2 2
95 10 110 28224 918 459 459 14 3 2 3
95 10 111 28224 918 459 459 14 3 2 3
95 10 112 14112 918 459 459 14 3 2 2
95 10 114 28224 918 459 459 14 3 2 3
95 10 115 28224 918 459 459 14 3 2 3
95 10 116 28224 918 459 459 14 3 2 3
95 10 117 28224 918 459 459 14 3 2 3
95 10 118 14112 918 459 459 14 3 2 2
95 10 120 14112 918 459 459 14 3 2 2
95 10 122 28224 918 459 459 14 3 2 3
95 10 123 28224 918 459 459 14 3 2 3
95 10 124 28224 918 459 459 14 3 2 3
95 10 125 28224 918 459 459 14 3 2 3
95 10 127 14112 918 459 459 14 3 2 2
95 10 128 7056 918 459 459 14 3 2 1
95 10 129 14112 918 459 459 14 3 2 2
95 10 132 14112 918 459 459 14 3 2 2
95 10 133 14112 918 459 459 14 3 2 2
95 10 134 14112 918 459 459 14 3 2 2
95 10 135 14112 918 459 459 14 3 2 2
95 10 136 14112 918 459 459 14 3 2 2
95 10 137 14112 918 459 459 14 3 2 2
95 10 140 28224 918 459 459 14 3 2 3
95 10 141 28224 918 459 459 14 3 2 3
95 10 142 28224 918 459 459 14 3 2 3
95 10 143 28224 918 459 459 14 3 2 3
95 10 160 14112 918 459 459 14 3 2 2
95 10 161 28224 918 459 459 14 3 2 3
95 10 164 14112 918 459 459 14 3 2 2
95 10 165 28224 918 459 459 14 3 2 3
95 10 168 14112 918 459 459 14 3 2 2
95 10 169 28224 918 459 459 14 3 2 3
95 10 172 28224 918 459 459 14 3 2 3
95 10 173 14112 918 459 459 14 3 2 2
95 10 176 14112 918 459 459 14 3 2 2
95 10 177 28224 918 459 459 14 3 2 3
95 10 182 14112 918 459 459 14 3 2 2
95 10 183 28224 918 459 459 14 3 2 3
95 10 184 14112 918 459 459 14 3 2 2
95 10 185 28224 918 459 459 14 3 2 3
95 10 190 28224 918 459 459 14 3 2 3
95 10 191 14112 918 459 459 14 3 2 2
95 10 192 7056 918 459 459 14 3 2 1
95 10 196 14112 918 459 459 14 3 2 2
95 10 197 14112 918 459 459 14 3 2 2
95 10 198 14112 918 459 459 14 3 2 2
95 10 199 14112 918 459 459 14 3 2 2
95 10 224 14112 918 459 459 14 3 2 2
95 10 228 14112 918 459 459 14 3 2 2
95 10 232 14112 918 459 459 14 3 2 2
95 10 237 14112 918 459 459 14 3 2 2
95 10 240 14112 918 459 459 14 3 2 2
95 10 246 14112 918 459 459 14 3 2 2
95 10 248 14112 918 459 459 14 3 2 2
95 10 255 14112 918 459 459 14 3 2 2
95 10 256 7056 918 459 459 14 3 2 1
95 10 257 14112 918 459 459 14 3 2 2
95 10 258 14112 918 459 459 14 3 2 2
95 10 259 14112 918 459 459 14 3 2 2
95 10 264 14112 918 459 459 14 3 2 2
95 10 265 14112 918 459 459 14 3 2 2
95 10 266 28224 918 459 459 14 3 2 3
95 10 267 28224 918 459 459 14 3 2 3
95 10 272 14112 918 459 459 14 3 2 2
95 10 273 28224 918 459 459 14 3 2 3
95 10 274 14112 918 459 459 14 3 2 2
95 10 275 28224 918 459 459 14 3 2 3
95 10 280 14112 918 459 459 14 3 2 2
95 10 281 28224 918 459 459 14 3 2 3
95 10 282 28224 918 459 459 14 3 2 3
95 10 283 14112 918 459 459 14 3 2 2
95 10 320 7056 918 459 459 14 3 2 1
95 10 322 14112 918 459 459 14 3 2 2
95 10 323 14112 918 459 459 14 3 2 2
95 10 336 14112 918 459 459 14 3 2 2
95 10 338 14112 918 459 459 14 3 2 2
95 10 344 14112 918 459 459 14 3 2 2
95 10 347 14112 918 459 459 14 3 2 2
95 10 384 7056 918 459 459 14 3 2 1
95 10 385 14112 918 459 459 14 3 2 2
95 10 392 14112 918 459 459 14 3 2 2
95 10 393 14112 918 459 459 14 3 2 2
95 10 448 7056 918 459 459 14 3 2 1
95 84 1 28224 918 459 459 14 3 3 1
95 84 2 28224 918 459 459 14 3 3 1
95 84 3 28224 918 459 459 14 3 3 1
95 84 4 28224 918 459 459 14 3 3 1
95 84 5 28224 918 459 459 14 3 3 1
95 84 6 28224 918 459 459 14 3 3 1
95 84 7 28224 918 459 459 14 3 3 1
95 84 10 28224 918 459 459 14 3 3 2
95 84 11 28224 918 459 459 14 3 3 2
95 84 12 28224 918 459 459 14 3 3 2
95 84 13 28224 918 459 459 14 3 3 2
95 84 14 28224 918 459 459 14 3 3 2
95 84 15 28224 918 459 459 14 3 3 2
95 84 17 28224 918 459 459 14 3 3 2
95 84 19 28224 918 459 459 14 3 3 2
95 84 20 28224 918 459 459 14 3 3 2
95 84 21 28224 918 459 459 14 3 3 2
95 84 22 28224 918 459 459 14 3 3 2
95 84 23 28224 918 459 459 14 3 3 2
95 84 25 28224 918 459 459 14 3 3 2
95 84 26 28224 918 459 459 14 3 3 2
95 84 28 28224 918 459 459 14 3 3 2
95 84 29 28224 918 459 459 14 3 3 2
95 84 30 28224 918 459 459 14 3 3 2
95 84 31 28224 918 459 459 14 3 3 2
95 84 33 28224 918 459 459 14 3 3 2
95 84 34 28224 918 459 459 14 3 3 2
95 84 35 28224 918 459 459 14 3 3 2
95 84 37 28224 918 459 459 14 3 3 2
95 84 38 28224 918 459 459 14 3 3 2
95 84 39 28224 918 459 459 14 3 3 2
95 84 41 28224 918 459 459 14 3 3 2
95 84 42 28224 918 459 459 14 3 3 2
95 84 43 28224 918 459 459 14 3 3 2
95 84 44 28224 918 459 459 14 3 3 2
95 84 46 28224 918 459 459 14 3 3 2
95 84 47 28224 918 459 459 14 3 3 2
95 84 49 28224 918 459 459 14 3 3 2
95 84 50 28224 918 459 459 14 3 3 2
95 84 51 28224 918 459 459 14 3 3 2
95 84 52 28224 918 459 459 14 3 3 2
95 84 53 28224 918 459 459 14 3 3 2
95 84 55 28224 918 459 459 14 3 3 2
95 84 57 28224 918 459 459 14 3 3 2
95 84 58 28224 918 459 459 14 3 3 2
95 84 59 28224 918 459 459 14 3 3 2
95 84 60 28224 918 459 459 14 3 3 2
95 84 61 28224 918 459 459 14 3 3 2
95 84 62 28224 918 459 459 14 3 3 2
95 84 84 4032 918 459 459 14 3 3 3
95 84 85 28224 918 459 459 14 3 3 3
95 84 86 28224 918 459 459 14 3 3 3
95 84 87 28224 918 459 459 14 3 3 3
95 84 94 28224 918 459 459 14 3 3 3
95 84 95 28224 918 459 459 14 3 3 3
95 84 99 28224 918 459 459 14 3 3 3
95 84 102 28224 918 459 459 14 3 3 3
95 84 103 28224 918 459 459 14 3 3 3
95 84 106 28224 918 459 459 14 3 3 3
95 84 110 28224 918 459 459 14 3 3 3
95 84 111 28224 918 459 459 14 3 3 3
95 84 114 28224 918 459 459 14 3 3 3
95 84 115 28224 918 459 459 14 3 3 3
95 84 117 28224 918 459 459 14 3 3 3
95 84 122 28224 918 459 459 14 3 3 3
95 84 123 28224 918 459 459 14 3 3 3
95 84 125 28224 918 459 459 14 3 3 3
95 84 163 28224 918 459 459 14 3 3 3
95 84 165 28224 918 459 459 14 3 3 3
95 84 169 28224 918 459 459 14 3 3 3
95 84 177 28224 918 459 459 14 3 3 3
95 84 181 28224 918 459 459 14 3 3 3
95 84 190 4032 918 459 459 14 3 3 3
95 84 225 28224 918 459 459 14 3 3 3
95 84 234 4032 918 459 459 14 3 3 3
95 84 307 4032 918 459 459 14 3 3 3
95 84 359 4032 918 459 459 14 3 3 3
95 84 397 4032 918 459 459 14 3 3 3
95 84 473 4032 918 459 459 14 3 3 3
273 1 1 784 918 459 459 14 3 1 1
273 1 2 588 918 459 459 14 3 1 1
273 1 8 588 918 459 459 14 3 1 1
273 1 10 3528 918 459 459 14 3 1 2
273 1 11 7056 918 459 459 14 3 1 2
273 1 16 441 918 459 459 14 3 1 1
273 1 20 1764 918 459 459 14 3 1 2
273 1 80 1764 918 459 459 14 3 1 2
273 1 84 3528 918 459 459 14 3 1 3
273 1 85 4704 918 459 459 14 3 1 3
273 1 160 294 918 459 459 14 3 1 2
273 10 1 3528 918 459 459 14 3 2 1
273 10 2 7056 918 459 459 14 3 2 1
273 10 4 1764 918 459 459 14 3 2 1
273 10 10 4704 918 459 459 14 3 2 2
273 10 11 14112 918 459 459 14 3 2 2
273 10 12 14112 918 459 459 14 3 2 2
273 10 19 9408 918 459 459 14 3 2 2
273 10 20 7056 918 459 459 14 3 2 2
273 10 64 1764 918 459 459 14 3 2 1
273 10 66 14112 918 459 459 14 3 2 2
273 10 68 1764 918 459 459 14 3 2 2
273 10 69 3528 918 459 459 14 3 2 2
273 10 80 7056 918 459 459 14 3 2 2
273 10 84 7056 918 459 459 14 3 2 3
273 10 85 14112 918 459 459 14 3 2 3
273 10 86 14112 918 459 459 14 3 2 3
273 10 87 9408 918 459 459 14 3 2 3
273 10 96 3528 918 459 459 14 3 2 2
273 10 104 7056 918 459 459 14 3 2 2
273 10 106 4704 918 459 459 14 3 2 3
273 10 256 294 918 459 459 14 3 2 1
273 84 1 3528 918 459 459 14 3 3 1
273 84 4 4704 918 459 459 14 3 3 1
273 84 10 7056 918 459 459 14 3 3 2
273 84 12 14112 918 459 459 14 3 3 2
273 84 20 4704 918 459 459 14 3 3 2
273 84 22 14112 918 459 459 14 3 3 2
273 84 38 9408 918 459 459 14 3 3 2
273 84 84 168 918 459 459 14 3 3 3
273 84 85 3528 918 459 459 14 3 3 3
273 84 94 7056 918 459 459 14 3 3 3
273 84 102 9408 918 459 459 14 3 3 3
273 84 163 4032 918 459 459 14 3 3 3
273 84 165 4032 918 459 459 14 3 3 3
