# v0 272 rank 2 base e4 918 h3 459 h4 459 koszul 14; columns: al be ga orbit e4 h3 h4 koszul rk(al) rk(be) rk(ga)
1 1 1 448 912 456 456 14 1 1 1
1 1 2 1344 918 459 459 14 1 1 1
1 1 3 1344 912 456 456 14 1 1 1
1 1 8 336 918 459 459 14 1 1 1
1 1 10 4032 918 459 459 14 1 1 2
1 1 11 4032 912 456 456 14 1 1 2
1 1 16 1008 918 459 459 14 1 1 1
1 1 17 4032 912 456 456 14 1 1 2
1 1 20 4032 918 459 459 14 1 1 2
1 1 21 8064 912 456 456 14 1 1 2
1 1 24 1008 918 459 459 14 1 1 1
1 1 28 4032 918 459 459 14 1 1 2
1 1 80 2016 918 459 459 14 1 1 2
1 1 84 8064 918 459 459 14 1 1 3
1 1 85 8064 912 456 456 14 1 1 3
1 1 160 672 918 459 459 14 1 1 2
1 1 161 2688 912 456 456 14 1 1 3
1 1 168 2016 918 459 459 14 1 1 2
1 8 1 1344 918 459 459 14 1 1 1
1 8 2 2688 918 459 459 14 1 1 1
1 8 3 2688 918 459 459 14 1 1 1
1 8 4 1344 918 459 459 14 1 1 1
1 8 5 1344 918 459 459 14 1 1 1
1 8 8 1008 918 459 459 14 1 1 1
1 8 10 8064 918 459 459 14 1 1 2
1 8 11 8064 918 459 459 14 1 1 2
1 8 12 4032 918 459 459 14 1 1 2
1 8 13 4032 918 459 459 14 1 1 2
1 8 16 2016 918 459 459 14 1 1 1
1 8 17 8064 918 459 459 14 1 1 2
1 8 20 4032 918 459 459 14 1 1 2
1 8 21 8064 918 459 459 14 1 1 2
1 8 22 8064 918 459 459 14 1 1 2
1 8 23 8064 918 459 459 14 1 1 2
1 8 24 2016 918 459 459 14 1 1 1
1 8 28 4032 918 459 459 14 1 1 2
1 8 30 8064 918 459 459 14 1 1 2
1 8 31 8064 918 459 459 14 1 1 2
1 8 32 1008 918 459 459 14 1 1 1
1 8 33 4032 918 459 459 14 1 1 2
1 8 40 1008 918 459 459 14 1 1 1
1 8 80 4032 918 459 459 14 1 1 2
1 8 84 8064 918 459 459 14 1 1 3
1 8 85 8064 918 459 459 14 1 1 3
1 8 86 16128 918 459 459 14 1 1 3
1 8 87 16128 918 459 459 14 1 1 3
1 8 96 2016 918 459 459 14 1 1 2
1 8 160 2016 918 459 459 14 1 1 2
1 8 161 8064 918 459 459 14 1 1 3
1 8 168 4032 918 459 459 14 1 1 2
1 8 224 2016 918 459 459 14 1 1 2
1 9 1 1344 912 456 456 14 1 1 1
1 9 2 2688 918 459 459 14 1 1 1
1 9 3 2688 912 456 456 14 1 1 1
1 9 4 1344 918 459 459 14 1 1 1
1 9 5 1344 912 456 456 14 1 1 1
1 9 8 1008 918 459 459 14 1 1 1
1 9 10 8064 918 459 459 14 1 1 2
1 9 11 8064 912 456 456 14 1 1 2
1 9 12 4032 918 459 459 14 1 1 2
1 9 13 4032 912 456 456 14 1 1 2
1 9 16 2016 918 459 459 14 1 1 1
1 9 17 8064 912 456 456 14 1 1 2
1 9 20 4032 918 459 459 14 1 1 2
1 9 21 8064 912 456 456 14 1 1 2
1 9 22 8064 918 459 459 14 1 1 2
1 9 23 8064 912 456 456 14 1 1 2
1 9 24 2016 918 459 459 14 1 1 1
1 9 28 4032 918 459 459 14 1 1 2
1 9 30 8064 918 459 459 14 1 1 2
1 9 31 8064 912 456 456 14 1 1 2
1 9 32 1008 918 459 459 14 1 1 1
1 9 33 4032 912 456 456 14 1 1 2
1 9 40 1008 918 459 459 14 1 1 1
1 9 80 4032 918 459 459 14 1 1 2
1 9 84 8064 918 459 459 14 1 1 3
1 9 85 8064 912 456 456 14 1 1 3
1 9 86 16128 918 459 459 14 1 1 3
1 9 87 16128 912 456 456 14 1 1 3
1 9 96 2016 918 459 459 14 1 1 2
1 9 160 2016 918 459 459 14 1 1 2
1 9 161 8064 912 456 456 14 1 1 3
1 9 168 4032 918 459 459 14 1 1 2
1 9 224 2016 918 459 459 14 1 1 2
1 10 1 4032 918 459 459 14 1 2 1
1 10 2 8064 918 459 459 14 1 2 1
1 10 3 8064 918 459 459 14 1 2 1
1 10 4 4032 918 459 459 14 1 2 1
1 10 5 4032 918 459 459 14 1 2 1
1 10 8 4032 912 456 456 14 1 2 1
1 10 9 4032 912 456 456 14 1 2 1
1 10 10 16128 912 456 456 14 1 2 2
1 10 11 16128 912 456 456 14 1 2 2
1 10 12 8064 912 456 456 14 1 2 2
1 10 13 8064 912 456 456 14 1 2 2
1 10 16 8064 918 459 459 14 1 2 1
1 10 17 16128 918 459 459 14 1 2 2
1 10 18 8064 918 459 459 14 1 2 1
1 10 19 16128 918 459 459 14 1 2 2
1 10 20 16128 918 459 459 14 1 2 2
1 10 21 16128 918 459 459 14 1 2 2
1 10 22 16128 918 459 459 14 1 2 2
1 10 23 16128 918 459 459 14 1 2 2
1 10 24 8064 912 456 456 14 1 2 1
1 10 25 16128 912 456 456 14 1 2 2
1 10 26 16128 912 456 456 14 1 2 2
1 10 27 8064 912 456 456 14 1 2 1
1 10 28 16128 912 456 456 14 1 2 2
1 10 29 16128 912 456 456 14 1 2 2
1 10 30 16128 912 456 456 14 1 2 2
1 10 31 16128 912 456 456 14 1 2 2
1 10 32 4032 918 459 459 14 1 2 1
1 10 33 8064 918 459 459 14 1 2 2
1 10 34 16128 918 459 459 14 1 2 2
1 10 35 16128 918 459 459 14 1 2 2
1 10 36 4032 918 459 459 14 1 2 1
1 10 37 8064 918 459 459 14 1 2 2
1 10 40 4032 912 456 456 14 1 2 1
1 10 41 8064 912 456 456 14 1 2 2
1 10 42 16128 912 456 456 14 1 2 2
1 10 43 16128 912 456 456 14 1 2 2
1 10 44 8064 912 456 456 14 1 2 2
1 10 45 4032 912 456 456 14 1 2 1
1 10 64 2016 918 459 459 14 1 2 1
1 10 66 8064 918 459 459 14 1 2 2
1 10 67 8064 918 459 459 14 1 2 2
1 10 68 4032 918 459 459 14 1 2 2
1 10 69 4032 918 459 459 14 1 2 2
1 10 80 8064 918 459 459 14 1 2 2
1 10 82 8064 918 459 459 14 1 2 2
1 10 84 16128 918 459 459 14 1 2 3
1 10 85 16128 918 459 459 14 1 2 3
1 10 86 16128 918 459 459 14 1 2 3
1 10 87 16128 918 459 459 14 1 2 3
1 10 88 8064 912 456 456 14 1 2 2
1 10 91 8064 912 456 456 14 1 2 2
1 10 92 16128 912 456 456 14 1 2 3
1 10 93 16128 912 456 456 14 1 2 3
1 10 94 16128 912 456 456 14 1 2 3
1 10 95 16128 912 456 456 14 1 2 3
1 10 96 4032 918 459 459 14 1 2 2
1 10 98 16128 918 459 459 14 1 2 3
1 10 99 16128 918 459 459 14 1 2 3
1 10 100 4032 918 459 459 14 1 2 2
1 10 104 4032 912 456 456 14 1 2 2
1 10 106 16128 912 456 456 14 1 2 3
1 10 107 16128 912 456 456 14 1 2 3
1 10 109 4032 912 456 456 14 1 2 2
1 10 128 4032 918 459 459 14 1 2 1
1 10 129 8064 918 459 459 14 1 2 2
1 10 132 4032 918 459 459 14 1 2 2
1 10 133 8064 918 459 459 14 1 2 2
1 10 134 8064 918 459 459 14 1 2 2
1 10 135 8064 918 459 459 14 1 2 2
1 10 136 8064 912 456 456 14 1 2 2
1 10 137 8064 912 456 456 14 1 2 2
1 10 140 8064 912 456 456 14 1 2 3
1 10 141 8064 912 456 456 14 1 2 3
1 10 142 16128 912 456 456 14 1 2 3
1 10 143 16128 912 456 456 14 1 2 3
1 10 160 4032 918 459 459 14 1 2 2
1 10 161 8064 918 459 459 14 1 2 3
1 10 164 4032 918 459 459 14 1 2 2
1 10 165 8064 918 459 459 14 1 2 3
1 10 168 8064 912 456 456 14 1 2 2
1 10 169 8064 912 456 456 14 1 2 3
1 10 172 8064 912 456 456 14 1 2 3
1 10 173 8064 912 456 456 14 1 2 2
1 10 176 8064 918 459 459 14 1 2 2
1 10 177 16128 918 459 459 14 1 2 3
1 10 182 8064 918 459 459 14 1 2 2
1 10 183 16128 918 459 459 14 1 2 3
1 10 184 8064 912 456 456 14 1 2 2
1 10 185 16128 912 456 456 14 1 2 3
1 10 190 16128 912 456 456 14 1 2 3
1 10 191 8064 912 456 456 14 1 2 2
1 10 192 4032 918 459 459 14 1 2 1
1 10 196 4032 918 459 459 14 1 2 2
1 10 198 8064 918 459 459 14 1 2 2
1 10 199 8064 918 459 459 14 1 2 2
1 10 224 4032 918 459 459 14 1 2 2
1 10 228 4032 918 459 459 14 1 2 2
1 10 240 8064 918 459 459 14 1 2 2
1 10 246 8064 918 459 459 14 1 2 2
1 10 248 8064 912 456 456 14 1 2 2
1 10 255 8064 912 456 456 14 1 2 2
1 10 256 2016 918 459 459 14 1 2 1
1 10 257 4032 918 459 459 14 1 2 2
1 10 264 4032 912 456 456 14 1 2 2
1 10 265 4032 912 456 456 14 1 2 2
1 10 320 2016 918 459 459 14 1 2 1
1 80 1 4032 918 459 459 14 1 2 1
1 80 2 4032 918 459 459 14 1 2 1
1 80 3 4032 918 459 459 14 1 2 1
1 80 4 8064 918 459 459 14 1 2 1
1 80 5 8064 918 459 459 14 1 2 1
1 80 10 16128 918 459 459 14 1 2 2
1 80 12 16128 918 459 459 14 1 2 2
1 80 13 16128 918 459 459 14 1 2 2
1 80 20 2688 918 459 459 14 1 2 2
1 80 21 8064 918 459 459 14 1 2 2
1 80 22 8064 918 459 459 14 1 2 2
1 80 23 8064 918 459 459 14 1 2 2
1 80 30 16128 918 459 459 14 1 2 2
1 80 38 5376 918 459 459 14 1 2 2
1 80 39 16128 918 459 459 14 1 2 2
1 80 64 672 918 459 459 14 1 2 1
1 80 66 4032 918 459 459 14 1 2 2
1 80 67 4032 918 459 459 14 1 2 2
1 80 68 8064 918 459 459 14 1 2 2
1 80 69 8064 918 459 459 14 1 2 2
1 80 84 2688 918 459 459 14 1 2 3
1 80 85 8064 918 459 459 14 1 2 3
1 80 86 8064 918 459 459 14 1 2 3
1 80 87 8064 918 459 459 14 1 2 3
1 80 94 16128 918 459 459 14 1 2 3
1 80 102 5376 918 459 459 14 1 2 3
1 80 103 16128 918 459 459 14 1 2 3
1 80 128 2016 918 459 459 14 1 2 1
1 80 129 4032 918 459 459 14 1 2 2
1 80 132 8064 918 459 459 14 1 2 2
1 80 133 8064 918 459 459 14 1 2 2
1 80 136 8064 918 459 459 14 1 2 2
1 80 140 16128 918 459 459 14 1 2 3
1 80 141 16128 918 459 459 14 1 2 3
1 80 160 4032 918 459 459 14 1 2 2
1 80 161 16128 918 459 459 14 1 2 3
1 80 168 8064 918 459 459 14 1 2 2
1 80 173 8064 918 459 459 14 1 2 2
1 80 192 2016 918 459 459 14 1 2 1
1 80 196 8064 918 459 459 14 1 2 2
1 80 224 4032 918 459 459 14 1 2 2
1 81 1 8064 912 456 456 14 1 2 1
1 81 2 8064 918 459 459 14 1 2 1
1 81 3 8064 912 456 456 14 1 2 1
1 81 4 8064 918 459 459 14 1 2 1
1 81 5 8064 912 456 456 14 1 2 1
1 81 6 8064 918 459 459 14 1 2 1
1 81 7 8064 912 456 456 14 1 2 1
1 81 8 4032 918 459 459 14 1 2 1
1 81 10 16128 918 459 459 14 1 2 2
1 81 11 16128 912 456 456 14 1 2 2
1 81 12 16128 918 459 459 14 1 2 2
1 81 13 16128 912 456 456 14 1 2 2
1 81 14 16128 918 459 459 14 1 2 2
1 81 15 16128 912 456 456 14 1 2 2
1 81 16 8064 918 459 459 14 1 2 1
1 81 17 16128 912 456 456 14 1 2 2
1 81 20 8064 918 459 459 14 1 2 2
1 81 21 16128 912 456 456 14 1 2 2
1 81 22 16128 918 459 459 14 1 2 2
1 81 23 16128 912 456 456 14 1 2 2
1 81 24 8064 918 459 459 14 1 2 1
1 81 25 16128 912 456 456 14 1 2 2
1 81 28 8064 918 459 459 14 1 2 2
1 81 30 16128 918 459 459 14 1 2 2
1 81 31 16128 912 456 456 14 1 2 2
1 81 32 4032 918 459 459 14 1 2 1
1 81 33 16128 912 456 456 14 1 2 2
1 81 38 16128 918 459 459 14 1 2 2
1 81 39 16128 912 456 456 14 1 2 2
1 81 40 4032 918 459 459 14 1 2 1
1 81 46 16128 918 459 459 14 1 2 2
1 81 47 16128 912 456 456 14 1 2 2
1 81 52 8064 918 459 459 14 1 2 2
1 81 53 16128 912 456 456 14 1 2 2
1 81 60 8064 918 459 459 14 1 2 2
1 81 64 2016 918 459 459 14 1 2 1
1 81 66 8064 918 459 459 14 1 2 2
1 81 67 8064 912 456 456 14 1 2 2
1 81 68 8064 918 459 459 14 1 2 2
1 81 69 8064 912 456 456 14 1 2 2
1 81 70 8064 918 459 459 14 1 2 2
1 81 71 8064 912 456 456 14 1 2 2
1 81 80 8064 918 459 459 14 1 2 2
1 81 84 8064 918 459 459 14 1 2 3
1 81 85 16128 912 456 456 14 1 2 3
1 81 86 16128 918 459 459 14 1 2 3
1 81 87 16128 912 456 456 14 1 2 3
1 81 88 8064 918 459 459 14 1 2 2
1 81 92 8064 918 459 459 14 1 2 3
1 81 94 16128 918 459 459 14 1 2 3
1 81 95 16128 912 456 456 14 1 2 3
1 81 96 4032 918 459 459 14 1 2 2
1 81 102 16128 918 459 459 14 1 2 3
1 81 103 16128 912 456 456 14 1 2 3
1 81 104 4032 918 459 459 14 1 2 2
1 81 110 16128 918 459 459 14 1 2 3
1 81 111 16128 912 456 456 14 1 2 3
1 81 116 8064 918 459 459 14 1 2 3
1 81 117 16128 912 456 456 14 1 2 3
1 81 124 8064 918 459 459 14 1 2 3
1 81 128 4032 918 459 459 14 1 2 1
1 81 129 8064 912 456 456 14 1 2 2
1 81 132 8064 918 459 459 14 1 2 2
1 81 133 8064 912 456 456 14 1 2 2
1 81 134 8064 918 459 459 14 1 2 2
1 81 135 8064 912 456 456 14 1 2 2
1 81 136 8064 918 459 459 14 1 2 2
1 81 137 8064 912 456 456 14 1 2 2
1 81 140 16128 918 459 459 14 1 2 3
1 81 141 16128 912 456 456 14 1 2 3
1 81 142 16128 918 459 459 14 1 2 3
1 81 143 16128 912 456 456 14 1 2 3
1 81 160 4032 918 459 459 14 1 2 2
1 81 161 16128 912 456 456 14 1 2 3
1 81 168 8064 918 459 459 14 1 2 2
1 81 173 8064 912 456 456 14 1 2 2
1 81 176 8064 918 459 459 14 1 2 2
1 81 177 16128 912 456 456 14 1 2 3
1 81 182 8064 918 459 459 14 1 2 2
1 81 183 16128 912 456 456 14 1 2 3
1 81 184 8064 918 459 459 14 1 2 2
1 81 185 16128 912 456 456 14 1 2 3
1 81 190 16128 918 459 459 14 1 2 3
1 81 191 8064 912 456 456 14 1 2 2
1 81 192 4032 918 459 459 14 1 2 1
1 81 196 8064 918 459 459 14 1 2 2
1 81 198 8064 918 459 459 14 1 2 2
1 81 199 8064 912 456 456 14 1 2 2
1 81 224 4032 918 459 459 14 1 2 2
1 81 240 8064 918 459 459 14 1 2 2
1 81 246 8064 918 459 459 14 1 2 2
1 81 248 8064 918 459 459 14 1 2 2
1 81 255 8064 912 456 456 14 1 2 2
1 81 256 2016 918 459 459 14 1 2 1
1 81 257 8064 912 456 456 14 1 2 2
1 81 264 4032 918 459 459 14 1 2 2
1 81 320 2016 918 459 459 14 1 2 1
1 84 1 8064 918 459 459 14 1 3 1
1 84 2 8064 918 459 459 14 1 3 1
1 84 3 8064 918 459 459 14 1 3 1
1 84 4 16128 918 459 459 14 1 3 1
1 84 5 16128 918 459 459 14 1 3 1
1 84 10 16128 918 459 459 14 1 3 2
1 84 12 16128 918 459 459 14 1 3 2
1 84 13 16128 918 459 459 14 1 3 2
1 84 20 2688 918 459 459 14 1 3 2
1 84 21 8064 918 459 459 14 1 3 2
1 84 22 8064 918 459 459 14 1 3 2
1 84 23 8064 918 459 459 14 1 3 2
1 84 30 16128 918 459 459 14 1 3 2
1 84 38 5376 918 459 459 14 1 3 2
1 84 39 16128 918 459 459 14 1 3 2
1 84 64 2688 912 456 456 14 1 3 1
1 84 65 8064 912 456 456 14 1 3 1
1 84 66 8064 912 456 456 14 1 3 2
1 84 67 8064 912 456 456 14 1 3 2
1 84 68 16128 912 456 456 14 1 3 2
1 84 69 16128 912 456 456 14 1 3 2
1 84 74 16128 912 456 456 14 1 3 2
1 84 76 16128 912 456 456 14 1 3 2
1 84 77 16128 912 456 456 14 1 3 2
1 84 84 2688 912 456 456 14 1 3 3
1 84 85 8064 912 456 456 14 1 3 3
1 84 86 8064 912 456 456 14 1 3 3
1 84 87 8064 912 456 456 14 1 3 3
1 84 94 16128 912 456 456 14 1 3 3
1 84 102 5376 912 456 456 14 1 3 3
1 84 103 16128 912 456 456 14 1 3 3
1 84 128 8064 918 459 459 14 1 3 1
1 84 129 8064 918 459 459 14 1 3 2
1 84 130 8064 918 459 459 14 1 3 1
1 84 131 8064 918 459 459 14 1 3 2
1 84 132 16128 918 459 459 14 1 3 2
1 84 133 16128 918 459 459 14 1 3 2
1 84 136 16128 918 459 459 14 1 3 2
1 84 138 16128 918 459 459 14 1 3 2
1 84 140 16128 918 459 459 14 1 3 3
1 84 141 16128 918 459 459 14 1 3 3
1 84 144 16128 918 459 459 14 1 3 1
1 84 145 16128 918 459 459 14 1 3 2
1 84 148 8064 918 459 459 14 1 3 2
1 84 149 8064 918 459 459 14 1 3 2
1 84 150 8064 918 459 459 14 1 3 2
1 84 151 8064 918 459 459 14 1 3 2
1 84 152 16128 918 459 459 14 1 3 2
1 84 153 16128 918 459 459 14 1 3 2
1 84 156 16128 918 459 459 14 1 3 3
1 84 158 16128 918 459 459 14 1 3 3
1 84 160 16128 918 459 459 14 1 3 2
1 84 161 16128 918 459 459 14 1 3 3
1 84 162 16128 918 459 459 14 1 3 2
1 84 163 16128 918 459 459 14 1 3 3
1 84 164 16128 918 459 459 14 1 3 2
1 84 165 16128 918 459 459 14 1 3 3
1 84 166 16128 918 459 459 14 1 3 2
1 84 167 16128 918 459 459 14 1 3 3
1 84 168 16128 918 459 459 14 1 3 2
1 84 169 16128 918 459 459 14 1 3 3
1 84 170 16128 918 459 459 14 1 3 2
1 84 171 16128 918 459 459 14 1 3 3
1 84 172 16128 918 459 459 14 1 3 3
1 84 173 16128 918 459 459 14 1 3 2
1 84 174 16128 918 459 459 14 1 3 3
1 84 175 16128 918 459 459 14 1 3 2
1 84 192 8064 912 456 456 14 1 3 1
1 84 193 8064 912 456 456 14 1 3 2
1 84 194 8064 912 456 456 14 1 3 2
1 84 195 8064 912 456 456 14 1 3 1
1 84 196 16128 912 456 456 14 1 3 2
1 84 197 16128 912 456 456 14 1 3 2
1 84 200 16128 912 456 456 14 1 3 2
1 84 202 16128 912 456 456 14 1 3 2
1 84 204 16128 912 456 456 14 1 3 3
1 84 205 16128 912 456 456 14 1 3 3
1 84 208 16128 912 456 456 14 1 3 2
1 84 209 16128 912 456 456 14 1 3 2
1 84 212 8064 912 456 456 14 1 3 3
1 84 213 8064 912 456 456 14 1 3 3
1 84 214 8064 912 456 456 14 1 3 3
1 84 215 8064 912 456 456 14 1 3 3
1 84 216 16128 912 456 456 14 1 3 1
1 84 217 16128 912 456 456 14 1 3 2
1 84 220 16128 912 456 456 14 1 3 2
1 84 222 16128 912 456 456 14 1 3 2
1 84 224 16128 912 456 456 14 1 3 2
1 84 225 16128 912 456 456 14 1 3 3
1 84 226 16128 912 456 456 14 1 3 3
1 84 227 16128 912 456 456 14 1 3 2
1 84 228 16128 912 456 456 14 1 3 2
1 84 229 16128 912 456 456 14 1 3 3
1 84 230 16128 912 456 456 14 1 3 3
1 84 231 16128 912 456 456 14 1 3 2
1 84 232 16128 912 456 456 14 1 3 2
1 84 233 16128 912 456 456 14 1 3 3
1 84 234 16128 912 456 456 14 1 3 3
1 84 235 16128 912 456 456 14 1 3 2
1 84 236 16128 912 456 456 14 1 3 3
1 84 237 16128 912 456 456 14 1 3 2
1 84 238 16128 912 456 456 14 1 3 2
1 84 239 16128 912 456 456 14 1 3 3
2 1 1 336 918 459 459 14 1 1 1
2 1 2 336 918 459 459 14 1 1 1
2 1 3 336 918 459 459 14 1 1 1
2 1 4 672 918 459 459 14 1 1 1
2 1 5 672 918 459 459 14 1 1 1
2 1 8 252 918 459 459 14 1 1 1
2 1 10 1008 918 459 459 14 1 1 2
2 1 11 1008 918 459 459 14 1 1 2
2 1 12 2016 918 459 459 14 1 1 2
2 1 13 2016 918 459 459 14 1 1 2
2 1 16 252 918 459 459 14 1 1 1
2 1 17 1008 918 459 459 14 1 1 2
2 1 20 2016 918 459 459 14 1 1 2
2 1 21 2016 918 459 459 14 1 1 2
2 1 24 252 918 459 459 14 1 1 1
2 1 28 2016 918 459 459 14 1 1 2
2 1 29 2016 918 459 459 14 1 1 2
2 1 32 504 918 459 459 14 1 1 1
2 1 33 2016 918 459 459 14 1 1 2
2 1 34 1008 918 459 459 14 1 1 2
2 1 35 2016 918 459 459 14 1 1 2
2 1 40 504 918 459 459 14 1 1 1
2 1 42 1008 918 459 459 14 1 1 2
2 1 80 504 918 459 459 14 1 1 2
2 1 84 4032 918 459 459 14 1 1 3
2 1 85 4032 918 459 459 14 1 1 3
2 1 96 1008 918 459 459 14 1 1 2
2 1 98 2016 918 459 459 14 1 1 3
2 1 99 2016 918 459 459 14 1 1 3
2 1 160 504 918 459 459 14 1 1 2
2 1 161 2016 918 459 459 14 1 1 3
2 1 168 504 918 459 459 14 1 1 2
2 1 224 1008 918 459 459 14 1 1 2
2 8 1 1344 912 456 456 14 1 1 1
2 8 2 1344 918 459 459 14 1 1 1
2 8 3 1344 912 456 456 14 1 1 1
2 8 4 1344 918 459 459 14 1 1 1
2 8 5 1344 912 456 456 14 1 1 1
2 8 6 1344 918 459 459 14 1 1 1
2 8 7 1344 912 456 456 14 1 1 1
2 8 8 1008 918 459 459 14 1 1 1
2 8 10 4032 918 459 459 14 1 1 2
2 8 11 4032 912 456 456 14 1 1 2
2 8 12 4032 918 459 459 14 1 1 2
2 8 13 4032 912 456 456 14 1 1 2
2 8 14 4032 918 459 459 14 1 1 2
2 8 15 4032 912 456 456 14 1 1 2
2 8 16 1008 918 459 459 14 1 1 1
2 8 17 4032 912 456 456 14 1 1 2
2 8 20 4032 918 459 459 14 1 1 2
2 8 21 4032 912 456 456 14 1 1 2
2 8 22 4032 918 459 459 14 1 1 2
2 8 23 4032 912 456 456 14 1 1 2
2 8 24 1008 918 459 459 14 1 1 1
2 8 28 4032 918 459 459 14 1 1 2
2 8 29 4032 912 456 456 14 1 1 2
2 8 30 4032 918 459 459 14 1 1 2
2 8 31 4032 912 456 456 14 1 1 2
2 8 32 1008 918 459 459 14 1 1 1
2 8 33 4032 912 456 456 14 1 1 2
2 8 34 4032 918 459 459 14 1 1 2
2 8 35 4032 912 456 456 14 1 1 2
2 8 40 1008 918 459 459 14 1 1 1
2 8 42 4032 918 459 459 14 1 1 2
2 8 43 4032 912 456 456 14 1 1 2
2 8 48 1008 918 459 459 14 1 1 1
2 8 49 4032 912 456 456 14 1 1 2
2 8 56 1008 918 459 459 14 1 1 1
2 8 80 2016 918 459 459 14 1 1 2
2 8 84 8064 918 459 459 14 1 1 3
2 8 85 8064 912 456 456 14 1 1 3
2 8 86 8064 918 459 459 14 1 1 3
2 8 87 8064 912 456 456 14 1 1 3
2 8 96 2016 918 459 459 14 1 1 2
2 8 98 8064 918 459 459 14 1 1 3
2 8 99 8064 912 456 456 14 1 1 3
2 8 112 2016 918 459 459 14 1 1 2
2 8 160 2016 918 459 459 14 1 1 2
2 8 161 8064 912 456 456 14 1 1 3
2 8 168 2016 918 459 459 14 1 1 2
2 8 224 2016 918 459 459 14 1 1 2
2 8 232 2016 918 459 459 14 1 1 2
2 10 1 4032 912 456 456 14 1 2 1
2 10 2 4032 918 459 459 14 1 2 1
2 10 3 4032 912 456 456 14 1 2 1
2 10 4 4032 918 459 459 14 1 2 1
2 10 5 4032 912 456 456 14 1 2 1
2 10 6 4032 918 459 459 14 1 2 1
2 10 7 4032 912 456 456 14 1 2 1
2 10 8 2016 918 459 459 14 1 2 1
2 10 10 8064 918 459 459 14 1 2 2
2 10 11 8064 912 456 456 14 1 2 2
2 10 12 8064 918 459 459 14 1 2 2
2 10 13 8064 912 456 456 14 1 2 2
2 10 14 8064 918 459 459 14 1 2 2
2 10 15 8064 912 456 456 14 1 2 2
2 10 16 2016 918 459 459 14 1 2 1
2 10 17 8064 912 456 456 14 1 2 2
2 10 20 8064 918 459 459 14 1 2 2
2 10 21 8064 912 456 456 14 1 2 2
2 10 22 8064 918 459 459 14 1 2 2
2 10 23 8064 912 456 456 14 1 2 2
2 10 24 2016 918 459 459 14 1 2 1
2 10 28 8064 918 459 459 14 1 2 2
2 10 29 8064 912 456 456 14 1 2 2
2 10 30 8064 918 459 459 14 1 2 2
2 10 31 8064 912 456 456 14 1 2 2
2 10 32 2016 918 459 459 14 1 2 1
2 10 33 8064 912 456 456 14 1 2 2
2 10 34 8064 918 459 459 14 1 2 2
2 10 35 8064 912 456 456 14 1 2 2
2 10 40 2016 918 459 459 14 1 2 1
2 10 42 8064 918 459 459 14 1 2 2
2 10 43 8064 912 456 456 14 1 2 2
2 10 48 2016 918 459 459 14 1 2 1
2 10 49 8064 912 456 456 14 1 2 2
2 10 56 2016 918 459 459 14 1 2 1
2 10 64 1008 918 459 459 14 1 2 1
2 10 66 4032 918 459 459 14 1 2 2
2 10 67 4032 912 456 456 14 1 2 2
2 10 68 4032 918 459 459 14 1 2 2
2 10 69 4032 912 456 456 14 1 2 2
2 10 70 4032 918 459 459 14 1 2 2
2 10 71 4032 912 456 456 14 1 2 2
2 10 80 2016 918 459 459 14 1 2 2
2 10 84 8064 918 459 459 14 1 2 3
2 10 85 8064 912 456 456 14 1 2 3
2 10 86 8064 918 459 459 14 1 2 3
2 10 87 8064 912 456 456 14 1 2 3
2 10 88 2016 918 459 459 14 1 2 2
2 10 92 8064 918 459 459 14 1 2 3
2 10 93 8064 912 456 456 14 1 2 3
2 10 94 8064 918 459 459 14 1 2 3
2 10 95 8064 912 456 456 14 1 2 3
2 10 96 2016 918 459 459 14 1 2 2
2 10 98 8064 918 459 459 14 1 2 3
2 10 99 8064 912 456 456 14 1 2 3
2 10 104 2016 918 459 459 14 1 2 2
2 10 106 8064 918 459 459 14 1 2 3
2 10 107 8064 912 456 456 14 1 2 3
2 10 112 2016 918 459 459 14 1 2 2
2 10 120 2016 918 459 459 14 1 2 2
2 10 128 1008 918 459 459 14 1 2 1
2 10 129 4032 912 456 456 14 1 2 2
2 10 132 4032 918 459 459 14 1 2 2
2 10 133 4032 912 456 456 14 1 2 2
2 10 134 4032 918 459 459 14 1 2 2
2 10 135 4032 912 456 456 14 1 2 2
2 10 136 2016 918 459 459 14 1 2 2
2 10 140 8064 918 459 459 14 1 2 3
2 10 141 8064 912 456 456 14 1 2 3
2 10 142 8064 918 459 459 14 1 2 3
2 10 143 8064 912 456 456 14 1 2 3
2 10 160 2016 918 459 459 14 1 2 2
2 10 161 8064 912 456 456 14 1 2 3
2 10 168 2016 918 459 459 14 1 2 2
2 10 176 2016 918 459 459 14 1 2 2
2 10 177 8064 912 456 456 14 1 2 3
2 10 184 2016 918 459 459 14 1 2 2
2 10 192 1008 918 459 459 14 1 2 1
2 10 196 4032 918 459 459 14 1 2 2
2 10 197 4032 912 456 456 14 1 2 2
2 10 198 4032 918 459 459 14 1 2 2
2 10 199 4032 912 456 456 14 1 2 2
2 10 224 2016 918 459 459 14 1 2 2
2 10 232 2016 918 459 459 14 1 2 2
2 10 240 2016 918 459 459 14 1 2 2
2 10 248 2016 918 459 459 14 1 2 2
2 10 256 1008 918 459 459 14 1 2 1
2 10 257 4032 912 456 456 14 1 2 2
2 10 258 4032 918 459 459 14 1 2 2
2 10 259 4032 912 456 456 14 1 2 2
2 10 264 2016 918 459 459 14 1 2 2
2 10 266 8064 918 459 459 14 1 2 3
2 10 267 8064 912 456 456 14 1 2 3
2 10 272 2016 918 459 459 14 1 2 2
2 10 273 8064 912 456 456 14 1 2 3
2 10 280 2016 918 459 459 14 1 2 2
2 10 320 1008 918 459 459 14 1 2 1
2 10 322 4032 918 459 459 14 1 2 2
2 10 323 4032 912 456 456 14 1 2 2
2 10 336 2016 918 459 459 14 1 2 2
2 10 344 2016 918 459 459 14 1 2 2
2 10 384 1008 918 459 459 14 1 2 1
2 10 385 4032 912 456 456 14 1 2 2
2 10 392 2016 918 459 459 14 1 2 2
2 10 448 1008 918 459 459 14 1 2 1
2 64 1 672 918 459 459 14 1 1 1
2 64 2 672 918 459 459 14 1 1 1
2 64 3 672 918 459 459 14 1 1 1
2 64 4 1344 918 459 459 14 1 1 1
2 64 5 1344 918 459 459 14 1 1 1
2 64 8 504 918 459 459 14 1 1 1
2 64 10 2016 918 459 459 14 1 1 2
2 64 11 2016 918 459 459 14 1 1 2
2 64 12 4032 918 459 459 14 1 1 2
2 64 13 4032 918 459 459 14 1 1 2
2 64 16 504 918 459 459 14 1 1 1
2 64 17 2016 918 459 459 14 1 1 2
2 64 20 4032 918 459 459 14 1 1 2
2 64 21 4032 918 459 459 14 1 1 2
2 64 24 504 918 459 459 14 1 1 1
2 64 28 4032 918 459 459 14 1 1 2
2 64 29 4032 918 459 459 14 1 1 2
2 64 32 1008 918 459 459 14 1 1 1
2 64 33 4032 918 459 459 14 1 1 2
2 64 34 2016 918 459 459 14 1 1 2
2 64 35 4032 918 459 459 14 1 1 2
2 64 40 1008 918 459 459 14 1 1 1
2 64 42 2016 918 459 459 14 1 1 2
2 64 80 1008 918 459 459 14 1 1 2
2 64 84 8064 918 459 459 14 1 1 3
2 64 85 8064 918 459 459 14 1 1 3
2 64 96 2016 918 459 459 14 1 1 2
2 64 98 4032 918 459 459 14 1 1 3
2 64 99 4032 918 459 459 14 1 1 3
2 64 160 1008 918 459 459 14 1 1 2
2 64 161 4032 918 459 459 14 1 1 3
2 64 168 1008 918 459 459 14 1 1 2
2 64 224 2016 918 459 459 14 1 1 2
2 66 1 2016 918 459 459 14 1 2 1
2 66 2 2016 918 459 459 14 1 2 1
2 66 3 2016 918 459 459 14 1 2 1
2 66 4 4032 918 459 459 14 1 2 1
2 66 5 4032 918 459 459 14 1 2 1
2 66 8 1008 918 459 459 14 1 2 1
2 66 10 4032 918 459 459 14 1 2 2
2 66 11 4032 918 459 459 14 1 2 2
2 66 12 8064 918 459 459 14 1 2 2
2 66 13 8064 918 459 459 14 1 2 2
2 66 16 1008 918 459 459 14 1 2 1
2 66 17 4032 918 459 459 14 1 2 2
2 66 20 8064 918 459 459 14 1 2 2
2 66 21 8064 918 459 459 14 1 2 2
2 66 24 1008 918 459 459 14 1 2 1
2 66 28 8064 918 459 459 14 1 2 2
2 66 29 8064 918 459 459 14 1 2 2
2 66 32 2016 918 459 459 14 1 2 1
2 66 33 8064 918 459 459 14 1 2 2
2 66 34 4032 918 459 459 14 1 2 2
2 66 35 8064 918 459 459 14 1 2 2
2 66 40 2016 918 459 459 14 1 2 1
2 66 42 4032 918 459 459 14 1 2 2
2 66 64 504 918 459 459 14 1 2 1
2 66 66 2016 918 459 459 14 1 2 2
2 66 67 2016 918 459 459 14 1 2 2
2 66 68 4032 918 459 459 14 1 2 2
2 66 69 4032 918 459 459 14 1 2 2
2 66 80 1008 918 459 459 14 1 2 2
2 66 84 8064 918 459 459 14 1 2 3
2 66 85 8064 918 459 459 14 1 2 3
2 66 88 1008 918 459 459 14 1 2 2
2 66 92 8064 918 459 459 14 1 2 3
2 66 93 8064 918 459 459 14 1 2 3
2 66 96 2016 918 459 459 14 1 2 2
2 66 98 4032 918 459 459 14 1 2 3
2 66 99 8064 918 459 459 14 1 2 3
2 66 104 2016 918 459 459 14 1 2 2
2 66 106 4032 918 459 459 14 1 2 3
2 66 128 504 918 459 459 14 1 2 1
2 66 129 2016 918 459 459 14 1 2 2
2 66 132 4032 918 459 459 14 1 2 2
2 66 133 4032 918 459 459 14 1 2 2
2 66 136 1008 918 459 459 14 1 2 2
2 66 140 8064 918 459 459 14 1 2 3
2 66 141 8064 918 459 459 14 1 2 3
2 66 160 2016 918 459 459 14 1 2 2
2 66 161 8064 918 459 459 14 1 2 3
2 66 168 2016 918 459 459 14 1 2 2
2 66 192 504 918 459 459 14 1 2 1
2 66 196 4032 918 459 459 14 1 2 2
2 66 197 4032 918 459 459 14 1 2 2
2 66 224 2016 918 459 459 14 1 2 2
2 66 232 2016 918 459 459 14 1 2 2
2 66 256 1008 918 459 459 14 1 2 1
2 66 257 4032 918 459 459 14 1 2 2
2 66 258 2016 918 459 459 14 1 2 2
2 66 259 4032 918 459 459 14 1 2 2
2 66 264 2016 918 459 459 14 1 2 2
2 66 266 4032 918 459 459 14 1 2 3
2 66 267 4032 918 459 459 14 1 2 3
2 66 272 1008 918 459 459 14 1 2 2
2 66 273 4032 918 459 459 14 1 2 3
2 66 280 2016 918 459 459 14 1 2 2
2 66 320 1008 918 459 459 14 1 2 1
2 66 322 2016 918 459 459 14 1 2 2
2 66 336 1008 918 459 459 14 1 2 2
2 80 1 4032 918 459 459 14 1 2 1
2 80 2 4032 918 459 459 14 1 2 1
2 80 3 4032 918 459 459 14 1 2 1
2 80 4 8064 918 459 459 14 1 2 1
2 80 5 8064 918 459 459 14 1 2 1
2 80 8 8064 912 456 456 14 1 2 1
2 80 10 16128 912 456 456 14 1 2 2
2 80 12 16128 912 456 456 14 1 2 2
2 80 13 16128 912 456 456 14 1 2 2
2 80 16 8064 918 459 459 14 1 2 1
2 80 17 16128 918 459 459 14 1 2 2
2 80 20 8064 918 459 459 14 1 2 2
2 80 21 8064 918 459 459 14 1 2 2
2 80 22 8064 918 459 459 14 1 2 2
2 80 23 8064 918 459 459 14 1 2 2
2 80 24 8064 912 456 456 14 1 2 1
2 80 25 16128 912 456 456 14 1 2 2
2 80 28 16128 912 456 456 14 1 2 2
2 80 30 16128 912 456 456 14 1 2 2
2 80 32 8064 918 459 459 14 1 2 1
2 80 33 16128 918 459 459 14 1 2 2
2 80 34 16128 918 459 459 14 1 2 2
2 80 35 16128 918 459 459 14 1 2 2
2 80 36 8064 918 459 459 14 1 2 1
2 80 37 16128 918 459 459 14 1 2 2
2 80 38 16128 918 459 459 14 1 2 2
2 80 39 16128 918 459 459 14 1 2 2
2 80 40 8064 912 456 456 14 1 2 1
2 80 41 16128 912 456 456 14 1 2 2
2 80 42 16128 912 456 456 14 1 2 2
2 80 43 16128 912 456 456 14 1 2 2
2 80 44 16128 912 456 456 14 1 2 2
2 80 45 8064 912 456 456 14 1 2 1
2 80 46 16128 912 456 456 14 1 2 2
2 80 47 16128 912 456 456 14 1 2 2
2 80 64 2016 918 459 459 14 1 2 1
2 80 66 4032 918 459 459 14 1 2 2
2 80 67 4032 918 459 459 14 1 2 2
2 80 68 8064 918 459 459 14 1 2 2
2 80 69 8064 918 459 459 14 1 2 2
2 80 80 8064 918 459 459 14 1 2 2
2 80 84 8064 918 459 459 14 1 2 3
2 80 85 8064 918 459 459 14 1 2 3
2 80 86 8064 918 459 459 14 1 2 3
2 80 87 8064 918 459 459 14 1 2 3
2 80 88 8064 912 456 456 14 1 2 2
2 80 92 16128 912 456 456 14 1 2 3
2 80 94 16128 912 456 456 14 1 2 3
2 80 96 8064 918 459 459 14 1 2 2
2 80 98 16128 918 459 459 14 1 2 3
2 80 99 16128 918 459 459 14 1 2 3
2 80 100 8064 918 459 459 14 1 2 2
2 80 102 16128 918 459 459 14 1 2 3
2 80 103 16128 918 459 459 14 1 2 3
2 80 104 8064 912 456 456 14 1 2 2
2 80 106 16128 912 456 456 14 1 2 3
2 80 107 16128 912 456 456 14 1 2 3
2 80 109 8064 912 456 456 14 1 2 2
2 80 110 16128 912 456 456 14 1 2 3
2 80 111 16128 912 456 456 14 1 2 3
2 80 128 2016 918 459 459 14 1 2 1
2 80 129 4032 918 459 459 14 1 2 2
2 80 132 8064 918 459 459 14 1 2 2
2 80 133 8064 918 459 459 14 1 2 2
2 80 136 8064 912 456 456 14 1 2 2
2 80 140 16128 912 456 456 14 1 2 3
2 80 141 16128 912 456 456 14 1 2 3
2 80 160 8064 918 459 459 14 1 2 2
2 80 161 16128 918 459 459 14 1 2 3
2 80 164 8064 918 459 459 14 1 2 2
2 80 165 16128 918 459 459 14 1 2 3
2 80 168 8064 912 456 456 14 1 2 2
2 80 169 16128 912 456 456 14 1 2 3
2 80 172 16128 912 456 456 14 1 2 3
2 80 173 8064 912 456 456 14 1 2 2
2 80 192 2016 918 459 459 14 1 2 1
2 80 196 8064 918 459 459 14 1 2 2
2 80 197 8064 918 459 459 14 1 2 2
2 80 224 8064 918 459 459 14 1 2 2
2 80 228 8064 918 459 459 14 1 2 2
2 80 232 8064 912 456 456 14 1 2 2
2 80 237 8064 912 456 456 14 1 2 2
2 80 256 4032 918 459 459 14 1 2 1
2 80 257 8064 918 459 459 14 1 2 2
2 80 258 4032 918 459 459 14 1 2 2
2 80 259 8064 918 459 459 14 1 2 2
2 80 264 8064 912 456 456 14 1 2 2
2 80 265 8064 912 456 456 14 1 2 2
2 80 266 16128 912 456 456 14 1 2 3
2 80 272 8064 918 459 459 14 1 2 2
2 80 273 16128 918 459 459 14 1 2 3
2 80 280 8064 912 456 456 14 1 2 2
2 80 281 16128 912 456 456 14 1 2 3
2 80 283 8064 912 456 456 14 1 2 2
2 80 320 4032 918 459 459 14 1 2 1
2 80 322 4032 918 459 459 14 1 2 2
2 80 336 8064 918 459 459 14 1 2 2
2 84 1 4032 918 459 459 14 1 3 1
2 84 2 4032 918 459 459 14 1 3 1
2 84 3 4032 918 459 459 14 1 3 1
2 84 4 8064 918 459 459 14 1 3 1
2 84 5 8064 918 459 459 14 1 3 1
2 84 8 8064 912 456 456 14 1 3 1
2 84 10 16128 912 456 456 14 1 3 2
2 84 12 16128 912 456 456 14 1 3 2
2 84 13 16128 912 456 456 14 1 3 2
2 84 16 8064 918 459 459 14 1 3 1
2 84 17 16128 918 459 459 14 1 3 2
2 84 20 8064 918 459 459 14 1 3 2
2 84 21 8064 918 459 459 14 1 3 2
2 84 22 8064 918 459 459 14 1 3 2
2 84 23 8064 918 459 459 14 1 3 2
2 84 24 8064 912 456 456 14 1 3 1
2 84 25 16128 912 456 456 14 1 3 2
2 84 28 16128 912 456 456 14 1 3 2
2 84 30 16128 912 456 456 14 1 3 2
2 84 32 8064 918 459 459 14 1 3 1
2 84 33 16128 918 459 459 14 1 3 2
2 84 34 16128 918 459 459 14 1 3 2
2 84 35 16128 918 459 459 14 1 3 2
2 84 36 8064 918 459 459 14 1 3 1
2 84 37 16128 918 459 459 14 1 3 2
2 84 38 16128 918 459 459 14 1 3 2
2 84 39 16128 918 459 459 14 1 3 2
2 84 40 8064 912 456 456 14 1 3 1
2 84 41 16128 912 456 456 14 1 3 2
2 84 42 16128 912 456 456 14 1 3 2
2 84 43 16128 912 456 456 14 1 3 2
2 84 44 16128 912 456 456 14 1 3 2
2 84 45 8064 912 456 456 14 1 3 1
2 84 46 16128 912 456 456 14 1 3 2
2 84 47 16128 912 456 456 14 1 3 2
2 84 64 2016 918 459 459 14 1 3 1
2 84 66 4032 918 459 459 14 1 3 2
2 84 67 4032 918 459 459 14 1 3 2
2 84 68 8064 918 459 459 14 1 3 2
2 84 69 8064 918 459 459 14 1 3 2
2 84 80 8064 918 459 459 14 1 3 2
2 84 84 8064 918 459 459 14 1 3 3
2 84 85 8064 918 459 459 14 1 3 3
2 84 86 8064 918 459 459 14 1 3 3
2 84 87 8064 918 459 459 14 1 3 3
2 84 88 8064 912 456 456 14 1 3 2
2 84 92 16128 912 456 456 14 1 3 3
2 84 94 16128 912 456 456 14 1 3 3
2 84 96 8064 918 459 459 14 1 3 2
2 84 98 16128 918 459 459 14 1 3 3
2 84 99 16128 918 459 459 14 1 3 3
2 84 100 8064 918 459 459 14 1 3 2
2 84 102 16128 918 459 459 14 1 3 3
2 84 103 16128 918 459 459 14 1 3 3
2 84 104 8064 912 456 456 14 1 3 2
2 84 106 16128 912 456 456 14 1 3 3
2 84 107 16128 912 456 456 14 1 3 3
2 84 109 8064 912 456 456 14 1 3 2
2 84 110 16128 912 456 456 14 1 3 3
2 84 111 16128 912 456 456 14 1 3 3
2 84 128 2016 918 459 459 14 1 3 1
2 84 129 4032 918 459 459 14 1 3 2
2 84 132 8064 918 459 459 14 1 3 2
2 84 133 8064 918 459 459 14 1 3 2
2 84 136 8064 912 456 456 14 1 3 2
2 84 140 16128 912 456 456 14 1 3 3
2 84 141 16128 912 456 456 14 1 3 3
2 84 160 8064 918 459 459 14 1 3 2
2 84 161 16128 918 459 459 14 1 3 3
2 84 164 8064 918 459 459 14 1 3 2
2 84 165 16128 918 459 459 14 1 3 3
2 84 168 8064 912 456 456 14 1 3 2
2 84 169 16128 912 456 456 14 1 3 3
2 84 172 16128 912 456 456 14 1 3 3
2 84 173 8064 912 456 456 14 1 3 2
2 84 192 2016 918 459 459 14 1 3 1
2 84 196 8064 918 459 459 14 1 3 2
2 84 197 8064 918 459 459 14 1 3 2
2 84 224 8064 918 459 459 14 1 3 2
2 84 228 8064 918 459 459 14 1 3 2
2 84 232 8064 912 456 456 14 1 3 2
2 84 237 8064 912 456 456 14 1 3 2
2 84 256 4032 918 459 459 14 1 3 1
2 84 257 8064 918 459 459 14 1 3 2
2 84 258 4032 918 459 459 14 1 3 2
2 84 259 8064 918 459 459 14 1 3 2
2 84 264 8064 912 456 456 14 1 3 2
2 84 265 8064 912 456 456 14 1 3 2
2 84 266 16128 912 456 456 14 1 3 3
2 84 272 8064 918 459 459 14 1 3 2
2 84 273 16128 918 459 459 14 1 3 3
2 84 280 8064 912 456 456 14 1 3 2
2 84 281 16128 912 456 456 14 1 3 3
2 84 283 8064 912 456 456 14 1 3 2
2 84 320 4032 918 459 459 14 1 3 1
2 84 322 4032 918 459 459 14 1 3 2
2 84 336 8064 918 459 459 14 1 3 2
8 1 1 336 918 459 459 14 1 1 1
8 1 2 1344 912 456 456 14 1 1 1
8 1 4 672 918 459 459 14 1 1 1
8 1 8 252 918 459 459 14 1 1 1
8 1 10 4032 912 456 456 14 1 1 2
8 1 12 2016 918 459 459 14 1 1 2
8 1 16 1008 918 459 459 14 1 1 1
8 1 17 2016 918 459 459 14 1 1 2
8 1 20 4032 918 459 459 14 1 1 2
8 1 22 8064 912 456 456 14 1 1 2
8 1 32 504 918 459 459 14 1 1 1
8 1 33 1008 918 459 459 14 1 1 2
8 1 80 1008 918 459 459 14 1 1 2
8 1 84 4032 918 459 459 14 1 1 3
8 1 86 8064 912 456 456 14 1 1 3
8 1 96 504 918 459 459 14 1 1 2
8 1 160 2016 918 459 459 14 1 1 2
8 1 161 2016 918 459 459 14 1 1 3
8 8 1 336 918 459 459 14 1 1 1
8 8 2 1344 918 459 459 14 1 1 1
8 8 4 672 918 459 459 14 1 1 1
8 8 8 252 918 459 459 14 1 1 1
8 8 10 4032 918 459 459 14 1 1 2
8 8 12 2016 918 459 459 14 1 1 2
8 8 16 1008 918 459 459 14 1 1 1
8 8 17 2016 918 459 459 14 1 1 2
8 8 20 4032 918 459 459 14 1 1 2
8 8 22 8064 918 459 459 14 1 1 2
8 8 32 504 918 459 459 14 1 1 1
8 8 33 1008 918 459 459 14 1 1 2
8 8 80 1008 918 459 459 14 1 1 2
8 8 84 4032 918 459 459 14 1 1 3
8 8 86 8064 918 459 459 14 1 1 3
8 8 96 504 918 459 459 14 1 1 2
8 8 160 2016 918 459 459 14 1 1 2
8 8 161 2016 918 459 459 14 1 1 3
8 9 1 336 918 459 459 14 1 1 1
8 9 2 1344 912 456 456 14 1 1 1
8 9 4 672 918 459 459 14 1 1 1
8 9 8 252 918 459 459 14 1 1 1
8 9 10 4032 912 456 456 14 1 1 2
8 9 12 2016 918 459 459 14 1 1 2
8 9 16 1008 918 459 459 14 1 1 1
8 9 17 2016 918 459 459 14 1 1 2
8 9 20 4032 918 459 459 14 1 1 2
8 9 22 8064 912 456 456 14 1 1 2
8 9 32 504 918 459 459 14 1 1 1
8 9 33 1008 918 459 459 14 1 1 2
8 9 80 1008 918 459 459 14 1 1 2
8 9 84 4032 918 459 459 14 1 1 3
8 9 86 8064 912 456 456 14 1 1 3
8 9 96 504 918 459 459 14 1 1 2
8 9 160 2016 918 459 459 14 1 1 2
8 9 161 2016 918 459 459 14 1 1 3
8 10 1 1008 918 459 459 14 1 2 1
8 10 2 4032 918 459 459 14 1 2 1
8 10 4 2016 918 459 459 14 1 2 1
8 10 8 1008 918 459 459 14 1 2 1
8 10 9 1008 918 459 459 14 1 2 1
8 10 10 8064 918 459 459 14 1 2 2
8 10 12 4032 918 459 459 14 1 2 2
8 10 16 4032 912 456 456 14 1 2 1
8 10 17 8064 912 456 456 14 1 2 2
8 10 18 4032 912 456 456 14 1 2 1
8 10 19 8064 912 456 456 14 1 2 2
8 10 20 16128 912 456 456 14 1 2 2
8 10 22 16128 912 456 456 14 1 2 2
8 10 32 2016 918 459 459 14 1 2 1
8 10 33 4032 918 459 459 14 1 2 2
8 10 34 16128 918 459 459 14 1 2 2
8 10 36 2016 918 459 459 14 1 2 1
8 10 37 4032 918 459 459 14 1 2 2
8 10 64 504 918 459 459 14 1 2 1
8 10 66 4032 918 459 459 14 1 2 2
8 10 68 2016 918 459 459 14 1 2 2
8 10 80 4032 912 456 456 14 1 2 2
8 10 82 4032 912 456 456 14 1 2 2
8 10 84 16128 912 456 456 14 1 2 3
8 10 86 16128 912 456 456 14 1 2 3
8 10 96 2016 918 459 459 14 1 2 2
8 10 98 16128 918 459 459 14 1 2 3
8 10 100 2016 918 459 459 14 1 2 2
8 10 128 2016 918 459 459 14 1 2 1
8 10 129 2016 918 459 459 14 1 2 2
8 10 132 4032 918 459 459 14 1 2 2
8 10 134 8064 918 459 459 14 1 2 2
8 10 136 2016 918 459 459 14 1 2 2
8 10 137 2016 918 459 459 14 1 2 2
8 10 140 4032 918 459 459 14 1 2 3
8 10 142 8064 918 459 459 14 1 2 3
8 10 160 4032 918 459 459 14 1 2 2
8 10 161 4032 918 459 459 14 1 2 3
8 10 164 4032 918 459 459 14 1 2 2
8 10 165 4032 918 459 459 14 1 2 3
8 10 176 8064 912 456 456 14 1 2 2
8 10 177 8064 912 456 456 14 1 2 3
8 10 182 8064 912 456 456 14 1 2 2
8 10 183 8064 912 456 456 14 1 2 3
8 10 256 1008 918 459 459 14 1 2 1
8 10 257 1008 918 459 459 14 1 2 2
8 10 264 1008 918 459 459 14 1 2 2
8 10 265 1008 918 459 459 14 1 2 2
8 64 1 672 918 459 459 14 1 1 1
8 64 2 1344 918 459 459 14 1 1 1
8 64 4 1344 918 459 459 14 1 1 1
8 64 6 1344 918 459 459 14 1 1 1
8 64 8 504 918 459 459 14 1 1 1
8 64 10 4032 918 459 459 14 1 1 2
8 64 12 4032 918 459 459 14 1 1 2
8 64 14 4032 918 459 459 14 1 1 2
8 64 16 1008 918 459 459 14 1 1 1
8 64 17 2016 918 459 459 14 1 1 2
8 64 20 8064 918 459 459 14 1 1 2
8 64 22 8064 918 459 459 14 1 1 2
8 64 32 1008 918 459 459 14 1 1 1
8 64 33 2016 918 459 459 14 1 1 2
8 64 34 8064 918 459 459 14 1 1 2
8 64 48 1008 918 459 459 14 1 1 1
8 64 49 2016 918 459 459 14 1 1 2
8 64 80 1008 918 459 459 14 1 1 2
8 64 84 8064 918 459 459 14 1 1 3
8 64 86 8064 918 459 459 14 1 1 3
8 64 96 1008 918 459 459 14 1 1 2
8 64 98 8064 918 459 459 14 1 1 3
8 64 112 1008 918 459 459 14 1 1 2
8 64 160 4032 918 459 459 14 1 1 2
8 64 161 4032 918 459 459 14 1 1 3
8 65 1 672 918 459 459 14 1 1 1
8 65 2 1344 912 456 456 14 1 1 1
8 65 4 1344 918 459 459 14 1 1 1
8 65 6 1344 912 456 456 14 1 1 1
8 65 8 504 918 459 459 14 1 1 1
8 65 10 4032 912 456 456 14 1 1 2
8 65 12 4032 918 459 459 14 1 1 2
8 65 14 4032 912 456 456 14 1 1 2
8 65 16 1008 918 459 459 14 1 1 1
8 65 17 2016 918 459 459 14 1 1 2
8 65 20 8064 918 459 459 14 1 1 2
8 65 22 8064 912 456 456 14 1 1 2
8 65 32 1008 918 459 459 14 1 1 1
8 65 33 2016 918 459 459 14 1 1 2
8 65 34 8064 912 456 456 14 1 1 2
8 65 48 1008 918 459 459 14 1 1 1
8 65 49 2016 918 459 459 14 1 1 2
8 65 80 1008 918 459 459 14 1 1 2
8 65 84 8064 918 459 459 14 1 1 3
8 65 86 8064 912 456 456 14 1 1 3
8 65 96 1008 918 459 459 14 1 1 2
8 65 98 8064 912 456 456 14 1 1 3
8 65 112 1008 918 459 459 14 1 1 2
8 65 160 4032 918 459 459 14 1 1 2
8 65 161 4032 918 459 459 14 1 1 3
8 66 1 2016 918 459 459 14 1 2 1
8 66 2 4032 918 459 459 14 1 2 1
8 66 4 4032 918 459 459 14 1 2 1
8 66 6 4032 918 459 459 14 1 2 1
8 66 8 2016 918 459 459 14 1 2 1
8 66 9 2016 918 459 459 14 1 2 1
8 66 10 8064 918 459 459 14 1 2 2
8 66 12 8064 918 459 459 14 1 2 2
8 66 14 8064 918 459 459 14 1 2 2
8 66 16 4032 912 456 456 14 1 2 1
8 66 17 8064 912 456 456 14 1 2 2
8 66 18 4032 912 456 456 14 1 2 1
8 66 19 8064 912 456 456 14 1 2 2
8 66 20 16128 912 456 456 14 1 2 2
8 66 22 16128 912 456 456 14 1 2 2
8 66 32 4032 918 459 459 14 1 2 1
8 66 33 8064 918 459 459 14 1 2 2
8 66 34 16128 918 459 459 14 1 2 2
8 66 36 4032 918 459 459 14 1 2 1
8 66 37 8064 918 459 459 14 1 2 2
8 66 38 16128 918 459 459 14 1 2 2
8 66 48 4032 912 456 456 14 1 2 1
8 66 49 8064 912 456 456 14 1 2 2
8 66 50 16128 912 456 456 14 1 2 2
8 66 52 16128 912 456 456 14 1 2 2
8 66 54 4032 912 456 456 14 1 2 1
8 66 55 8064 912 456 456 14 1 2 2
8 66 64 1008 918 459 459 14 1 2 1
8 66 66 4032 918 459 459 14 1 2 2
8 66 68 4032 918 459 459 14 1 2 2
8 66 70 4032 918 459 459 14 1 2 2
8 66 80 4032 912 456 456 14 1 2 2
8 66 82 4032 912 456 456 14 1 2 2
8 66 84 16128 912 456 456 14 1 2 3
8 66 86 16128 912 456 456 14 1 2 3
8 66 96 4032 918 459 459 14 1 2 2
8 66 98 16128 918 459 459 14 1 2 3
8 66 100 4032 918 459 459 14 1 2 2
8 66 102 16128 918 459 459 14 1 2 3
8 66 112 4032 912 456 456 14 1 2 2
8 66 114 16128 912 456 456 14 1 2 3
8 66 116 16128 912 456 456 14 1 2 3
8 66 118 4032 912 456 456 14 1 2 2
8 66 128 2016 918 459 459 14 1 2 1
8 66 129 2016 918 459 459 14 1 2 2
8 66 132 8064 918 459 459 14 1 2 2
8 66 134 8064 918 459 459 14 1 2 2
8 66 136 2016 918 459 459 14 1 2 2
8 66 137 2016 918 459 459 14 1 2 2
8 66 140 8064 918 459 459 14 1 2 3
8 66 142 8064 918 459 459 14 1 2 3
8 66 160 8064 918 459 459 14 1 2 2
8 66 161 8064 918 459 459 14 1 2 3
8 66 164 8064 918 459 459 14 1 2 2
8 66 165 8064 918 459 459 14 1 2 3
8 66 176 8064 912 456 456 14 1 2 2
8 66 177 8064 912 456 456 14 1 2 3
8 66 182 8064 912 456 456 14 1 2 2
8 66 183 8064 912 456 456 14 1 2 3
8 66 256 2016 918 459 459 14 1 2 1
8 66 257 2016 918 459 459 14 1 2 2
8 66 258 8064 918 459 459 14 1 2 2
8 66 264 2016 918 459 459 14 1 2 2
8 66 265 2016 918 459 459 14 1 2 2
8 66 266 8064 918 459 459 14 1 2 3
8 66 272 8064 912 456 456 14 1 2 2
8 66 273 8064 912 456 456 14 1 2 3
8 66 274 8064 912 456 456 14 1 2 2
8 66 275 8064 912 456 456 14 1 2 3
8 66 384 2016 918 459 459 14 1 2 1
8 66 385 2016 918 459 459 14 1 2 2
8 66 392 2016 918 459 459 14 1 2 2
8 66 393 2016 918 459 459 14 1 2 2
8 80 1 2016 918 459 459 14 1 2 1
8 80 2 4032 918 459 459 14 1 2 1
8 80 4 4032 918 459 459 14 1 2 1
8 80 6 4032 918 459 459 14 1 2 1
8 80 8 1008 918 459 459 14 1 2 1
8 80 10 8064 918 459 459 14 1 2 2
8 80 12 8064 918 459 459 14 1 2 2
8 80 14 8064 918 459 459 14 1 2 2
8 80 16 4032 918 459 459 14 1 2 1
8 80 17 8064 918 459 459 14 1 2 2
8 80 20 8064 918 459 459 14 1 2 2
8 80 22 16128 918 459 459 14 1 2 2
8 80 32 2016 918 459 459 14 1 2 1
8 80 33 4032 918 459 459 14 1 2 2
8 80 38 16128 918 459 459 14 1 2 2
8 80 52 8064 918 459 459 14 1 2 2
8 80 64 504 918 459 459 14 1 2 1
8 80 66 4032 918 459 459 14 1 2 2
8 80 68 4032 918 459 459 14 1 2 2
8 80 70 4032 918 459 459 14 1 2 2
8 80 80 4032 918 459 459 14 1 2 2
8 80 84 8064 918 459 459 14 1 2 3
8 80 86 16128 918 459 459 14 1 2 3
8 80 96 2016 918 459 459 14 1 2 2
8 80 102 16128 918 459 459 14 1 2 3
8 80 116 8064 918 459 459 14 1 2 3
8 80 128 2016 918 459 459 14 1 2 1
8 80 129 2016 918 459 459 14 1 2 2
8 80 132 8064 918 459 459 14 1 2 2
8 80 134 8064 918 459 459 14 1 2 2
8 80 136 2016 918 459 459 14 1 2 2
8 80 137 2016 918 459 459 14 1 2 2
8 80 140 8064 918 459 459 14 1 2 3
8 80 142 8064 918 459 459 14 1 2 3
8 80 160 4032 918 459 459 14 1 2 2
8 80 161 4032 918 459 459 14 1 2 3
8 80 176 8064 918 459 459 14 1 2 2
8 80 177 8064 918 459 459 14 1 2 3
8 80 182 8064 918 459 459 14 1 2 2
8 80 183 8064 918 459 459 14 1 2 3
8 80 256 1008 918 459 459 14 1 2 1
8 80 257 2016 918 459 459 14 1 2 2
8 80 264 1008 918 459 459 14 1 2 2
8 81 1 2016 918 459 459 14 1 2 1
8 81 2 4032 912 456 456 14 1 2 1
8 81 4 4032 918 459 459 14 1 2 1
8 81 6 4032 912 456 456 14 1 2 1
8 81 8 1008 918 459 459 14 1 2 1
8 81 10 8064 912 456 456 14 1 2 2
8 81 12 8064 918 459 459 14 1 2 2
8 81 14 8064 912 456 456 14 1 2 2
8 81 16 4032 918 459 459 14 1 2 1
8 81 17 8064 918 459 459 14 1 2 2
8 81 20 8064 918 459 459 14 1 2 2
8 81 22 16128 912 456 456 14 1 2 2
8 81 32 2016 918 459 459 14 1 2 1
8 81 33 4032 918 459 459 14 1 2 2
8 81 38 16128 912 456 456 14 1 2 2
8 81 52 8064 918 459 459 14 1 2 2
8 81 64 504 918 459 459 14 1 2 1
8 81 66 4032 912 456 456 14 1 2 2
8 81 68 4032 918 459 459 14 1 2 2
8 81 70 4032 912 456 456 14 1 2 2
8 81 80 4032 918 459 459 14 1 2 2
8 81 84 8064 918 459 459 14 1 2 3
8 81 86 16128 912 456 456 14 1 2 3
8 81 96 2016 918 459 459 14 1 2 2
8 81 102 16128 912 456 456 14 1 2 3
8 81 116 8064 918 459 459 14 1 2 3
8 81 128 2016 918 459 459 14 1 2 1
8 81 129 2016 918 459 459 14 1 2 2
8 81 132 8064 918 459 459 14 1 2 2
8 81 134 8064 912 456 456 14 1 2 2
8 81 136 2016 918 459 459 14 1 2 2
8 81 137 2016 918 459 459 14 1 2 2
8 81 140 8064 918 459 459 14 1 2 3
8 81 142 8064 912 456 456 14 1 2 3
8 81 160 4032 918 459 459 14 1 2 2
8 81 161 4032 918 459 459 14 1 2 3
8 81 176 8064 918 459 459 14 1 2 2
8 81 177 8064 918 459 459 14 1 2 3
8 81 182 8064 912 456 456 14 1 2 2
8 81 183 8064 912 456 456 14 1 2 3
8 81 256 1008 918 459 459 14 1 2 1
8 81 257 2016 918 459 459 14 1 2 2
8 81 264 1008 918 459 459 14 1 2 2
8 82 1 2016 918 459 459 14 1 2 1
8 82 2 4032 918 459 459 14 1 2 1
8 82 4 4032 918 459 459 14 1 2 1
8 82 6 4032 918 459 459 14 1 2 1
8 82 8 2016 918 459 459 14 1 2 1
8 82 9 2016 918 459 459 14 1 2 1
8 82 10 8064 918 459 459 14 1 2 2
8 82 12 8064 918 459 459 14 1 2 2
8 82 14 8064 918 459 459 14 1 2 2
8 82 16 4032 912 456 456 14 1 2 1
8 82 17 8064 912 456 456 14 1 2 2
8 82 18 4032 912 456 456 14 1 2 1
8 82 19 8064 912 456 456 14 1 2 2
8 82 20 16128 912 456 456 14 1 2 2
8 82 22 16128 912 456 456 14 1 2 2
8 82 32 4032 918 459 459 14 1 2 1
8 82 33 8064 918 459 459 14 1 2 2
8 82 34 16128 918 459 459 14 1 2 2
8 82 36 4032 918 459 459 14 1 2 1
8 82 37 8064 918 459 459 14 1 2 2
8 82 38 16128 918 459 459 14 1 2 2
8 82 48 4032 912 456 456 14 1 2 1
8 82 49 8064 912 456 456 14 1 2 2
8 82 50 16128 912 456 456 14 1 2 2
8 82 52 16128 912 456 456 14 1 2 2
8 82 54 4032 912 456 456 14 1 2 1
8 82 55 8064 912 456 456 14 1 2 2
8 82 64 1008 918 459 459 14 1 2 1
8 82 66 4032 918 459 459 14 1 2 2
8 82 68 4032 918 459 459 14 1 2 2
8 82 70 4032 918 459 459 14 1 2 2
8 82 80 4032 912 456 456 14 1 2 2
8 82 82 4032 912 456 456 14 1 2 2
8 82 84 16128 912 456 456 14 1 2 3
8 82 86 16128 912 456 456 14 1 2 3
8 82 96 4032 918 459 459 14 1 2 2
8 82 98 16128 918 459 459 14 1 2 3
8 82 100 4032 918 459 459 14 1 2 2
8 82 102 16128 918 459 459 14 1 2 3
8 82 112 4032 912 456 456 14 1 2 2
8 82 114 16128 912 456 456 14 1 2 3
8 82 116 16128 912 456 456 14 1 2 3
8 82 118 4032 912 456 456 14 1 2 2
8 82 128 2016 918 459 459 14 1 2 1
8 82 129 2016 918 459 459 14 1 2 2
8 82 132 8064 918 459 459 14 1 2 2
8 82 134 8064 918 459 459 14 1 2 2
8 82 136 2016 918 459 459 14 1 2 2
8 82 137 2016 918 459 459 14 1 2 2
8 82 140 8064 918 459 459 14 1 2 3
8 82 142 8064 918 459 459 14 1 2 3
8 82 160 8064 918 459 459 14 1 2 2
8 82 161 8064 918 459 459 14 1 2 3
8 82 164 8064 918 459 459 14 1 2 2
8 82 165 8064 918 459 459 14 1 2 3
8 82 176 8064 912 456 456 14 1 2 2
8 82 177 8064 912 456 456 14 1 2 3
8 82 182 8064 912 456 456 14 1 2 2
8 82 183 8064 912 456 456 14 1 2 3
8 82 256 2016 918 459 459 14 1 2 1
8 82 257 2016 918 459 459 14 1 2 2
8 82 258 8064 918 459 459 14 1 2 2
8 82 264 2016 918 459 459 14 1 2 2
8 82 265 2016 918 459 459 14 1 2 2
8 82 266 8064 918 459 459 14 1 2 3
8 82 272 8064 912 456 456 14 1 2 2
8 82 273 8064 912 456 456 14 1 2 3
8 82 274 8064 912 456 456 14 1 2 2
8 82 275 8064 912 456 456 14 1 2 3
8 82 384 2016 918 459 459 14 1 2 1
8 82 385 2016 918 459 459 14 1 2 2
8 82 392 2016 918 459 459 14 1 2 2
8 82 393 2016 918 459 459 14 1 2 2
8 84 1 4032 918 459 459 14 1 3 1
8 84 2 8064 918 459 459 14 1 3 1
8 84 4 8064 918 459 459 14 1 3 1
8 84 6 8064 918 459 459 14 1 3 1
8 84 8 2016 918 459 459 14 1 3 1
8 84 10 8064 918 459 459 14 1 3 2
8 84 12 8064 918 459 459 14 1 3 2
8 84 14 8064 918 459 459 14 1 3 2
8 84 16 8064 918 459 459 14 1 3 1
8 84 17 8064 918 459 459 14 1 3 2
8 84 20 8064 918 459 459 14 1 3 2
8 84 22 16128 918 459 459 14 1 3 2
8 84 32 4032 918 459 459 14 1 3 1
8 84 33 4032 918 459 459 14 1 3 2
8 84 38 16128 918 459 459 14 1 3 2
8 84 52 8064 918 459 459 14 1 3 2
8 84 64 2016 918 459 459 14 1 3 1
8 84 65 4032 918 459 459 14 1 3 1
8 84 66 8064 918 459 459 14 1 3 2
8 84 68 8064 918 459 459 14 1 3 2
8 84 70 8064 918 459 459 14 1 3 2
8 84 72 2016 918 459 459 14 1 3 1
8 84 74 8064 918 459 459 14 1 3 2
8 84 76 8064 918 459 459 14 1 3 2
8 84 78 8064 918 459 459 14 1 3 2
8 84 80 8064 918 459 459 14 1 3 2
8 84 81 8064 918 459 459 14 1 3 2
8 84 84 8064 918 459 459 14 1 3 3
8 84 86 16128 918 459 459 14 1 3 3
8 84 96 4032 918 459 459 14 1 3 2
8 84 97 4032 918 459 459 14 1 3 2
8 84 102 16128 918 459 459 14 1 3 3
8 84 116 8064 918 459 459 14 1 3 3
8 84 128 8064 912 456 456 14 1 3 1
8 84 129 8064 912 456 456 14 1 3 2
8 84 130 8064 912 456 456 14 1 3 1
8 84 131 8064 912 456 456 14 1 3 2
8 84 132 16128 912 456 456 14 1 3 2
8 84 134 16128 912 456 456 14 1 3 2
8 84 136 8064 912 456 456 14 1 3 2
8 84 137 8064 912 456 456 14 1 3 2
8 84 138 8064 912 456 456 14 1 3 2
8 84 139 8064 912 456 456 14 1 3 2
8 84 140 16128 912 456 456 14 1 3 3
8 84 142 16128 912 456 456 14 1 3 3
8 84 144 8064 912 456 456 14 1 3 1
8 84 145 8064 912 456 456 14 1 3 2
8 84 146 8064 912 456 456 14 1 3 1
8 84 147 8064 912 456 456 14 1 3 2
8 84 148 16128 912 456 456 14 1 3 2
8 84 150 16128 912 456 456 14 1 3 2
8 84 152 8064 912 456 456 14 1 3 2
8 84 153 8064 912 456 456 14 1 3 2
8 84 154 8064 912 456 456 14 1 3 2
8 84 155 8064 912 456 456 14 1 3 2
8 84 156 16128 912 456 456 14 1 3 3
8 84 158 16128 912 456 456 14 1 3 3
8 84 160 16128 912 456 456 14 1 3 2
8 84 161 16128 912 456 456 14 1 3 3
8 84 162 16128 912 456 456 14 1 3 2
8 84 163 16128 912 456 456 14 1 3 3
8 84 164 16128 912 456 456 14 1 3 2
8 84 165 16128 912 456 456 14 1 3 3
8 84 166 16128 912 456 456 14 1 3 2
8 84 167 16128 912 456 456 14 1 3 3
8 84 176 16128 912 456 456 14 1 3 2
8 84 177 16128 912 456 456 14 1 3 3
8 84 178 16128 912 456 456 14 1 3 2
8 84 179 16128 912 456 456 14 1 3 3
8 84 180 16128 912 456 456 14 1 3 2
8 84 181 16128 912 456 456 14 1 3 3
8 84 182 16128 912 456 456 14 1 3 2
8 84 183 16128 912 456 456 14 1 3 3
8 84 256 4032 918 459 459 14 1 3 1
8 84 257 8064 918 459 459 14 1 3 2
8 84 258 16128 918 459 459 14 1 3 2
8 84 260 8064 918 459 459 14 1 3 1
8 84 261 8064 918 459 459 14 1 3 2
8 84 262 16128 918 459 459 14 1 3 2
8 84 264 4032 918 459 459 14 1 3 2
8 84 266 16128 918 459 459 14 1 3 3
8 84 268 8064 918 459 459 14 1 3 2
8 84 269 8064 918 459 459 14 1 3 2
8 84 270 16128 918 459 459 14 1 3 3
8 84 272 16128 918 459 459 14 1 3 2
8 84 273 16128 918 459 459 14 1 3 3
8 84 276 8064 918 459 459 14 1 3 2
8 84 277 8064 918 459 459 14 1 3 3
8 84 278 16128 918 459 459 14 1 3 2
8 84 279 16128 918 459 459 14 1 3 3
8 84 288 4032 918 459 459 14 1 3 1
8 84 289 8064 918 459 459 14 1 3 2
8 84 294 16128 918 459 459 14 1 3 2
8 84 296 4032 918 459 459 14 1 3 2
8 84 302 16128 918 459 459 14 1 3 3
8 84 308 8064 918 459 459 14 1 3 2
8 84 309 8064 918 459 459 14 1 3 3
10 1 1 1344 918 459 459 14 2 1 1
10 1 2 2688 918 459 459 14 2 1 1
10 1 4 1344 918 459 459 14 2 1 1
10 1 5 1344 918 459 459 14 2 1 1
10 1 6 2688 918 459 459 14 2 1 1
10 1 8 1008 918 459 459 14 2 1 1
10 1 10 8064 918 459 459 14 2 1 2
10 1 12 4032 918 459 459 14 2 1 2
10 1 13 4032 918 459 459 14 2 1 2
10 1 14 8064 918 459 459 14 2 1 2
10 1 16 2016 918 459 459 14 2 1 1
10 1 17 4032 918 459 459 14 2 1 2
10 1 20 8064 918 459 459 14 2 1 2
10 1 21 8064 918 459 459 14 2 1 2
10 1 22 8064 918 459 459 14 2 1 2
10 1 23 8064 918 459 459 14 2 1 2
10 1 32 1008 918 459 459 14 2 1 1
10 1 33 4032 918 459 459 14 2 1 2
10 1 34 8064 918 459 459 14 2 1 2
10 1 40 1008 918 459 459 14 2 1 1
10 1 42 8064 918 459 459 14 2 1 2
10 1 48 2016 918 459 459 14 2 1 1
10 1 49 4032 918 459 459 14 2 1 2
10 1 80 2016 918 459 459 14 2 1 2
10 1 84 8064 918 459 459 14 2 1 3
10 1 85 8064 918 459 459 14 2 1 3
10 1 86 16128 918 459 459 14 2 1 3
10 1 96 2016 918 459 459 14 2 1 2
10 1 98 16128 918 459 459 14 2 1 3
10 1 112 2016 918 459 459 14 2 1 2
10 1 160 4032 918 459 459 14 2 1 2
10 1 161 8064 918 459 459 14 2 1 3
10 1 168 4032 918 459 459 14 2 1 2
10 8 1 2688 918 459 459 14 2 1 1
10 8 2 2688 918 459 459 14 2 1 1
10 8 3 2688 918 459 459 14 2 1 1
10 8 4 2688 918 459 459 14 2 1 1
10 8 5 2688 918 459 459 14 2 1 1
10 8 6 2688 918 459 459 14 2 1 1
10 8 7 2688 918 459 459 14 2 1 1
10 8 8 2016 918 459 459 14 2 1 1
10 8 10 8064 918 459 459 14 2 1 2
10 8 11 8064 918 459 459 14 2 1 2
10 8 12 8064 918 459 459 14 2 1 2
10 8 13 8064 918 459 459 14 2 1 2
10 8 14 8064 918 459 459 14 2 1 2
10 8 15 8064 918 459 459 14 2 1 2
10 8 16 2016 918 459 459 14 2 1 1
10 8 17 8064 918 459 459 14 2 1 2
10 8 20 8064 918 459 459 14 2 1 2
10 8 21 8064 918 459 459 14 2 1 2
10 8 22 8064 918 459 459 14 2 1 2
10 8 23 8064 918 459 459 14 2 1 2
10 8 24 2016 918 459 459 14 2 1 1
10 8 28 8064 918 459 459 14 2 1 2
10 8 29 8064 918 459 459 14 2 1 2
10 8 30 8064 918 459 459 14 2 1 2
10 8 31 8064 918 459 459 14 2 1 2
10 8 32 2016 918 459 459 14 2 1 1
10 8 33 8064 918 459 459 14 2 1 2
10 8 34 8064 918 459 459 14 2 1 2
10 8 35 8064 918 459 459 14 2 1 2
10 8 40 2016 918 459 459 14 2 1 1
10 8 42 8064 918 459 459 14 2 1 2
10 8 43 8064 918 459 459 14 2 1 2
10 8 48 2016 918 459 459 14 2 1 1
10 8 49 8064 918 459 459 14 2 1 2
10 8 56 2016 918 459 459 14 2 1 1
10 8 80 4032 918 459 459 14 2 1 2
10 8 84 16128 918 459 459 14 2 1 3
10 8 85 16128 918 459 459 14 2 1 3
10 8 86 16128 918 459 459 14 2 1 3
10 8 87 16128 918 459 459 14 2 1 3
10 8 96 4032 918 459 459 14 2 1 2
10 8 98 16128 918 459 459 14 2 1 3
10 8 99 16128 918 459 459 14 2 1 3
10 8 112 4032 918 459 459 14 2 1 2
10 8 160 4032 918 459 459 14 2 1 2
10 8 161 16128 918 459 459 14 2 1 3
10 8 168 4032 918 459 459 14 2 1 2
10 8 224 4032 918 459 459 14 2 1 2
10 8 232 4032 918 459 459 14 2 1 2
10 10 1 8064 918 459 459 14 2 2 1
10 10 2 8064 918 459 459 14 2 2 1
10 10 3 8064 918 459 459 14 2 2 1
10 10 4 8064 918 459 459 14 2 2 1
10 10 5 8064 918 459 459 14 2 2 1
10 10 6 8064 918 459 459 14 2 2 1
10 10 7 8064 918 459 459 14 2 2 1
10 10 8 4032 918 459 459 14 2 2 1
10 10 10 16128 918 459 459 14 2 2 2
10 10 11 16128 918 459 459 14 2 2 2
10 10 12 16128 918 459 459 14 2 2 2
10 10 13 16128 918 459 459 14 2 2 2
10 10 14 16128 918 459 459 14 2 2 2
10 10 15 16128 918 459 459 14 2 2 2
10 10 16 8064 918 459 459 14 2 2 1
10 10 17 8064 918 459 459 14 2 2 2
10 10 20 16128 918 459 459 14 2 2 2
10 10 21 16128 918 459 459 14 2 2 2
10 10 22 16128 918 459 459 14 2 2 2
10 10 23 16128 918 459 459 14 2 2 2
10 10 25 8064 918 459 459 14 2 2 2
10 10 28 16128 918 459 459 14 2 2 2
10 10 29 16128 918 459 459 14 2 2 2
10 10 30 16128 918 459 459 14 2 2 2
10 10 31 16128 918 459 459 14 2 2 2
10 10 32 4032 918 459 459 14 2 2 1
10 10 33 16128 918 459 459 14 2 2 2
10 10 34 16128 918 459 459 14 2 2 2
10 10 35 16128 918 459 459 14 2 2 2
10 10 40 4032 918 459 459 14 2 2 1
10 10 42 16128 918 459 459 14 2 2 2
10 10 43 16128 918 459 459 14 2 2 2
10 10 48 8064 918 459 459 14 2 2 1
10 10 49 8064 918 459 459 14 2 2 2
10 10 57 8064 918 459 459 14 2 2 2
10 10 64 2016 918 459 459 14 2 2 1
10 10 66 8064 918 459 459 14 2 2 2
10 10 67 8064 918 459 459 14 2 2 2
10 10 68 8064 918 459 459 14 2 2 2
10 10 69 8064 918 459 459 14 2 2 2
10 10 70 8064 918 459 459 14 2 2 2
10 10 71 8064 918 459 459 14 2 2 2
10 10 80 8064 918 459 459 14 2 2 2
10 10 84 16128 918 459 459 14 2 2 3
10 10 85 16128 918 459 459 14 2 2 3
10 10 86 16128 918 459 459 14 2 2 3
10 10 87 16128 918 459 459 14 2 2 3
10 10 92 16128 918 459 459 14 2 2 3
10 10 93 16128 918 459 459 14 2 2 3
10 10 94 16128 918 459 459 14 2 2 3
10 10 95 16128 918 459 459 14 2 2 3
10 10 96 4032 918 459 459 14 2 2 2
10 10 98 16128 918 459 459 14 2 2 3
10 10 99 16128 918 459 459 14 2 2 3
10 10 104 4032 918 459 459 14 2 2 2
10 10 106 16128 918 459 459 14 2 2 3
10 10 107 16128 918 459 459 14 2 2 3
10 10 112 8064 918 459 459 14 2 2 2
10 10 128 4032 918 459 459 14 2 2 1
10 10 129 8064 918 459 459 14 2 2 2
10 10 132 8064 918 459 459 14 2 2 2
10 10 133 8064 918 459 459 14 2 2 2
10 10 134 8064 918 459 459 14 2 2 2
10 10 135 8064 918 459 459 14 2 2 2
10 10 136 4032 918 459 459 14 2 2 2
10 10 140 16128 918 459 459 14 2 2 3
10 10 141 16128 918 459 459 14 2 2 3
10 10 142 16128 918 459 459 14 2 2 3
10 10 143 16128 918 459 459 14 2 2 3
10 10 160 8064 918 459 459 14 2 2 2
10 10 161 16128 918 459 459 14 2 2 3
10 10 164 8064 918 459 459 14 2 2 2
10 10 168 8064 918 459 459 14 2 2 2
10 10 173 8064 918 459 459 14 2 2 2
10 10 176 8064 918 459 459 14 2 2 2
10 10 177 8064 918 459 459 14 2 2 3
10 10 182 8064 918 459 459 14 2 2 2
10 10 184 8064 918 459 459 14 2 2 2
10 10 185 8064 918 459 459 14 2 2 3
10 10 191 8064 918 459 459 14 2 2 2
10 10 256 2016 918 459 459 14 2 2 1
10 10 257 8064 918 459 459 14 2 2 2
10 10 258 8064 918 459 459 14 2 2 2
10 10 259 8064 918 459 459 14 2 2 2
10 10 264 4032 918 459 459 14 2 2 2
10 10 266 16128 918 459 459 14 2 2 3
10 10 267 16128 918 459 459 14 2 2 3
10 10 272 8064 918 459 459 14 2 2 2
10 10 273 8064 918 459 459 14 2 2 3
10 10 281 8064 918 459 459 14 2 2 3
10 10 320 2016 918 459 459 14 2 2 1
10 10 322 8064 918 459 459 14 2 2 2
10 10 323 8064 918 459 459 14 2 2 2
10 10 336 8064 918 459 459 14 2 2 2
10 10 384 4032 918 459 459 14 2 2 1
10 10 385 8064 918 459 459 14 2 2 2
10 10 392 4032 918 459 459 14 2 2 2
10 64 1 1344 918 459 459 14 2 1 1
10 64 2 2688 918 459 459 14 2 1 1
10 64 4 1344 918 459 459 14 2 1 1
10 64 5 1344 918 459 459 14 2 1 1
10 64 6 2688 918 459 459 14 2 1 1
10 64 8 1008 918 459 459 14 2 1 1
10 64 10 8064 918 459 459 14 2 1 2
10 64 12 4032 918 459 459 14 2 1 2
10 64 13 4032 918 459 459 14 2 1 2
10 64 14 8064 918 459 459 14 2 1 2
10 64 16 2016 918 459 459 14 2 1 1
10 64 17 4032 918 459 459 14 2 1 2
10 64 20 8064 918 459 459 14 2 1 2
10 64 21 8064 918 459 459 14 2 1 2
10 64 22 8064 918 459 459 14 2 1 2
10 64 23 8064 918 459 459 14 2 1 2
10 64 32 1008 918 459 459 14 2 1 1
10 64 33 4032 918 459 459 14 2 1 2
10 64 34 8064 918 459 459 14 2 1 2
10 64 40 1008 918 459 459 14 2 1 1
10 64 42 8064 918 459 459 14 2 1 2
10 64 48 2016 918 459 459 14 2 1 1
10 64 49 4032 918 459 459 14 2 1 2
10 64 80 2016 918 459 459 14 2 1 2
10 64 84 8064 918 459 459 14 2 1 3
10 64 85 8064 918 459 459 14 2 1 3
10 64 86 16128 918 459 459 14 2 1 3
10 64 96 2016 918 459 459 14 2 1 2
10 64 98 16128 918 459 459 14 2 1 3
10 64 112 2016 918 459 459 14 2 1 2
10 64 160 4032 918 459 459 14 2 1 2
10 64 161 8064 918 459 459 14 2 1 3
10 64 168 4032 918 459 459 14 2 1 2
10 65 1 1344 918 459 459 14 2 1 1
10 65 2 2688 918 459 459 14 2 1 1
10 65 4 1344 918 459 459 14 2 1 1
10 65 5 1344 918 459 459 14 2 1 1
10 65 6 2688 918 459 459 14 2 1 1
10 65 8 1008 918 459 459 14 2 1 1
10 65 10 8064 918 459 459 14 2 1 2
10 65 12 4032 918 459 459 14 2 1 2
10 65 13 4032 918 459 459 14 2 1 2
10 65 14 8064 918 459 459 14 2 1 2
10 65 16 2016 918 459 459 14 2 1 1
10 65 17 4032 918 459 459 14 2 1 2
10 65 20 8064 918 459 459 14 2 1 2
10 65 21 8064 918 459 459 14 2 1 2
10 65 22 8064 918 459 459 14 2 1 2
10 65 23 8064 918 459 459 14 2 1 2
10 65 32 1008 918 459 459 14 2 1 1
10 65 33 4032 918 459 459 14 2 1 2
10 65 34 8064 918 459 459 14 2 1 2
10 65 40 1008 918 459 459 14 2 1 1
10 65 42 8064 918 459 459 14 2 1 2
10 65 48 2016 918 459 459 14 2 1 1
10 65 49 4032 918 459 459 14 2 1 2
10 65 80 2016 918 459 459 14 2 1 2
10 65 84 8064 918 459 459 14 2 1 3
10 65 85 8064 918 459 459 14 2 1 3
10 65 86 16128 918 459 459 14 2 1 3
10 65 96 2016 918 459 459 14 2 1 2
10 65 98 16128 918 459 459 14 2 1 3
10 65 112 2016 918 459 459 14 2 1 2
10 65 160 4032 918 459 459 14 2 1 2
10 65 161 8064 918 459 459 14 2 1 3
10 65 168 4032 918 459 459 14 2 1 2
10 66 1 4032 918 459 459 14 2 2 1
10 66 2 8064 918 459 459 14 2 2 1
10 66 4 4032 918 459 459 14 2 2 1
10 66 5 4032 918 459 459 14 2 2 1
10 66 6 8064 918 459 459 14 2 2 1
10 66 8 4032 918 459 459 14 2 2 1
10 66 9 4032 918 459 459 14 2 2 1
10 66 10 16128 918 459 459 14 2 2 2
10 66 12 8064 918 459 459 14 2 2 2
10 66 13 8064 918 459 459 14 2 2 2
10 66 14 16128 918 459 459 14 2 2 2
10 66 16 8064 918 459 459 14 2 2 1
10 66 17 16128 918 459 459 14 2 2 2
10 66 18 8064 918 459 459 14 2 2 1
10 66 19 16128 918 459 459 14 2 2 2
10 66 20 16128 918 459 459 14 2 2 2
10 66 21 16128 918 459 459 14 2 2 2
10 66 22 16128 918 459 459 14 2 2 2
10 66 23 16128 918 459 459 14 2 2 2
10 66 32 4032 918 459 459 14 2 2 1
10 66 33 8064 918 459 459 14 2 2 2
10 66 34 16128 918 459 459 14 2 2 2
10 66 36 4032 918 459 459 14 2 2 1
10 66 37 8064 918 459 459 14 2 2 2
10 66 38 16128 918 459 459 14 2 2 2
10 66 40 4032 918 459 459 14 2 2 1
10 66 41 8064 918 459 459 14 2 2 2
10 66 42 16128 918 459 459 14 2 2 2
10 66 44 8064 918 459 459 14 2 2 2
10 66 45 4032 918 459 459 14 2 2 1
10 66 46 16128 918 459 459 14 2 2 2
10 66 48 8064 918 459 459 14 2 2 1
10 66 49 16128 918 459 459 14 2 2 2
10 66 50 16128 918 459 459 14 2 2 2
10 66 51 16128 918 459 459 14 2 2 2
10 66 52 16128 918 459 459 14 2 2 2
10 66 53 16128 918 459 459 14 2 2 2
10 66 54 8064 918 459 459 14 2 2 1
10 66 55 16128 918 459 459 14 2 2 2
10 66 64 2016 918 459 459 14 2 2 1
10 66 66 8064 918 459 459 14 2 2 2
10 66 68 4032 918 459 459 14 2 2 2
10 66 69 4032 918 459 459 14 2 2 2
10 66 70 8064 918 459 459 14 2 2 2
10 66 80 8064 918 459 459 14 2 2 2
10 66 82 8064 918 459 459 14 2 2 2
10 66 84 16128 918 459 459 14 2 2 3
10 66 85 16128 918 459 459 14 2 2 3
10 66 86 16128 918 459 459 14 2 2 3
10 66 87 16128 918 459 459 14 2 2 3
10 66 96 4032 918 459 459 14 2 2 2
10 66 98 16128 918 459 459 14 2 2 3
10 66 100 4032 918 459 459 14 2 2 2
10 66 102 16128 918 459 459 14 2 2 3
10 66 104 4032 918 459 459 14 2 2 2
10 66 106 16128 918 459 459 14 2 2 3
10 66 109 4032 918 459 459 14 2 2 2
10 66 110 16128 918 459 459 14 2 2 3
10 66 112 8064 918 459 459 14 2 2 2
10 66 114 16128 918 459 459 14 2 2 3
10 66 115 16128 918 459 459 14 2 2 3
10 66 116 16128 918 459 459 14 2 2 3
10 66 117 16128 918 459 459 14 2 2 3
10 66 118 8064 918 459 459 14 2 2 2
10 66 128 4032 918 459 459 14 2 2 1
10 66 129 4032 918 459 459 14 2 2 2
10 66 132 8064 918 459 459 14 2 2 2
10 66 133 8064 918 459 459 14 2 2 2
10 66 134 8064 918 459 459 14 2 2 2
10 66 135 8064 918 459 459 14 2 2 2
10 66 136 4032 918 459 459 14 2 2 2
10 66 137 4032 918 459 459 14 2 2 2
10 66 140 8064 918 459 459 14 2 2 3
10 66 141 8064 918 459 459 14 2 2 3
10 66 142 16128 918 459 459 14 2 2 3
10 66 160 8064 918 459 459 14 2 2 2
10 66 161 8064 918 459 459 14 2 2 3
10 66 164 8064 918 459 459 14 2 2 2
10 66 165 8064 918 459 459 14 2 2 3
10 66 168 8064 918 459 459 14 2 2 2
10 66 169 8064 918 459 459 14 2 2 3
10 66 172 8064 918 459 459 14 2 2 3
10 66 173 8064 918 459 459 14 2 2 2
10 66 176 8064 918 459 459 14 2 2 2
10 66 177 16128 918 459 459 14 2 2 3
10 66 182 8064 918 459 459 14 2 2 2
10 66 183 16128 918 459 459 14 2 2 3
10 66 184 8064 918 459 459 14 2 2 2
10 66 191 8064 918 459 459 14 2 2 2
10 66 256 2016 918 459 459 14 2 2 1
10 66 257 4032 918 459 459 14 2 2 2
10 66 258 8064 918 459 459 14 2 2 2
10 66 264 4032 918 459 459 14 2 2 2
10 66 265 4032 918 459 459 14 2 2 2
10 66 266 16128 918 459 459 14 2 2 3
10 66 272 8064 918 459 459 14 2 2 2
10 66 273 16128 918 459 459 14 2 2 3
10 66 274 8064 918 459 459 14 2 2 2
10 66 275 16128 918 459 459 14 2 2 3
10 66 320 2016 918 459 459 14 2 2 1
10 66 322 8064 918 459 459 14 2 2 2
10 66 336 8064 918 459 459 14 2 2 2
10 66 338 8064 918 459 459 14 2 2 2
10 66 384 4032 918 459 459 14 2 2 1
10 66 385 4032 918 459 459 14 2 2 2
10 66 392 4032 918 459 459 14 2 2 2
10 66 393 4032 918 459 459 14 2 2 2
10 72 1 2688 918 459 459 14 2 1 1
10 72 2 2688 918 459 459 14 2 1 1
10 72 3 2688 918 459 459 14 2 1 1
10 72 4 2688 918 459 459 14 2 1 1
10 72 5 2688 918 459 459 14 2 1 1
10 72 6 2688 918 459 459 14 2 1 1
10 72 7 2688 918 459 459 14 2 1 1
10 72 8 2016 918 459 459 14 2 1 1
10 72 10 8064 918 459 459 14 2 1 2
10 72 11 8064 918 459 459 14 2 1 2
10 72 12 8064 918 459 459 14 2 1 2
10 72 13 8064 918 459 459 14 2 1 2
10 72 14 8064 918 459 459 14 2 1 2
10 72 15 8064 918 459 459 14 2 1 2
10 72 16 2016 918 459 459 14 2 1 1
10 72 17 8064 918 459 459 14 2 1 2
10 72 20 8064 918 459 459 14 2 1 2
10 72 21 8064 918 459 459 14 2 1 2
10 72 22 8064 918 459 459 14 2 1 2
10 72 23 8064 918 459 459 14 2 1 2
10 72 24 2016 918 459 459 14 2 1 1
10 72 28 8064 918 459 459 14 2 1 2
10 72 29 8064 918 459 459 14 2 1 2
10 72 30 8064 918 459 459 14 2 1 2
10 72 31 8064 918 459 459 14 2 1 2
10 72 32 2016 918 459 459 14 2 1 1
10 72 33 8064 918 459 459 14 2 1 2
10 72 34 8064 918 459 459 14 2 1 2
10 72 35 8064 918 459 459 14 2 1 2
10 72 40 2016 918 459 459 14 2 1 1
10 72 42 8064 918 459 459 14 2 1 2
10 72 43 8064 918 459 459 14 2 1 2
10 72 48 2016 918 459 459 14 2 1 1
10 72 49 8064 918 459 459 14 2 1 2
10 72 56 2016 918 459 459 14 2 1 1
10 72 80 4032 918 459 459 14 2 1 2
10 72 84 16128 918 459 459 14 2 1 3
10 72 85 16128 918 459 459 14 2 1 3
10 72 86 16128 918 459 459 14 2 1 3
10 72 87 16128 918 459 459 14 2 1 3
10 72 96 4032 918 459 459 14 2 1 2
10 72 98 16128 918 459 459 14 2 1 3
10 72 99 16128 918 459 459 14 2 1 3
10 72 112 4032 918 459 459 14 2 1 2
10 72 160 4032 918 459 459 14 2 1 2
10 72 161 16128 918 459 459 14 2 1 3
10 72 168 4032 918 459 459 14 2 1 2
10 72 224 4032 918 459 459 14 2 1 2
10 72 232 4032 918 459 459 14 2 1 2
10 74 1 8064 918 459 459 14 2 2 1
10 74 2 8064 918 459 459 14 2 2 1
10 74 3 8064 918 459 459 14 2 2 1
10 74 4 8064 918 459 459 14 2 2 1
10 74 5 8064 918 459 459 14 2 2 1
10 74 6 8064 918 459 459 14 2 2 1
10 74 7 8064 918 459 459 14 2 2 1
10 74 8 4032 918 459 459 14 2 2 1
10 74 10 16128 918 459 459 14 2 2 2
10 74 11 16128 918 459 459 14 2 2 2
10 74 12 16128 918 459 459 14 2 2 2
10 74 13 16128 918 459 459 14 2 2 2
10 74 14 16128 918 459 459 14 2 2 2
10 74 15 16128 918 459 459 14 2 2 2
10 74 16 8064 918 459 459 14 2 2 1
10 74 17 8064 918 459 459 14 2 2 2
10 74 20 16128 918 459 459 14 2 2 2
10 74 21 16128 918 459 459 14 2 2 2
10 74 22 16128 918 459 459 14 2 2 2
10 74 23 16128 918 459 459 14 2 2 2
10 74 25 8064 918 459 459 14 2 2 2
10 74 28 16128 918 459 459 14 2 2 2
10 74 29 16128 918 459 459 14 2 2 2
10 74 30 16128 918 459 459 14 2 2 2
10 74 31 16128 918 459 459 14 2 2 2
10 74 32 4032 918 459 459 14 2 2 1
10 74 33 16128 918 459 459 14 2 2 2
10 74 34 16128 918 459 459 14 2 2 2
10 74 35 16128 918 459 459 14 2 2 2
10 74 40 4032 918 459 459 14 2 2 1
10 74 42 16128 918 459 459 14 2 2 2
10 74 43 16128 918 459 459 14 2 2 2
10 74 48 8064 918 459 459 14 2 2 1
10 74 49 8064 918 459 459 14 2 2 2
10 74 57 8064 918 459 459 14 2 2 2
10 74 64 2016 918 459 459 14 2 2 1
10 74 66 8064 918 459 459 14 2 2 2
10 74 67 8064 918 459 459 14 2 2 2
10 74 68 8064 918 459 459 14 2 2 2
10 74 69 8064 918 459 459 14 2 2 2
10 74 70 8064 918 459 459 14 2 2 2
10 74 71 8064 918 459 459 14 2 2 2
10 74 80 8064 918 459 459 14 2 2 2
10 74 84 16128 918 459 459 14 2 2 3
10 74 85 16128 918 459 459 14 2 2 3
10 74 86 16128 918 459 459 14 2 2 3
10 74 87 16128 918 459 459 14 2 2 3
10 74 92 16128 918 459 459 14 2 2 3
10 74 93 16128 918 459 459 14 2 2 3
10 74 94 16128 918 459 459 14 2 2 3
10 74 95 16128 918 459 459 14 2 2 3
10 74 96 4032 918 459 459 14 2 2 2
10 74 98 16128 918 459 459 14 2 2 3
10 74 99 16128 918 459 459 14 2 2 3
10 74 104 4032 918 459 459 14 2 2 2
10 74 106 16128 918 459 459 14 2 2 3
10 74 107 16128 918 459 459 14 2 2 3
10 74 112 8064 918 459 459 14 2 2 2
10 74 128 4032 918 459 459 14 2 2 1
10 74 129 8064 918 459 459 14 2 2 2
10 74 132 8064 918 459 459 14 2 2 2
10 74 133 8064 918 459 459 14 2 2 2
10 74 134 8064 918 459 459 14 2 2 2
10 74 135 8064 918 459 459 14 2 2 2
10 74 136 4032 918 459 459 14 2 2 2
10 74 140 16128 918 459 459 14 2 2 3
10 74 141 16128 918 459 459 14 2 2 3
10 74 142 16128 918 459 459 14 2 2 3
10 74 143 16128 918 459 459 14 2 2 3
10 74 160 8064 918 459 459 14 2 2 2
10 74 161 16128 918 459 459 14 2 2 3
10 74 164 8064 918 459 459 14 2 2 2
10 74 168 8064 918 459 459 14 2 2 2
10 74 173 8064 918 459 459 14 2 2 2
10 74 176 8064 918 459 459 14 2 2 2
10 74 177 8064 918 459 459 14 2 2 3
10 74 182 8064 918 459 459 14 2 2 2
10 74 184 8064 918 459 459 14 2 2 2
10 74 185 8064 918 459 459 14 2 2 3
10 74 191 8064 918 459 459 14 2 2 2
10 74 256 2016 918 459 459 14 2 2 1
10 74 257 8064 918 459 459 14 2 2 2
10 74 258 8064 918 459 459 14 2 2 2
10 74 259 8064 918 459 459 14 2 2 2
10 74 264 4032 918 459 459 14 2 2 2
10 74 266 16128 918 459 459 14 2 2 3
10 74 267 16128 918 459 459 14 2 2 3
10 74 272 8064 918 459 459 14 2 2 2
10 74 273 8064 918 459 459 14 2 2 3
10 74 281 8064 918 459 459 14 2 2 3
10 74 320 2016 918 459 459 14 2 2 1
10 74 322 8064 918 459 459 14 2 2 2
10 74 323 8064 918 459 459 14 2 2 2
10 74 336 8064 918 459 459 14 2 2 2
10 74 384 4032 918 459 459 14 2 2 1
10 74 385 8064 918 459 459 14 2 2 2
10 74 392 4032 918 459 459 14 2 2 2
10 80 1 8064 918 459 459 14 2 2 1
10 80 2 8064 918 459 459 14 2 2 1
10 80 3 8064 918 459 459 14 2 2 1
10 80 4 8064 918 459 459 14 2 2 1
10 80 5 8064 918 459 459 14 2 2 1
10 80 6 8064 918 459 459 14 2 2 1
10 80 7 8064 918 459 459 14 2 2 1
10 80 8 8064 918 459 459 14 2 2 1
10 80 9 8064 918 459 459 14 2 2 1
10 80 10 16128 918 459 459 14 2 2 2
10 80 11 16128 918 459 459 14 2 2 2
10 80 12 16128 918 459 459 14 2 2 2
10 80 13 16128 918 459 459 14 2 2 2
10 80 14 16128 918 459 459 14 2 2 2
10 80 15 16128 918 459 459 14 2 2 2
10 80 16 8064 918 459 459 14 2 2 1
10 80 17 16128 918 459 459 14 2 2 2
10 80 18 8064 918 459 459 14 2 2 1
10 80 19 16128 918 459 459 14 2 2 2
10 80 20 16128 918 459 459 14 2 2 2
10 80 21 16128 918 459 459 14 2 2 2
10 80 22 16128 918 459 459 14 2 2 2
10 80 23 16128 918 459 459 14 2 2 2
10 80 24 8064 918 459 459 14 2 2 1
10 80 25 16128 918 459 459 14 2 2 2
10 80 26 16128 918 459 459 14 2 2 2
10 80 27 8064 918 459 459 14 2 2 1
10 80 28 16128 918 459 459 14 2 2 2
10 80 29 16128 918 459 459 14 2 2 2
10 80 30 16128 918 459 459 14 2 2 2
10 80 31 16128 918 459 459 14 2 2 2
10 80 32 8064 918 459 459 14 2 2 1
10 80 33 16128 918 459 459 14 2 2 2
10 80 34 16128 918 459 459 14 2 2 2
10 80 35 16128 918 459 459 14 2 2 2
10 80 36 8064 918 459 459 14 2 2 1
10 80 37 16128 918 459 459 14 2 2 2
10 80 38 16128 918 459 459 14 2 2 2
10 80 39 16128 918 459 459 14 2 2 2
10 80 40 8064 918 459 459 14 2 2 1
10 80 41 16128 918 459 459 14 2 2 2
10 80 42 16128 918 459 459 14 2 2 2
10 80 43 16128 918 459 459 14 2 2 2
10 80 44 16128 918 459 459 14 2 2 2
10 80 45 8064 918 459 459 14 2 2 1
10 80 46 16128 918 459 459 14 2 2 2
10 80 47 16128 918 459 459 14 2 2 2
10 80 48 8064 918 459 459 14 2 2 1
10 80 49 16128 918 459 459 14 2 2 2
10 80 50 16128 918 459 459 14 2 2 2
10 80 51 16128 918 459 459 14 2 2 2
10 80 52 16128 918 459 459 14 2 2 2
10 80 53 16128 918 459 459 14 2 2 2
10 80 54 8064 918 459 459 14 2 2 1
10 80 55 16128 918 459 459 14 2 2 2
10 80 56 8064 918 459 459 14 2 2 1
10 80 57 16128 918 459 459 14 2 2 2
10 80 58 16128 918 459 459 14 2 2 2
10 80 59 16128 918 459 459 14 2 2 2
10 80 60 16128 918 459 459 14 2 2 2
10 80 61 16128 918 459 459 14 2 2 2
10 80 62 16128 918 459 459 14 2 2 2
10 80 63 8064 918 459 459 14 2 2 1
10 80 64 4032 918 459 459 14 2 2 1
10 80 66 8064 918 459 459 14 2 2 2
10 80 67 8064 918 459 459 14 2 2 2
10 80 68 8064 918 459 459 14 2 2 2
10 80 69 8064 918 459 459 14 2 2 2
10 80 70 8064 918 459 459 14 2 2 2
10 80 71 8064 918 459 459 14 2 2 2
10 80 80 8064 918 459 459 14 2 2 2
10 80 82 8064 918 459 459 14 2 2 2
10 80 84 16128 918 459 459 14 2 2 3
10 80 85 16128 918 459 459 14 2 2 3
10 80 86 16128 918 459 459 14 2 2 3
10 80 87 16128 918 459 459 14 2 2 3
10 80 88 8064 918 459 459 14 2 2 2
10 80 91 8064 918 459 459 14 2 2 2
10 80 92 16128 918 459 459 14 2 2 3
10 80 93 16128 918 459 459 14 2 2 3
10 80 94 16128 918 459 459 14 2 2 3
10 80 95 16128 918 459 459 14 2 2 3
10 80 96 8064 918 459 459 14 2 2 2
10 80 98 16128 918 459 459 14 2 2 3
10 80 99 16128 918 459 459 14 2 2 3
10 80 100 8064 918 459 459 14 2 2 2
10 80 102 16128 918 459 459 14 2 2 3
10 80 103 16128 918 459 459 14 2 2 3
10 80 104 8064 918 459 459 14 2 2 2
10 80 106 16128 918 459 459 14 2 2 3
10 80 107 16128 918 459 459 14 2 2 3
10 80 109 8064 918 459 459 14 2 2 2
10 80 110 16128 918 459 459 14 2 2 3
10 80 111 16128 918 459 459 14 2 2 3
10 80 112 8064 918 459 459 14 2 2 2
10 80 114 16128 918 459 459 14 2 2 3
10 80 115 16128 918 459 459 14 2 2 3
10 80 116 16128 918 459 459 14 2 2 3
10 80 117 16128 918 459 459 14 2 2 3
10 80 118 8064 918 459 459 14 2 2 2
10 80 120 8064 918 459 459 14 2 2 2
10 80 122 16128 918 459 459 14 2 2 3
10 80 123 16128 918 459 459 14 2 2 3
10 80 124 16128 918 459 459 14 2 2 3
10 80 125 16128 918 459 459 14 2 2 3
10 80 127 8064 918 459 459 14 2 2 2
10 80 128 4032 918 459 459 14 2 2 1
10 80 129 8064 918 459 459 14 2 2 2
10 80 132 8064 918 459 459 14 2 2 2
10 80 133 8064 918 459 459 14 2 2 2
10 80 134 8064 918 459 459 14 2 2 2
10 80 135 8064 918 459 459 14 2 2 2
10 80 136 8064 918 459 459 14 2 2 2
10 80 137 8064 918 459 459 14 2 2 2
10 80 140 16128 918 459 459 14 2 2 3
10 80 141 16128 918 459 459 14 2 2 3
10 80 142 16128 918 459 459 14 2 2 3
10 80 143 16128 918 459 459 14 2 2 3
10 80 160 8064 918 459 459 14 2 2 2
10 80 161 16128 918 459 459 14 2 2 3
10 80 164 8064 918 459 459 14 2 2 2
10 80 165 16128 918 459 459 14 2 2 3
10 80 168 8064 918 459 459 14 2 2 2
10 80 169 16128 918 459 459 14 2 2 3
10 80 172 16128 918 459 459 14 2 2 3
10 80 173 8064 918 459 459 14 2 2 2
10 80 176 8064 918 459 459 14 2 2 2
10 80 177 16128 918 459 459 14 2 2 3
10 80 182 8064 918 459 459 14 2 2 2
10 80 183 16128 918 459 459 14 2 2 3
10 80 184 8064 918 459 459 14 2 2 2
10 80 185 16128 918 459 459 14 2 2 3
10 80 190 16128 918 459 459 14 2 2 3
10 80 191 8064 918 459 459 14 2 2 2
10 80 192 4032 918 459 459 14 2 2 1
10 80 196 8064 918 459 459 14 2 2 2
10 80 197 8064 918 459 459 14 2 2 2
10 80 198 8064 918 459 459 14 2 2 2
10 80 199 8064 918 459 459 14 2 2 2
10 80 224 8064 918 459 459 14 2 2 2
10 80 228 8064 918 459 459 14 2 2 2
10 80 232 8064 918 459 459 14 2 2 2
10 80 237 8064 918 459 459 14 2 2 2
10 80 240 8064 918 459 459 14 2 2 2
10 80 246 8064 918 459 459 14 2 2 2
10 80 248 8064 918 459 459 14 2 2 2
10 80 255 8064 918 459 459 14 2 2 2
10 80 256 4032 918 459 459 14 2 2 1
10 80 257 8064 918 459 459 14 2 2 2
10 80 258 8064 918 459 459 14 2 2 2
10 80 259 8064 918 459 459 14 2 2 2
10 80 264 8064 918 459 459 14 2 2 2
10 80 265 8064 918 459 459 14 2 2 2
10 80 266 16128 918 459 459 14 2 2 3
10 80 267 16128 918 459 459 14 2 2 3
10 80 272 8064 918 459 459 14 2 2 2
10 80 273 16128 918 459 459 14 2 2 3
10 80 274 8064 918 459 459 14 2 2 2
10 80 275 16128 918 459 459 14 2 2 3
10 80 280 8064 918 459 459 14 2 2 2
10 80 281 16128 918 459 459 14 2 2 3
10 80 282 16128 918 459 459 14 2 2 3
10 80 283 8064 918 459 459 14 2 2 2
10 80 320 4032 918 459 459 14 2 2 1
10 80 322 8064 918 459 459 14 2 2 2
10 80 323 8064 918 459 459 14 2 2 2
10 80 336 8064 918 459 459 14 2 2 2
10 80 338 8064 918 459 459 14 2 2 2
10 80 344 8064 918 459 459 14 2 2 2
10 80 347 8064 918 459 459 14 2 2 2
10 80 384 4032 918 459 459 14 2 2 1
10 80 385 8064 918 459 459 14 2 2 2
10 80 392 8064 918 459 459 14 2 2 2
10 80 393 8064 918 459 459 14 2 2 2
10 80 448 4032 918 459 459 14 2 2 1
10 81 1 8064 918 459 459 14 2 2 1
10 81 2 8064 918 459 459 14 2 2 1
10 81 3 8064 918 459 459 14 2 2 1
10 81 4 8064 918 459 459 14 2 2 1
10 81 5 8064 918 459 459 14 2 2 1
10 81 6 8064 918 459 459 14 2 2 1
10 81 7 8064 918 459 459 14 2 2 1
10 81 8 8064 918 459 459 14 2 2 1
10 81 9 8064 918 459 459 14 2 2 1
10 81 10 16128 918 459 459 14 2 2 2
10 81 11 16128 918 459 459 14 2 2 2
10 81 12 16128 918 459 459 14 2 2 2
10 81 13 16128 918 459 459 14 2 2 2
10 81 14 16128 918 459 459 14 2 2 2
10 81 15 16128 918 459 459 14 2 2 2
10 81 16 8064 918 459 459 14 2 2 1
10 81 17 16128 918 459 459 14 2 2 2
10 81 18 8064 918 459 459 14 2 2 1
10 81 19 16128 918 459 459 14 2 2 2
10 81 20 16128 918 459 459 14 2 2 2
10 81 21 16128 918 459 459 14 2 2 2
10 81 22 16128 918 459 459 14 2 2 2
10 81 23 16128 918 459 459 14 2 2 2
10 81 24 8064 918 459 459 14 2 2 1
10 81 25 16128 918 459 459 14 2 2 2
10 81 26 16128 918 459 459 14 2 2 2
10 81 27 8064 918 459 459 14 2 2 1
10 81 28 16128 918 459 459 14 2 2 2
10 81 29 16128 918 459 459 14 2 2 2
10 81 30 16128 918 459 459 14 2 2 2
10 81 31 16128 918 459 459 14 2 2 2
10 81 32 8064 918 459 459 14 2 2 1
10 81 33 16128 918 459 459 14 2 2 2
10 81 34 16128 918 459 459 14 2 2 2
10 81 35 16128 918 459 459 14 2 2 2
10 81 36 8064 918 459 459 14 2 2 1
10 81 37 16128 918 459 459 14 2 2 2
10 81 38 16128 918 459 459 14 2 2 2
10 81 39 16128 918 459 459 14 2 2 2
10 81 40 8064 918 459 459 14 2 2 1
10 81 41 16128 918 459 459 14 2 2 2
10 81 42 16128 918 459 459 14 2 2 2
10 81 43 16128 918 459 459 14 2 2 2
10 81 44 16128 918 459 459 14 2 2 2
10 81 45 8064 918 459 459 14 2 2 1
10 81 46 16128 918 459 459 14 2 2 2
10 81 47 16128 918 459 459 14 2 2 2
10 81 48 8064 918 459 459 14 2 2 1
10 81 49 16128 918 459 459 14 2 2 2
10 81 50 16128 918 459 459 14 2 2 2
10 81 51 16128 918 459 459 14 2 2 2
10 81 52 16128 918 459 459 14 2 2 2
10 81 53 16128 918 459 459 14 2 2 2
10 81 54 8064 918 459 459 14 2 2 1
10 81 55 16128 918 459 459 14 2 2 2
10 81 56 8064 918 459 459 14 2 2 1
10 81 57 16128 918 459 459 14 2 2 2
10 81 58 16128 918 459 459 14 2 2 2
10 81 59 16128 918 459 459 14 2 2 2
10 81 60 16128 918 459 459 14 2 2 2
10 81 61 16128 918 459 459 14 2 2 2
10 81 62 16128 918 459 459 14 2 2 2
10 81 63 8064 918 459 459 14 2 2 1
10 81 64 4032 918 459 459 14 2 2 1
10 81 66 8064 918 459 459 14 2 2 2
10 81 67 8064 918 459 459 14 2 2 2
10 81 68 8064 918 459 459 14 2 2 2
10 81 69 8064 918 459 459 14 2 2 2
10 81 70 8064 918 459 459 14 2 2 2
10 81 71 8064 918 459 459 14 2 2 2
10 81 80 8064 918 459 459 14 2 2 2
10 81 82 8064 918 459 459 14 2 2 2
10 81 84 16128 918 459 459 14 2 2 3
10 81 85 16128 918 459 459 14 2 2 3
10 81 86 16128 918 459 459 14 2 2 3
10 81 87 16128 918 459 459 14 2 2 3
10 81 88 8064 918 459 459 14 2 2 2
10 81 91 8064 918 459 459 14 2 2 2
10 81 92 16128 918 459 459 14 2 2 3
10 81 93 16128 918 459 459 14 2 2 3
10 81 94 16128 918 459 459 14 2 2 3
10 81 95 16128 918 459 459 14 2 2 3
10 81 96 8064 918 459 459 14 2 2 2
10 81 98 16128 918 459 459 14 2 2 3
10 81 99 16128 918 459 459 14 2 2 3
10 81 100 8064 918 459 459 14 2 2 2
10 81 102 16128 918 459 459 14 2 2 3
10 81 103 16128 918 459 459 14 2 2 3
10 81 104 8064 918 459 459 14 2 2 2
10 81 106 16128 918 459 459 14 2 2 3
10 81 107 16128 918 459 459 14 2 2 3
10 81 109 8064 918 459 459 14 2 2 2
10 81 110 16128 918 459 459 14 2 2 3
10 81 111 16128 918 459 459 14 2 2 3
10 81 112 8064 918 459 459 14 2 2 2
10 81 114 16128 918 459 459 14 2 2 3
10 81 115 16128 918 459 459 14 2 2 3
10 81 116 16128 918 459 459 14 2 2 3
10 81 117 16128 918 459 459 14 2 2 3
10 81 118 8064 918 459 459 14 2 2 2
10 81 120 8064 918 459 459 14 2 2 2
10 81 122 16128 918 459 459 14 2 2 3
10 81 123 16128 918 459 459 14 2 2 3
10 81 124 16128 918 459 459 14 2 2 3
10 81 125 16128 918 459 459 14 2 2 3
10 81 127 8064 918 459 459 14 2 2 2
10 81 128 4032 918 459 459 14 2 2 1
10 81 129 8064 918 459 459 14 2 2 2
10 81 132 8064 918 459 459 14 2 2 2
10 81 133 8064 918 459 459 14 2 2 2
10 81 134 8064 918 459 459 14 2 2 2
10 81 135 8064 918 459 459 14 2 2 2
10 81 136 8064 918 459 459 14 2 2 2
10 81 137 8064 918 459 459 14 2 2 2
10 81 140 16128 918 459 459 14 2 2 3
10 81 141 16128 918 459 459 14 2 2 3
10 81 142 16128 918 459 459 14 2 2 3
10 81 143 16128 918 459 459 14 2 2 3
10 81 160 8064 918 459 459 14 2 2 2
10 81 161 16128 918 459 459 14 2 2 3
10 81 164 8064 918 459 459 14 2 2 2
10 81 165 16128 918 459 459 14 2 2 3
10 81 168 8064 918 459 459 14 2 2 2
10 81 169 16128 918 459 459 14 2 2 3
10 81 172 16128 918 459 459 14 2 2 3
10 81 173 8064 918 459 459 14 2 2 2
10 81 176 8064 918 459 459 14 2 2 2
10 81 177 16128 918 459 459 14 2 2 3
10 81 182 8064 918 459 459 14 2 2 2
10 81 183 16128 918 459 459 14 2 2 3
10 81 184 8064 918 459 459 14 2 2 2
10 81 185 16128 918 459 459 14 2 2 3
10 81 190 16128 918 459 459 14 2 2 3
10 81 191 8064 918 459 459 14 2 2 2
10 81 192 4032 918 459 459 14 2 2 1
10 81 196 8064 918 459 459 14 2 2 2
10 81 197 8064 918 459 459 14 2 2 2
10 81 198 8064 918 459 459 14 2 2 2
10 81 199 8064 918 459 459 14 2 2 2
10 81 224 8064 918 459 459 14 2 2 2
10 81 228 8064 918 459 459 14 2 2 2
10 81 232 8064 918 459 459 14 2 2 2
10 81 237 8064 918 459 459 14 2 2 2
10 81 240 8064 918 459 459 14 2 2 2
10 81 246 8064 918 459 459 14 2 2 2
10 81 248 8064 918 459 459 14 2 2 2
10 81 255 8064 918 459 459 14 2 2 2
10 81 256 4032 918 459 459 14 2 2 1
10 81 257 8064 918 459 459 14 2 2 2
10 81 258 8064 918 459 459 14 2 2 2
10 81 259 8064 918 459 459 14 2 2 2
10 81 264 8064 918 459 459 14 2 2 2
10 81 265 8064 918 459 459 14 2 2 2
10 81 266 16128 918 459 459 14 2 2 3
10 81 267 16128 918 459 459 14 2 2 3
10 81 272 8064 918 459 459 14 2 2 2
10 81 273 16128 918 459 459 14 2 2 3
10 81 274 8064 918 459 459 14 2 2 2
10 81 275 16128 918 459 459 14 2 2 3
10 81 280 8064 918 459 459 14 2 2 2
10 81 281 16128 918 459 459 14 2 2 3
10 81 282 16128 918 459 459 14 2 2 3
10 81 283 8064 918 459 459 14 2 2 2
10 81 320 4032 918 459 459 14 2 2 1
10 81 322 8064 918 459 459 14 2 2 2
10 81 323 8064 918 459 459 14 2 2 2
10 81 336 8064 918 459 459 14 2 2 2
10 81 338 8064 918 459 459 14 2 2 2
10 81 344 8064 918 459 459 14 2 2 2
10 81 347 8064 918 459 459 14 2 2 2
10 81 384 4032 918 459 459 14 2 2 1
10 81 385 8064 918 459 459 14 2 2 2
10 81 392 8064 918 459 459 14 2 2 2
10 81 393 8064 918 459 459 14 2 2 2
10 81 448 4032 918 459 459 14 2 2 1
10 84 1 8064 918 459 459 14 2 3 1
10 84 2 16128 918 459 459 14 2 3 1
10 84 4 8064 918 459 459 14 2 3 1
10 84 5 8064 918 459 459 14 2 3 1
10 84 6 16128 918 459 459 14 2 3 1
10 84 8 16128 918 459 459 14 2 3 1
10 84 9 16128 918 459 459 14 2 3 1
10 84 10 16128 918 459 459 14 2 3 2
10 84 11 16128 918 459 459 14 2 3 2
10 84 12 16128 918 459 459 14 2 3 2
10 84 13 16128 918 459 459 14 2 3 2
10 84 14 16128 918 459 459 14 2 3 2
10 84 15 16128 918 459 459 14 2 3 2
10 84 16 16128 918 459 459 14 2 3 1
10 84 17 16128 918 459 459 14 2 3 2
10 84 18 16128 918 459 459 14 2 3 1
10 84 19 16128 918 459 459 14 2 3 2
10 84 20 16128 918 459 459 14 2 3 2
10 84 21 16128 918 459 459 14 2 3 2
10 84 22 16128 918 459 459 14 2 3 2
10 84 23 16128 918 459 459 14 2 3 2
10 84 24 16128 918 459 459 14 2 3 1
10 84 25 16128 918 459 459 14 2 3 2
10 84 26 16128 918 459 459 14 2 3 2
10 84 27 16128 918 459 459 14 2 3 1
10 84 28 16128 918 459 459 14 2 3 2
10 84 29 16128 918 459 459 14 2 3 2
10 84 30 16128 918 459 459 14 2 3 2
10 84 31 16128 918 459 459 14 2 3 2
10 84 32 16128 918 459 459 14 2 3 1
10 84 33 16128 918 459 459 14 2 3 2
10 84 34 16128 918 459 459 14 2 3 2
10 84 35 16128 918 459 459 14 2 3 2
10 84 36 16128 918 459 459 14 2 3 1
10 84 37 16128 918 459 459 14 2 3 2
10 84 38 16128 918 459 459 14 2 3 2
10 84 39 16128 918 459 459 14 2 3 2
10 84 40 16128 918 459 459 14 2 3 1
10 84 41 16128 918 459 459 14 2 3 2
10 84 42 16128 918 459 459 14 2 3 2
10 84 43 16128 918 459 459 14 2 3 2
10 84 44 16128 918 459 459 14 2 3 2
10 84 45 16128 918 459 459 14 2 3 1
10 84 46 16128 918 459 459 14 2 3 2
10 84 47 16128 918 459 459 14 2 3 2
10 84 48 16128 918 459 459 14 2 3 1
10 84 49 16128 918 459 459 14 2 3 2
10 84 50 16128 918 459 459 14 2 3 2
10 84 51 16128 918 459 459 14 2 3 2
10 84 52 16128 918 459 459 14 2 3 2
10 84 53 16128 918 459 459 14 2 3 2
10 84 54 16128 918 459 459 14 2 3 1
10 84 55 16128 918 459 459 14 2 3 2
10 84 56 16128 918 459 459 14 2 3 1
10 84 57 16128 918 459 459 14 2 3 2
10 84 58 16128 918 459 459 14 2 3 2
10 84 59 16128 918 459 459 14 2 3 2
10 84 60 16128 918 459 459 14 2 3 2
10 84 61 16128 918 459 459 14 2 3 2
10 84 62 16128 918 459 459 14 2 3 2
10 84 63 16128 918 459 459 14 2 3 1
10 84 64 8064 918 459 459 14 2 3 1
10 84 65 8064 918 459 459 14 2 3 1
10 84 66 16128 918 459 459 14 2 3 2
10 84 68 8064 918 459 459 14 2 3 2
10 84 69 8064 918 459 459 14 2 3 2
10 84 70 16128 918 459 459 14 2 3 2
10 84 80 16128 918 459 459 14 2 3 2
10 84 81 16128 918 459 459 14 2 3 2
10 84 82 16128 918 459 459 14 2 3 2
10 84 83 16128 918 459 459 14 2 3 2
10 84 84 16128 918 459 459 14 2 3 3
10 84 85 16128 918 459 459 14 2 3 3
10 84 86 16128 918 459 459 14 2 3 3
10 84 87 16128 918 459 459 14 2 3 3
10 84 88 16128 918 459 459 14 2 3 2
10 84 89 16128 918 459 459 14 2 3 2
10 84 90 16128 918 459 459 14 2 3 2
10 84 91 16128 918 459 459 14 2 3 2
10 84 92 16128 918 459 459 14 2 3 3
10 84 93 16128 918 459 459 14 2 3 3
10 84 94 16128 918 459 459 14 2 3 3
10 84 95 16128 918 459 459 14 2 3 3
10 84 96 16128 918 459 459 14 2 3 2
10 84 97 16128 918 459 459 14 2 3 2
10 84 98 16128 918 459 459 14 2 3 3
10 84 99 16128 918 459 459 14 2 3 3
10 84 100 16128 918 459 459 14 2 3 2
10 84 101 16128 918 459 459 14 2 3 2
10 84 102 16128 918 459 459 14 2 3 3
10 84 103 16128 918 459 459 14 2 3 3
10 84 104 16128 918 459 459 14 2 3 2
10 84 105 16128 918 459 459 14 2 3 2
10 84 106 16128 918 459 459 14 2 3 3
10 84 107 16128 918 459 459 14 2 3 3
10 84 108 16128 918 459 459 14 2 3 2
10 84 109 16128 918 459 459 14 2 3 2
10 84 110 16128 918 459 459 14 2 3 3
10 84 111 16128 918 459 459 14 2 3 3
10 84 112 16128 918 459 459 14 2 3 2
10 84 113 16128 918 459 459 14 2 3 2
10 84 114 16128 918 459 459 14 2 3 3
10 84 115 16128 918 459 459 14 2 3 3
10 84 116 16128 918 459 459 14 2 3 3
10 84 117 16128 918 459 459 14 2 3 3
10 84 118 16128 918 459 459 14 2 3 2
10 84 119 16128 918 459 459 14 2 3 2
10 84 120 16128 918 459 459 14 2 3 2
10 84 121 16128 918 459 459 14 2 3 2
10 84 122 16128 918 459 459 14 2 3 3
10 84 123 16128 918 459 459 14 2 3 3
10 84 124 16128 918 459 459 14 2 3 3
10 84 125 16128 918 459 459 14 2 3 3
10 84 126 16128 918 459 459 14 2 3 2
10 84 127 16128 918 459 459 14 2 3 2
10 84 128 16128 918 459 459 14 2 3 1
10 84 129 16128 918 459 459 14 2 3 2
10 84 130 16128 918 459 459 14 2 3 1
10 84 131 16128 918 459 459 14 2 3 2
10 84 132 16128 918 459 459 14 2 3 2
10 84 133 16128 918 459 459 14 2 3 2
10 84 134 16128 918 459 459 14 2 3 2
10 84 135 16128 918 459 459 14 2 3 2
10 84 136 8064 918 459 459 14 2 3 2
10 84 137 8064 918 459 459 14 2 3 2
10 84 138 16128 918 459 459 14 2 3 2
10 84 140 8064 918 459 459 14 2 3 3
10 84 141 8064 918 459 459 14 2 3 3
10 84 142 16128 918 459 459 14 2 3 3
10 84 160 16128 918 459 459 14 2 3 2
10 84 161 16128 918 459 459 14 2 3 3
10 84 162 16128 918 459 459 14 2 3 2
10 84 163 16128 918 459 459 14 2 3 3
10 84 164 16128 918 459 459 14 2 3 2
10 84 165 16128 918 459 459 14 2 3 3
10 84 166 16128 918 459 459 14 2 3 2
10 84 167 16128 918 459 459 14 2 3 3
10 84 168 16128 918 459 459 14 2 3 2
10 84 169 16128 918 459 459 14 2 3 3
10 84 170 16128 918 459 459 14 2 3 2
10 84 171 16128 918 459 459 14 2 3 3
10 84 172 16128 918 459 459 14 2 3 3
10 84 173 16128 918 459 459 14 2 3 2
10 84 174 16128 918 459 459 14 2 3 3
10 84 175 16128 918 459 459 14 2 3 2
10 84 176 16128 918 459 459 14 2 3 2
10 84 177 16128 918 459 459 14 2 3 3
10 84 178 16128 918 459 459 14 2 3 2
10 84 179 16128 918 459 459 14 2 3 3
10 84 180 16128 918 459 459 14 2 3 2
10 84 181 16128 918 459 459 14 2 3 3
10 84 182 16128 918 459 459 14 2 3 2
10 84 183 16128 918 459 459 14 2 3 3
10 84 184 16128 918 459 459 14 2 3 2
10 84 185 16128 918 459 459 14 2 3 3
10 84 186 16128 918 459 459 14 2 3 2
10 84 187 16128 918 459 459 14 2 3 3
10 84 188 16128 918 459 459 14 2 3 3
10 84 189 16128 918 459 459 14 2 3 2
10 84 190 16128 918 459 459 14 2 3 3
10 84 191 16128 918 459 459 14 2 3 2
10 84 200 8064 918 459 459 14 2 3 2
10 84 201 8064 918 459 459 14 2 3 2
10 84 202 16128 918 459 459 14 2 3 2
10 84 204 8064 918 459 459 14 2 3 3
10 84 205 8064 918 459 459 14 2 3 3
10 84 206 16128 918 459 459 14 2 3 3
10 84 224 16128 918 459 459 14 2 3 2
10 84 225 16128 918 459 459 14 2 3 3
10 84 226 16128 918 459 459 14 2 3 3
10 84 227 16128 918 459 459 14 2 3 2
10 84 228 16128 918 459 459 14 2 3 2
10 84 229 16128 918 459 459 14 2 3 3
10 84 230 16128 918 459 459 14 2 3 3
10 84 231 16128 918 459 459 14 2 3 2
10 84 232 16128 918 459 459 14 2 3 2
10 84 233 16128 918 459 459 14 2 3 3
10 84 234 16128 918 459 459 14 2 3 3
10 84 235 16128 918 459 459 14 2 3 2
10 84 236 16128 918 459 459 14 2 3 3
10 84 237 16128 918 459 459 14 2 3 2
10 84 238 16128 918 459 459 14 2 3 2
10 84 239 16128 918 459 459 14 2 3 3
10 84 240 16128 918 459 459 14 2 3 2
10 84 241 16128 918 459 459 14 2 3 3
10 84 242 16128 918 459 459 14 2 3 3
10 84 243 16128 918 459 459 14 2 3 2
10 84 244 16128 918 459 459 14 2 3 3
10 84 245 16128 918 459 459 14 2 3 2
10 84 246 16128 918 459 459 14 2 3 2
10 84 247 16128 918 459 459 14 2 3 3
10 84 248 16128 918 459 459 14 2 3 2
10 84 249 16128 918 459 459 14 2 3 3
10 84 250 16128 918 459 459 14 2 3 3
10 84 251 16128 918 459 459 14 2 3 2
10 84 252 16128 918 459 459 14 2 3 2
10 84 253 16128 918 459 459 14 2 3 3
10 84 254 16128 918 459 459 14 2 3 3
10 84 255 16128 918 459 459 14 2 3 2
10 84 256 8064 918 459 459 14 2 3 1
10 84 257 8064 918 459 459 14 2 3 2
10 84 258 16128 918 459 459 14 2 3 2
10 84 260 8064 918 459 459 14 2 3 1
10 84 261 8064 918 459 459 14 2 3 2
10 84 262 16128 918 459 459 14 2 3 2
10 84 264 16128 918 459 459 14 2 3 2
10 84 265 16128 918 459 459 14 2 3 2
10 84 266 16128 918 459 459 14 2 3 3
10 84 267 16128 918 459 459 14 2 3 3
10 84 268 16128 918 459 459 14 2 3 2
10 84 269 16128 918 459 459 14 2 3 2
10 84 270 16128 918 459 459 14 2 3 3
10 84 271 16128 918 459 459 14 2 3 3
10 84 272 16128 918 459 459 14 2 3 2
10 84 273 16128 918 459 459 14 2 3 3
10 84 274 16128 918 459 459 14 2 3 2
10 84 275 16128 918 459 459 14 2 3 3
10 84 276 16128 918 459 459 14 2 3 2
10 84 277 16128 918 459 459 14 2 3 3
10 84 278 16128 918 459 459 14 2 3 2
10 84 279 16128 918 459 459 14 2 3 3
10 84 280 16128 918 459 459 14 2 3 2
10 84 281 16128 918 459 459 14 2 3 3
10 84 282 16128 918 459 459 14 2 3 3
10 84 283 16128 918 459 459 14 2 3 2
10 84 284 16128 918 459 459 14 2 3 2
10 84 285 16128 918 459 459 14 2 3 3
10 84 286 16128 918 459 459 14 2 3 3
10 84 287 16128 918 459 459 14 2 3 2
10 84 320 8064 918 459 459 14 2 3 1
10 84 321 8064 918 459 459 14 2 3 2
10 84 322 16128 918 459 459 14 2 3 2
10 84 324 8064 918 459 459 14 2 3 2
10 84 325 8064 918 459 459 14 2 3 1
10 84 326 16128 918 459 459 14 2 3 2
10 84 336 16128 918 459 459 14 2 3 2
10 84 337 16128 918 459 459 14 2 3 3
10 84 338 16128 918 459 459 14 2 3 2
10 84 339 16128 918 459 459 14 2 3 3
10 84 340 16128 918 459 459 14 2 3 3
10 84 341 16128 918 459 459 14 2 3 2
10 84 342 16128 918 459 459 14 2 3 3
10 84 343 16128 918 459 459 14 2 3 2
10 84 344 16128 918 459 459 14 2 3 2
10 84 345 16128 918 459 459 14 2 3 3
10 84 346 16128 918 459 459 14 2 3 3
10 84 347 16128 918 459 459 14 2 3 2
10 84 348 16128 918 459 459 14 2 3 3
10 84 349 16128 918 459 459 14 2 3 2
10 84 350 16128 918 459 459 14 2 3 2
10 84 351 16128 918 459 459 14 2 3 3
10 84 384 16128 918 459 459 14 2 3 1
10 84 385 16128 918 459 459 14 2 3 2
10 84 386 16128 918 459 459 14 2 3 2
10 84 387 16128 918 459 459 14 2 3 2
10 84 388 16128 918 459 459 14 2 3 2
10 84 389 16128 918 459 459 14 2 3 2
10 84 390 16128 918 459 459 14 2 3 1
10 84 391 16128 918 459 459 14 2 3 2
10 84 392 8064 918 459 459 14 2 3 2
10 84 393 8064 918 459 459 14 2 3 2
10 84 394 16128 918 459 459 14 2 3 3
10 84 396 8064 918 459 459 14 2 3 3
10 84 397 8064 918 459 459 14 2 3 3
10 84 398 16128 918 459 459 14 2 3 2
10 84 456 8064 918 459 459 14 2 3 2
10 84 457 8064 918 459 459 14 2 3 2
10 84 458 16128 918 459 459 14 2 3 3
10 84 460 8064 918 459 459 14 2 3 3
10 84 461 8064 918 459 459 14 2 3 3
10 84 462 16128 918 459 459 14 2 3 2
11 1 1 2688 918 459 459 14 2 1 1
11 1 2 2688 918 459 459 14 2 1 1
11 1 3 2688 918 459 459 14 2 1 1
11 1 4 2688 918 459 459 14 2 1 1
11 1 5 2688 918 459 459 14 2 1 1
11 1 6 2688 918 459 459 14 2 1 1
11 1 7 2688 918 459 459 14 2 1 1
11 1 8 2016 918 459 459 14 2 1 1
11 1 10 8064 918 459 459 14 2 1 2
11 1 11 8064 918 459 459 14 2 1 2
11 1 12 8064 918 459 459 14 2 1 2
11 1 13 8064 918 459 459 14 2 1 2
11 1 14 8064 918 459 459 14 2 1 2
11 1 15 8064 918 459 459 14 2 1 2
11 1 16 2016 918 459 459 14 2 1 1
11 1 17 8064 918 459 459 14 2 1 2
11 1 20 8064 918 459 459 14 2 1 2
11 1 21 8064 918 459 459 14 2 1 2
11 1 22 8064 918 459 459 14 2 1 2
11 1 23 8064 918 459 459 14 2 1 2
11 1 24 2016 918 459 459 14 2 1 1
11 1 28 8064 918 459 459 14 2 1 2
11 1 29 8064 918 459 459 14 2 1 2
11 1 30 8064 918 459 459 14 2 1 2
11 1 31 8064 918 459 459 14 2 1 2
11 1 32 2016 918 459 459 14 2 1 1
11 1 33 8064 918 459 459 14 2 1 2
11 1 34 8064 918 459 459 14 2 1 2
11 1 35 8064 918 459 459 14 2 1 2
11 1 40 2016 918 459 459 14 2 1 1
11 1 42 8064 918 459 459 14 2 1 2
11 1 43 8064 918 459 459 14 2 1 2
11 1 48 2016 918 459 459 14 2 1 1
11 1 49 8064 918 459 459 14 2 1 2
11 1 56 2016 918 459 459 14 2 1 1
11 1 80 4032 918 459 459 14 2 1 2
11 1 84 16128 918 459 459 14 2 1 3
11 1 85 16128 918 459 459 14 2 1 3
11 1 86 16128 918 459 459 14 2 1 3
11 1 87 16128 918 459 459 14 2 1 3
11 1 96 4032 918 459 459 14 2 1 2
11 1 98 16128 918 459 459 14 2 1 3
11 1 99 16128 918 459 459 14 2 1 3
11 1 112 4032 918 459 459 14 2 1 2
11 1 160 4032 918 459 459 14 2 1 2
11 1 161 16128 918 459 459 14 2 1 3
11 1 168 4032 918 459 459 14 2 1 2
11 1 224 4032 918 459 459 14 2 1 2
11 1 232 4032 918 459 459 14 2 1 2
11 8 1 2688 918 459 459 14 2 1 1
11 8 2 2688 918 459 459 14 2 1 1
11 8 3 2688 918 459 459 14 2 1 1
11 8 4 2688 918 459 459 14 2 1 1
11 8 5 2688 918 459 459 14 2 1 1
11 8 6 2688 918 459 459 14 2 1 1
11 8 7 2688 918 459 459 14 2 1 1
11 8 8 2016 918 459 459 14 2 1 1
11 8 10 8064 918 459 459 14 2 1 2
11 8 11 8064 918 459 459 14 2 1 2
11 8 12 8064 918 459 459 14 2 1 2
11 8 13 8064 918 459 459 14 2 1 2
11 8 14 8064 918 459 459 14 2 1 2
11 8 15 8064 918 459 459 14 2 1 2
11 8 16 2016 918 459 459 14 2 1 1
11 8 17 8064 918 459 459 14 2 1 2
11 8 20 8064 918 459 459 14 2 1 2
11 8 21 8064 918 459 459 14 2 1 2
11 8 22 8064 918 459 459 14 2 1 2
11 8 23 8064 918 459 459 14 2 1 2
11 8 24 2016 918 459 459 14 2 1 1
11 8 28 8064 918 459 459 14 2 1 2
11 8 29 8064 918 459 459 14 2 1 2
11 8 30 8064 918 459 459 14 2 1 2
11 8 31 8064 918 459 459 14 2 1 2
11 8 32 2016 918 459 459 14 2 1 1
11 8 33 8064 918 459 459 14 2 1 2
11 8 34 8064 918 459 459 14 2 1 2
11 8 35 8064 918 459 459 14 2 1 2
11 8 40 2016 918 459 459 14 2 1 1
11 8 42 8064 918 459 459 14 2 1 2
11 8 43 8064 918 459 459 14 2 1 2
11 8 48 2016 918 459 459 14 2 1 1
11 8 49 8064 918 459 459 14 2 1 2
11 8 56 2016 918 459 459 14 2 1 1
11 8 80 4032 918 459 459 14 2 1 2
11 8 84 16128 918 459 459 14 2 1 3
11 8 85 16128 918 459 459 14 2 1 3
11 8 86 16128 918 459 459 14 2 1 3
11 8 87 16128 918 459 459 14 2 1 3
11 8 96 4032 918 459 459 14 2 1 2
11 8 98 16128 918 459 459 14 2 1 3
11 8 99 16128 918 459 459 14 2 1 3
11 8 112 4032 918 459 459 14 2 1 2
11 8 160 4032 918 459 459 14 2 1 2
11 8 161 16128 918 459 459 14 2 1 3
11 8 168 4032 918 459 459 14 2 1 2
11 8 224 4032 918 459 459 14 2 1 2
11 8 232 4032 918 459 459 14 2 1 2
11 9 1 2688 918 459 459 14 2 1 1
11 9 2 2688 918 459 459 14 2 1 1
11 9 3 2688 918 459 459 14 2 1 1
11 9 4 2688 918 459 459 14 2 1 1
11 9 5 2688 918 459 459 14 2 1 1
11 9 6 2688 918 459 459 14 2 1 1
11 9 7 2688 918 459 459 14 2 1 1
11 9 8 2016 918 459 459 14 2 1 1
11 9 10 8064 918 459 459 14 2 1 2
11 9 11 8064 918 459 459 14 2 1 2
11 9 12 8064 918 459 459 14 2 1 2
11 9 13 8064 918 459 459 14 2 1 2
11 9 14 8064 918 459 459 14 2 1 2
11 9 15 8064 918 459 459 14 2 1 2
11 9 16 2016 918 459 459 14 2 1 1
11 9 17 8064 918 459 459 14 2 1 2
11 9 20 8064 918 459 459 14 2 1 2
11 9 21 8064 918 459 459 14 2 1 2
11 9 22 8064 918 459 459 14 2 1 2
11 9 23 8064 918 459 459 14 2 1 2
11 9 24 2016 918 459 459 14 2 1 1
11 9 28 8064 918 459 459 14 2 1 2
11 9 29 8064 918 459 459 14 2 1 2
11 9 30 8064 918 459 459 14 2 1 2
11 9 31 8064 918 459 459 14 2 1 2
11 9 32 2016 918 459 459 14 2 1 1
11 9 33 8064 918 459 459 14 2 1 2
11 9 34 8064 918 459 459 14 2 1 2
11 9 35 8064 918 459 459 14 2 1 2
11 9 40 2016 918 459 459 14 2 1 1
11 9 42 8064 918 459 459 14 2 1 2
11 9 43 8064 918 459 459 14 2 1 2
11 9 48 2016 918 459 459 14 2 1 1
11 9 49 8064 918 459 459 14 2 1 2
11 9 56 2016 918 459 459 14 2 1 1
11 9 80 4032 918 459 459 14 2 1 2
11 9 84 16128 918 459 459 14 2 1 3
11 9 85 16128 918 459 459 14 2 1 3
11 9 86 16128 918 459 459 14 2 1 3
11 9 87 16128 918 459 459 14 2 1 3
11 9 96 4032 918 459 459 14 2 1 2
11 9 98 16128 918 459 459 14 2 1 3
11 9 99 16128 918 459 459 14 2 1 3
11 9 112 4032 918 459 459 14 2 1 2
11 9 160 4032 918 459 459 14 2 1 2
11 9 161 16128 918 459 459 14 2 1 3
11 9 168 4032 918 459 459 14 2 1 2
11 9 224 4032 918 459 459 14 2 1 2
11 9 232 4032 918 459 459 14 2 1 2
11 10 1 8064 918 459 459 14 2 2 1
11 10 2 8064 918 459 459 14 2 2 1
11 10 3 8064 918 459 459 14 2 2 1
11 10 4 8064 918 459 459 14 2 2 1
11 10 5 8064 918 459 459 14 2 2 1
11 10 6 8064 918 459 459 14 2 2 1
11 10 7 8064 918 459 459 14 2 2 1
11 10 8 8064 918 459 459 14 2 2 1
11 10 9 8064 918 459 459 14 2 2 1
11 10 10 16128 918 459 459 14 2 2 2
11 10 11 16128 918 459 459 14 2 2 2
11 10 12 16128 918 459 459 14 2 2 2
11 10 13 16128 918 459 459 14 2 2 2
11 10 14 16128 918 459 459 14 2 2 2
11 10 15 16128 918 459 459 14 2 2 2
11 10 16 8064 918 459 459 14 2 2 1
11 10 17 16128 918 459 459 14 2 2 2
11 10 18 8064 918 459 459 14 2 2 1
11 10 19 16128 918 459 459 14 2 2 2
11 10 20 16128 918 459 459 14 2 2 2
11 10 21 16128 918 459 459 14 2 2 2
11 10 22 16128 918 459 459 14 2 2 2
11 10 23 16128 918 459 459 14 2 2 2
11 10 24 8064 918 459 459 14 2 2 1
11 10 25 16128 918 459 459 14 2 2 2
11 10 26 16128 918 459 459 14 2 2 2
11 10 27 8064 918 459 459 14 2 2 1
11 10 28 16128 918 459 459 14 2 2 2
11 10 29 16128 918 459 459 14 2 2 2
11 10 30 16128 918 459 459 14 2 2 2
11 10 31 16128 918 459 459 14 2 2 2
11 10 32 8064 918 459 459 14 2 2 1
11 10 33 16128 918 459 459 14 2 2 2
11 10 34 16128 918 459 459 14 2 2 2
11 10 35 16128 918 459 459 14 2 2 2
11 10 36 8064 918 459 459 14 2 2 1
11 10 37 16128 918 459 459 14 2 2 2
11 10 38 16128 918 459 459 14 2 2 2
11 10 39 16128 918 459 459 14 2 2 2
11 10 40 8064 918 459 459 14 2 2 1
11 10 41 16128 918 459 459 14 2 2 2
11 10 42 16128 918 459 459 14 2 2 2
11 10 43 16128 918 459 459 14 2 2 2
11 10 44 16128 918 459 459 14 2 2 2
11 10 45 8064 918 459 459 14 2 2 1
11 10 46 16128 918 459 459 14 2 2 2
11 10 47 16128 918 459 459 14 2 2 2
11 10 48 8064 918 459 459 14 2 2 1
11 10 49 16128 918 459 459 14 2 2 2
11 10 50 16128 918 459 459 14 2 2 2
11 10 51 16128 918 459 459 14 2 2 2
11 10 52 16128 918 459 459 14 2 2 2
11 10 53 16128 918 459 459 14 2 2 2
11 10 54 8064 918 459 459 14 2 2 1
11 10 55 16128 918 459 459 14 2 2 2
11 10 56 8064 918 459 459 14 2 2 1
11 10 57 16128 918 459 459 14 2 2 2
11 10 58 16128 918 459 459 14 2 2 2
11 10 59 16128 918 459 459 14 2 2 2
11 10 60 16128 918 459 459 14 2 2 2
11 10 61 16128 918 459 459 14 2 2 2
11 10 62 16128 918 459 459 14 2 2 2
11 10 63 8064 918 459 459 14 2 2 1
11 10 64 4032 918 459 459 14 2 2 1
11 10 66 8064 918 459 459 14 2 2 2
11 10 67 8064 918 459 459 14 2 2 2
11 10 68 8064 918 459 459 14 2 2 2
11 10 69 8064 918 459 459 14 2 2 2
11 10 70 8064 918 459 459 14 2 2 2
11 10 71 8064 918 459 459 14 2 2 2
11 10 80 8064 918 459 459 14 2 2 2
11 10 82 8064 918 459 459 14 2 2 2
11 10 84 16128 918 459 459 14 2 2 3
11 10 85 16128 918 459 459 14 2 2 3
11 10 86 16128 918 459 459 14 2 2 3
11 10 87 16128 918 459 459 14 2 2 3
11 10 88 8064 918 459 459 14 2 2 2
11 10 91 8064 918 459 459 14 2 2 2
11 10 92 16128 918 459 459 14 2 2 3
11 10 93 16128 918 459 459 14 2 2 3
11 10 94 16128 918 459 459 14 2 2 3
11 10 95 16128 918 459 459 14 2 2 3
11 10 96 8064 918 459 459 14 2 2 2
11 10 98 16128 918 459 459 14 2 2 3
11 10 99 16128 918 459 459 14 2 2 3
11 10 100 8064 918 459 459 14 2 2 2
11 10 102 16128 918 459 459 14 2 2 3
11 10 103 16128 918 459 459 14 2 2 3
11 10 104 8064 918 459 459 14 2 2 2
11 10 106 16128 918 459 459 14 2 2 3
11 10 107 16128 918 459 459 14 2 2 3
11 10 109 8064 918 459 459 14 2 2 2
11 10 110 16128 918 459 459 14 2 2 3
11 10 111 16128 918 459 459 14 2 2 3
11 10 112 8064 918 459 459 14 2 2 2
11 10 114 16128 918 459 459 14 2 2 3
11 10 115 16128 918 459 459 14 2 2 3
11 10 116 16128 918 459 459 14 2 2 3
11 10 117 16128 918 459 459 14 2 2 3
11 10 118 8064 918 459 459 14 2 2 2
11 10 120 8064 918 459 459 14 2 2 2
11 10 122 16128 918 459 459 14 2 2 3
11 10 123 16128 918 459 459 14 2 2 3
11 10 124 16128 918 459 459 14 2 2 3
11 10 125 16128 918 459 459 14 2 2 3
11 10 127 8064 918 459 459 14 2 2 2
11 10 128 4032 918 459 459 14 2 2 1
11 10 129 8064 918 459 459 14 2 2 2
11 10 132 8064 918 459 459 14 2 2 2
11 10 133 8064 918 459 459 14 2 2 2
11 10 134 8064 918 459 459 14 2 2 2
11 10 135 8064 918 459 459 14 2 2 2
11 10 136 8064 918 459 459 14 2 2 2
11 10 137 8064 918 459 459 14 2 2 2
11 10 140 16128 918 459 459 14 2 2 3
11 10 141 16128 918 459 459 14 2 2 3
11 10 142 16128 918 459 459 14 2 2 3
11 10 143 16128 918 459 459 14 2 2 3
11 10 160 8064 918 459 459 14 2 2 2
11 10 161 16128 918 459 459 14 2 2 3
11 10 164 8064 918 459 459 14 2 2 2
11 10 165 16128 918 459 459 14 2 2 3
11 10 168 8064 918 459 459 14 2 2 2
11 10 169 16128 918 459 459 14 2 2 3
11 10 172 16128 918 459 459 14 2 2 3
11 10 173 8064 918 459 459 14 2 2 2
11 10 176 8064 918 459 459 14 2 2 2
11 10 177 16128 918 459 459 14 2 2 3
11 10 182 8064 918 459 459 14 2 2 2
11 10 183 16128 918 459 459 14 2 2 3
11 10 184 8064 918 459 459 14 2 2 2
11 10 185 16128 918 459 459 14 2 2 3
11 10 190 16128 918 459 459 14 2 2 3
11 10 191 8064 918 459 459 14 2 2 2
11 10 192 4032 918 459 459 14 2 2 1
11 10 196 8064 918 459 459 14 2 2 2
11 10 197 8064 918 459 459 14 2 2 2
11 10 198 8064 918 459 459 14 2 2 2
11 10 199 8064 918 459 459 14 2 2 2
11 10 224 8064 918 459 459 14 2 2 2
11 10 228 8064 918 459 459 14 2 2 2
11 10 232 8064 918 459 459 14 2 2 2
11 10 237 8064 918 459 459 14 2 2 2
11 10 240 8064 918 459 459 14 2 2 2
11 10 246 8064 918 459 459 14 2 2 2
11 10 248 8064 918 459 459 14 2 2 2
11 10 255 8064 918 459 459 14 2 2 2
11 10 256 4032 918 459 459 14 2 2 1
11 10 257 8064 918 459 459 14 2 2 2
11 10 258 8064 918 459 459 14 2 2 2
11 10 259 8064 918 459 459 14 2 2 2
11 10 264 8064 918 459 459 14 2 2 2
11 10 265 8064 918 459 459 14 2 2 2
11 10 266 16128 918 459 459 14 2 2 3
11 10 267 16128 918 459 459 14 2 2 3
11 10 272 8064 918 459 459 14 2 2 2
11 10 273 16128 918 459 459 14 2 2 3
11 10 274 8064 918 459 459 14 2 2 2
11 10 275 16128 918 459 459 14 2 2 3
11 10 280 8064 918 459 459 14 2 2 2
11 10 281 16128 918 459 459 14 2 2 3
11 10 282 16128 918 459 459 14 2 2 3
11 10 283 8064 918 459 459 14 2 2 2
11 10 320 4032 918 459 459 14 2 2 1
11 10 322 8064 918 459 459 14 2 2 2
11 10 323 8064 918 459 459 14 2 2 2
11 10 336 8064 918 459 459 14 2 2 2
11 10 338 8064 918 459 459 14 2 2 2
11 10 344 8064 918 459 459 14 2 2 2
11 10 347 8064 918 459 459 14 2 2 2
11 10 384 4032 918 459 459 14 2 2 1
11 10 385 8064 918 459 459 14 2 2 2
11 10 392 8064 918 459 459 14 2 2 2
11 10 393 8064 918 459 459 14 2 2 2
11 10 448 4032 918 459 459 14 2 2 1
11 64 1 2688 918 459 459 14 2 1 1
11 64 2 2688 918 459 459 14 2 1 1
11 64 3 2688 918 459 459 14 2 1 1
11 64 4 2688 918 459 459 14 2 1 1
11 64 5 2688 918 459 459 14 2 1 1
11 64 6 2688 918 459 459 14 2 1 1
11 64 7 2688 918 459 459 14 2 1 1
11 64 8 2016 918 459 459 14 2 1 1
11 64 10 8064 918 459 459 14 2 1 2
11 64 11 8064 918 459 459 14 2 1 2
11 64 12 8064 918 459 459 14 2 1 2
11 64 13 8064 918 459 459 14 2 1 2
11 64 14 8064 918 459 459 14 2 1 2
11 64 15 8064 918 459 459 14 2 1 2
11 64 16 2016 918 459 459 14 2 1 1
11 64 17 8064 918 459 459 14 2 1 2
11 64 20 8064 918 459 459 14 2 1 2
11 64 21 8064 918 459 459 14 2 1 2
11 64 22 8064 918 459 459 14 2 1 2
11 64 23 8064 918 459 459 14 2 1 2
11 64 24 2016 918 459 459 14 2 1 1
11 64 28 8064 918 459 459 14 2 1 2
11 64 29 8064 918 459 459 14 2 1 2
11 64 30 8064 918 459 459 14 2 1 2
11 64 31 8064 918 459 459 14 2 1 2
11 64 32 2016 918 459 459 14 2 1 1
11 64 33 8064 918 459 459 14 2 1 2
11 64 34 8064 918 459 459 14 2 1 2
11 64 35 8064 918 459 459 14 2 1 2
11 64 40 2016 918 459 459 14 2 1 1
11 64 42 8064 918 459 459 14 2 1 2
11 64 43 8064 918 459 459 14 2 1 2
11 64 48 2016 918 459 459 14 2 1 1
11 64 49 8064 918 459 459 14 2 1 2
11 64 56 2016 918 459 459 14 2 1 1
11 64 80 4032 918 459 459 14 2 1 2
11 64 84 16128 918 459 459 14 2 1 3
11 64 85 16128 918 459 459 14 2 1 3
11 64 86 16128 918 459 459 14 2 1 3
11 64 87 16128 918 459 459 14 2 1 3
11 64 96 4032 918 459 459 14 2 1 2
11 64 98 16128 918 459 459 14 2 1 3
11 64 99 16128 918 459 459 14 2 1 3
11 64 112 4032 918 459 459 14 2 1 2
11 64 160 4032 918 459 459 14 2 1 2
11 64 161 16128 918 459 459 14 2 1 3
11 64 168 4032 918 459 459 14 2 1 2
11 64 224 4032 918 459 459 14 2 1 2
11 64 232 4032 918 459 459 14 2 1 2
11 65 1 2688 918 459 459 14 2 1 1
11 65 2 2688 918 459 459 14 2 1 1
11 65 3 2688 918 459 459 14 2 1 1
11 65 4 2688 918 459 459 14 2 1 1
11 65 5 2688 918 459 459 14 2 1 1
11 65 6 2688 918 459 459 14 2 1 1
11 65 7 2688 918 459 459 14 2 1 1
11 65 8 2016 918 459 459 14 2 1 1
11 65 10 8064 918 459 459 14 2 1 2
11 65 11 8064 918 459 459 14 2 1 2
11 65 12 8064 918 459 459 14 2 1 2
11 65 13 8064 918 459 459 14 2 1 2
11 65 14 8064 918 459 459 14 2 1 2
11 65 15 8064 918 459 459 14 2 1 2
11 65 16 2016 918 459 459 14 2 1 1
11 65 17 8064 918 459 459 14 2 1 2
11 65 20 8064 918 459 459 14 2 1 2
11 65 21 8064 918 459 459 14 2 1 2
11 65 22 8064 918 459 459 14 2 1 2
11 65 23 8064 918 459 459 14 2 1 2
11 65 24 2016 918 459 459 14 2 1 1
11 65 28 8064 918 459 459 14 2 1 2
11 65 29 8064 918 459 459 14 2 1 2
11 65 30 8064 918 459 459 14 2 1 2
11 65 31 8064 918 459 459 14 2 1 2
11 65 32 2016 918 459 459 14 2 1 1
11 65 33 8064 918 459 459 14 2 1 2
11 65 34 8064 918 459 459 14 2 1 2
11 65 35 8064 918 459 459 14 2 1 2
11 65 40 2016 918 459 459 14 2 1 1
11 65 42 8064 918 459 459 14 2 1 2
11 65 43 8064 918 459 459 14 2 1 2
11 65 48 2016 918 459 459 14 2 1 1
11 65 49 8064 918 459 459 14 2 1 2
11 65 56 2016 918 459 459 14 2 1 1
11 65 80 4032 918 459 459 14 2 1 2
11 65 84 16128 918 459 459 14 2 1 3
11 65 85 16128 918 459 459 14 2 1 3
11 65 86 16128 918 459 459 14 2 1 3
11 65 87 16128 918 459 459 14 2 1 3
11 65 96 4032 918 459 459 14 2 1 2
11 65 98 16128 918 459 459 14 2 1 3
11 65 99 16128 918 459 459 14 2 1 3
11 65 112 4032 918 459 459 14 2 1 2
11 65 160 4032 918 459 459 14 2 1 2
11 65 161 16128 918 459 459 14 2 1 3
11 65 168 4032 918 459 459 14 2 1 2
11 65 224 4032 918 459 459 14 2 1 2
11 65 232 4032 918 459 459 14 2 1 2
11 66 1 8064 918 459 459 14 2 2 1
11 66 2 8064 918 459 459 14 2 2 1
11 66 3 8064 918 459 459 14 2 2 1
11 66 4 8064 918 459 459 14 2 2 1
11 66 5 8064 918 459 459 14 2 2 1
11 66 6 8064 918 459 459 14 2 2 1
11 66 7 8064 918 459 459 14 2 2 1
11 66 8 8064 918 459 459 14 2 2 1
11 66 9 8064 918 459 459 14 2 2 1
11 66 10 16128 918 459 459 14 2 2 2
11 66 11 16128 918 459 459 14 2 2 2
11 66 12 16128 918 459 459 14 2 2 2
11 66 13 16128 918 459 459 14 2 2 2
11 66 14 16128 918 459 459 14 2 2 2
11 66 15 16128 918 459 459 14 2 2 2
11 66 16 8064 918 459 459 14 2 2 1
11 66 17 16128 918 459 459 14 2 2 2
11 66 18 8064 918 459 459 14 2 2 1
11 66 19 16128 918 459 459 14 2 2 2
11 66 20 16128 918 459 459 14 2 2 2
11 66 21 16128 918 459 459 14 2 2 2
11 66 22 16128 918 459 459 14 2 2 2
11 66 23 16128 918 459 459 14 2 2 2
11 66 24 8064 918 459 459 14 2 2 1
11 66 25 16128 918 459 459 14 2 2 2
11 66 26 16128 918 459 459 14 2 2 2
11 66 27 8064 918 459 459 14 2 2 1
11 66 28 16128 918 459 459 14 2 2 2
11 66 29 16128 918 459 459 14 2 2 2
11 66 30 16128 918 459 459 14 2 2 2
11 66 31 16128 918 459 459 14 2 2 2
11 66 32 8064 918 459 459 14 2 2 1
11 66 33 16128 918 459 459 14 2 2 2
11 66 34 16128 918 459 459 14 2 2 2
11 66 35 16128 918 459 459 14 2 2 2
11 66 36 8064 918 459 459 14 2 2 1
11 66 37 16128 918 459 459 14 2 2 2
11 66 38 16128 918 459 459 14 2 2 2
11 66 39 16128 918 459 459 14 2 2 2
11 66 40 8064 918 459 459 14 2 2 1
11 66 41 16128 918 459 459 14 2 2 2
11 66 42 16128 918 459 459 14 2 2 2
11 66 43 16128 918 459 459 14 2 2 2
11 66 44 16128 918 459 459 14 2 2 2
11 66 45 8064 918 459 459 14 2 2 1
11 66 46 16128 918 459 459 14 2 2 2
11 66 47 16128 918 459 459 14 2 2 2
11 66 48 8064 918 459 459 14 2 2 1
11 66 49 16128 918 459 459 14 2 2 2
11 66 50 16128 918 459 459 14 2 2 2
11 66 51 16128 918 459 459 14 2 2 2
11 66 52 16128 918 459 459 14 2 2 2
11 66 53 16128 918 459 459 14 2 2 2
11 66 54 8064 918 459 459 14 2 2 1
11 66 55 16128 918 459 459 14 2 2 2
11 66 56 8064 918 459 459 14 2 2 1
11 66 57 16128 918 459 459 14 2 2 2
11 66 58 16128 918 459 459 14 2 2 2
11 66 59 16128 918 459 459 14 2 2 2
11 66 60 16128 918 459 459 14 2 2 2
11 66 61 16128 918 459 459 14 2 2 2
11 66 62 16128 918 459 459 14 2 2 2
11 66 63 8064 918 459 459 14 2 2 1
11 66 64 4032 918 459 459 14 2 2 1
11 66 66 8064 918 459 459 14 2 2 2
11 66 67 8064 918 459 459 14 2 2 2
11 66 68 8064 918 459 459 14 2 2 2
11 66 69 8064 918 459 459 14 2 2 2
11 66 70 8064 918 459 459 14 2 2 2
11 66 71 8064 918 459 459 14 2 2 2
11 66 80 8064 918 459 459 14 2 2 2
11 66 82 8064 918 459 459 14 2 2 2
11 66 84 16128 918 459 459 14 2 2 3
11 66 85 16128 918 459 459 14 2 2 3
11 66 86 16128 918 459 459 14 2 2 3
11 66 87 16128 918 459 459 14 2 2 3
11 66 88 8064 918 459 459 14 2 2 2
11 66 91 8064 918 459 459 14 2 2 2
11 66 92 16128 918 459 459 14 2 2 3
11 66 93 16128 918 459 459 14 2 2 3
11 66 94 16128 918 459 459 14 2 2 3
11 66 95 16128 918 459 459 14 2 2 3
11 66 96 8064 918 459 459 14 2 2 2
11 66 98 16128 918 459 459 14 2 2 3
11 66 99 16128 918 459 459 14 2 2 3
11 66 100 8064 918 459 459 14 2 2 2
11 66 102 16128 918 459 459 14 2 2 3
11 66 103 16128 918 459 459 14 2 2 3
11 66 104 8064 918 459 459 14 2 2 2
11 66 106 16128 918 459 459 14 2 2 3
11 66 107 16128 918 459 459 14 2 2 3
11 66 109 8064 918 459 459 14 2 2 2
11 66 110 16128 918 459 459 14 2 2 3
11 66 111 16128 918 459 459 14 2 2 3
11 66 112 8064 918 459 459 14 2 2 2
11 66 114 16128 918 459 459 14 2 2 3
11 66 115 16128 918 459 459 14 2 2 3
11 66 116 16128 918 459 459 14 2 2 3
11 66 117 16128 918 459 459 14 2 2 3
11 66 118 8064 918 459 459 14 2 2 2
11 66 120 8064 918 459 459 14 2 2 2
11 66 122 16128 918 459 459 14 2 2 3
11 66 123 16128 918 459 459 14 2 2 3
11 66 124 16128 918 459 459 14 2 2 3
11 66 125 16128 918 459 459 14 2 2 3
11 66 127 8064 918 459 459 14 2 2 2
11 66 128 4032 918 459 459 14 2 2 1
11 66 129 8064 918 459 459 14 2 2 2
11 66 132 8064 918 459 459 14 2 2 2
11 66 133 8064 918 459 459 14 2 2 2
11 66 134 8064 918 459 459 14 2 2 2
11 66 135 8064 918 459 459 14 2 2 2
11 66 136 8064 918 459 459 14 2 2 2
11 66 137 8064 918 459 459 14 2 2 2
11 66 140 16128 918 459 459 14 2 2 3
11 66 141 16128 918 459 459 14 2 2 3
11 66 142 16128 918 459 459 14 2 2 3
11 66 143 16128 918 459 459 14 2 2 3
11 66 160 8064 918 459 459 14 2 2 2
11 66 161 16128 918 459 459 14 2 2 3
11 66 164 8064 918 459 459 14 2 2 2
11 66 165 16128 918 459 459 14 2 2 3
11 66 168 8064 918 459 459 14 2 2 2
11 66 169 16128 918 459 459 14 2 2 3
11 66 172 16128 918 459 459 14 2 2 3
11 66 173 8064 918 459 459 14 2 2 2
11 66 176 8064 918 459 459 14 2 2 2
11 66 177 16128 918 459 459 14 2 2 3
11 66 182 8064 918 459 459 14 2 2 2
11 66 183 16128 918 459 459 14 2 2 3
11 66 184 8064 918 459 459 14 2 2 2
11 66 185 16128 918 459 459 14 2 2 3
11 66 190 16128 918 459 459 14 2 2 3
11 66 191 8064 918 459 459 14 2 2 2
11 66 192 4032 918 459 459 14 2 2 1
11 66 196 8064 918 459 459 14 2 2 2
11 66 197 8064 918 459 459 14 2 2 2
11 66 198 8064 918 459 459 14 2 2 2
11 66 199 8064 918 459 459 14 2 2 2
11 66 224 8064 918 459 459 14 2 2 2
11 66 228 8064 918 459 459 14 2 2 2
11 66 232 8064 918 459 459 14 2 2 2
11 66 237 8064 918 459 459 14 2 2 2
11 66 240 8064 918 459 459 14 2 2 2
11 66 246 8064 918 459 459 14 2 2 2
11 66 248 8064 918 459 459 14 2 2 2
11 66 255 8064 918 459 459 14 2 2 2
11 66 256 4032 918 459 459 14 2 2 1
11 66 257 8064 918 459 459 14 2 2 2
11 66 258 8064 918 459 459 14 2 2 2
11 66 259 8064 918 459 459 14 2 2 2
11 66 264 8064 918 459 459 14 2 2 2
11 66 265 8064 918 459 459 14 2 2 2
11 66 266 16128 918 459 459 14 2 2 3
11 66 267 16128 918 459 459 14 2 2 3
11 66 272 8064 918 459 459 14 2 2 2
11 66 273 16128 918 459 459 14 2 2 3
11 66 274 8064 918 459 459 14 2 2 2
11 66 275 16128 918 459 459 14 2 2 3
11 66 280 8064 918 459 459 14 2 2 2
11 66 281 16128 918 459 459 14 2 2 3
11 66 282 16128 918 459 459 14 2 2 3
11 66 283 8064 918 459 459 14 2 2 2
11 66 320 4032 918 459 459 14 2 2 1
11 66 322 8064 918 459 459 14 2 2 2
11 66 323 8064 918 459 459 14 2 2 2
11 66 336 8064 918 459 459 14 2 2 2
11 66 338 8064 918 459 459 14 2 2 2
11 66 344 8064 918 459 459 14 2 2 2
11 66 347 8064 918 459 459 14 2 2 2
11 66 384 4032 918 459 459 14 2 2 1
11 66 385 8064 918 459 459 14 2 2 2
11 66 392 8064 918 459 459 14 2 2 2
11 66 393 8064 918 459 459 14 2 2 2
11 66 448 4032 918 459 459 14 2 2 1
11 72 1 2688 918 459 459 14 2 1 1
11 72 2 2688 918 459 459 14 2 1 1
11 72 3 2688 918 459 459 14 2 1 1
11 72 4 2688 918 459 459 14 2 1 1
11 72 5 2688 918 459 459 14 2 1 1
11 72 6 2688 918 459 459 14 2 1 1
11 72 7 2688 918 459 459 14 2 1 1
11 72 8 2016 918 459 459 14 2 1 1
11 72 10 8064 918 459 459 14 2 1 2
11 72 11 8064 918 459 459 14 2 1 2
11 72 12 8064 918 459 459 14 2 1 2
11 72 13 8064 918 459 459 14 2 1 2
11 72 14 8064 918 459 459 14 2 1 2
11 72 15 8064 918 459 459 14 2 1 2
11 72 16 2016 918 459 459 14 2 1 1
11 72 17 8064 918 459 459 14 2 1 2
11 72 20 8064 918 459 459 14 2 1 2
11 72 21 8064 918 459 459 14 2 1 2
11 72 22 8064 918 459 459 14 2 1 2
11 72 23 8064 918 459 459 14 2 1 2
11 72 24 2016 918 459 459 14 2 1 1
11 72 28 8064 918 459 459 14 2 1 2
11 72 29 8064 918 459 459 14 2 1 2
11 72 30 8064 918 459 459 14 2 1 2
11 72 31 8064 918 459 459 14 2 1 2
11 72 32 2016 918 459 459 14 2 1 1
11 72 33 8064 918 459 459 14 2 1 2
11 72 34 8064 918 459 459 14 2 1 2
11 72 35 8064 918 459 459 14 2 1 2
11 72 40 2016 918 459 459 14 2 1 1
11 72 42 8064 918 459 459 14 2 1 2
11 72 43 8064 918 459 459 14 2 1 2
11 72 48 2016 918 459 459 14 2 1 1
11 72 49 8064 918 459 459 14 2 1 2
11 72 56 2016 918 459 459 14 2 1 1
11 72 80 4032 918 459 459 14 2 1 2
11 72 84 16128 918 459 459 14 2 1 3
11 72 85 16128 918 459 459 14 2 1 3
11 72 86 16128 918 459 459 14 2 1 3
11 72 87 16128 918 459 459 14 2 1 3
11 72 96 4032 918 459 459 14 2 1 2
11 72 98 16128 918 459 459 14 2 1 3
11 72 99 16128 918 459 459 14 2 1 3
11 72 112 4032 918 459 459 14 2 1 2
11 72 160 4032 918 459 459 14 2 1 2
11 72 161 16128 918 459 459 14 2 1 3
11 72 168 4032 918 459 459 14 2 1 2
11 72 224 4032 918 459 459 14 2 1 2
11 72 232 4032 918 459 459 14 2 1 2
11 73 1 2688 918 459 459 14 2 1 1
11 73 2 2688 918 459 459 14 2 1 1
11 73 3 2688 918 459 459 14 2 1 1
11 73 4 2688 918 459 459 14 2 1 1
11 73 5 2688 918 459 459 14 2 1 1
11 73 6 2688 918 459 459 14 2 1 1
11 73 7 2688 918 459 459 14 2 1 1
11 73 8 2016 918 459 459 14 2 1 1
11 73 10 8064 918 459 459 14 2 1 2
11 73 11 8064 918 459 459 14 2 1 2
11 73 12 8064 918 459 459 14 2 1 2
11 73 13 8064 918 459 459 14 2 1 2
11 73 14 8064 918 459 459 14 2 1 2
11 73 15 8064 918 459 459 14 2 1 2
11 73 16 2016 918 459 459 14 2 1 1
11 73 17 8064 918 459 459 14 2 1 2
11 73 20 8064 918 459 459 14 2 1 2
11 73 21 8064 918 459 459 14 2 1 2
11 73 22 8064 918 459 459 14 2 1 2
11 73 23 8064 918 459 459 14 2 1 2
11 73 24 2016 918 459 459 14 2 1 1
11 73 28 8064 918 459 459 14 2 1 2
11 73 29 8064 918 459 459 14 2 1 2
11 73 30 8064 918 459 459 14 2 1 2
11 73 31 8064 918 459 459 14 2 1 2
11 73 32 2016 918 459 459 14 2 1 1
11 73 33 8064 918 459 459 14 2 1 2
11 73 34 8064 918 459 459 14 2 1 2
11 73 35 8064 918 459 459 14 2 1 2
11 73 40 2016 918 459 459 14 2 1 1
11 73 42 8064 918 459 459 14 2 1 2
11 73 43 8064 918 459 459 14 2 1 2
11 73 48 2016 918 459 459 14 2 1 1
11 73 49 8064 918 459 459 14 2 1 2
11 73 56 2016 918 459 459 14 2 1 1
11 73 80 4032 918 459 459 14 2 1 2
11 73 84 16128 918 459 459 14 2 1 3
11 73 85 16128 918 459 459 14 2 1 3
11 73 86 16128 918 459 459 14 2 1 3
11 73 87 16128 918 459 459 14 2 1 3
11 73 96 4032 918 459 459 14 2 1 2
11 73 98 16128 918 459 459 14 2 1 3
11 73 99 16128 918 459 459 14 2 1 3
11 73 112 4032 918 459 459 14 2 1 2
11 73 160 4032 918 459 459 14 2 1 2
11 73 161 16128 918 459 459 14 2 1 3
11 73 168 4032 918 459 459 14 2 1 2
11 73 224 4032 918 459 459 14 2 1 2
11 73 232 4032 918 459 459 14 2 1 2
11 74 1 8064 918 459 459 14 2 2 1
11 74 2 8064 918 459 459 14 2 2 1
11 74 3 8064 918 459 459 14 2 2 1
11 74 4 8064 918 459 459 14 2 2 1
11 74 5 8064 918 459 459 14 2 2 1
11 74 6 8064 918 459 459 14 2 2 1
11 74 7 8064 918 459 459 14 2 2 1
11 74 8 8064 918 459 459 14 2 2 1
11 74 9 8064 918 459 459 14 2 2 1
11 74 10 16128 918 459 459 14 2 2 2
11 74 11 16128 918 459 459 14 2 2 2
11 74 12 16128 918 459 459 14 2 2 2
11 74 13 16128 918 459 459 14 2 2 2
11 74 14 16128 918 459 459 14 2 2 2
11 74 15 16128 918 459 459 14 2 2 2
11 74 16 8064 918 459 459 14 2 2 1
11 74 17 16128 918 459 459 14 2 2 2
11 74 18 8064 918 459 459 14 2 2 1
11 74 19 16128 918 459 459 14 2 2 2
11 74 20 16128 918 459 459 14 2 2 2
11 74 21 16128 918 459 459 14 2 2 2
11 74 22 16128 918 459 459 14 2 2 2
11 74 23 16128 918 459 459 14 2 2 2
11 74 24 8064 918 459 459 14 2 2 1
11 74 25 16128 918 459 459 14 2 2 2
11 74 26 16128 918 459 459 14 2 2 2
11 74 27 8064 918 459 459 14 2 2 1
11 74 28 16128 918 459 459 14 2 2 2
11 74 29 16128 918 459 459 14 2 2 2
11 74 30 16128 918 459 459 14 2 2 2
11 74 31 16128 918 459 459 14 2 2 2
11 74 32 8064 918 459 459 14 2 2 1
11 74 33 16128 918 459 459 14 2 2 2
11 74 34 16128 918 459 459 14 2 2 2
11 74 35 16128 918 459 459 14 2 2 2
11 74 36 8064 918 459 459 14 2 2 1
11 74 37 16128 918 459 459 14 2 2 2
11 74 38 16128 918 459 459 14 2 2 2
11 74 39 16128 918 459 459 14 2 2 2
11 74 40 8064 918 459 459 14 2 2 1
11 74 41 16128 918 459 459 14 2 2 2
11 74 42 16128 918 459 459 14 2 2 2
11 74 43 16128 918 459 459 14 2 2 2
11 74 44 16128 918 459 459 14 2 2 2
11 74 45 8064 918 459 459 14 2 2 1
11 74 46 16128 918 459 459 14 2 2 2
11 74 47 16128 918 459 459 14 2 2 2
11 74 48 8064 918 459 459 14 2 2 1
11 74 49 16128 918 459 459 14 2 2 2
11 74 50 16128 918 459 459 14 2 2 2
11 74 51 16128 918 459 459 14 2 2 2
11 74 52 16128 918 459 459 14 2 2 2
11 74 53 16128 918 459 459 14 2 2 2
11 74 54 8064 918 459 459 14 2 2 1
11 74 55 16128 918 459 459 14 2 2 2
11 74 56 8064 918 459 459 14 2 2 1
11 74 57 16128 918 459 459 14 2 2 2
11 74 58 16128 918 459 459 14 2 2 2
11 74 59 16128 918 459 459 14 2 2 2
11 74 60 16128 918 459 459 14 2 2 2
11 74 61 16128 918 459 459 14 2 2 2
11 74 62 16128 918 459 459 14 2 2 2
11 74 63 8064 918 459 459 14 2 2 1
11 74 64 4032 918 459 459 14 2 2 1
11 74 66 8064 918 459 459 14 2 2 2
11 74 67 8064 918 459 459 14 2 2 2
11 74 68 8064 918 459 459 14 2 2 2
11 74 69 8064 918 459 459 14 2 2 2
11 74 70 8064 918 459 459 14 2 2 2
11 74 71 8064 918 459 459 14 2 2 2
11 74 80 8064 918 459 459 14 2 2 2
11 74 82 8064 918 459 459 14 2 2 2
11 74 84 16128 918 459 459 14 2 2 3
11 74 85 16128 918 459 459 14 2 2 3
11 74 86 16128 918 459 459 14 2 2 3
11 74 87 16128 918 459 459 14 2 2 3
11 74 88 8064 918 459 459 14 2 2 2
11 74 91 8064 918 459 459 14 2 2 2
11 74 92 16128 918 459 459 14 2 2 3
11 74 93 16128 918 459 459 14 2 2 3
11 74 94 16128 918 459 459 14 2 2 3
11 74 95 16128 918 459 459 14 2 2 3
11 74 96 8064 918 459 459 14 2 2 2
11 74 98 16128 918 459 459 14 2 2 3
11 74 99 16128 918 459 459 14 2 2 3
11 74 100 8064 918 459 459 14 2 2 2
11 74 102 16128 918 459 459 14 2 2 3
11 74 103 16128 918 459 459 14 2 2 3
11 74 104 8064 918 459 459 14 2 2 2
11 74 106 16128 918 459 459 14 2 2 3
11 74 107 16128 918 459 459 14 2 2 3
11 74 109 8064 918 459 459 14 2 2 2
11 74 110 16128 918 459 459 14 2 2 3
11 74 111 16128 918 459 459 14 2 2 3
11 74 112 8064 918 459 459 14 2 2 2
11 74 114 16128 918 459 459 14 2 2 3
11 74 115 16128 918 459 459 14 2 2 3
11 74 116 16128 918 459 459 14 2 2 3
11 74 117 16128 918 459 459 14 2 2 3
11 74 118 8064 918 459 459 14 2 2 2
11 74 120 8064 918 459 459 14 2 2 2
11 74 122 16128 918 459 459 14 2 2 3
11 74 123 16128 918 459 459 14 2 2 3
11 74 124 16128 918 459 459 14 2 2 3
11 74 125 16128 918 459 459 14 2 2 3
11 74 127 8064 918 459 459 14 2 2 2
11 74 128 4032 918 459 459 14 2 2 1
11 74 129 8064 918 459 459 14 2 2 2
11 74 132 8064 918 459 459 14 2 2 2
11 74 133 8064 918 459 459 14 2 2 2
11 74 134 8064 918 459 459 14 2 2 2
11 74 135 8064 918 459 459 14 2 2 2
11 74 136 8064 918 459 459 14 2 2 2
11 74 137 8064 918 459 459 14 2 2 2
11 74 140 16128 918 459 459 14 2 2 3
11 74 141 16128 918 459 459 14 2 2 3
11 74 142 16128 918 459 459 14 2 2 3
11 74 143 16128 918 459 459 14 2 2 3
11 74 160 8064 918 459 459 14 2 2 2
11 74 161 16128 918 459 459 14 2 2 3
11 74 164 8064 918 459 459 14 2 2 2
11 74 165 16128 918 459 459 14 2 2 3
11 74 168 8064 918 459 459 14 2 2 2
11 74 169 16128 918 459 459 14 2 2 3
11 74 172 16128 918 459 459 14 2 2 3
11 74 173 8064 918 459 459 14 2 2 2
11 74 176 8064 918 459 459 14 2 2 2
11 74 177 16128 918 459 459 14 2 2 3
11 74 182 8064 918 459 459 14 2 2 2
11 74 183 16128 918 459 459 14 2 2 3
11 74 184 8064 918 459 459 14 2 2 2
11 74 185 16128 918 459 459 14 2 2 3
11 74 190 16128 918 459 459 14 2 2 3
11 74 191 8064 918 459 459 14 2 2 2
11 74 192 4032 918 459 459 14 2 2 1
11 74 196 8064 918 459 459 14 2 2 2
11 74 197 8064 918 459 459 14 2 2 2
11 74 198 8064 918 459 459 14 2 2 2
11 74 199 8064 918 459 459 14 2 2 2
11 74 224 8064 918 459 459 14 2 2 2
11 74 228 8064 918 459 459 14 2 2 2
11 74 232 8064 918 459 459 14 2 2 2
11 74 237 8064 918 459 459 14 2 2 2
11 74 240 8064 918 459 459 14 2 2 2
11 74 246 8064 918 459 459 14 2 2 2
11 74 248 8064 918 459 459 14 2 2 2
11 74 255 8064 918 459 459 14 2 2 2
11 74 256 4032 918 459 459 14 2 2 1
11 74 257 8064 918 459 459 14 2 2 2
11 74 258 8064 918 459 459 14 2 2 2
11 74 259 8064 918 459 459 14 2 2 2
11 74 264 8064 918 459 459 14 2 2 2
11 74 265 8064 918 459 459 14 2 2 2
11 74 266 16128 918 459 459 14 2 2 3
11 74 267 16128 918 459 459 14 2 2 3
11 74 272 8064 918 459 459 14 2 2 2
11 74 273 16128 918 459 459 14 2 2 3
11 74 274 8064 918 459 459 14 2 2 2
11 74 275 16128 918 459 459 14 2 2 3
11 74 280 8064 918 459 459 14 2 2 2
11 74 281 16128 918 459 459 14 2 2 3
11 74 282 16128 918 459 459 14 2 2 3
11 74 283 8064 918 459 459 14 2 2 2
11 74 320 4032 918 459 459 14 2 2 1
11 74 322 8064 918 459 459 14 2 2 2
11 74 323 8064 918 459 459 14 2 2 2
11 74 336 8064 918 459 459 14 2 2 2
11 74 338 8064 918 459 459 14 2 2 2
11 74 344 8064 918 459 459 14 2 2 2
11 74 347 8064 918 459 459 14 2 2 2
11 74 384 4032 918 459 459 14 2 2 1
11 74 385 8064 918 459 459 14 2 2 2
11 74 392 8064 918 459 459 14 2 2 2
11 74 393 8064 918 459 459 14 2 2 2
11 74 448 4032 918 459 459 14 2 2 1
11 80 1 8064 918 459 459 14 2 2 1
11 80 2 8064 918 459 459 14 2 2 1
11 80 3 8064 918 459 459 14 2 2 1
11 80 4 8064 918 459 459 14 2 2 1
11 80 5 8064 918 459 459 14 2 2 1
11 80 6 8064 918 459 459 14 2 2 1
11 80 7 8064 918 459 459 14 2 2 1
11 80 8 8064 918 459 459 14 2 2 1
11 80 9 8064 918 459 459 14 2 2 1
11 80 10 16128 918 459 459 14 2 2 2
11 80 11 16128 918 459 459 14 2 2 2
11 80 12 16128 918 459 459 14 2 2 2
11 80 13 16128 918 459 459 14 2 2 2
11 80 14 16128 918 459 459 14 2 2 2
11 80 15 16128 918 459 459 14 2 2 2
11 80 16 8064 918 459 459 14 2 2 1
11 80 17 16128 918 459 459 14 2 2 2
11 80 18 8064 918 459 459 14 2 2 1
11 80 19 16128 918 459 459 14 2 2 2
11 80 20 16128 918 459 459 14 2 2 2
11 80 21 16128 918 459 459 14 2 2 2
11 80 22 16128 918 459 459 14 2 2 2
11 80 23 16128 918 459 459 14 2 2 2
11 80 24 8064 918 459 459 14 2 2 1
11 80 25 16128 918 459 459 14 2 2 2
11 80 26 16128 918 459 459 14 2 2 2
11 80 27 8064 918 459 459 14 2 2 1
11 80 28 16128 918 459 459 14 2 2 2
11 80 29 16128 918 459 459 14 2 2 2
11 80 30 16128 918 459 459 14 2 2 2
11 80 31 16128 918 459 459 14 2 2 2
11 80 32 8064 918 459 459 14 2 2 1
11 80 33 16128 918 459 459 14 2 2 2
11 80 34 16128 918 459 459 14 2 2 2
11 80 35 16128 918 459 459 14 2 2 2
11 80 36 8064 918 459 459 14 2 2 1
11 80 37 16128 918 459 459 14 2 2 2
11 80 38 16128 918 459 459 14 2 2 2
11 80 39 16128 918 459 459 14 2 2 2
11 80 40 8064 918 459 459 14 2 2 1
11 80 41 16128 918 459 459 14 2 2 2
11 80 42 16128 918 459 459 14 2 2 2
11 80 43 16128 918 459 459 14 2 2 2
11 80 44 16128 918 459 459 14 2 2 2
11 80 45 8064 918 459 459 14 2 2 1
11 80 46 16128 918 459 459 14 2 2 2
11 80 47 16128 918 459 459 14 2 2 2
11 80 48 8064 918 459 459 14 2 2 1
11 80 49 16128 918 459 459 14 2 2 2
11 80 50 16128 918 459 459 14 2 2 2
11 80 51 16128 918 459 459 14 2 2 2
11 80 52 16128 918 459 459 14 2 2 2
11 80 53 16128 918 459 459 14 2 2 2
11 80 54 8064 918 459 459 14 2 2 1
11 80 55 16128 918 459 459 14 2 2 2
11 80 56 8064 918 459 459 14 2 2 1
11 80 57 16128 918 459 459 14 2 2 2
11 80 58 16128 918 459 459 14 2 2 2
11 80 59 16128 918 459 459 14 2 2 2
11 80 60 16128 918 459 459 14 2 2 2
11 80 61 16128 918 459 459 14 2 2 2
11 80 62 16128 918 459 459 14 2 2 2
11 80 63 8064 918 459 459 14 2 2 1
11 80 64 4032 918 459 459 14 2 2 1
11 80 66 8064 918 459 459 14 2 2 2
11 80 67 8064 918 459 459 14 2 2 2
11 80 68 8064 918 459 459 14 2 2 2
11 80 69 8064 918 459 459 14 2 2 2
11 80 70 8064 918 459 459 14 2 2 2
11 80 71 8064 918 459 459 14 2 2 2
11 80 80 8064 918 459 459 14 2 2 2
11 80 82 8064 918 459 459 14 2 2 2
11 80 84 16128 918 459 459 14 2 2 3
11 80 85 16128 918 459 459 14 2 2 3
11 80 86 16128 918 459 459 14 2 2 3
11 80 87 16128 918 459 459 14 2 2 3
11 80 88 8064 918 459 459 14 2 2 2
11 80 91 8064 918 459 459 14 2 2 2
11 80 92 16128 918 459 459 14 2 2 3
11 80 93 16128 918 459 459 14 2 2 3
11 80 94 16128 918 459 459 14 2 2 3
11 80 95 16128 918 459 459 14 2 2 3
11 80 96 8064 918 459 459 14 2 2 2
11 80 98 16128 918 459 459 14 2 2 3
11 80 99 16128 918 459 459 14 2 2 3
11 80 100 8064 918 459 459 14 2 2 2
11 80 102 16128 918 459 459 14 2 2 3
11 80 103 16128 918 459 459 14 2 2 3
11 80 104 8064 918 459 459 14 2 2 2
11 80 106 16128 918 459 459 14 2 2 3
11 80 107 16128 918 459 459 14 2 2 3
11 80 109 8064 918 459 459 14 2 2 2
11 80 110 16128 918 459 459 14 2 2 3
11 80 111 16128 918 459 459 14 2 2 3
11 80 112 8064 918 459 459 14 2 2 2
11 80 114 16128 918 459 459 14 2 2 3
11 80 115 16128 918 459 459 14 2 2 3
11 80 116 16128 918 459 459 14 2 2 3
11 80 117 16128 918 459 459 14 2 2 3
11 80 118 8064 918 459 459 14 2 2 2
11 80 120 8064 918 459 459 14 2 2 2
11 80 122 16128 918 459 459 14 2 2 3
11 80 123 16128 918 459 459 14 2 2 3
11 80 124 16128 918 459 459 14 2 2 3
11 80 125 16128 918 459 459 14 2 2 3
11 80 127 8064 918 459 459 14 2 2 2
11 80 128 4032 918 459 459 14 2 2 1
11 80 129 8064 918 459 459 14 2 2 2
11 80 132 8064 918 459 459 14 2 2 2
11 80 133 8064 918 459 459 14 2 2 2
11 80 134 8064 918 459 459 14 2 2 2
11 80 135 8064 918 459 459 14 2 2 2
11 80 136 8064 918 459 459 14 2 2 2
11 80 137 8064 918 459 459 14 2 2 2
11 80 140 16128 918 459 459 14 2 2 3
11 80 141 16128 918 459 459 14 2 2 3
11 80 142 16128 918 459 459 14 2 2 3
11 80 143 16128 918 459 459 14 2 2 3
11 80 160 8064 918 459 459 14 2 2 2
11 80 161 16128 918 459 459 14 2 2 3
11 80 164 8064 918 459 459 14 2 2 2
11 80 165 16128 918 459 459 14 2 2 3
11 80 168 8064 918 459 459 14 2 2 2
11 80 169 16128 918 459 459 14 2 2 3
11 80 172 16128 918 459 459 14 2 2 3
11 80 173 8064 918 459 459 14 2 2 2
11 80 176 8064 918 459 459 14 2 2 2
11 80 177 16128 918 459 459 14 2 2 3
11 80 182 8064 918 459 459 14 2 2 2
11 80 183 16128 918 459 459 14 2 2 3
11 80 184 8064 918 459 459 14 2 2 2
11 80 185 16128 918 459 459 14 2 2 3
11 80 190 16128 918 459 459 14 2 2 3
11 80 191 8064 918 459 459 14 2 2 2
11 80 192 4032 918 459 459 14 2 2 1
11 80 196 8064 918 459 459 14 2 2 2
11 80 197 8064 918 459 459 14 2 2 2
11 80 198 8064 918 459 459 14 2 2 2
11 80 199 8064 918 459 459 14 2 2 2
11 80 224 8064 918 459 459 14 2 2 2
11 80 228 8064 918 459 459 14 2 2 2
11 80 232 8064 918 459 459 14 2 2 2
11 80 237 8064 918 459 459 14 2 2 2
11 80 240 8064 918 459 459 14 2 2 2
11 80 246 8064 918 459 459 14 2 2 2
11 80 248 8064 918 459 459 14 2 2 2
11 80 255 8064 918 459 459 14 2 2 2
11 80 256 4032 918 459 459 14 2 2 1
11 80 257 8064 918 459 459 14 2 2 2
11 80 258 8064 918 459 459 14 2 2 2
11 80 259 8064 918 459 459 14 2 2 2
11 80 264 8064 918 459 459 14 2 2 2
11 80 265 8064 918 459 459 14 2 2 2
11 80 266 16128 918 459 459 14 2 2 3
11 80 267 16128 918 459 459 14 2 2 3
11 80 272 8064 918 459 459 14 2 2 2
11 80 273 16128 918 459 459 14 2 2 3
11 80 274 8064 918 459 459 14 2 2 2
11 80 275 16128 918 459 459 14 2 2 3
11 80 280 8064 918 459 459 14 2 2 2
11 80 281 16128 918 459 459 14 2 2 3
11 80 282 16128 918 459 459 14 2 2 3
11 80 283 8064 918 459 459 14 2 2 2
11 80 320 4032 918 459 459 14 2 2 1
11 80 322 8064 918 459 459 14 2 2 2
11 80 323 8064 918 459 459 14 2 2 2
11 80 336 8064 918 459 459 14 2 2 2
11 80 338 8064 918 459 459 14 2 2 2
11 80 344 8064 918 459 459 14 2 2 2
11 80 347 8064 918 459 459 14 2 2 2
11 80 384 4032 918 459 459 14 2 2 1
11 80 385 8064 918 459 459 14 2 2 2
11 80 392 8064 918 459 459 14 2 2 2
11 80 393 8064 918 459 459 14 2 2 2
11 80 448 4032 918 459 459 14 2 2 1
11 81 1 8064 918 459 459 14 2 2 1
11 81 2 8064 918 459 459 14 2 2 1
11 81 3 8064 918 459 459 14 2 2 1
11 81 4 8064 918 459 459 14 2 2 1
11 81 5 8064 918 459 459 14 2 2 1
11 81 6 8064 918 459 459 14 2 2 1
11 81 7 8064 918 459 459 14 2 2 1
11 81 8 8064 918 459 459 14 2 2 1
11 81 9 8064 918 459 459 14 2 2 1
11 81 10 16128 918 459 459 14 2 2 2
11 81 11 16128 918 459 459 14 2 2 2
11 81 12 16128 918 459 459 14 2 2 2
11 81 13 16128 918 459 459 14 2 2 2
11 81 14 16128 918 459 459 14 2 2 2
11 81 15 16128 918 459 459 14 2 2 2
11 81 16 8064 918 459 459 14 2 2 1
11 81 17 16128 918 459 459 14 2 2 2
11 81 18 8064 918 459 459 14 2 2 1
11 81 19 16128 918 459 459 14 2 2 2
11 81 20 16128 918 459 459 14 2 2 2
11 81 21 16128 918 459 459 14 2 2 2
11 81 22 16128 918 459 459 14 2 2 2
11 81 23 16128 918 459 459 14 2 2 2
11 81 24 8064 918 459 459 14 2 2 1
11 81 25 16128 918 459 459 14 2 2 2
11 81 26 16128 918 459 459 14 2 2 2
11 81 27 8064 918 459 459 14 2 2 1
11 81 28 16128 918 459 459 14 2 2 2
11 81 29 16128 918 459 459 14 2 2 2
11 81 30 16128 918 459 459 14 2 2 2
11 81 31 16128 918 459 459 14 2 2 2
11 81 32 8064 918 459 459 14 2 2 1
11 81 33 16128 918 459 459 14 2 2 2
11 81 34 16128 918 459 459 14 2 2 2
11 81 35 16128 918 459 459 14 2 2 2
11 81 36 8064 918 459 459 14 2 2 1
11 81 37 16128 918 459 459 14 2 2 2
11 81 38 16128 918 459 459 14 2 2 2
11 81 39 16128 918 459 459 14 2 2 2
11 81 40 8064 918 459 459 14 2 2 1
11 81 41 16128 918 459 459 14 2 2 2
11 81 42 16128 918 459 459 14 2 2 2
11 81 43 16128 918 459 459 14 2 2 2
11 81 44 16128 918 459 459 14 2 2 2
11 81 45 8064 918 459 459 14 2 2 1
11 81 46 16128 918 459 459 14 2 2 2
11 81 47 16128 918 459 459 14 2 2 2
11 81 48 8064 918 459 459 14 2 2 1
11 81 49 16128 918 459 459 14 2 2 2
11 81 50 16128 918 459 459 14 2 2 2
11 81 51 16128 918 459 459 14 2 2 2
11 81 52 16128 918 459 459 14 2 2 2
11 81 53 16128 918 459 459 14 2 2 2
11 81 54 8064 918 459 459 14 2 2 1
11 81 55 16128 918 459 459 14 2 2 2
11 81 56 8064 918 459 459 14 2 2 1
11 81 57 16128 918 459 459 14 2 2 2
11 81 58 16128 918 459 459 14 2 2 2
11 81 59 16128 918 459 459 14 2 2 2
11 81 60 16128 918 459 459 14 2 2 2
11 81 61 16128 918 459 459 14 2 2 2
11 81 62 16128 918 459 459 14 2 2 2
11 81 63 8064 918 459 459 14 2 2 1
11 81 64 4032 918 459 459 14 2 2 1
11 81 66 8064 918 459 459 14 2 2 2
11 81 67 8064 918 459 459 14 2 2 2
11 81 68 8064 918 459 459 14 2 2 2
11 81 69 8064 918 459 459 14 2 2 2
11 81 70 8064 918 459 459 14 2 2 2
11 81 71 8064 918 459 459 14 2 2 2
11 81 80 8064 918 459 459 14 2 2 2
11 81 82 8064 918 459 459 14 2 2 2
11 81 84 16128 918 459 459 14 2 2 3
11 81 85 16128 918 459 459 14 2 2 3
11 81 86 16128 918 459 459 14 2 2 3
11 81 87 16128 918 459 459 14 2 2 3
11 81 88 8064 918 459 459 14 2 2 2
11 81 91 8064 918 459 459 14 2 2 2
11 81 92 16128 918 459 459 14 2 2 3
11 81 93 16128 918 459 459 14 2 2 3
11 81 94 16128 918 459 459 14 2 2 3
11 81 95 16128 918 459 459 14 2 2 3
11 81 96 8064 918 459 459 14 2 2 2
11 81 98 16128 918 459 459 14 2 2 3
11 81 99 16128 918 459 459 14 2 2 3
11 81 100 8064 918 459 459 14 2 2 2
11 81 102 16128 918 459 459 14 2 2 3
11 81 103 16128 918 459 459 14 2 2 3
11 81 104 8064 918 459 459 14 2 2 2
11 81 106 16128 918 459 459 14 2 2 3
11 81 107 16128 918 459 459 14 2 2 3
11 81 109 8064 918 459 459 14 2 2 2
11 81 110 16128 918 459 459 14 2 2 3
11 81 111 16128 918 459 459 14 2 2 3
11 81 112 8064 918 459 459 14 2 2 2
11 81 114 16128 918 459 459 14 2 2 3
11 81 115 16128 918 459 459 14 2 2 3
11 81 116 16128 918 459 459 14 2 2 3
11 81 117 16128 918 459 459 14 2 2 3
11 81 118 8064 918 459 459 14 2 2 2
11 81 120 8064 918 459 459 14 2 2 2
11 81 122 16128 918 459 459 14 2 2 3
11 81 123 16128 918 459 459 14 2 2 3
11 81 124 16128 918 459 459 14 2 2 3
11 81 125 16128 918 459 459 14 2 2 3
11 81 127 8064 918 459 459 14 2 2 2
11 81 128 4032 918 459 459 14 2 2 1
11 81 129 8064 918 459 459 14 2 2 2
11 81 132 8064 918 459 459 14 2 2 2
11 81 133 8064 918 459 459 14 2 2 2
11 81 134 8064 918 459 459 14 2 2 2
11 81 135 8064 918 459 459 14 2 2 2
11 81 136 8064 918 459 459 14 2 2 2
11 81 137 8064 918 459 459 14 2 2 2
11 81 140 16128 918 459 459 14 2 2 3
11 81 141 16128 918 459 459 14 2 2 3
11 81 142 16128 918 459 459 14 2 2 3
11 81 143 16128 918 459 459 14 2 2 3
11 81 160 8064 918 459 459 14 2 2 2
11 81 161 16128 918 459 459 14 2 2 3
11 81 164 8064 918 459 459 14 2 2 2
11 81 165 16128 918 459 459 14 2 2 3
11 81 168 8064 918 459 459 14 2 2 2
11 81 169 16128 918 459 459 14 2 2 3
11 81 172 16128 918 459 459 14 2 2 3
11 81 173 8064 918 459 459 14 2 2 2
11 81 176 8064 918 459 459 14 2 2 2
11 81 177 16128 918 459 459 14 2 2 3
11 81 182 8064 918 459 459 14 2 2 2
11 81 183 16128 918 459 459 14 2 2 3
11 81 184 8064 918 459 459 14 2 2 2
11 81 185 16128 918 459 459 14 2 2 3
11 81 190 16128 918 459 459 14 2 2 3
11 81 191 8064 918 459 459 14 2 2 2
11 81 192 4032 918 459 459 14 2 2 1
11 81 196 8064 918 459 459 14 2 2 2
11 81 197 8064 918 459 459 14 2 2 2
11 81 198 8064 918 459 459 14 2 2 2
11 81 199 8064 918 459 459 14 2 2 2
11 81 224 8064 918 459 459 14 2 2 2
11 81 228 8064 918 459 459 14 2 2 2
11 81 232 8064 918 459 459 14 2 2 2
11 81 237 8064 918 459 459 14 2 2 2
11 81 240 8064 918 459 459 14 2 2 2
11 81 246 8064 918 459 459 14 2 2 2
11 81 248 8064 918 459 459 14 2 2 2
11 81 255 8064 918 459 459 14 2 2 2
11 81 256 4032 918 459 459 14 2 2 1
11 81 257 8064 918 459 459 14 2 2 2
11 81 258 8064 918 459 459 14 2 2 2
11 81 259 8064 918 459 459 14 2 2 2
11 81 264 8064 918 459 459 14 2 2 2
11 81 265 8064 918 459 459 14 2 2 2
11 81 266 16128 918 459 459 14 2 2 3
11 81 267 16128 918 459 459 14 2 2 3
11 81 272 8064 918 459 459 14 2 2 2
11 81 273 16128 918 459 459 14 2 2 3
11 81 274 8064 918 459 459 14 2 2 2
11 81 275 16128 918 459 459 14 2 2 3
11 81 280 8064 918 459 459 14 2 2 2
11 81 281 16128 918 459 459 14 2 2 3
11 81 282 16128 918 459 459 14 2 2 3
11 81 283 8064 918 459 459 14 2 2 2
11 81 320 4032 918 459 459 14 2 2 1
11 81 322 8064 918 459 459 14 2 2 2
11 81 323 8064 918 459 459 14 2 2 2
11 81 336 8064 918 459 459 14 2 2 2
11 81 338 8064 918 459 459 14 2 2 2
11 81 344 8064 918 459 459 14 2 2 2
11 81 347 8064 918 459 459 14 2 2 2
11 81 384 4032 918 459 459 14 2 2 1
11 81 385 8064 918 459 459 14 2 2 2
11 81 392 8064 918 459 459 14 2 2 2
11 81 393 8064 918 459 459 14 2 2 2
11 81 448 4032 918 459 459 14 2 2 1
11 82 1 8064 918 459 459 14 2 2 1
11 82 2 8064 918 459 459 14 2 2 1
11 82 3 8064 918 459 459 14 2 2 1
11 82 4 8064 918 459 459 14 2 2 1
11 82 5 8064 918 459 459 14 2 2 1
11 82 6 8064 918 459 459 14 2 2 1
11 82 7 8064 918 459 459 14 2 2 1
11 82 8 8064 918 459 459 14 2 2 1
11 82 9 8064 918 459 459 14 2 2 1
11 82 10 16128 918 459 459 14 2 2 2
11 82 11 16128 918 459 459 14 2 2 2
11 82 12 16128 918 459 459 14 2 2 2
11 82 13 16128 918 459 459 14 2 2 2
11 82 14 16128 918 459 459 14 2 2 2
11 82 15 16128 918 459 459 14 2 2 2
11 82 16 8064 918 459 459 14 2 2 1
11 82 17 16128 918 459 459 14 2 2 2
11 82 18 8064 918 459 459 14 2 2 1
11 82 19 16128 918 459 459 14 2 2 2
11 82 20 16128 918 459 459 14 2 2 2
11 82 21 16128 918 459 459 14 2 2 2
11 82 22 16128 918 459 459 14 2 2 2
11 82 23 16128 918 459 459 14 2 2 2
11 82 24 8064 918 459 459 14 2 2 1
11 82 25 16128 918 459 459 14 2 2 2
11 82 26 16128 918 459 459 14 2 2 2
11 82 27 8064 918 459 459 14 2 2 1
11 82 28 16128 918 459 459 14 2 2 2
11 82 29 16128 918 459 459 14 2 2 2
11 82 30 16128 918 459 459 14 2 2 2
11 82 31 16128 918 459 459 14 2 2 2
11 82 32 8064 918 459 459 14 2 2 1
11 82 33 16128 918 459 459 14 2 2 2
11 82 34 16128 918 459 459 14 2 2 2
11 82 35 16128 918 459 459 14 2 2 2
11 82 36 8064 918 459 459 14 2 2 1
11 82 37 16128 918 459 459 14 2 2 2
11 82 38 16128 918 459 459 14 2 2 2
11 82 39 16128 918 459 459 14 2 2 2
11 82 40 8064 918 459 459 14 2 2 1
11 82 41 16128 918 459 459 14 2 2 2
11 82 42 16128 918 459 459 14 2 2 2
11 82 43 16128 918 459 459 14 2 2 2
11 82 44 16128 918 459 459 14 2 2 2
11 82 45 8064 918 459 459 14 2 2 1
11 82 46 16128 918 459 459 14 2 2 2
11 82 47 16128 918 459 459 14 2 2 2
11 82 48 8064 918 459 459 14 2 2 1
11 82 49 16128 918 459 459 14 2 2 2
11 82 50 16128 918 459 459 14 2 2 2
11 82 51 16128 918 459 459 14 2 2 2
11 82 52 16128 918 459 459 14 2 2 2
11 82 53 16128 918 459 459 14 2 2 2
11 82 54 8064 918 459 459 14 2 2 1
11 82 55 16128 918 459 459 14 2 2 2
11 82 56 8064 918 459 459 14 2 2 1
11 82 57 16128 918 459 459 14 2 2 2
11 82 58 16128 918 459 459 14 2 2 2
11 82 59 16128 918 459 459 14 2 2 2
11 82 60 16128 918 459 459 14 2 2 2
11 82 61 16128 918 459 459 14 2 2 2
11 82 62 16128 918 459 459 14 2 2 2
11 82 63 8064 918 459 459 14 2 2 1
11 82 64 4032 918 459 459 14 2 2 1
11 82 66 8064 918 459 459 14 2 2 2
11 82 67 8064 918 459 459 14 2 2 2
11 82 68 8064 918 459 459 14 2 2 2
11 82 69 8064 918 459 459 14 2 2 2
11 82 70 8064 918 459 459 14 2 2 2
11 82 71 8064 918 459 459 14 2 2 2
11 82 80 8064 918 459 459 14 2 2 2
11 82 82 8064 918 459 459 14 2 2 2
11 82 84 16128 918 459 459 14 2 2 3
11 82 85 16128 918 459 459 14 2 2 3
11 82 86 16128 918 459 459 14 2 2 3
11 82 87 16128 918 459 459 14 2 2 3
11 82 88 8064 918 459 459 14 2 2 2
11 82 91 8064 918 459 459 14 2 2 2
11 82 92 16128 918 459 459 14 2 2 3
11 82 93 16128 918 459 459 14 2 2 3
11 82 94 16128 918 459 459 14 2 2 3
11 82 95 16128 918 459 459 14 2 2 3
11 82 96 8064 918 459 459 14 2 2 2
11 82 98 16128 918 459 459 14 2 2 3
11 82 99 16128 918 459 459 14 2 2 3
11 82 100 8064 918 459 459 14 2 2 2
11 82 102 16128 918 459 459 14 2 2 3
11 82 103 16128 918 459 459 14 2 2 3
11 82 104 8064 918 459 459 14 2 2 2
11 82 106 16128 918 459 459 14 2 2 3
11 82 107 16128 918 459 459 14 2 2 3
11 82 109 8064 918 459 459 14 2 2 2
11 82 110 16128 918 459 459 14 2 2 3
11 82 111 16128 918 459 459 14 2 2 3
11 82 112 8064 918 459 459 14 2 2 2
11 82 114 16128 918 459 459 14 2 2 3
11 82 115 16128 918 459 459 14 2 2 3
11 82 116 16128 918 459 459 14 2 2 3
11 82 117 16128 918 459 459 14 2 2 3
11 82 118 8064 918 459 459 14 2 2 2
11 82 120 8064 918 459 459 14 2 2 2
11 82 122 16128 918 459 459 14 2 2 3
11 82 123 16128 918 459 459 14 2 2 3
11 82 124 16128 918 459 459 14 2 2 3
11 82 125 16128 918 459 459 14 2 2 3
11 82 127 8064 918 459 459 14 2 2 2
11 82 128 4032 918 459 459 14 2 2 1
11 82 129 8064 918 459 459 14 2 2 2
11 82 132 8064 918 459 459 14 2 2 2
11 82 133 8064 918 459 459 14 2 2 2
11 82 134 8064 918 459 459 14 2 2 2
11 82 135 8064 918 459 459 14 2 2 2
11 82 136 8064 918 459 459 14 2 2 2
11 82 137 8064 918 459 459 14 2 2 2
11 82 140 16128 918 459 459 14 2 2 3
11 82 141 16128 918 459 459 14 2 2 3
11 82 142 16128 918 459 459 14 2 2 3
11 82 143 16128 918 459 459 14 2 2 3
11 82 160 8064 918 459 459 14 2 2 2
11 82 161 16128 918 459 459 14 2 2 3
11 82 164 8064 918 459 459 14 2 2 2
11 82 165 16128 918 459 459 14 2 2 3
11 82 168 8064 918 459 459 14 2 2 2
11 82 169 16128 918 459 459 14 2 2 3
11 82 172 16128 918 459 459 14 2 2 3
11 82 173 8064 918 459 459 14 2 2 2
11 82 176 8064 918 459 459 14 2 2 2
11 82 177 16128 918 459 459 14 2 2 3
11 82 182 8064 918 459 459 14 2 2 2
11 82 183 16128 918 459 459 14 2 2 3
11 82 184 8064 918 459 459 14 2 2 2
11 82 185 16128 918 459 459 14 2 2 3
11 82 190 16128 918 459 459 14 2 2 3
11 82 191 8064 918 459 459 14 2 2 2
11 82 192 4032 918 459 459 14 2 2 1
11 82 196 8064 918 459 459 14 2 2 2
11 82 197 8064 918 459 459 14 2 2 2
11 82 198 8064 918 459 459 14 2 2 2
11 82 199 8064 918 459 459 14 2 2 2
11 82 224 8064 918 459 459 14 2 2 2
11 82 228 8064 918 459 459 14 2 2 2
11 82 232 8064 918 459 459 14 2 2 2
11 82 237 8064 918 459 459 14 2 2 2
11 82 240 8064 918 459 459 14 2 2 2
11 82 246 8064 918 459 459 14 2 2 2
11 82 248 8064 918 459 459 14 2 2 2
11 82 255 8064 918 459 459 14 2 2 2
11 82 256 4032 918 459 459 14 2 2 1
11 82 257 8064 918 459 459 14 2 2 2
11 82 258 8064 918 459 459 14 2 2 2
11 82 259 8064 918 459 459 14 2 2 2
11 82 264 8064 918 459 459 14 2 2 2
11 82 265 8064 918 459 459 14 2 2 2
11 82 266 16128 918 459 459 14 2 2 3
11 82 267 16128 918 459 459 14 2 2 3
11 82 272 8064 918 459 459 14 2 2 2
11 82 273 16128 918 459 459 14 2 2 3
11 82 274 8064 918 459 459 14 2 2 2
11 82 275 16128 918 459 459 14 2 2 3
11 82 280 8064 918 459 459 14 2 2 2
11 82 281 16128 918 459 459 14 2 2 3
11 82 282 16128 918 459 459 14 2 2 3
11 82 283 8064 918 459 459 14 2 2 2
11 82 320 4032 918 459 459 14 2 2 1
11 82 322 8064 918 459 459 14 2 2 2
11 82 323 8064 918 459 459 14 2 2 2
11 82 336 8064 918 459 459 14 2 2 2
11 82 338 8064 918 459 459 14 2 2 2
11 82 344 8064 918 459 459 14 2 2 2
11 82 347 8064 918 459 459 14 2 2 2
11 82 384 4032 918 459 459 14 2 2 1
11 82 385 8064 918 459 459 14 2 2 2
11 82 392 8064 918 459 459 14 2 2 2
11 82 393 8064 918 459 459 14 2 2 2
11 82 448 4032 918 459 459 14 2 2 1
11 83 1 8064 918 459 459 14 2 2 1
11 83 2 8064 918 459 459 14 2 2 1
11 83 3 8064 918 459 459 14 2 2 1
11 83 4 8064 918 459 459 14 2 2 1
11 83 5 8064 918 459 459 14 2 2 1
11 83 6 8064 918 459 459 14 2 2 1
11 83 7 8064 918 459 459 14 2 2 1
11 83 8 8064 918 459 459 14 2 2 1
11 83 9 8064 918 459 459 14 2 2 1
11 83 10 16128 918 459 459 14 2 2 2
11 83 11 16128 918 459 459 14 2 2 2
11 83 12 16128 918 459 459 14 2 2 2
11 83 13 16128 918 459 459 14 2 2 2
11 83 14 16128 918 459 459 14 2 2 2
11 83 15 16128 918 459 459 14 2 2 2
11 83 16 8064 918 459 459 14 2 2 1
11 83 17 16128 918 459 459 14 2 2 2
11 83 18 8064 918 459 459 14 2 2 1
11 83 19 16128 918 459 459 14 2 2 2
11 83 20 16128 918 459 459 14 2 2 2
11 83 21 16128 918 459 459 14 2 2 2
11 83 22 16128 918 459 459 14 2 2 2
11 83 23 16128 918 459 459 14 2 2 2
11 83 24 8064 918 459 459 14 2 2 1
11 83 25 16128 918 459 459 14 2 2 2
11 83 26 16128 918 459 459 14 2 2 2
11 83 27 8064 918 459 459 14 2 2 1
11 83 28 16128 918 459 459 14 2 2 2
11 83 29 16128 918 459 459 14 2 2 2
11 83 30 16128 918 459 459 14 2 2 2
11 83 31 16128 918 459 459 14 2 2 2
11 83 32 8064 918 459 459 14 2 2 1
11 83 33 16128 918 459 459 14 2 2 2
11 83 34 16128 918 459 459 14 2 2 2
11 83 35 16128 918 459 459 14 2 2 2
11 83 36 8064 918 459 459 14 2 2 1
11 83 37 16128 918 459 459 14 2 2 2
11 83 38 16128 918 459 459 14 2 2 2
11 83 39 16128 918 459 459 14 2 2 2
11 83 40 8064 918 459 459 14 2 2 1
11 83 41 16128 918 459 459 14 2 2 2
11 83 42 16128 918 459 459 14 2 2 2
11 83 43 16128 918 459 459 14 2 2 2
11 83 44 16128 918 459 459 14 2 2 2
11 83 45 8064 918 459 459 14 2 2 1
11 83 46 16128 918 459 459 14 2 2 2
11 83 47 16128 918 459 459 14 2 2 2
11 83 48 8064 918 459 459 14 2 2 1
11 83 49 16128 918 459 459 14 2 2 2
11 83 50 16128 918 459 459 14 2 2 2
11 83 51 16128 918 459 459 14 2 2 2
11 83 52 16128 918 459 459 14 2 2 2
11 83 53 16128 918 459 459 14 2 2 2
11 83 54 8064 918 459 459 14 2 2 1
11 83 55 16128 918 459 459 14 2 2 2
11 83 56 8064 918 459 459 14 2 2 1
11 83 57 16128 918 459 459 14 2 2 2
11 83 58 16128 918 459 459 14 2 2 2
11 83 59 16128 918 459 459 14 2 2 2
11 83 60 16128 918 459 459 14 2 2 2
11 83 61 16128 918 459 459 14 2 2 2
11 83 62 16128 918 459 459 14 2 2 2
11 83 63 8064 918 459 459 14 2 2 1
11 83 64 4032 918 459 459 14 2 2 1
11 83 66 8064 918 459 459 14 2 2 2
11 83 67 8064 918 459 459 14 2 2 2
11 83 68 8064 918 459 459 14 2 2 2
11 83 69 8064 918 459 459 14 2 2 2
11 83 70 8064 918 459 459 14 2 2 2
11 83 71 8064 918 459 459 14 2 2 2
11 83 80 8064 918 459 459 14 2 2 2
11 83 82 8064 918 459 459 14 2 2 2
11 83 84 16128 918 459 459 14 2 2 3
11 83 85 16128 918 459 459 14 2 2 3
11 83 86 16128 918 459 459 14 2 2 3
11 83 87 16128 918 459 459 14 2 2 3
11 83 88 8064 918 459 459 14 2 2 2
11 83 91 8064 918 459 459 14 2 2 2
11 83 92 16128 918 459 459 14 2 2 3
11 83 93 16128 918 459 459 14 2 2 3
11 83 94 16128 918 459 459 14 2 2 3
11 83 95 16128 918 459 459 14 2 2 3
11 83 96 8064 918 459 459 14 2 2 2
11 83 98 16128 918 459 459 14 2 2 3
11 83 99 16128 918 459 459 14 2 2 3
11 83 100 8064 918 459 459 14 2 2 2
11 83 102 16128 918 459 459 14 2 2 3
11 83 103 16128 918 459 459 14 2 2 3
11 83 104 8064 918 459 459 14 2 2 2
11 83 106 16128 918 459 459 14 2 2 3
11 83 107 16128 918 459 459 14 2 2 3
11 83 109 8064 918 459 459 14 2 2 2
11 83 110 16128 918 459 459 14 2 2 3
11 83 111 16128 918 459 459 14 2 2 3
11 83 112 8064 918 459 459 14 2 2 2
11 83 114 16128 918 459 459 14 2 2 3
11 83 115 16128 918 459 459 14 2 2 3
11 83 116 16128 918 459 459 14 2 2 3
11 83 117 16128 918 459 459 14 2 2 3
11 83 118 8064 918 459 459 14 2 2 2
11 83 120 8064 918 459 459 14 2 2 2
11 83 122 16128 918 459 459 14 2 2 3
11 83 123 16128 918 459 459 14 2 2 3
11 83 124 16128 918 459 459 14 2 2 3
11 83 125 16128 918 459 459 14 2 2 3
11 83 127 8064 918 459 459 14 2 2 2
11 83 128 4032 918 459 459 14 2 2 1
11 83 129 8064 918 459 459 14 2 2 2
11 83 132 8064 918 459 459 14 2 2 2
11 83 133 8064 918 459 459 14 2 2 2
11 83 134 8064 918 459 459 14 2 2 2
11 83 135 8064 918 459 459 14 2 2 2
11 83 136 8064 918 459 459 14 2 2 2
11 83 137 8064 918 459 459 14 2 2 2
11 83 140 16128 918 459 459 14 2 2 3
11 83 141 16128 918 459 459 14 2 2 3
11 83 142 16128 918 459 459 14 2 2 3
11 83 143 16128 918 459 459 14 2 2 3
11 83 160 8064 918 459 459 14 2 2 2
11 83 161 16128 918 459 459 14 2 2 3
11 83 164 8064 918 459 459 14 2 2 2
11 83 165 16128 918 459 459 14 2 2 3
11 83 168 8064 918 459 459 14 2 2 2
11 83 169 16128 918 459 459 14 2 2 3
11 83 172 16128 918 459 459 14 2 2 3
11 83 173 8064 918 459 459 14 2 2 2
11 83 176 8064 918 459 459 14 2 2 2
11 83 177 16128 918 459 459 14 2 2 3
11 83 182 8064 918 459 459 14 2 2 2
11 83 183 16128 918 459 459 14 2 2 3
11 83 184 8064 918 459 459 14 2 2 2
11 83 185 16128 918 459 459 14 2 2 3
11 83 190 16128 918 459 459 14 2 2 3
11 83 191 8064 918 459 459 14 2 2 2
11 83 192 4032 918 459 459 14 2 2 1
11 83 196 8064 918 459 459 14 2 2 2
11 83 197 8064 918 459 459 14 2 2 2
11 83 198 8064 918 459 459 14 2 2 2
11 83 199 8064 918 459 459 14 2 2 2
11 83 224 8064 918 459 459 14 2 2 2
11 83 228 8064 918 459 459 14 2 2 2
11 83 232 8064 918 459 459 14 2 2 2
11 83 237 8064 918 459 459 14 2 2 2
11 83 240 8064 918 459 459 14 2 2 2
11 83 246 8064 918 459 459 14 2 2 2
11 83 248 8064 918 459 459 14 2 2 2
11 83 255 8064 918 459 459 14 2 2 2
11 83 256 4032 918 459 459 14 2 2 1
11 83 257 8064 918 459 459 14 2 2 2
11 83 258 8064 918 459 459 14 2 2 2
11 83 259 8064 918 459 459 14 2 2 2
11 83 264 8064 918 459 459 14 2 2 2
11 83 265 8064 918 459 459 14 2 2 2
11 83 266 16128 918 459 459 14 2 2 3
11 83 267 16128 918 459 459 14 2 2 3
11 83 272 8064 918 459 459 14 2 2 2
11 83 273 16128 918 459 459 14 2 2 3
11 83 274 8064 918 459 459 14 2 2 2
11 83 275 16128 918 459 459 14 2 2 3
11 83 280 8064 918 459 459 14 2 2 2
11 83 281 16128 918 459 459 14 2 2 3
11 83 282 16128 918 459 459 14 2 2 3
11 83 283 8064 918 459 459 14 2 2 2
11 83 320 4032 918 459 459 14 2 2 1
11 83 322 8064 918 459 459 14 2 2 2
11 83 323 8064 918 459 459 14 2 2 2
11 83 336 8064 918 459 459 14 2 2 2
11 83 338 8064 918 459 459 14 2 2 2
11 83 344 8064 918 459 459 14 2 2 2
11 83 347 8064 918 459 459 14 2 2 2
11 83 384 4032 918 459 459 14 2 2 1
11 83 385 8064 918 459 459 14 2 2 2
11 83 392 8064 918 459 459 14 2 2 2
11 83 393 8064 918 459 459 14 2 2 2
11 83 448 4032 918 459 459 14 2 2 1
11 84 1 16128 918 459 459 14 2 3 1
11 84 2 16128 918 459 459 14 2 3 1
11 84 3 16128 918 459 459 14 2 3 1
11 84 4 16128 918 459 459 14 2 3 1
11 84 5 16128 918 459 459 14 2 3 1
11 84 6 16128 918 459 459 14 2 3 1
11 84 7 16128 918 459 459 14 2 3 1
11 84 8 16128 918 459 459 14 2 3 1
11 84 9 16128 918 459 459 14 2 3 1
11 84 10 16128 918 459 459 14 2 3 2
11 84 11 16128 918 459 459 14 2 3 2
11 84 12 16128 918 459 459 14 2 3 2
11 84 13 16128 918 459 459 14 2 3 2
11 84 14 16128 918 459 459 14 2 3 2
11 84 15 16128 918 459 459 14 2 3 2
11 84 16 16128 918 459 459 14 2 3 1
11 84 17 16128 918 459 459 14 2 3 2
11 84 18 16128 918 459 459 14 2 3 1
11 84 19 16128 918 459 459 14 2 3 2
11 84 20 16128 918 459 459 14 2 3 2
11 84 21 16128 918 459 459 14 2 3 2
11 84 22 16128 918 459 459 14 2 3 2
11 84 23 16128 918 459 459 14 2 3 2
11 84 24 16128 918 459 459 14 2 3 1
11 84 25 16128 918 459 459 14 2 3 2
11 84 26 16128 918 459 459 14 2 3 2
11 84 27 16128 918 459 459 14 2 3 1
11 84 28 16128 918 459 459 14 2 3 2
11 84 29 16128 918 459 459 14 2 3 2
11 84 30 16128 918 459 459 14 2 3 2
11 84 31 16128 918 459 459 14 2 3 2
11 84 32 16128 918 459 459 14 2 3 1
11 84 33 16128 918 459 459 14 2 3 2
11 84 34 16128 918 459 459 14 2 3 2
11 84 35 16128 918 459 459 14 2 3 2
11 84 36 16128 918 459 459 14 2 3 1
11 84 37 16128 918 459 459 14 2 3 2
11 84 38 16128 918 459 459 14 2 3 2
11 84 39 16128 918 459 459 14 2 3 2
11 84 40 16128 918 459 459 14 2 3 1
11 84 41 16128 918 459 459 14 2 3 2
11 84 42 16128 918 459 459 14 2 3 2
11 84 43 16128 918 459 459 14 2 3 2
11 84 44 16128 918 459 459 14 2 3 2
11 84 45 16128 918 459 459 14 2 3 1
11 84 46 16128 918 459 459 14 2 3 2
11 84 47 16128 918 459 459 14 2 3 2
11 84 48 16128 918 459 459 14 2 3 1
11 84 49 16128 918 459 459 14 2 3 2
11 84 50 16128 918 459 459 14 2 3 2
11 84 51 16128 918 459 459 14 2 3 2
11 84 52 16128 918 459 459 14 2 3 2
11 84 53 16128 918 459 459 14 2 3 2
11 84 54 16128 918 459 459 14 2 3 1
11 84 55 16128 918 459 459 14 2 3 2
11 84 56 16128 918 459 459 14 2 3 1
11 84 57 16128 918 459 459 14 2 3 2
11 84 58 16128 918 459 459 14 2 3 2
11 84 59 16128 918 459 459 14 2 3 2
11 84 60 16128 918 459 459 14 2 3 2
11 84 61 16128 918 459 459 14 2 3 2
11 84 62 16128 918 459 459 14 2 3 2
11 84 63 16128 918 459 459 14 2 3 1
11 84 64 16128 918 459 459 14 2 3 1
11 84 65 16128 918 459 459 14 2 3 1
11 84 66 16128 918 459 459 14 2 3 2
11 84 67 16128 918 459 459 14 2 3 2
11 84 68 16128 918 459 459 14 2 3 2
11 84 69 16128 918 459 459 14 2 3 2
11 84 70 16128 918 459 459 14 2 3 2
11 84 71 16128 918 459 459 14 2 3 2
11 84 72 16128 918 459 459 14 2 3 1
11 84 73 16128 918 459 459 14 2 3 1
11 84 74 16128 918 459 459 14 2 3 2
11 84 75 16128 918 459 459 14 2 3 2
11 84 76 16128 918 459 459 14 2 3 2
11 84 77 16128 918 459 459 14 2 3 2
11 84 78 16128 918 459 459 14 2 3 2
11 84 79 16128 918 459 459 14 2 3 2
11 84 80 16128 918 459 459 14 2 3 2
11 84 81 16128 918 459 459 14 2 3 2
11 84 82 16128 918 459 459 14 2 3 2
11 84 83 16128 918 459 459 14 2 3 2
11 84 84 16128 918 459 459 14 2 3 3
11 84 85 16128 918 459 459 14 2 3 3
11 84 86 16128 918 459 459 14 2 3 3
11 84 87 16128 918 459 459 14 2 3 3
11 84 88 16128 918 459 459 14 2 3 2
11 84 89 16128 918 459 459 14 2 3 2
11 84 90 16128 918 459 459 14 2 3 2
11 84 91 16128 918 459 459 14 2 3 2
11 84 92 16128 918 459 459 14 2 3 3
11 84 93 16128 918 459 459 14 2 3 3
11 84 94 16128 918 459 459 14 2 3 3
11 84 95 16128 918 459 459 14 2 3 3
11 84 96 16128 918 459 459 14 2 3 2
11 84 97 16128 918 459 459 14 2 3 2
11 84 98 16128 918 459 459 14 2 3 3
11 84 99 16128 918 459 459 14 2 3 3
11 84 100 16128 918 459 459 14 2 3 2
11 84 101 16128 918 459 459 14 2 3 2
11 84 102 16128 918 459 459 14 2 3 3
11 84 103 16128 918 459 459 14 2 3 3
11 84 104 16128 918 459 459 14 2 3 2
11 84 105 16128 918 459 459 14 2 3 2
11 84 106 16128 918 459 459 14 2 3 3
11 84 107 16128 918 459 459 14 2 3 3
11 84 108 16128 918 459 459 14 2 3 2
11 84 109 16128 918 459 459 14 2 3 2
11 84 110 16128 918 459 459 14 2 3 3
11 84 111 16128 918 459 459 14 2 3 3
11 84 112 16128 918 459 459 14 2 3 2
11 84 113 16128 918 459 459 14 2 3 2
11 84 114 16128 918 459 459 14 2 3 3
11 84 115 16128 918 459 459 14 2 3 3
11 84 116 16128 918 459 459 14 2 3 3
11 84 117 16128 918 459 459 14 2 3 3
11 84 118 16128 918 459 459 14 2 3 2
11 84 119 16128 918 459 459 14 2 3 2
11 84 120 16128 918 459 459 14 2 3 2
11 84 121 16128 918 459 459 14 2 3 2
11 84 122 16128 918 459 459 14 2 3 3
11 84 123 16128 918 459 459 14 2 3 3
11 84 124 16128 918 459 459 14 2 3 3
11 84 125 16128 918 459 459 14 2 3 3
11 84 126 16128 918 459 459 14 2 3 2
11 84 127 16128 918 459 459 14 2 3 2
11 84 128 16128 918 459 459 14 2 3 1
11 84 129 16128 918 459 459 14 2 3 2
11 84 130 16128 918 459 459 14 2 3 1
11 84 131 16128 918 459 459 14 2 3 2
11 84 132 16128 918 459 459 14 2 3 2
11 84 133 16128 918 459 459 14 2 3 2
11 84 134 16128 918 459 459 14 2 3 2
11 84 135 16128 918 459 459 14 2 3 2
11 84 136 16128 918 459 459 14 2 3 2
11 84 137 16128 918 459 459 14 2 3 2
11 84 138 16128 918 459 459 14 2 3 2
11 84 139 16128 918 459 459 14 2 3 2
11 84 140 16128 918 459 459 14 2 3 3
11 84 141 16128 918 459 459 14 2 3 3
11 84 142 16128 918 459 459 14 2 3 3
11 84 143 16128 918 459 459 14 2 3 3
11 84 144 16128 918 459 459 14 2 3 1
11 84 145 16128 918 459 459 14 2 3 2
11 84 146 16128 918 459 459 14 2 3 1
11 84 147 16128 918 459 459 14 2 3 2
11 84 148 16128 918 459 459 14 2 3 2
11 84 149 16128 918 459 459 14 2 3 2
11 84 150 16128 918 459 459 14 2 3 2
11 84 151 16128 918 459 459 14 2 3 2
11 84 152 16128 918 459 459 14 2 3 2
11 84 153 16128 918 459 459 14 2 3 2
11 84 154 16128 918 459 459 14 2 3 2
11 84 155 16128 918 459 459 14 2 3 2
11 84 156 16128 918 459 459 14 2 3 3
11 84 157 16128 918 459 459 14 2 3 3
11 84 158 16128 918 459 459 14 2 3 3
11 84 159 16128 918 459 459 14 2 3 3
11 84 160 16128 918 459 459 14 2 3 2
11 84 161 16128 918 459 459 14 2 3 3
11 84 162 16128 918 459 459 14 2 3 2
11 84 163 16128 918 459 459 14 2 3 3
11 84 164 16128 918 459 459 14 2 3 2
11 84 165 16128 918 459 459 14 2 3 3
11 84 166 16128 918 459 459 14 2 3 2
11 84 167 16128 918 459 459 14 2 3 3
11 84 168 16128 918 459 459 14 2 3 2
11 84 169 16128 918 459 459 14 2 3 3
11 84 170 16128 918 459 459 14 2 3 2
11 84 171 16128 918 459 459 14 2 3 3
11 84 172 16128 918 459 459 14 2 3 3
11 84 173 16128 918 459 459 14 2 3 2
11 84 174 16128 918 459 459 14 2 3 3
11 84 175 16128 918 459 459 14 2 3 2
11 84 176 16128 918 459 459 14 2 3 2
11 84 177 16128 918 459 459 14 2 3 3
11 84 178 16128 918 459 459 14 2 3 2
11 84 179 16128 918 459 459 14 2 3 3
11 84 180 16128 918 459 459 14 2 3 2
11 84 181 16128 918 459 459 14 2 3 3
11 84 182 16128 918 459 459 14 2 3 2
11 84 183 16128 918 459 459 14 2 3 3
11 84 184 16128 918 459 459 14 2 3 2
11 84 185 16128 918 459 459 14 2 3 3
11 84 186 16128 918 459 459 14 2 3 2
11 84 187 16128 918 459 459 14 2 3 3
11 84 188 16128 918 459 459 14 2 3 3
11 84 189 16128 918 459 459 14 2 3 2
11 84 190 16128 918 459 459 14 2 3 3
11 84 191 16128 918 459 459 14 2 3 2
11 84 192 16128 918 459 459 14 2 3 1
11 84 193 16128 918 459 459 14 2 3 2
11 84 194 16128 918 459 459 14 2 3 2
11 84 195 16128 918 459 459 14 2 3 1
11 84 196 16128 918 459 459 14 2 3 2
11 84 197 16128 918 459 459 14 2 3 2
11 84 198 16128 918 459 459 14 2 3 2
11 84 199 16128 918 459 459 14 2 3 2
11 84 200 16128 918 459 459 14 2 3 2
11 84 201 16128 918 459 459 14 2 3 2
11 84 202 16128 918 459 459 14 2 3 2
11 84 203 16128 918 459 459 14 2 3 2
11 84 204 16128 918 459 459 14 2 3 3
11 84 205 16128 918 459 459 14 2 3 3
11 84 206 16128 918 459 459 14 2 3 3
11 84 207 16128 918 459 459 14 2 3 3
11 84 208 16128 918 459 459 14 2 3 2
11 84 209 16128 918 459 459 14 2 3 2
11 84 210 16128 918 459 459 14 2 3 2
11 84 211 16128 918 459 459 14 2 3 2
11 84 212 16128 918 459 459 14 2 3 3
11 84 213 16128 918 459 459 14 2 3 3
11 84 214 16128 918 459 459 14 2 3 3
11 84 215 16128 918 459 459 14 2 3 3
11 84 216 16128 918 459 459 14 2 3 1
11 84 217 16128 918 459 459 14 2 3 2
11 84 218 16128 918 459 459 14 2 3 2
11 84 219 16128 918 459 459 14 2 3 1
11 84 220 16128 918 459 459 14 2 3 2
11 84 221 16128 918 459 459 14 2 3 2
11 84 222 16128 918 459 459 14 2 3 2
11 84 223 16128 918 459 459 14 2 3 2
11 84 224 16128 918 459 459 14 2 3 2
11 84 225 16128 918 459 459 14 2 3 3
11 84 226 16128 918 459 459 14 2 3 3
11 84 227 16128 918 459 459 14 2 3 2
11 84 228 16128 918 459 459 14 2 3 2
11 84 229 16128 918 459 459 14 2 3 3
11 84 230 16128 918 459 459 14 2 3 3
11 84 231 16128 918 459 459 14 2 3 2
11 84 232 16128 918 459 459 14 2 3 2
11 84 233 16128 918 459 459 14 2 3 3
11 84 234 16128 918 459 459 14 2 3 3
11 84 235 16128 918 459 459 14 2 3 2
11 84 236 16128 918 459 459 14 2 3 3
11 84 237 16128 918 459 459 14 2 3 2
11 84 238 16128 918 459 459 14 2 3 2
11 84 239 16128 918 459 459 14 2 3 3
11 84 240 16128 918 459 459 14 2 3 2
11 84 241 16128 918 459 459 14 2 3 3
11 84 242 16128 918 459 459 14 2 3 3
11 84 243 16128 918 459 459 14 2 3 2
11 84 244 16128 918 459 459 14 2 3 3
11 84 245 16128 918 459 459 14 2 3 2
11 84 246 16128 918 459 459 14 2 3 2
11 84 247 16128 918 459 459 14 2 3 3
11 84 248 16128 918 459 459 14 2 3 2
11 84 249 16128 918 459 459 14 2 3 3
11 84 250 16128 918 459 459 14 2 3 3
11 84 251 16128 918 459 459 14 2 3 2
11 84 252 16128 918 459 459 14 2 3 2
11 84 253 16128 918 459 459 14 2 3 3
11 84 254 16128 918 459 459 14 2 3 3
11 84 255 16128 918 459 459 14 2 3 2
11 84 256 16128 918 459 459 14 2 3 1
11 84 257 16128 918 459 459 14 2 3 2
11 84 258 16128 918 459 459 14 2 3 2
11 84 259 16128 918 459 459 14 2 3 2
11 84 260 16128 918 459 459 14 2 3 1
11 84 261 16128 918 459 459 14 2 3 2
11 84 262 16128 918 459 459 14 2 3 2
11 84 263 16128 918 459 459 14 2 3 2
11 84 264 16128 918 459 459 14 2 3 2
11 84 265 16128 918 459 459 14 2 3 2
11 84 266 16128 918 459 459 14 2 3 3
11 84 267 16128 918 459 459 14 2 3 3
11 84 268 16128 918 459 459 14 2 3 2
11 84 269 16128 918 459 459 14 2 3 2
11 84 270 16128 918 459 459 14 2 3 3
11 84 271 16128 918 459 459 14 2 3 3
11 84 272 16128 918 459 459 14 2 3 2
11 84 273 16128 918 459 459 14 2 3 3
11 84 274 16128 918 459 459 14 2 3 2
11 84 275 16128 918 459 459 14 2 3 3
11 84 276 16128 918 459 459 14 2 3 2
11 84 277 16128 918 459 459 14 2 3 3
11 84 278 16128 918 459 459 14 2 3 2
11 84 279 16128 918 459 459 14 2 3 3
11 84 280 16128 918 459 459 14 2 3 2
11 84 281 16128 918 459 459 14 2 3 3
11 84 282 16128 918 459 459 14 2 3 3
11 84 283 16128 918 459 459 14 2 3 2
11 84 284 16128 918 459 459 14 2 3 2
11 84 285 16128 918 459 459 14 2 3 3
11 84 286 16128 918 459 459 14 2 3 3
11 84 287 16128 918 459 459 14 2 3 2
11 84 288 16128 918 459 459 14 2 3 1
11 84 289 16128 918 459 459 14 2 3 2
11 84 290 16128 918 459 459 14 2 3 2
11 84 291 16128 918 459 459 14 2 3 2
11 84 292 16128 918 459 459 14 2 3 1
11 84 293 16128 918 459 459 14 2 3 2
11 84 294 16128 918 459 459 14 2 3 2
11 84 295 16128 918 459 459 14 2 3 2
11 84 296 16128 918 459 459 14 2 3 2
11 84 297 16128 918 459 459 14 2 3 2
11 84 298 16128 918 459 459 14 2 3 3
11 84 299 16128 918 459 459 14 2 3 3
11 84 300 16128 918 459 459 14 2 3 2
11 84 301 16128 918 459 459 14 2 3 2
11 84 302 16128 918 459 459 14 2 3 3
11 84 303 16128 918 459 459 14 2 3 3
11 84 304 16128 918 459 459 14 2 3 2
11 84 305 16128 918 459 459 14 2 3 3
11 84 306 16128 918 459 459 14 2 3 2
11 84 307 16128 918 459 459 14 2 3 3
11 84 308 16128 918 459 459 14 2 3 2
11 84 309 16128 918 459 459 14 2 3 3
11 84 310 16128 918 459 459 14 2 3 2
11 84 311 16128 918 459 459 14 2 3 3
11 84 312 16128 918 459 459 14 2 3 2
11 84 313 16128 918 459 459 14 2 3 3
11 84 314 16128 918 459 459 14 2 3 3
11 84 315 16128 918 459 459 14 2 3 2
11 84 316 16128 918 459 459 14 2 3 2
11 84 317 16128 918 459 459 14 2 3 3
11 84 318 16128 918 459 459 14 2 3 3
11 84 319 16128 918 459 459 14 2 3 2
11 84 320 16128 918 459 459 14 2 3 1
11 84 321 16128 918 459 459 14 2 3 2
11 84 322 16128 918 459 459 14 2 3 2
11 84 323 16128 918 459 459 14 2 3 2
11 84 324 16128 918 459 459 14 2 3 2
11 84 325 16128 918 459 459 14 2 3 1
11 84 326 16128 918 459 459 14 2 3 2
11 84 327 16128 918 459 459 14 2 3 2
11 84 328 16128 918 459 459 14 2 3 2
11 84 329 16128 918 459 459 14 2 3 2
11 84 330 16128 918 459 459 14 2 3 3
11 84 331 16128 918 459 459 14 2 3 3
11 84 332 16128 918 459 459 14 2 3 2
11 84 333 16128 918 459 459 14 2 3 2
11 84 334 16128 918 459 459 14 2 3 3
11 84 335 16128 918 459 459 14 2 3 3
11 84 336 16128 918 459 459 14 2 3 2
11 84 337 16128 918 459 459 14 2 3 3
11 84 338 16128 918 459 459 14 2 3 2
11 84 339 16128 918 459 459 14 2 3 3
11 84 340 16128 918 459 459 14 2 3 3
11 84 341 16128 918 459 459 14 2 3 2
11 84 342 16128 918 459 459 14 2 3 3
11 84 343 16128 918 459 459 14 2 3 2
11 84 344 16128 918 459 459 14 2 3 2
11 84 345 16128 918 459 459 14 2 3 3
11 84 346 16128 918 459 459 14 2 3 3
11 84 347 16128 918 459 459 14 2 3 2
11 84 348 16128 918 459 459 14 2 3 3
11 84 349 16128 918 459 459 14 2 3 2
11 84 350 16128 918 459 459 14 2 3 2
11 84 351 16128 918 459 459 14 2 3 3
11 84 352 16128 918 459 459 14 2 3 2
11 84 353 16128 918 459 459 14 2 3 2
11 84 354 16128 918 459 459 14 2 3 3
11 84 355 16128 918 459 459 14 2 3 3
11 84 356 16128 918 459 459 14 2 3 2
11 84 357 16128 918 459 459 14 2 3 2
11 84 358 16128 918 459 459 14 2 3 3
11 84 359 16128 918 459 459 14 2 3 3
11 84 360 16128 918 459 459 14 2 3 1
11 84 361 16128 918 459 459 14 2 3 2
11 84 362 16128 918 459 459 14 2 3 2
11 84 363 16128 918 459 459 14 2 3 2
11 84 364 16128 918 459 459 14 2 3 2
11 84 365 16128 918 459 459 14 2 3 1
11 84 366 16128 918 459 459 14 2 3 2
11 84 367 16128 918 459 459 14 2 3 2
11 84 368 16128 918 459 459 14 2 3 2
11 84 369 16128 918 459 459 14 2 3 3
11 84 370 16128 918 459 459 14 2 3 3
11 84 371 16128 918 459 459 14 2 3 2
11 84 372 16128 918 459 459 14 2 3 3
11 84 373 16128 918 459 459 14 2 3 2
11 84 374 16128 918 459 459 14 2 3 2
11 84 375 16128 918 459 459 14 2 3 3
11 84 376 16128 918 459 459 14 2 3 2
11 84 377 16128 918 459 459 14 2 3 3
11 84 378 16128 918 459 459 14 2 3 2
11 84 379 16128 918 459 459 14 2 3 3
11 84 380 16128 918 459 459 14 2 3 3
11 84 381 16128 918 459 459 14 2 3 2
11 84 382 16128 918 459 459 14 2 3 3
11 84 383 16128 918 459 459 14 2 3 2
11 84 384 16128 918 459 459 14 2 3 1
11 84 385 16128 918 459 459 14 2 3 2
11 84 386 16128 918 459 459 14 2 3 2
11 84 387 16128 918 459 459 14 2 3 2
11 84 388 16128 918 459 459 14 2 3 2
11 84 389 16128 918 459 459 14 2 3 2
11 84 390 16128 918 459 459 14 2 3 1
11 84 391 16128 918 459 459 14 2 3 2
11 84 392 16128 918 459 459 14 2 3 2
11 84 393 16128 918 459 459 14 2 3 2
11 84 394 16128 918 459 459 14 2 3 3
11 84 395 16128 918 459 459 14 2 3 3
11 84 396 16128 918 459 459 14 2 3 3
11 84 397 16128 918 459 459 14 2 3 3
11 84 398 16128 918 459 459 14 2 3 2
11 84 399 16128 918 459 459 14 2 3 2
11 84 400 16128 918 459 459 14 2 3 2
11 84 401 16128 918 459 459 14 2 3 3
11 84 402 16128 918 459 459 14 2 3 2
11 84 403 16128 918 459 459 14 2 3 3
11 84 404 16128 918 459 459 14 2 3 2
11 84 405 16128 918 459 459 14 2 3 3
11 84 406 16128 918 459 459 14 2 3 2
11 84 407 16128 918 459 459 14 2 3 3
11 84 408 16128 918 459 459 14 2 3 2
11 84 409 16128 918 459 459 14 2 3 3
11 84 410 16128 918 459 459 14 2 3 3
11 84 411 16128 918 459 459 14 2 3 2
11 84 412 16128 918 459 459 14 2 3 3
11 84 413 16128 918 459 459 14 2 3 2
11 84 414 16128 918 459 459 14 2 3 2
11 84 415 16128 918 459 459 14 2 3 3
11 84 416 16128 918 459 459 14 2 3 2
11 84 417 16128 918 459 459 14 2 3 3
11 84 418 16128 918 459 459 14 2 3 2
11 84 419 16128 918 459 459 14 2 3 3
11 84 420 16128 918 459 459 14 2 3 2
11 84 421 16128 918 459 459 14 2 3 3
11 84 422 16128 918 459 459 14 2 3 2
11 84 423 16128 918 459 459 14 2 3 3
11 84 424 16128 918 459 459 14 2 3 2
11 84 425 16128 918 459 459 14 2 3 3
11 84 426 16128 918 459 459 14 2 3 3
11 84 427 16128 918 459 459 14 2 3 2
11 84 428 16128 918 459 459 14 2 3 3
11 84 429 16128 918 459 459 14 2 3 2
11 84 430 16128 918 459 459 14 2 3 2
11 84 431 16128 918 459 459 14 2 3 3
11 84 432 16128 918 459 459 14 2 3 1
11 84 433 16128 918 459 459 14 2 3 2
11 84 434 16128 918 459 459 14 2 3 2
11 84 435 16128 918 459 459 14 2 3 2
11 84 436 16128 918 459 459 14 2 3 2
11 84 437 16128 918 459 459 14 2 3 2
11 84 438 16128 918 459 459 14 2 3 1
11 84 439 16128 918 459 459 14 2 3 2
11 84 440 16128 918 459 459 14 2 3 2
11 84 441 16128 918 459 459 14 2 3 2
11 84 442 16128 918 459 459 14 2 3 3
11 84 443 16128 918 459 459 14 2 3 3
11 84 444 16128 918 459 459 14 2 3 3
11 84 445 16128 918 459 459 14 2 3 3
11 84 446 16128 918 459 459 14 2 3 2
11 84 447 16128 918 459 459 14 2 3 2
11 84 448 16128 918 459 459 14 2 3 1
11 84 449 16128 918 459 459 14 2 3 2
11 84 450 16128 918 459 459 14 2 3 2
11 84 451 16128 918 459 459 14 2 3 2
11 84 452 16128 918 459 459 14 2 3 2
11 84 453 16128 918 459 459 14 2 3 2
11 84 454 16128 918 459 459 14 2 3 2
11 84 455 16128 918 459 459 14 2 3 1
11 84 456 16128 918 459 459 14 2 3 2
11 84 457 16128 918 459 459 14 2 3 2
11 84 458 16128 918 459 459 14 2 3 3
11 84 459 16128 918 459 459 14 2 3 3
11 84 460 16128 918 459 459 14 2 3 3
11 84 461 16128 918 459 459 14 2 3 3
11 84 462 16128 918 459 459 14 2 3 2
11 84 463 16128 918 459 459 14 2 3 2
11 84 464 16128 918 459 459 14 2 3 2
11 84 465 16128 918 459 459 14 2 3 3
11 84 466 16128 918 459 459 14 2 3 2
11 84 467 16128 918 459 459 14 2 3 3
11 84 468 16128 918 459 459 14 2 3 3
11 84 469 16128 918 459 459 14 2 3 2
11 84 470 16128 918 459 459 14 2 3 3
11 84 471 16128 918 459 459 14 2 3 2
11 84 472 16128 918 459 459 14 2 3 2
11 84 473 16128 918 459 459 14 2 3 3
11 84 474 16128 918 459 459 14 2 3 3
11 84 475 16128 918 459 459 14 2 3 2
11 84 476 16128 918 459 459 14 2 3 2
11 84 477 16128 918 459 459 14 2 3 3
11 84 478 16128 918 459 459 14 2 3 3
11 84 479 16128 918 459 459 14 2 3 2
11 84 480 16128 918 459 459 14 2 3 2
11 84 481 16128 918 459 459 14 2 3 3
11 84 482 16128 918 459 459 14 2 3 3
11 84 483 16128 918 459 459 14 2 3 2
11 84 484 16128 918 459 459 14 2 3 2
11 84 485 16128 918 459 459 14 2 3 3
11 84 486 16128 918 459 459 14 2 3 3
11 84 487 16128 918 459 459 14 2 3 2
11 84 488 16128 918 459 459 14 2 3 2
11 84 489 16128 918 459 459 14 2 3 3
11 84 490 16128 918 459 459 14 2 3 2
11 84 491 16128 918 459 459 14 2 3 3
11 84 492 16128 918 459 459 14 2 3 3
11 84 493 16128 918 459 459 14 2 3 2
11 84 494 16128 918 459 459 14 2 3 3
11 84 495 16128 918 459 459 14 2 3 2
11 84 496 16128 918 459 459 14 2 3 2
11 84 497 16128 918 459 459 14 2 3 2
11 84 498 16128 918 459 459 14 2 3 3
11 84 499 16128 918 459 459 14 2 3 3
11 84 500 16128 918 459 459 14 2 3 3
11 84 501 16128 918 459 459 14 2 3 3
11 84 502 16128 918 459 459 14 2 3 2
11 84 503 16128 918 459 459 14 2 3 2
11 84 504 16128 918 459 459 14 2 3 1
11 84 505 16128 918 459 459 14 2 3 2
11 84 506 16128 918 459 459 14 2 3 2
11 84 507 16128 918 459 459 14 2 3 2
11 84 508 16128 918 459 459 14 2 3 2
11 84 509 16128 918 459 459 14 2 3 2
11 84 510 16128 918 459 459 14 2 3 2
11 84 511 16128 918 459 459 14 2 3 1
12 1 1 672 918 459 459 14 2 1 1
12 1 2 2688 918 459 459 14 2 1 1
12 1 4 672 918 459 459 14 2 1 1
12 1 5 672 918 459 459 14 2 1 1
12 1 8 504 918 459 459 14 2 1 1
12 1 10 8064 918 459 459 14 2 1 2
12 1 12 2016 918 459 459 14 2 1 2
12 1 13 2016 918 459 459 14 2 1 2
12 1 16 2016 918 459 459 14 2 1 1
12 1 17 4032 918 459 459 14 2 1 2
12 1 20 4032 918 459 459 14 2 1 2
12 1 21 4032 918 459 459 14 2 1 2
12 1 22 8064 918 459 459 14 2 1 2
12 1 23 8064 918 459 459 14 2 1 2
12 1 32 504 918 459 459 14 2 1 1
12 1 33 2016 918 459 459 14 2 1 2
12 1 40 504 918 459 459 14 2 1 1
12 1 80 2016 918 459 459 14 2 1 2
12 1 84 4032 918 459 459 14 2 1 3
12 1 85 4032 918 459 459 14 2 1 3
12 1 86 16128 918 459 459 14 2 1 3
12 1 96 1008 918 459 459 14 2 1 2
12 1 160 2016 918 459 459 14 2 1 2
12 1 161 4032 918 459 459 14 2 1 3
12 1 168 2016 918 459 459 14 2 1 2
12 8 1 672 918 459 459 14 2 1 1
12 8 2 2688 918 459 459 14 2 1 1
12 8 4 672 918 459 459 14 2 1 1
12 8 5 672 918 459 459 14 2 1 1
12 8 8 504 918 459 459 14 2 1 1
12 8 10 8064 918 459 459 14 2 1 2
12 8 12 2016 918 459 459 14 2 1 2
12 8 13 2016 918 459 459 14 2 1 2
12 8 16 2016 918 459 459 14 2 1 1
12 8 17 4032 918 459 459 14 2 1 2
12 8 20 4032 918 459 459 14 2 1 2
12 8 21 4032 918 459 459 14 2 1 2
12 8 22 8064 918 459 459 14 2 1 2
12 8 23 8064 918 459 459 14 2 1 2
12 8 32 504 918 459 459 14 2 1 1
12 8 33 2016 918 459 459 14 2 1 2
12 8 40 504 918 459 459 14 2 1 1
12 8 80 2016 918 459 459 14 2 1 2
12 8 84 4032 918 459 459 14 2 1 3
12 8 85 4032 918 459 459 14 2 1 3
12 8 86 16128 918 459 459 14 2 1 3
12 8 96 1008 918 459 459 14 2 1 2
12 8 160 2016 918 459 459 14 2 1 2
12 8 161 4032 918 459 459 14 2 1 3
12 8 168 2016 918 459 459 14 2 1 2
12 9 1 672 918 459 459 14 2 1 1
12 9 2 2688 918 459 459 14 2 1 1
12 9 4 672 918 459 459 14 2 1 1
12 9 5 672 918 459 459 14 2 1 1
12 9 8 504 918 459 459 14 2 1 1
12 9 10 8064 918 459 459 14 2 1 2
12 9 12 2016 918 459 459 14 2 1 2
12 9 13 2016 918 459 459 14 2 1 2
12 9 16 2016 918 459 459 14 2 1 1
12 9 17 4032 918 459 459 14 2 1 2
12 9 20 4032 918 459 459 14 2 1 2
12 9 21 4032 918 459 459 14 2 1 2
12 9 22 8064 918 459 459 14 2 1 2
12 9 23 8064 918 459 459 14 2 1 2
12 9 32 504 918 459 459 14 2 1 1
12 9 33 2016 918 459 459 14 2 1 2
12 9 40 504 918 459 459 14 2 1 1
12 9 80 2016 918 459 459 14 2 1 2
12 9 84 4032 918 459 459 14 2 1 3
12 9 85 4032 918 459 459 14 2 1 3
12 9 86 16128 918 459 459 14 2 1 3
12 9 96 1008 918 459 459 14 2 1 2
12 9 160 2016 918 459 459 14 2 1 2
12 9 161 4032 918 459 459 14 2 1 3
12 9 168 2016 918 459 459 14 2 1 2
12 10 1 2016 918 459 459 14 2 2 1
12 10 2 8064 918 459 459 14 2 2 1
12 10 4 2016 918 459 459 14 2 2 1
12 10 5 2016 918 459 459 14 2 2 1
12 10 8 2016 918 459 459 14 2 2 1
12 10 9 2016 918 459 459 14 2 2 1
12 10 10 16128 918 459 459 14 2 2 2
12 10 12 4032 918 459 459 14 2 2 2
12 10 13 4032 918 459 459 14 2 2 2
12 10 16 8064 918 459 459 14 2 2 1
12 10 17 16128 918 459 459 14 2 2 2
12 10 18 8064 918 459 459 14 2 2 1
12 10 19 16128 918 459 459 14 2 2 2
12 10 20 16128 918 459 459 14 2 2 2
12 10 21 16128 918 459 459 14 2 2 2
12 10 22 16128 918 459 459 14 2 2 2
12 10 23 16128 918 459 459 14 2 2 2
12 10 32 2016 918 459 459 14 2 2 1
12 10 33 4032 918 459 459 14 2 2 2
12 10 34 16128 918 459 459 14 2 2 2
12 10 36 2016 918 459 459 14 2 2 1
12 10 37 4032 918 459 459 14 2 2 2
12 10 40 2016 918 459 459 14 2 2 1
12 10 41 4032 918 459 459 14 2 2 2
12 10 42 16128 918 459 459 14 2 2 2
12 10 44 4032 918 459 459 14 2 2 2
12 10 45 2016 918 459 459 14 2 2 1
12 10 64 1008 918 459 459 14 2 2 1
12 10 66 8064 918 459 459 14 2 2 2
12 10 68 2016 918 459 459 14 2 2 2
12 10 69 2016 918 459 459 14 2 2 2
12 10 80 8064 918 459 459 14 2 2 2
12 10 82 8064 918 459 459 14 2 2 2
12 10 84 16128 918 459 459 14 2 2 3
12 10 85 16128 918 459 459 14 2 2 3
12 10 86 16128 918 459 459 14 2 2 3
12 10 87 16128 918 459 459 14 2 2 3
12 10 96 2016 918 459 459 14 2 2 2
12 10 98 16128 918 459 459 14 2 2 3
12 10 100 2016 918 459 459 14 2 2 2
12 10 104 2016 918 459 459 14 2 2 2
12 10 106 16128 918 459 459 14 2 2 3
12 10 109 2016 918 459 459 14 2 2 2
12 10 128 4032 918 459 459 14 2 2 1
12 10 129 4032 918 459 459 14 2 2 2
12 10 132 4032 918 459 459 14 2 2 2
12 10 133 4032 918 459 459 14 2 2 2
12 10 134 8064 918 459 459 14 2 2 2
12 10 135 8064 918 459 459 14 2 2 2
12 10 136 4032 918 459 459 14 2 2 2
12 10 137 4032 918 459 459 14 2 2 2
12 10 140 4032 918 459 459 14 2 2 3
12 10 141 4032 918 459 459 14 2 2 3
12 10 142 16128 918 459 459 14 2 2 3
12 10 160 4032 918 459 459 14 2 2 2
12 10 161 4032 918 459 459 14 2 2 3
12 10 164 4032 918 459 459 14 2 2 2
12 10 165 4032 918 459 459 14 2 2 3
12 10 168 4032 918 459 459 14 2 2 2
12 10 169 4032 918 459 459 14 2 2 3
12 10 172 4032 918 459 459 14 2 2 3
12 10 173 4032 918 459 459 14 2 2 2
12 10 176 8064 918 459 459 14 2 2 2
12 10 177 16128 918 459 459 14 2 2 3
12 10 182 8064 918 459 459 14 2 2 2
12 10 183 16128 918 459 459 14 2 2 3
12 10 184 8064 918 459 459 14 2 2 2
12 10 191 8064 918 459 459 14 2 2 2
12 10 256 1008 918 459 459 14 2 2 1
12 10 257 2016 918 459 459 14 2 2 2
12 10 264 2016 918 459 459 14 2 2 2
12 10 265 2016 918 459 459 14 2 2 2
12 10 320 1008 918 459 459 14 2 2 1
12 64 1 2688 918 459 459 14 2 1 1
12 64 2 2688 918 459 459 14 2 1 1
12 64 3 2688 918 459 459 14 2 1 1
12 64 4 2688 918 459 459 14 2 1 1
12 64 5 2688 918 459 459 14 2 1 1
12 64 6 2688 918 459 459 14 2 1 1
12 64 7 2688 918 459 459 14 2 1 1
12 64 8 2016 918 459 459 14 2 1 1
12 64 10 8064 918 459 459 14 2 1 2
12 64 11 8064 918 459 459 14 2 1 2
12 64 12 8064 918 459 459 14 2 1 2
12 64 13 8064 918 459 459 14 2 1 2
12 64 14 8064 918 459 459 14 2 1 2
12 64 15 8064 918 459 459 14 2 1 2
12 64 16 2016 918 459 459 14 2 1 1
12 64 17 8064 918 459 459 14 2 1 2
12 64 20 8064 918 459 459 14 2 1 2
12 64 21 8064 918 459 459 14 2 1 2
12 64 22 8064 918 459 459 14 2 1 2
12 64 23 8064 918 459 459 14 2 1 2
12 64 24 2016 918 459 459 14 2 1 1
12 64 28 8064 918 459 459 14 2 1 2
12 64 29 8064 918 459 459 14 2 1 2
12 64 30 8064 918 459 459 14 2 1 2
12 64 31 8064 918 459 459 14 2 1 2
12 64 32 2016 918 459 459 14 2 1 1
12 64 33 8064 918 459 459 14 2 1 2
12 64 34 8064 918 459 459 14 2 1 2
12 64 35 8064 918 459 459 14 2 1 2
12 64 40 2016 918 459 459 14 2 1 1
12 64 42 8064 918 459 459 14 2 1 2
12 64 43 8064 918 459 459 14 2 1 2
12 64 48 2016 918 459 459 14 2 1 1
12 64 49 8064 918 459 459 14 2 1 2
12 64 56 2016 918 459 459 14 2 1 1
12 64 80 4032 918 459 459 14 2 1 2
12 64 84 16128 918 459 459 14 2 1 3
12 64 85 16128 918 459 459 14 2 1 3
12 64 86 16128 918 459 459 14 2 1 3
12 64 87 16128 918 459 459 14 2 1 3
12 64 96 4032 918 459 459 14 2 1 2
12 64 98 16128 918 459 459 14 2 1 3
12 64 99 16128 918 459 459 14 2 1 3
12 64 112 4032 918 459 459 14 2 1 2
12 64 160 4032 918 459 459 14 2 1 2
12 64 161 16128 918 459 459 14 2 1 3
12 64 168 4032 918 459 459 14 2 1 2
12 64 224 4032 918 459 459 14 2 1 2
12 64 232 4032 918 459 459 14 2 1 2
12 66 1 8064 918 459 459 14 2 2 1
12 66 2 8064 918 459 459 14 2 2 1
12 66 3 8064 918 459 459 14 2 2 1
12 66 4 8064 918 459 459 14 2 2 1
12 66 5 8064 918 459 459 14 2 2 1
12 66 6 8064 918 459 459 14 2 2 1
12 66 7 8064 918 459 459 14 2 2 1
12 66 8 4032 918 459 459 14 2 2 1
12 66 10 16128 918 459 459 14 2 2 2
12 66 11 16128 918 459 459 14 2 2 2
12 66 12 16128 918 459 459 14 2 2 2
12 66 13 16128 918 459 459 14 2 2 2
12 66 14 16128 918 459 459 14 2 2 2
12 66 15 16128 918 459 459 14 2 2 2
12 66 16 8064 918 459 459 14 2 2 1
12 66 17 8064 918 459 459 14 2 2 2
12 66 20 16128 918 459 459 14 2 2 2
12 66 21 16128 918 459 459 14 2 2 2
12 66 22 16128 918 459 459 14 2 2 2
12 66 23 16128 918 459 459 14 2 2 2
12 66 25 8064 918 459 459 14 2 2 2
12 66 28 16128 918 459 459 14 2 2 2
12 66 29 16128 918 459 459 14 2 2 2
12 66 30 16128 918 459 459 14 2 2 2
12 66 31 16128 918 459 459 14 2 2 2
12 66 32 4032 918 459 459 14 2 2 1
12 66 33 16128 918 459 459 14 2 2 2
12 66 34 16128 918 459 459 14 2 2 2
12 66 35 16128 918 459 459 14 2 2 2
12 66 40 4032 918 459 459 14 2 2 1
12 66 42 16128 918 459 459 14 2 2 2
12 66 43 16128 918 459 459 14 2 2 2
12 66 48 8064 918 459 459 14 2 2 1
12 66 49 8064 918 459 459 14 2 2 2
12 66 57 8064 918 459 459 14 2 2 2
12 66 64 2016 918 459 459 14 2 2 1
12 66 66 8064 918 459 459 14 2 2 2
12 66 67 8064 918 459 459 14 2 2 2
12 66 68 8064 918 459 459 14 2 2 2
12 66 69 8064 918 459 459 14 2 2 2
12 66 70 8064 918 459 459 14 2 2 2
12 66 71 8064 918 459 459 14 2 2 2
12 66 80 8064 918 459 459 14 2 2 2
12 66 84 16128 918 459 459 14 2 2 3
12 66 85 16128 918 459 459 14 2 2 3
12 66 86 16128 918 459 459 14 2 2 3
12 66 87 16128 918 459 459 14 2 2 3
12 66 92 16128 918 459 459 14 2 2 3
12 66 93 16128 918 459 459 14 2 2 3
12 66 94 16128 918 459 459 14 2 2 3
12 66 95 16128 918 459 459 14 2 2 3
12 66 96 4032 918 459 459 14 2 2 2
12 66 98 16128 918 459 459 14 2 2 3
12 66 99 16128 918 459 459 14 2 2 3
12 66 104 4032 918 459 459 14 2 2 2
12 66 106 16128 918 459 459 14 2 2 3
12 66 107 16128 918 459 459 14 2 2 3
12 66 112 8064 918 459 459 14 2 2 2
12 66 128 4032 918 459 459 14 2 2 1
12 66 129 8064 918 459 459 14 2 2 2
12 66 132 8064 918 459 459 14 2 2 2
12 66 133 8064 918 459 459 14 2 2 2
12 66 134 8064 918 459 459 14 2 2 2
12 66 135 8064 918 459 459 14 2 2 2
12 66 136 4032 918 459 459 14 2 2 2
12 66 140 16128 918 459 459 14 2 2 3
12 66 141 16128 918 459 459 14 2 2 3
12 66 142 16128 918 459 459 14 2 2 3
12 66 143 16128 918 459 459 14 2 2 3
12 66 160 8064 918 459 459 14 2 2 2
12 66 161 16128 918 459 459 14 2 2 3
12 66 164 8064 918 459 459 14 2 2 2
12 66 168 8064 918 459 459 14 2 2 2
12 66 173 8064 918 459 459 14 2 2 2
12 66 176 8064 918 459 459 14 2 2 2
12 66 177 8064 918 459 459 14 2 2 3
12 66 182 8064 918 459 459 14 2 2 2
12 66 184 8064 918 459 459 14 2 2 2
12 66 185 8064 918 459 459 14 2 2 3
12 66 191 8064 918 459 459 14 2 2 2
12 66 256 2016 918 459 459 14 2 2 1
12 66 257 8064 918 459 459 14 2 2 2
12 66 258 8064 918 459 459 14 2 2 2
12 66 259 8064 918 459 459 14 2 2 2
12 66 264 4032 918 459 459 14 2 2 2
12 66 266 16128 918 459 459 14 2 2 3
12 66 267 16128 918 459 459 14 2 2 3
12 66 272 8064 918 459 459 14 2 2 2
12 66 273 8064 918 459 459 14 2 2 3
12 66 281 8064 918 459 459 14 2 2 3
12 66 320 2016 918 459 459 14 2 2 1
12 66 322 8064 918 459 459 14 2 2 2
12 66 323 8064 918 459 459 14 2 2 2
12 66 336 8064 918 459 459 14 2 2 2
12 66 384 4032 918 459 459 14 2 2 1
12 66 385 8064 918 459 459 14 2 2 2
12 66 392 4032 918 459 459 14 2 2 2
12 80 1 8064 918 459 459 14 2 2 1
12 80 2 8064 918 459 459 14 2 2 1
12 80 3 8064 918 459 459 14 2 2 1
12 80 4 8064 918 459 459 14 2 2 1
12 80 5 8064 918 459 459 14 2 2 1
12 80 6 8064 918 459 459 14 2 2 1
12 80 7 8064 918 459 459 14 2 2 1
12 80 8 4032 918 459 459 14 2 2 1
12 80 10 16128 918 459 459 14 2 2 2
12 80 11 16128 918 459 459 14 2 2 2
12 80 12 16128 918 459 459 14 2 2 2
12 80 13 16128 918 459 459 14 2 2 2
12 80 14 16128 918 459 459 14 2 2 2
12 80 15 16128 918 459 459 14 2 2 2
12 80 16 8064 918 459 459 14 2 2 1
12 80 17 16128 918 459 459 14 2 2 2
12 80 20 8064 918 459 459 14 2 2 2
12 80 21 16128 918 459 459 14 2 2 2
12 80 22 16128 918 459 459 14 2 2 2
12 80 23 16128 918 459 459 14 2 2 2
12 80 24 8064 918 459 459 14 2 2 1
12 80 25 16128 918 459 459 14 2 2 2
12 80 28 8064 918 459 459 14 2 2 2
12 80 30 16128 918 459 459 14 2 2 2
12 80 31 16128 918 459 459 14 2 2 2
12 80 32 4032 918 459 459 14 2 2 1
12 80 33 16128 918 459 459 14 2 2 2
12 80 38 16128 918 459 459 14 2 2 2
12 80 39 16128 918 459 459 14 2 2 2
12 80 40 4032 918 459 459 14 2 2 1
12 80 46 16128 918 459 459 14 2 2 2
12 80 47 16128 918 459 459 14 2 2 2
12 80 52 8064 918 459 459 14 2 2 2
12 80 53 16128 918 459 459 14 2 2 2
12 80 60 8064 918 459 459 14 2 2 2
12 80 64 2016 918 459 459 14 2 2 1
12 80 66 8064 918 459 459 14 2 2 2
12 80 67 8064 918 459 459 14 2 2 2
12 80 68 8064 918 459 459 14 2 2 2
12 80 69 8064 918 459 459 14 2 2 2
12 80 70 8064 918 459 459 14 2 2 2
12 80 71 8064 918 459 459 14 2 2 2
12 80 80 8064 918 459 459 14 2 2 2
12 80 84 8064 918 459 459 14 2 2 3
12 80 85 16128 918 459 459 14 2 2 3
12 80 86 16128 918 459 459 14 2 2 3
12 80 87 16128 918 459 459 14 2 2 3
12 80 88 8064 918 459 459 14 2 2 2
12 80 92 8064 918 459 459 14 2 2 3
12 80 94 16128 918 459 459 14 2 2 3
12 80 95 16128 918 459 459 14 2 2 3
12 80 96 4032 918 459 459 14 2 2 2
12 80 102 16128 918 459 459 14 2 2 3
12 80 103 16128 918 459 459 14 2 2 3
12 80 104 4032 918 459 459 14 2 2 2
12 80 110 16128 918 459 459 14 2 2 3
12 80 111 16128 918 459 459 14 2 2 3
12 80 116 8064 918 459 459 14 2 2 3
12 80 117 16128 918 459 459 14 2 2 3
12 80 124 8064 918 459 459 14 2 2 3
12 80 128 4032 918 459 459 14 2 2 1
12 80 129 8064 918 459 459 14 2 2 2
12 80 132 8064 918 459 459 14 2 2 2
12 80 133 8064 918 459 459 14 2 2 2
12 80 134 8064 918 459 459 14 2 2 2
12 80 135 8064 918 459 459 14 2 2 2
12 80 136 8064 918 459 459 14 2 2 2
12 80 137 8064 918 459 459 14 2 2 2
12 80 140 16128 918 459 459 14 2 2 3
12 80 141 16128 918 459 459 14 2 2 3
12 80 142 16128 918 459 459 14 2 2 3
12 80 143 16128 918 459 459 14 2 2 3
12 80 160 4032 918 459 459 14 2 2 2
12 80 161 16128 918 459 459 14 2 2 3
12 80 168 8064 918 459 459 14 2 2 2
12 80 173 8064 918 459 459 14 2 2 2
12 80 176 8064 918 459 459 14 2 2 2
12 80 177 16128 918 459 459 14 2 2 3
12 80 182 8064 918 459 459 14 2 2 2
12 80 183 16128 918 459 459 14 2 2 3
12 80 184 8064 918 459 459 14 2 2 2
12 80 185 16128 918 459 459 14 2 2 3
12 80 190 16128 918 459 459 14 2 2 3
12 80 191 8064 918 459 459 14 2 2 2
12 80 192 4032 918 459 459 14 2 2 1
12 80 196 8064 918 459 459 14 2 2 2
12 80 198 8064 918 459 459 14 2 2 2
12 80 199 8064 918 459 459 14 2 2 2
12 80 224 4032 918 459 459 14 2 2 2
12 80 240 8064 918 459 459 14 2 2 2
12 80 246 8064 918 459 459 14 2 2 2
12 80 248 8064 918 459 459 14 2 2 2
12 80 255 8064 918 459 459 14 2 2 2
12 80 256 2016 918 459 459 14 2 2 1
12 80 257 8064 918 459 459 14 2 2 2
12 80 264 4032 918 459 459 14 2 2 2
12 80 320 2016 918 459 459 14 2 2 1
12 82 1 8064 918 459 459 14 2 2 1
12 82 2 8064 918 459 459 14 2 2 1
12 82 3 8064 918 459 459 14 2 2 1
12 82 4 8064 918 459 459 14 2 2 1
12 82 5 8064 918 459 459 14 2 2 1
12 82 6 8064 918 459 459 14 2 2 1
12 82 7 8064 918 459 459 14 2 2 1
12 82 8 4032 918 459 459 14 2 2 1
12 82 10 16128 918 459 459 14 2 2 2
12 82 11 16128 918 459 459 14 2 2 2
12 82 12 16128 918 459 459 14 2 2 2
12 82 13 16128 918 459 459 14 2 2 2
12 82 14 16128 918 459 459 14 2 2 2
12 82 15 16128 918 459 459 14 2 2 2
12 82 16 8064 918 459 459 14 2 2 1
12 82 17 16128 918 459 459 14 2 2 2
12 82 20 16128 918 459 459 14 2 2 2
12 82 21 8064 918 459 459 14 2 2 2
12 82 22 16128 918 459 459 14 2 2 2
12 82 23 16128 918 459 459 14 2 2 2
12 82 24 8064 918 459 459 14 2 2 1
12 82 25 16128 918 459 459 14 2 2 2
12 82 29 8064 918 459 459 14 2 2 2
12 82 30 16128 918 459 459 14 2 2 2
12 82 31 16128 918 459 459 14 2 2 2
12 82 32 4032 918 459 459 14 2 2 1
12 82 33 16128 918 459 459 14 2 2 2
12 82 38 16128 918 459 459 14 2 2 2
12 82 39 16128 918 459 459 14 2 2 2
12 82 40 4032 918 459 459 14 2 2 1
12 82 46 16128 918 459 459 14 2 2 2
12 82 47 16128 918 459 459 14 2 2 2
12 82 52 16128 918 459 459 14 2 2 2
12 82 53 8064 918 459 459 14 2 2 2
12 82 61 8064 918 459 459 14 2 2 2
12 82 64 2016 918 459 459 14 2 2 1
12 82 66 8064 918 459 459 14 2 2 2
12 82 67 8064 918 459 459 14 2 2 2
12 82 68 8064 918 459 459 14 2 2 2
12 82 69 8064 918 459 459 14 2 2 2
12 82 70 8064 918 459 459 14 2 2 2
12 82 71 8064 918 459 459 14 2 2 2
12 82 80 8064 918 459 459 14 2 2 2
12 82 84 16128 918 459 459 14 2 2 3
12 82 85 8064 918 459 459 14 2 2 3
12 82 86 16128 918 459 459 14 2 2 3
12 82 87 16128 918 459 459 14 2 2 3
12 82 88 8064 918 459 459 14 2 2 2
12 82 93 8064 918 459 459 14 2 2 3
12 82 94 16128 918 459 459 14 2 2 3
12 82 95 16128 918 459 459 14 2 2 3
12 82 96 4032 918 459 459 14 2 2 2
12 82 102 16128 918 459 459 14 2 2 3
12 82 103 16128 918 459 459 14 2 2 3
12 82 104 4032 918 459 459 14 2 2 2
12 82 110 16128 918 459 459 14 2 2 3
12 82 111 16128 918 459 459 14 2 2 3
12 82 116 16128 918 459 459 14 2 2 3
12 82 117 8064 918 459 459 14 2 2 3
12 82 125 8064 918 459 459 14 2 2 3
12 82 128 4032 918 459 459 14 2 2 1
12 82 129 8064 918 459 459 14 2 2 2
12 82 132 8064 918 459 459 14 2 2 2
12 82 133 8064 918 459 459 14 2 2 2
12 82 134 8064 918 459 459 14 2 2 2
12 82 135 8064 918 459 459 14 2 2 2
12 82 136 8064 918 459 459 14 2 2 2
12 82 137 8064 918 459 459 14 2 2 2
12 82 140 16128 918 459 459 14 2 2 3
12 82 141 16128 918 459 459 14 2 2 3
12 82 142 16128 918 459 459 14 2 2 3
12 82 143 16128 918 459 459 14 2 2 3
12 82 160 8064 918 459 459 14 2 2 2
12 82 161 16128 918 459 459 14 2 2 3
12 82 164 8064 918 459 459 14 2 2 2
12 82 168 4032 918 459 459 14 2 2 2
12 82 176 8064 918 459 459 14 2 2 2
12 82 177 16128 918 459 459 14 2 2 3
12 82 182 8064 918 459 459 14 2 2 2
12 82 183 16128 918 459 459 14 2 2 3
12 82 184 8064 918 459 459 14 2 2 2
12 82 185 16128 918 459 459 14 2 2 3
12 82 190 16128 918 459 459 14 2 2 3
12 82 191 8064 918 459 459 14 2 2 2
12 82 192 4032 918 459 459 14 2 2 1
12 82 197 8064 918 459 459 14 2 2 2
12 82 198 8064 918 459 459 14 2 2 2
12 82 199 8064 918 459 459 14 2 2 2
12 82 232 4032 918 459 459 14 2 2 2
12 82 240 8064 918 459 459 14 2 2 2
12 82 246 8064 918 459 459 14 2 2 2
12 82 248 8064 918 459 459 14 2 2 2
12 82 255 8064 918 459 459 14 2 2 2
12 82 256 2016 918 459 459 14 2 2 1
12 82 257 8064 918 459 459 14 2 2 2
12 82 264 4032 918 459 459 14 2 2 2
12 82 320 2016 918 459 459 14 2 2 1
12 84 1 16128 918 459 459 14 2 3 1
12 84 2 16128 918 459 459 14 2 3 1
12 84 3 16128 918 459 459 14 2 3 1
12 84 4 16128 918 459 459 14 2 3 1
12 84 5 16128 918 459 459 14 2 3 1
12 84 6 16128 918 459 459 14 2 3 1
12 84 7 16128 918 459 459 14 2 3 1
12 84 8 4032 918 459 459 14 2 3 1
12 84 10 16128 918 459 459 14 2 3 2
12 84 11 16128 918 459 459 14 2 3 2
12 84 12 16128 918 459 459 14 2 3 2
12 84 13 16128 918 459 459 14 2 3 2
12 84 14 16128 918 459 459 14 2 3 2
12 84 15 16128 918 459 459 14 2 3 2
12 84 16 16128 918 459 459 14 2 3 1
12 84 17 16128 918 459 459 14 2 3 2
12 84 20 8064 918 459 459 14 2 3 2
12 84 21 16128 918 459 459 14 2 3 2
12 84 22 16128 918 459 459 14 2 3 2
12 84 23 16128 918 459 459 14 2 3 2
12 84 25 16128 918 459 459 14 2 3 2
12 84 28 8064 918 459 459 14 2 3 2
12 84 30 16128 918 459 459 14 2 3 2
12 84 31 16128 918 459 459 14 2 3 2
12 84 32 4032 918 459 459 14 2 3 1
12 84 33 16128 918 459 459 14 2 3 2
12 84 38 16128 918 459 459 14 2 3 2
12 84 39 16128 918 459 459 14 2 3 2
12 84 40 4032 918 459 459 14 2 3 1
12 84 46 16128 918 459 459 14 2 3 2
12 84 47 16128 918 459 459 14 2 3 2
12 84 52 8064 918 459 459 14 2 3 2
12 84 53 16128 918 459 459 14 2 3 2
12 84 60 8064 918 459 459 14 2 3 2
12 84 64 4032 918 459 459 14 2 3 1
12 84 66 16128 918 459 459 14 2 3 2
12 84 67 16128 918 459 459 14 2 3 2
12 84 68 16128 918 459 459 14 2 3 2
12 84 69 16128 918 459 459 14 2 3 2
12 84 70 16128 918 459 459 14 2 3 2
12 84 71 16128 918 459 459 14 2 3 2
12 84 72 4032 918 459 459 14 2 3 1
12 84 74 16128 918 459 459 14 2 3 2
12 84 75 16128 918 459 459 14 2 3 2
12 84 76 16128 918 459 459 14 2 3 2
12 84 77 16128 918 459 459 14 2 3 2
12 84 78 16128 918 459 459 14 2 3 2
12 84 79 16128 918 459 459 14 2 3 2
12 84 80 16128 918 459 459 14 2 3 2
12 84 84 8064 918 459 459 14 2 3 3
12 84 85 16128 918 459 459 14 2 3 3
12 84 86 16128 918 459 459 14 2 3 3
12 84 87 16128 918 459 459 14 2 3 3
12 84 92 8064 918 459 459 14 2 3 3
12 84 94 16128 918 459 459 14 2 3 3
12 84 95 16128 918 459 459 14 2 3 3
12 84 96 4032 918 459 459 14 2 3 2
12 84 102 16128 918 459 459 14 2 3 3
12 84 103 16128 918 459 459 14 2 3 3
12 84 104 4032 918 459 459 14 2 3 2
12 84 110 16128 918 459 459 14 2 3 3
12 84 111 16128 918 459 459 14 2 3 3
12 84 116 8064 918 459 459 14 2 3 3
12 84 117 16128 918 459 459 14 2 3 3
12 84 124 8064 918 459 459 14 2 3 3
12 84 128 16128 918 459 459 14 2 3 1
12 84 129 8064 918 459 459 14 2 3 2
12 84 132 16128 918 459 459 14 2 3 2
12 84 133 16128 918 459 459 14 2 3 2
12 84 134 16128 918 459 459 14 2 3 2
12 84 135 16128 918 459 459 14 2 3 2
12 84 136 16128 918 459 459 14 2 3 2
12 84 137 8064 918 459 459 14 2 3 2
12 84 140 16128 918 459 459 14 2 3 3
12 84 141 16128 918 459 459 14 2 3 3
12 84 142 16128 918 459 459 14 2 3 3
12 84 143 16128 918 459 459 14 2 3 3
12 84 144 16128 918 459 459 14 2 3 1
12 84 145 16128 918 459 459 14 2 3 2
12 84 148 16128 918 459 459 14 2 3 2
12 84 149 8064 918 459 459 14 2 3 2
12 84 150 16128 918 459 459 14 2 3 2
12 84 151 16128 918 459 459 14 2 3 2
12 84 152 16128 918 459 459 14 2 3 2
12 84 156 16128 918 459 459 14 2 3 3
12 84 157 8064 918 459 459 14 2 3 3
12 84 158 16128 918 459 459 14 2 3 3
12 84 159 16128 918 459 459 14 2 3 3
12 84 160 16128 918 459 459 14 2 3 2
12 84 161 8064 918 459 459 14 2 3 3
12 84 164 16128 918 459 459 14 2 3 2
12 84 166 16128 918 459 459 14 2 3 2
12 84 167 16128 918 459 459 14 2 3 3
12 84 168 16128 918 459 459 14 2 3 2
12 84 169 8064 918 459 459 14 2 3 3
12 84 172 16128 918 459 459 14 2 3 3
12 84 174 16128 918 459 459 14 2 3 3
12 84 175 16128 918 459 459 14 2 3 2
12 84 176 16128 918 459 459 14 2 3 2
12 84 177 16128 918 459 459 14 2 3 3
12 84 180 16128 918 459 459 14 2 3 2
12 84 181 8064 918 459 459 14 2 3 3
12 84 182 16128 918 459 459 14 2 3 2
12 84 183 16128 918 459 459 14 2 3 3
12 84 184 16128 918 459 459 14 2 3 2
12 84 188 16128 918 459 459 14 2 3 3
12 84 189 8064 918 459 459 14 2 3 2
12 84 190 16128 918 459 459 14 2 3 3
12 84 191 16128 918 459 459 14 2 3 2
12 84 193 8064 918 459 459 14 2 3 2
12 84 197 16128 918 459 459 14 2 3 2
12 84 198 16128 918 459 459 14 2 3 2
12 84 199 16128 918 459 459 14 2 3 2
12 84 201 8064 918 459 459 14 2 3 2
12 84 205 16128 918 459 459 14 2 3 3
12 84 206 16128 918 459 459 14 2 3 3
12 84 207 16128 918 459 459 14 2 3 3
12 84 209 16128 918 459 459 14 2 3 2
12 84 213 8064 918 459 459 14 2 3 3
12 84 214 16128 918 459 459 14 2 3 3
12 84 215 16128 918 459 459 14 2 3 3
12 84 221 8064 918 459 459 14 2 3 2
12 84 222 16128 918 459 459 14 2 3 2
12 84 223 16128 918 459 459 14 2 3 2
12 84 225 8064 918 459 459 14 2 3 3
12 84 230 16128 918 459 459 14 2 3 3
12 84 231 16128 918 459 459 14 2 3 2
12 84 233 8064 918 459 459 14 2 3 3
12 84 238 16128 918 459 459 14 2 3 2
12 84 239 16128 918 459 459 14 2 3 3
12 84 241 16128 918 459 459 14 2 3 3
12 84 245 8064 918 459 459 14 2 3 2
12 84 246 16128 918 459 459 14 2 3 2
12 84 247 16128 918 459 459 14 2 3 3
12 84 253 8064 918 459 459 14 2 3 3
12 84 254 16128 918 459 459 14 2 3 3
12 84 255 16128 918 459 459 14 2 3 2
12 84 256 4032 918 459 459 14 2 3 1
12 84 257 16128 918 459 459 14 2 3 2
12 84 264 4032 918 459 459 14 2 3 2
12 84 272 16128 918 459 459 14 2 3 2
12 84 273 16128 918 459 459 14 2 3 3
12 84 281 16128 918 459 459 14 2 3 3
12 84 288 4032 918 459 459 14 2 3 1
12 84 289 16128 918 459 459 14 2 3 2
12 84 296 4032 918 459 459 14 2 3 2
12 84 320 4032 918 459 459 14 2 3 1
12 84 328 4032 918 459 459 14 2 3 2
12 84 336 16128 918 459 459 14 2 3 2
12 84 352 4032 918 459 459 14 2 3 2
12 84 360 4032 918 459 459 14 2 3 1
13 1 1 1344 918 459 459 14 2 1 1
13 1 2 2688 918 459 459 14 2 1 1
13 1 3 2688 918 459 459 14 2 1 1
13 1 4 1344 918 459 459 14 2 1 1
13 1 5 1344 918 459 459 14 2 1 1
13 1 8 1008 918 459 459 14 2 1 1
13 1 10 8064 918 459 459 14 2 1 2
13 1 11 8064 918 459 459 14 2 1 2
13 1 12 4032 918 459 459 14 2 1 2
13 1 13 4032 918 459 459 14 2 1 2
13 1 16 2016 918 459 459 14 2 1 1
13 1 17 8064 918 459 459 14 2 1 2
13 1 20 4032 918 459 459 14 2 1 2
13 1 21 8064 918 459 459 14 2 1 2
13 1 22 8064 918 459 459 14 2 1 2
13 1 23 8064 918 459 459 14 2 1 2
13 1 24 2016 918 459 459 14 2 1 1
13 1 28 4032 918 459 459 14 2 1 2
13 1 30 8064 918 459 459 14 2 1 2
13 1 31 8064 918 459 459 14 2 1 2
13 1 32 1008 918 459 459 14 2 1 1
13 1 33 4032 918 459 459 14 2 1 2
13 1 40 1008 918 459 459 14 2 1 1
13 1 80 4032 918 459 459 14 2 1 2
13 1 84 8064 918 459 459 14 2 1 3
13 1 85 8064 918 459 459 14 2 1 3
13 1 86 16128 918 459 459 14 2 1 3
13 1 87 16128 918 459 459 14 2 1 3
13 1 96 2016 918 459 459 14 2 1 2
13 1 160 2016 918 459 459 14 2 1 2
13 1 161 8064 918 459 459 14 2 1 3
13 1 168 4032 918 459 459 14 2 1 2
13 1 224 2016 918 459 459 14 2 1 2
13 8 1 1344 918 459 459 14 2 1 1
13 8 2 2688 918 459 459 14 2 1 1
13 8 3 2688 918 459 459 14 2 1 1
13 8 4 1344 918 459 459 14 2 1 1
13 8 5 1344 918 459 459 14 2 1 1
13 8 8 1008 918 459 459 14 2 1 1
13 8 10 8064 918 459 459 14 2 1 2
13 8 11 8064 918 459 459 14 2 1 2
13 8 12 4032 918 459 459 14 2 1 2
13 8 13 4032 918 459 459 14 2 1 2
13 8 16 2016 918 459 459 14 2 1 1
13 8 17 8064 918 459 459 14 2 1 2
13 8 20 4032 918 459 459 14 2 1 2
13 8 21 8064 918 459 459 14 2 1 2
13 8 22 8064 918 459 459 14 2 1 2
13 8 23 8064 918 459 459 14 2 1 2
13 8 24 2016 918 459 459 14 2 1 1
13 8 28 4032 918 459 459 14 2 1 2
13 8 30 8064 918 459 459 14 2 1 2
13 8 31 8064 918 459 459 14 2 1 2
13 8 32 1008 918 459 459 14 2 1 1
13 8 33 4032 918 459 459 14 2 1 2
13 8 40 1008 918 459 459 14 2 1 1
13 8 80 4032 918 459 459 14 2 1 2
13 8 84 8064 918 459 459 14 2 1 3
13 8 85 8064 918 459 459 14 2 1 3
13 8 86 16128 918 459 459 14 2 1 3
13 8 87 16128 918 459 459 14 2 1 3
13 8 96 2016 918 459 459 14 2 1 2
13 8 160 2016 918 459 459 14 2 1 2
13 8 161 8064 918 459 459 14 2 1 3
13 8 168 4032 918 459 459 14 2 1 2
13 8 224 2016 918 459 459 14 2 1 2
13 9 1 1344 918 459 459 14 2 1 1
13 9 2 2688 918 459 459 14 2 1 1
13 9 3 2688 918 459 459 14 2 1 1
13 9 4 1344 918 459 459 14 2 1 1
13 9 5 1344 918 459 459 14 2 1 1
13 9 8 1008 918 459 459 14 2 1 1
13 9 10 8064 918 459 459 14 2 1 2
13 9 11 8064 918 459 459 14 2 1 2
13 9 12 4032 918 459 459 14 2 1 2
13 9 13 4032 918 459 459 14 2 1 2
13 9 16 2016 918 459 459 14 2 1 1
13 9 17 8064 918 459 459 14 2 1 2
13 9 20 4032 918 459 459 14 2 1 2
13 9 21 8064 918 459 459 14 2 1 2
13 9 22 8064 918 459 459 14 2 1 2
13 9 23 8064 918 459 459 14 2 1 2
13 9 24 2016 918 459 459 14 2 1 1
13 9 28 4032 918 459 459 14 2 1 2
13 9 30 8064 918 459 459 14 2 1 2
13 9 31 8064 918 459 459 14 2 1 2
13 9 32 1008 918 459 459 14 2 1 1
13 9 33 4032 918 459 459 14 2 1 2
13 9 40 1008 918 459 459 14 2 1 1
13 9 80 4032 918 459 459 14 2 1 2
13 9 84 8064 918 459 459 14 2 1 3
13 9 85 8064 918 459 459 14 2 1 3
13 9 86 16128 918 459 459 14 2 1 3
13 9 87 16128 918 459 459 14 2 1 3
13 9 96 2016 918 459 459 14 2 1 2
13 9 160 2016 918 459 459 14 2 1 2
13 9 161 8064 918 459 459 14 2 1 3
13 9 168 4032 918 459 459 14 2 1 2
13 9 224 2016 918 459 459 14 2 1 2
13 10 1 4032 918 459 459 14 2 2 1
13 10 2 8064 918 459 459 14 2 2 1
13 10 3 8064 918 459 459 14 2 2 1
13 10 4 4032 918 459 459 14 2 2 1
13 10 5 4032 918 459 459 14 2 2 1
13 10 8 4032 918 459 459 14 2 2 1
13 10 9 4032 918 459 459 14 2 2 1
13 10 10 16128 918 459 459 14 2 2 2
13 10 11 16128 918 459 459 14 2 2 2
13 10 12 8064 918 459 459 14 2 2 2
13 10 13 8064 918 459 459 14 2 2 2
13 10 16 8064 918 459 459 14 2 2 1
13 10 17 16128 918 459 459 14 2 2 2
13 10 18 8064 918 459 459 14 2 2 1
13 10 19 16128 918 459 459 14 2 2 2
13 10 20 16128 918 459 459 14 2 2 2
13 10 21 16128 918 459 459 14 2 2 2
13 10 22 16128 918 459 459 14 2 2 2
13 10 23 16128 918 459 459 14 2 2 2
13 10 24 8064 918 459 459 14 2 2 1
13 10 25 16128 918 459 459 14 2 2 2
13 10 26 16128 918 459 459 14 2 2 2
13 10 27 8064 918 459 459 14 2 2 1
13 10 28 16128 918 459 459 14 2 2 2
13 10 29 16128 918 459 459 14 2 2 2
13 10 30 16128 918 459 459 14 2 2 2
13 10 31 16128 918 459 459 14 2 2 2
13 10 32 4032 918 459 459 14 2 2 1
13 10 33 8064 918 459 459 14 2 2 2
13 10 34 16128 918 459 459 14 2 2 2
13 10 35 16128 918 459 459 14 2 2 2
13 10 36 4032 918 459 459 14 2 2 1
13 10 37 8064 918 459 459 14 2 2 2
13 10 40 4032 918 459 459 14 2 2 1
13 10 41 8064 918 459 459 14 2 2 2
13 10 42 16128 918 459 459 14 2 2 2
13 10 43 16128 918 459 459 14 2 2 2
13 10 44 8064 918 459 459 14 2 2 2
13 10 45 4032 918 459 459 14 2 2 1
13 10 64 2016 918 459 459 14 2 2 1
13 10 66 8064 918 459 459 14 2 2 2
13 10 67 8064 918 459 459 14 2 2 2
13 10 68 4032 918 459 459 14 2 2 2
13 10 69 4032 918 459 459 14 2 2 2
13 10 80 8064 918 459 459 14 2 2 2
13 10 82 8064 918 459 459 14 2 2 2
13 10 84 16128 918 459 459 14 2 2 3
13 10 85 16128 918 459 459 14 2 2 3
13 10 86 16128 918 459 459 14 2 2 3
13 10 87 16128 918 459 459 14 2 2 3
13 10 88 8064 918 459 459 14 2 2 2
13 10 91 8064 918 459 459 14 2 2 2
13 10 92 16128 918 459 459 14 2 2 3
13 10 93 16128 918 459 459 14 2 2 3
13 10 94 16128 918 459 459 14 2 2 3
13 10 95 16128 918 459 459 14 2 2 3
13 10 96 4032 918 459 459 14 2 2 2
13 10 98 16128 918 459 459 14 2 2 3
13 10 99 16128 918 459 459 14 2 2 3
13 10 100 4032 918 459 459 14 2 2 2
13 10 104 4032 918 459 459 14 2 2 2
13 10 106 16128 918 459 459 14 2 2 3
13 10 107 16128 918 459 459 14 2 2 3
13 10 109 4032 918 459 459 14 2 2 2
13 10 128 4032 918 459 459 14 2 2 1
13 10 129 8064 918 459 459 14 2 2 2
13 10 132 4032 918 459 459 14 2 2 2
13 10 133 8064 918 459 459 14 2 2 2
13 10 134 8064 918 459 459 14 2 2 2
13 10 135 8064 918 459 459 14 2 2 2
13 10 136 8064 918 459 459 14 2 2 2
13 10 137 8064 918 459 459 14 2 2 2
13 10 140 8064 918 459 459 14 2 2 3
13 10 141 8064 918 459 459 14 2 2 3
13 10 142 16128 918 459 459 14 2 2 3
13 10 143 16128 918 459 459 14 2 2 3
13 10 160 4032 918 459 459 14 2 2 2
13 10 161 8064 918 459 459 14 2 2 3
13 10 164 4032 918 459 459 14 2 2 2
13 10 165 8064 918 459 459 14 2 2 3
13 10 168 8064 918 459 459 14 2 2 2
13 10 169 8064 918 459 459 14 2 2 3
13 10 172 8064 918 459 459 14 2 2 3
13 10 173 8064 918 459 459 14 2 2 2
13 10 176 8064 918 459 459 14 2 2 2
13 10 177 16128 918 459 459 14 2 2 3
13 10 182 8064 918 459 459 14 2 2 2
13 10 183 16128 918 459 459 14 2 2 3
13 10 184 8064 918 459 459 14 2 2 2
13 10 185 16128 918 459 459 14 2 2 3
13 10 190 16128 918 459 459 14 2 2 3
13 10 191 8064 918 459 459 14 2 2 2
13 10 192 4032 918 459 459 14 2 2 1
13 10 196 4032 918 459 459 14 2 2 2
13 10 198 8064 918 459 459 14 2 2 2
13 10 199 8064 918 459 459 14 2 2 2
13 10 224 4032 918 459 459 14 2 2 2
13 10 228 4032 918 459 459 14 2 2 2
13 10 240 8064 918 459 459 14 2 2 2
13 10 246 8064 918 459 459 14 2 2 2
13 10 248 8064 918 459 459 14 2 2 2
13 10 255 8064 918 459 459 14 2 2 2
13 10 256 2016 918 459 459 14 2 2 1
13 10 257 4032 918 459 459 14 2 2 2
13 10 264 4032 918 459 459 14 2 2 2
13 10 265 4032 918 459 459 14 2 2 2
13 10 320 2016 918 459 459 14 2 2 1
13 64 1 2688 918 459 459 14 2 1 1
13 64 2 2688 918 459 459 14 2 1 1
13 64 3 2688 918 459 459 14 2 1 1
13 64 4 2688 918 459 459 14 2 1 1
13 64 5 2688 918 459 459 14 2 1 1
13 64 6 2688 918 459 459 14 2 1 1
13 64 7 2688 918 459 459 14 2 1 1
13 64 8 2016 918 459 459 14 2 1 1
13 64 10 8064 918 459 459 14 2 1 2
13 64 11 8064 918 459 459 14 2 1 2
13 64 12 8064 918 459 459 14 2 1 2
13 64 13 8064 918 459 459 14 2 1 2
13 64 14 8064 918 459 459 14 2 1 2
13 64 15 8064 918 459 459 14 2 1 2
13 64 16 2016 918 459 459 14 2 1 1
13 64 17 8064 918 459 459 14 2 1 2
13 64 20 8064 918 459 459 14 2 1 2
13 64 21 8064 918 459 459 14 2 1 2
13 64 22 8064 918 459 459 14 2 1 2
13 64 23 8064 918 459 459 14 2 1 2
13 64 24 2016 918 459 459 14 2 1 1
13 64 28 8064 918 459 459 14 2 1 2
13 64 29 8064 918 459 459 14 2 1 2
13 64 30 8064 918 459 459 14 2 1 2
13 64 31 8064 918 459 459 14 2 1 2
13 64 32 2016 918 459 459 14 2 1 1
13 64 33 8064 918 459 459 14 2 1 2
13 64 34 8064 918 459 459 14 2 1 2
13 64 35 8064 918 459 459 14 2 1 2
13 64 40 2016 918 459 459 14 2 1 1
13 64 42 8064 918 459 459 14 2 1 2
13 64 43 8064 918 459 459 14 2 1 2
13 64 48 2016 918 459 459 14 2 1 1
13 64 49 8064 918 459 459 14 2 1 2
13 64 56 2016 918 459 459 14 2 1 1
13 64 80 4032 918 459 459 14 2 1 2
13 64 84 16128 918 459 459 14 2 1 3
13 64 85 16128 918 459 459 14 2 1 3
13 64 86 16128 918 459 459 14 2 1 3
13 64 87 16128 918 459 459 14 2 1 3
13 64 96 4032 918 459 459 14 2 1 2
13 64 98 16128 918 459 459 14 2 1 3
13 64 99 16128 918 459 459 14 2 1 3
13 64 112 4032 918 459 459 14 2 1 2
13 64 160 4032 918 459 459 14 2 1 2
13 64 161 16128 918 459 459 14 2 1 3
13 64 168 4032 918 459 459 14 2 1 2
13 64 224 4032 918 459 459 14 2 1 2
13 64 232 4032 918 459 459 14 2 1 2
13 65 1 2688 918 459 459 14 2 1 1
13 65 2 2688 918 459 459 14 2 1 1
13 65 3 2688 918 459 459 14 2 1 1
13 65 4 2688 918 459 459 14 2 1 1
13 65 5 2688 918 459 459 14 2 1 1
13 65 6 2688 918 459 459 14 2 1 1
13 65 7 2688 918 459 459 14 2 1 1
13 65 8 2016 918 459 459 14 2 1 1
13 65 10 8064 918 459 459 14 2 1 2
13 65 11 8064 918 459 459 14 2 1 2
13 65 12 8064 918 459 459 14 2 1 2
13 65 13 8064 918 459 459 14 2 1 2
13 65 14 8064 918 459 459 14 2 1 2
13 65 15 8064 918 459 459 14 2 1 2
13 65 16 2016 918 459 459 14 2 1 1
13 65 17 8064 918 459 459 14 2 1 2
13 65 20 8064 918 459 459 14 2 1 2
13 65 21 8064 918 459 459 14 2 1 2
13 65 22 8064 918 459 459 14 2 1 2
13 65 23 8064 918 459 459 14 2 1 2
13 65 24 2016 918 459 459 14 2 1 1
13 65 28 8064 918 459 459 14 2 1 2
13 65 29 8064 918 459 459 14 2 1 2
13 65 30 8064 918 459 459 14 2 1 2
13 65 31 8064 918 459 459 14 2 1 2
13 65 32 2016 918 459 459 14 2 1 1
13 65 33 8064 918 459 459 14 2 1 2
13 65 34 8064 918 459 459 14 2 1 2
13 65 35 8064 918 459 459 14 2 1 2
13 65 40 2016 918 459 459 14 2 1 1
13 65 42 8064 918 459 459 14 2 1 2
13 65 43 8064 918 459 459 14 2 1 2
13 65 48 2016 918 459 459 14 2 1 1
13 65 49 8064 918 459 459 14 2 1 2
13 65 56 2016 918 459 459 14 2 1 1
13 65 80 4032 918 459 459 14 2 1 2
13 65 84 16128 918 459 459 14 2 1 3
13 65 85 16128 918 459 459 14 2 1 3
13 65 86 16128 918 459 459 14 2 1 3
13 65 87 16128 918 459 459 14 2 1 3
13 65 96 4032 918 459 459 14 2 1 2
13 65 98 16128 918 459 459 14 2 1 3
13 65 99 16128 918 459 459 14 2 1 3
13 65 112 4032 918 459 459 14 2 1 2
13 65 160 4032 918 459 459 14 2 1 2
13 65 161 16128 918 459 459 14 2 1 3
13 65 168 4032 918 459 459 14 2 1 2
13 65 224 4032 918 459 459 14 2 1 2
13 65 232 4032 918 459 459 14 2 1 2
13 66 1 8064 918 459 459 14 2 2 1
13 66 2 8064 918 459 459 14 2 2 1
13 66 3 8064 918 459 459 14 2 2 1
13 66 4 8064 918 459 459 14 2 2 1
13 66 5 8064 918 459 459 14 2 2 1
13 66 6 8064 918 459 459 14 2 2 1
13 66 7 8064 918 459 459 14 2 2 1
13 66 8 8064 918 459 459 14 2 2 1
13 66 9 8064 918 459 459 14 2 2 1
13 66 10 16128 918 459 459 14 2 2 2
13 66 11 16128 918 459 459 14 2 2 2
13 66 12 16128 918 459 459 14 2 2 2
13 66 13 16128 918 459 459 14 2 2 2
13 66 14 16128 918 459 459 14 2 2 2
13 66 15 16128 918 459 459 14 2 2 2
13 66 16 8064 918 459 459 14 2 2 1
13 66 17 16128 918 459 459 14 2 2 2
13 66 18 8064 918 459 459 14 2 2 1
13 66 19 16128 918 459 459 14 2 2 2
13 66 20 16128 918 459 459 14 2 2 2
13 66 21 16128 918 459 459 14 2 2 2
13 66 22 16128 918 459 459 14 2 2 2
13 66 23 16128 918 459 459 14 2 2 2
13 66 24 8064 918 459 459 14 2 2 1
13 66 25 16128 918 459 459 14 2 2 2
13 66 26 16128 918 459 459 14 2 2 2
13 66 27 8064 918 459 459 14 2 2 1
13 66 28 16128 918 459 459 14 2 2 2
13 66 29 16128 918 459 459 14 2 2 2
13 66 30 16128 918 459 459 14 2 2 2
13 66 31 16128 918 459 459 14 2 2 2
13 66 32 8064 918 459 459 14 2 2 1
13 66 33 16128 918 459 459 14 2 2 2
13 66 34 16128 918 459 459 14 2 2 2
13 66 35 16128 918 459 459 14 2 2 2
13 66 36 8064 918 459 459 14 2 2 1
13 66 37 16128 918 459 459 14 2 2 2
13 66 38 16128 918 459 459 14 2 2 2
13 66 39 16128 918 459 459 14 2 2 2
13 66 40 8064 918 459 459 14 2 2 1
13 66 41 16128 918 459 459 14 2 2 2
13 66 42 16128 918 459 459 14 2 2 2
13 66 43 16128 918 459 459 14 2 2 2
13 66 44 16128 918 459 459 14 2 2 2
13 66 45 8064 918 459 459 14 2 2 1
13 66 46 16128 918 459 459 14 2 2 2
13 66 47 16128 918 459 459 14 2 2 2
13 66 48 8064 918 459 459 14 2 2 1
13 66 49 16128 918 459 459 14 2 2 2
13 66 50 16128 918 459 459 14 2 2 2
13 66 51 16128 918 459 459 14 2 2 2
13 66 52 16128 918 459 459 14 2 2 2
13 66 53 16128 918 459 459 14 2 2 2
13 66 54 8064 918 459 459 14 2 2 1
13 66 55 16128 918 459 459 14 2 2 2
13 66 56 8064 918 459 459 14 2 2 1
13 66 57 16128 918 459 459 14 2 2 2
13 66 58 16128 918 459 459 14 2 2 2
13 66 59 16128 918 459 459 14 2 2 2
13 66 60 16128 918 459 459 14 2 2 2
13 66 61 16128 918 459 459 14 2 2 2
13 66 62 16128 918 459 459 14 2 2 2
13 66 63 8064 918 459 459 14 2 2 1
13 66 64 4032 918 459 459 14 2 2 1
13 66 66 8064 918 459 459 14 2 2 2
13 66 67 8064 918 459 459 14 2 2 2
13 66 68 8064 918 459 459 14 2 2 2
13 66 69 8064 918 459 459 14 2 2 2
13 66 70 8064 918 459 459 14 2 2 2
13 66 71 8064 918 459 459 14 2 2 2
13 66 80 8064 918 459 459 14 2 2 2
13 66 82 8064 918 459 459 14 2 2 2
13 66 84 16128 918 459 459 14 2 2 3
13 66 85 16128 918 459 459 14 2 2 3
13 66 86 16128 918 459 459 14 2 2 3
13 66 87 16128 918 459 459 14 2 2 3
13 66 88 8064 918 459 459 14 2 2 2
13 66 91 8064 918 459 459 14 2 2 2
13 66 92 16128 918 459 459 14 2 2 3
13 66 93 16128 918 459 459 14 2 2 3
13 66 94 16128 918 459 459 14 2 2 3
13 66 95 16128 918 459 459 14 2 2 3
13 66 96 8064 918 459 459 14 2 2 2
13 66 98 16128 918 459 459 14 2 2 3
13 66 99 16128 918 459 459 14 2 2 3
13 66 100 8064 918 459 459 14 2 2 2
13 66 102 16128 918 459 459 14 2 2 3
13 66 103 16128 918 459 459 14 2 2 3
13 66 104 8064 918 459 459 14 2 2 2
13 66 106 16128 918 459 459 14 2 2 3
13 66 107 16128 918 459 459 14 2 2 3
13 66 109 8064 918 459 459 14 2 2 2
13 66 110 16128 918 459 459 14 2 2 3
13 66 111 16128 918 459 459 14 2 2 3
13 66 112 8064 918 459 459 14 2 2 2
13 66 114 16128 918 459 459 14 2 2 3
13 66 115 16128 918 459 459 14 2 2 3
13 66 116 16128 918 459 459 14 2 2 3
13 66 117 16128 918 459 459 14 2 2 3
13 66 118 8064 918 459 459 14 2 2 2
13 66 120 8064 918 459 459 14 2 2 2
13 66 122 16128 918 459 459 14 2 2 3
13 66 123 16128 918 459 459 14 2 2 3
13 66 124 16128 918 459 459 14 2 2 3
13 66 125 16128 918 459 459 14 2 2 3
13 66 127 8064 918 459 459 14 2 2 2
13 66 128 4032 918 459 459 14 2 2 1
13 66 129 8064 918 459 459 14 2 2 2
13 66 132 8064 918 459 459 14 2 2 2
13 66 133 8064 918 459 459 14 2 2 2
13 66 134 8064 918 459 459 14 2 2 2
13 66 135 8064 918 459 459 14 2 2 2
13 66 136 8064 918 459 459 14 2 2 2
13 66 137 8064 918 459 459 14 2 2 2
13 66 140 16128 918 459 459 14 2 2 3
13 66 141 16128 918 459 459 14 2 2 3
13 66 142 16128 918 459 459 14 2 2 3
13 66 143 16128 918 459 459 14 2 2 3
13 66 160 8064 918 459 459 14 2 2 2
13 66 161 16128 918 459 459 14 2 2 3
13 66 164 8064 918 459 459 14 2 2 2
13 66 165 16128 918 459 459 14 2 2 3
13 66 168 8064 918 459 459 14 2 2 2
13 66 169 16128 918 459 459 14 2 2 3
13 66 172 16128 918 459 459 14 2 2 3
13 66 173 8064 918 459 459 14 2 2 2
13 66 176 8064 918 459 459 14 2 2 2
13 66 177 16128 918 459 459 14 2 2 3
13 66 182 8064 918 459 459 14 2 2 2
13 66 183 16128 918 459 459 14 2 2 3
13 66 184 8064 918 459 459 14 2 2 2
13 66 185 16128 918 459 459 14 2 2 3
13 66 190 16128 918 459 459 14 2 2 3
13 66 191 8064 918 459 459 14 2 2 2
13 66 192 4032 918 459 459 14 2 2 1
13 66 196 8064 918 459 459 14 2 2 2
13 66 197 8064 918 459 459 14 2 2 2
13 66 198 8064 918 459 459 14 2 2 2
13 66 199 8064 918 459 459 14 2 2 2
13 66 224 8064 918 459 459 14 2 2 2
13 66 228 8064 918 459 459 14 2 2 2
13 66 232 8064 918 459 459 14 2 2 2
13 66 237 8064 918 459 459 14 2 2 2
13 66 240 8064 918 459 459 14 2 2 2
13 66 246 8064 918 459 459 14 2 2 2
13 66 248 8064 918 459 459 14 2 2 2
13 66 255 8064 918 459 459 14 2 2 2
13 66 256 4032 918 459 459 14 2 2 1
13 66 257 8064 918 459 459 14 2 2 2
13 66 258 8064 918 459 459 14 2 2 2
13 66 259 8064 918 459 459 14 2 2 2
13 66 264 8064 918 459 459 14 2 2 2
13 66 265 8064 918 459 459 14 2 2 2
13 66 266 16128 918 459 459 14 2 2 3
13 66 267 16128 918 459 459 14 2 2 3
13 66 272 8064 918 459 459 14 2 2 2
13 66 273 16128 918 459 459 14 2 2 3
13 66 274 8064 918 459 459 14 2 2 2
13 66 275 16128 918 459 459 14 2 2 3
13 66 280 8064 918 459 459 14 2 2 2
13 66 281 16128 918 459 459 14 2 2 3
13 66 282 16128 918 459 459 14 2 2 3
13 66 283 8064 918 459 459 14 2 2 2
13 66 320 4032 918 459 459 14 2 2 1
13 66 322 8064 918 459 459 14 2 2 2
13 66 323 8064 918 459 459 14 2 2 2
13 66 336 8064 918 459 459 14 2 2 2
13 66 338 8064 918 459 459 14 2 2 2
13 66 344 8064 918 459 459 14 2 2 2
13 66 347 8064 918 459 459 14 2 2 2
13 66 384 4032 918 459 459 14 2 2 1
13 66 385 8064 918 459 459 14 2 2 2
13 66 392 8064 918 459 459 14 2 2 2
13 66 393 8064 918 459 459 14 2 2 2
13 66 448 4032 918 459 459 14 2 2 1
13 80 1 8064 918 459 459 14 2 2 1
13 80 2 8064 918 459 459 14 2 2 1
13 80 3 8064 918 459 459 14 2 2 1
13 80 4 8064 918 459 459 14 2 2 1
13 80 5 8064 918 459 459 14 2 2 1
13 80 6 8064 918 459 459 14 2 2 1
13 80 7 8064 918 459 459 14 2 2 1
13 80 8 4032 918 459 459 14 2 2 1
13 80 10 16128 918 459 459 14 2 2 2
13 80 11 16128 918 459 459 14 2 2 2
13 80 12 16128 918 459 459 14 2 2 2
13 80 13 16128 918 459 459 14 2 2 2
13 80 14 16128 918 459 459 14 2 2 2
13 80 15 16128 918 459 459 14 2 2 2
13 80 16 8064 918 459 459 14 2 2 1
13 80 17 16128 918 459 459 14 2 2 2
13 80 20 8064 918 459 459 14 2 2 2
13 80 21 16128 918 459 459 14 2 2 2
13 80 22 16128 918 459 459 14 2 2 2
13 80 23 16128 918 459 459 14 2 2 2
13 80 24 8064 918 459 459 14 2 2 1
13 80 25 16128 918 459 459 14 2 2 2
13 80 28 8064 918 459 459 14 2 2 2
13 80 30 16128 918 459 459 14 2 2 2
13 80 31 16128 918 459 459 14 2 2 2
13 80 32 4032 918 459 459 14 2 2 1
13 80 33 16128 918 459 459 14 2 2 2
13 80 38 16128 918 459 459 14 2 2 2
13 80 39 16128 918 459 459 14 2 2 2
13 80 40 4032 918 459 459 14 2 2 1
13 80 46 16128 918 459 459 14 2 2 2
13 80 47 16128 918 459 459 14 2 2 2
13 80 52 8064 918 459 459 14 2 2 2
13 80 53 16128 918 459 459 14 2 2 2
13 80 60 8064 918 459 459 14 2 2 2
13 80 64 2016 918 459 459 14 2 2 1
13 80 66 8064 918 459 459 14 2 2 2
13 80 67 8064 918 459 459 14 2 2 2
13 80 68 8064 918 459 459 14 2 2 2
13 80 69 8064 918 459 459 14 2 2 2
13 80 70 8064 918 459 459 14 2 2 2
13 80 71 8064 918 459 459 14 2 2 2
13 80 80 8064 918 459 459 14 2 2 2
13 80 84 8064 918 459 459 14 2 2 3
13 80 85 16128 918 459 459 14 2 2 3
13 80 86 16128 918 459 459 14 2 2 3
13 80 87 16128 918 459 459 14 2 2 3
13 80 88 8064 918 459 459 14 2 2 2
13 80 92 8064 918 459 459 14 2 2 3
13 80 94 16128 918 459 459 14 2 2 3
13 80 95 16128 918 459 459 14 2 2 3
13 80 96 4032 918 459 459 14 2 2 2
13 80 102 16128 918 459 459 14 2 2 3
13 80 103 16128 918 459 459 14 2 2 3
13 80 104 4032 918 459 459 14 2 2 2
13 80 110 16128 918 459 459 14 2 2 3
13 80 111 16128 918 459 459 14 2 2 3
13 80 116 8064 918 459 459 14 2 2 3
13 80 117 16128 918 459 459 14 2 2 3
13 80 124 8064 918 459 459 14 2 2 3
13 80 128 4032 918 459 459 14 2 2 1
13 80 129 8064 918 459 459 14 2 2 2
13 80 132 8064 918 459 459 14 2 2 2
13 80 133 8064 918 459 459 14 2 2 2
13 80 134 8064 918 459 459 14 2 2 2
13 80 135 8064 918 459 459 14 2 2 2
13 80 136 8064 918 459 459 14 2 2 2
13 80 137 8064 918 459 459 14 2 2 2
13 80 140 16128 918 459 459 14 2 2 3
13 80 141 16128 918 459 459 14 2 2 3
13 80 142 16128 918 459 459 14 2 2 3
13 80 143 16128 918 459 459 14 2 2 3
13 80 160 4032 918 459 459 14 2 2 2
13 80 161 16128 918 459 459 14 2 2 3
13 80 168 8064 918 459 459 14 2 2 2
13 80 173 8064 918 459 459 14 2 2 2
13 80 176 8064 918 459 459 14 2 2 2
13 80 177 16128 918 459 459 14 2 2 3
13 80 182 8064 918 459 459 14 2 2 2
13 80 183 16128 918 459 459 14 2 2 3
13 80 184 8064 918 459 459 14 2 2 2
13 80 185 16128 918 459 459 14 2 2 3
13 80 190 16128 918 459 459 14 2 2 3
13 80 191 8064 918 459 459 14 2 2 2
13 80 192 4032 918 459 459 14 2 2 1
13 80 196 8064 918 459 459 14 2 2 2
13 80 198 8064 918 459 459 14 2 2 2
13 80 199 8064 918 459 459 14 2 2 2
13 80 224 4032 918 459 459 14 2 2 2
13 80 240 8064 918 459 459 14 2 2 2
13 80 246 8064 918 459 459 14 2 2 2
13 80 248 8064 918 459 459 14 2 2 2
13 80 255 8064 918 459 459 14 2 2 2
13 80 256 2016 918 459 459 14 2 2 1
13 80 257 8064 918 459 459 14 2 2 2
13 80 264 4032 918 459 459 14 2 2 2
13 80 320 2016 918 459 459 14 2 2 1
13 81 1 8064 918 459 459 14 2 2 1
13 81 2 8064 918 459 459 14 2 2 1
13 81 3 8064 918 459 459 14 2 2 1
13 81 4 8064 918 459 459 14 2 2 1
13 81 5 8064 918 459 459 14 2 2 1
13 81 6 8064 918 459 459 14 2 2 1
13 81 7 8064 918 459 459 14 2 2 1
13 81 8 4032 918 459 459 14 2 2 1
13 81 10 16128 918 459 459 14 2 2 2
13 81 11 16128 918 459 459 14 2 2 2
13 81 12 16128 918 459 459 14 2 2 2
13 81 13 16128 918 459 459 14 2 2 2
13 81 14 16128 918 459 459 14 2 2 2
13 81 15 16128 918 459 459 14 2 2 2
13 81 16 8064 918 459 459 14 2 2 1
13 81 17 16128 918 459 459 14 2 2 2
13 81 20 8064 918 459 459 14 2 2 2
13 81 21 16128 918 459 459 14 2 2 2
13 81 22 16128 918 459 459 14 2 2 2
13 81 23 16128 918 459 459 14 2 2 2
13 81 24 8064 918 459 459 14 2 2 1
13 81 25 16128 918 459 459 14 2 2 2
13 81 28 8064 918 459 459 14 2 2 2
13 81 30 16128 918 459 459 14 2 2 2
13 81 31 16128 918 459 459 14 2 2 2
13 81 32 4032 918 459 459 14 2 2 1
13 81 33 16128 918 459 459 14 2 2 2
13 81 38 16128 918 459 459 14 2 2 2
13 81 39 16128 918 459 459 14 2 2 2
13 81 40 4032 918 459 459 14 2 2 1
13 81 46 16128 918 459 459 14 2 2 2
13 81 47 16128 918 459 459 14 2 2 2
13 81 52 8064 918 459 459 14 2 2 2
13 81 53 16128 918 459 459 14 2 2 2
13 81 60 8064 918 459 459 14 2 2 2
13 81 64 2016 918 459 459 14 2 2 1
13 81 66 8064 918 459 459 14 2 2 2
13 81 67 8064 918 459 459 14 2 2 2
13 81 68 8064 918 459 459 14 2 2 2
13 81 69 8064 918 459 459 14 2 2 2
13 81 70 8064 918 459 459 14 2 2 2
13 81 71 8064 918 459 459 14 2 2 2
13 81 80 8064 918 459 459 14 2 2 2
13 81 84 8064 918 459 459 14 2 2 3
13 81 85 16128 918 459 459 14 2 2 3
13 81 86 16128 918 459 459 14 2 2 3
13 81 87 16128 918 459 459 14 2 2 3
13 81 88 8064 918 459 459 14 2 2 2
13 81 92 8064 918 459 459 14 2 2 3
13 81 94 16128 918 459 459 14 2 2 3
13 81 95 16128 918 459 459 14 2 2 3
13 81 96 4032 918 459 459 14 2 2 2
13 81 102 16128 918 459 459 14 2 2 3
13 81 103 16128 918 459 459 14 2 2 3
13 81 104 4032 918 459 459 14 2 2 2
13 81 110 16128 918 459 459 14 2 2 3
13 81 111 16128 918 459 459 14 2 2 3
13 81 116 8064 918 459 459 14 2 2 3
13 81 117 16128 918 459 459 14 2 2 3
13 81 124 8064 918 459 459 14 2 2 3
13 81 128 4032 918 459 459 14 2 2 1
13 81 129 8064 918 459 459 14 2 2 2
13 81 132 8064 918 459 459 14 2 2 2
13 81 133 8064 918 459 459 14 2 2 2
13 81 134 8064 918 459 459 14 2 2 2
13 81 135 8064 918 459 459 14 2 2 2
13 81 136 8064 918 459 459 14 2 2 2
13 81 137 8064 918 459 459 14 2 2 2
13 81 140 16128 918 459 459 14 2 2 3
13 81 141 16128 918 459 459 14 2 2 3
13 81 142 16128 918 459 459 14 2 2 3
13 81 143 16128 918 459 459 14 2 2 3
13 81 160 4032 918 459 459 14 2 2 2
13 81 161 16128 918 459 459 14 2 2 3
13 81 168 8064 918 459 459 14 2 2 2
13 81 173 8064 918 459 459 14 2 2 2
13 81 176 8064 918 459 459 14 2 2 2
13 81 177 16128 918 459 459 14 2 2 3
13 81 182 8064 918 459 459 14 2 2 2
13 81 183 16128 918 459 459 14 2 2 3
13 81 184 8064 918 459 459 14 2 2 2
13 81 185 16128 918 459 459 14 2 2 3
13 81 190 16128 918 459 459 14 2 2 3
13 81 191 8064 918 459 459 14 2 2 2
13 81 192 4032 918 459 459 14 2 2 1
13 81 196 8064 918 459 459 14 2 2 2
13 81 198 8064 918 459 459 14 2 2 2
13 81 199 8064 918 459 459 14 2 2 2
13 81 224 4032 918 459 459 14 2 2 2
13 81 240 8064 918 459 459 14 2 2 2
13 81 246 8064 918 459 459 14 2 2 2
13 81 248 8064 918 459 459 14 2 2 2
13 81 255 8064 918 459 459 14 2 2 2
13 81 256 2016 918 459 459 14 2 2 1
13 81 257 8064 918 459 459 14 2 2 2
13 81 264 4032 918 459 459 14 2 2 2
13 81 320 2016 918 459 459 14 2 2 1
13 82 1 8064 918 459 459 14 2 2 1
13 82 2 8064 918 459 459 14 2 2 1
13 82 3 8064 918 459 459 14 2 2 1
13 82 4 8064 918 459 459 14 2 2 1
13 82 5 8064 918 459 459 14 2 2 1
13 82 6 8064 918 459 459 14 2 2 1
13 82 7 8064 918 459 459 14 2 2 1
13 82 8 8064 918 459 459 14 2 2 1
13 82 9 8064 918 459 459 14 2 2 1
13 82 10 16128 918 459 459 14 2 2 2
13 82 11 16128 918 459 459 14 2 2 2
13 82 12 16128 918 459 459 14 2 2 2
13 82 13 16128 918 459 459 14 2 2 2
13 82 14 16128 918 459 459 14 2 2 2
13 82 15 16128 918 459 459 14 2 2 2
13 82 16 8064 918 459 459 14 2 2 1
13 82 17 16128 918 459 459 14 2 2 2
13 82 18 8064 918 459 459 14 2 2 1
13 82 19 16128 918 459 459 14 2 2 2
13 82 20 16128 918 459 459 14 2 2 2
13 82 21 16128 918 459 459 14 2 2 2
13 82 22 16128 918 459 459 14 2 2 2
13 82 23 16128 918 459 459 14 2 2 2
13 82 24 8064 918 459 459 14 2 2 1
13 82 25 16128 918 459 459 14 2 2 2
13 82 26 16128 918 459 459 14 2 2 2
13 82 27 8064 918 459 459 14 2 2 1
13 82 28 16128 918 459 459 14 2 2 2
13 82 29 16128 918 459 459 14 2 2 2
13 82 30 16128 918 459 459 14 2 2 2
13 82 31 16128 918 459 459 14 2 2 2
13 82 32 8064 918 459 459 14 2 2 1
13 82 33 16128 918 459 459 14 2 2 2
13 82 34 16128 918 459 459 14 2 2 2
13 82 35 16128 918 459 459 14 2 2 2
13 82 36 8064 918 459 459 14 2 2 1
13 82 37 16128 918 459 459 14 2 2 2
13 82 38 16128 918 459 459 14 2 2 2
13 82 39 16128 918 459 459 14 2 2 2
13 82 40 8064 918 459 459 14 2 2 1
13 82 41 16128 918 459 459 14 2 2 2
13 82 42 16128 918 459 459 14 2 2 2
13 82 43 16128 918 459 459 14 2 2 2
13 82 44 16128 918 459 459 14 2 2 2
13 82 45 8064 918 459 459 14 2 2 1
13 82 46 16128 918 459 459 14 2 2 2
13 82 47 16128 918 459 459 14 2 2 2
13 82 48 8064 918 459 459 14 2 2 1
13 82 49 16128 918 459 459 14 2 2 2
13 82 50 16128 918 459 459 14 2 2 2
13 82 51 16128 918 459 459 14 2 2 2
13 82 52 16128 918 459 459 14 2 2 2
13 82 53 16128 918 459 459 14 2 2 2
13 82 54 8064 918 459 459 14 2 2 1
13 82 55 16128 918 459 459 14 2 2 2
13 82 56 8064 918 459 459 14 2 2 1
13 82 57 16128 918 459 459 14 2 2 2
13 82 58 16128 918 459 459 14 2 2 2
13 82 59 16128 918 459 459 14 2 2 2
13 82 60 16128 918 459 459 14 2 2 2
13 82 61 16128 918 459 459 14 2 2 2
13 82 62 16128 918 459 459 14 2 2 2
13 82 63 8064 918 459 459 14 2 2 1
13 82 64 4032 918 459 459 14 2 2 1
13 82 66 8064 918 459 459 14 2 2 2
13 82 67 8064 918 459 459 14 2 2 2
13 82 68 8064 918 459 459 14 2 2 2
13 82 69 8064 918 459 459 14 2 2 2
13 82 70 8064 918 459 459 14 2 2 2
13 82 71 8064 918 459 459 14 2 2 2
13 82 80 8064 918 459 459 14 2 2 2
13 82 82 8064 918 459 459 14 2 2 2
13 82 84 16128 918 459 459 14 2 2 3
13 82 85 16128 918 459 459 14 2 2 3
13 82 86 16128 918 459 459 14 2 2 3
13 82 87 16128 918 459 459 14 2 2 3
13 82 88 8064 918 459 459 14 2 2 2
13 82 91 8064 918 459 459 14 2 2 2
13 82 92 16128 918 459 459 14 2 2 3
13 82 93 16128 918 459 459 14 2 2 3
13 82 94 16128 918 459 459 14 2 2 3
13 82 95 16128 918 459 459 14 2 2 3
13 82 96 8064 918 459 459 14 2 2 2
13 82 98 16128 918 459 459 14 2 2 3
13 82 99 16128 918 459 459 14 2 2 3
13 82 100 8064 918 459 459 14 2 2 2
13 82 102 16128 918 459 459 14 2 2 3
13 82 103 16128 918 459 459 14 2 2 3
13 82 104 8064 918 459 459 14 2 2 2
13 82 106 16128 918 459 459 14 2 2 3
13 82 107 16128 918 459 459 14 2 2 3
13 82 109 8064 918 459 459 14 2 2 2
13 82 110 16128 918 459 459 14 2 2 3
13 82 111 16128 918 459 459 14 2 2 3
13 82 112 8064 918 459 459 14 2 2 2
13 82 114 16128 918 459 459 14 2 2 3
13 82 115 16128 918 459 459 14 2 2 3
13 82 116 16128 918 459 459 14 2 2 3
13 82 117 16128 918 459 459 14 2 2 3
13 82 118 8064 918 459 459 14 2 2 2
13 82 120 8064 918 459 459 14 2 2 2
13 82 122 16128 918 459 459 14 2 2 3
13 82 123 16128 918 459 459 14 2 2 3
13 82 124 16128 918 459 459 14 2 2 3
13 82 125 16128 918 459 459 14 2 2 3
13 82 127 8064 918 459 459 14 2 2 2
13 82 128 4032 918 459 459 14 2 2 1
13 82 129 8064 918 459 459 14 2 2 2
13 82 132 8064 918 459 459 14 2 2 2
13 82 133 8064 918 459 459 14 2 2 2
13 82 134 8064 918 459 459 14 2 2 2
13 82 135 8064 918 459 459 14 2 2 2
13 82 136 8064 918 459 459 14 2 2 2
13 82 137 8064 918 459 459 14 2 2 2
13 82 140 16128 918 459 459 14 2 2 3
13 82 141 16128 918 459 459 14 2 2 3
13 82 142 16128 918 459 459 14 2 2 3
13 82 143 16128 918 459 459 14 2 2 3
13 82 160 8064 918 459 459 14 2 2 2
13 82 161 16128 918 459 459 14 2 2 3
13 82 164 8064 918 459 459 14 2 2 2
13 82 165 16128 918 459 459 14 2 2 3
13 82 168 8064 918 459 459 14 2 2 2
13 82 169 16128 918 459 459 14 2 2 3
13 82 172 16128 918 459 459 14 2 2 3
13 82 173 8064 918 459 459 14 2 2 2
13 82 176 8064 918 459 459 14 2 2 2
13 82 177 16128 918 459 459 14 2 2 3
13 82 182 8064 918 459 459 14 2 2 2
13 82 183 16128 918 459 459 14 2 2 3
13 82 184 8064 918 459 459 14 2 2 2
13 82 185 16128 918 459 459 14 2 2 3
13 82 190 16128 918 459 459 14 2 2 3
13 82 191 8064 918 459 459 14 2 2 2
13 82 192 4032 918 459 459 14 2 2 1
13 82 196 8064 918 459 459 14 2 2 2
13 82 197 8064 918 459 459 14 2 2 2
13 82 198 8064 918 459 459 14 2 2 2
13 82 199 8064 918 459 459 14 2 2 2
13 82 224 8064 918 459 459 14 2 2 2
13 82 228 8064 918 459 459 14 2 2 2
13 82 232 8064 918 459 459 14 2 2 2
13 82 237 8064 918 459 459 14 2 2 2
13 82 240 8064 918 459 459 14 2 2 2
13 82 246 8064 918 459 459 14 2 2 2
13 82 248 8064 918 459 459 14 2 2 2
13 82 255 8064 918 459 459 14 2 2 2
13 82 256 4032 918 459 459 14 2 2 1
13 82 257 8064 918 459 459 14 2 2 2
13 82 258 8064 918 459 459 14 2 2 2
13 82 259 8064 918 459 459 14 2 2 2
13 82 264 8064 918 459 459 14 2 2 2
13 82 265 8064 918 459 459 14 2 2 2
13 82 266 16128 918 459 459 14 2 2 3
13 82 267 16128 918 459 459 14 2 2 3
13 82 272 8064 918 459 459 14 2 2 2
13 82 273 16128 918 459 459 14 2 2 3
13 82 274 8064 918 459 459 14 2 2 2
13 82 275 16128 918 459 459 14 2 2 3
13 82 280 8064 918 459 459 14 2 2 2
13 82 281 16128 918 459 459 14 2 2 3
13 82 282 16128 918 459 459 14 2 2 3
13 82 283 8064 918 459 459 14 2 2 2
13 82 320 4032 918 459 459 14 2 2 1
13 82 322 8064 918 459 459 14 2 2 2
13 82 323 8064 918 459 459 14 2 2 2
13 82 336 8064 918 459 459 14 2 2 2
13 82 338 8064 918 459 459 14 2 2 2
13 82 344 8064 918 459 459 14 2 2 2
13 82 347 8064 918 459 459 14 2 2 2
13 82 384 4032 918 459 459 14 2 2 1
13 82 385 8064 918 459 459 14 2 2 2
13 82 392 8064 918 459 459 14 2 2 2
13 82 393 8064 918 459 459 14 2 2 2
13 82 448 4032 918 459 459 14 2 2 1
13 84 1 16128 918 459 459 14 2 3 1
13 84 2 16128 918 459 459 14 2 3 1
13 84 3 16128 918 459 459 14 2 3 1
13 84 4 16128 918 459 459 14 2 3 1
13 84 5 16128 918 459 459 14 2 3 1
13 84 6 16128 918 459 459 14 2 3 1
13 84 7 16128 918 459 459 14 2 3 1
13 84 8 8064 918 459 459 14 2 3 1
13 84 10 16128 918 459 459 14 2 3 2
13 84 11 16128 918 459 459 14 2 3 2
13 84 12 16128 918 459 459 14 2 3 2
13 84 13 16128 918 459 459 14 2 3 2
13 84 14 16128 918 459 459 14 2 3 2
13 84 15 16128 918 459 459 14 2 3 2
13 84 16 16128 918 459 459 14 2 3 1
13 84 17 16128 918 459 459 14 2 3 2
13 84 20 8064 918 459 459 14 2 3 2
13 84 21 16128 918 459 459 14 2 3 2
13 84 22 16128 918 459 459 14 2 3 2
13 84 23 16128 918 459 459 14 2 3 2
13 84 24 16128 918 459 459 14 2 3 1
13 84 25 16128 918 459 459 14 2 3 2
13 84 28 8064 918 459 459 14 2 3 2
13 84 30 16128 918 459 459 14 2 3 2
13 84 31 16128 918 459 459 14 2 3 2
13 84 32 8064 918 459 459 14 2 3 1
13 84 33 16128 918 459 459 14 2 3 2
13 84 38 16128 918 459 459 14 2 3 2
13 84 39 16128 918 459 459 14 2 3 2
13 84 40 8064 918 459 459 14 2 3 1
13 84 46 16128 918 459 459 14 2 3 2
13 84 47 16128 918 459 459 14 2 3 2
13 84 52 8064 918 459 459 14 2 3 2
13 84 53 16128 918 459 459 14 2 3 2
13 84 60 8064 918 459 459 14 2 3 2
13 84 64 8064 918 459 459 14 2 3 1
13 84 65 16128 918 459 459 14 2 3 1
13 84 66 16128 918 459 459 14 2 3 2
13 84 67 16128 918 459 459 14 2 3 2
13 84 68 16128 918 459 459 14 2 3 2
13 84 69 16128 918 459 459 14 2 3 2
13 84 70 16128 918 459 459 14 2 3 2
13 84 71 16128 918 459 459 14 2 3 2
13 84 72 8064 918 459 459 14 2 3 1
13 84 74 16128 918 459 459 14 2 3 2
13 84 75 16128 918 459 459 14 2 3 2
13 84 76 16128 918 459 459 14 2 3 2
13 84 77 16128 918 459 459 14 2 3 2
13 84 78 16128 918 459 459 14 2 3 2
13 84 79 16128 918 459 459 14 2 3 2
13 84 80 16128 918 459 459 14 2 3 2
13 84 81 16128 918 459 459 14 2 3 2
13 84 84 8064 918 459 459 14 2 3 3
13 84 85 16128 918 459 459 14 2 3 3
13 84 86 16128 918 459 459 14 2 3 3
13 84 87 16128 918 459 459 14 2 3 3
13 84 88 16128 918 459 459 14 2 3 2
13 84 89 16128 918 459 459 14 2 3 2
13 84 92 8064 918 459 459 14 2 3 3
13 84 94 16128 918 459 459 14 2 3 3
13 84 95 16128 918 459 459 14 2 3 3
13 84 96 8064 918 459 459 14 2 3 2
13 84 97 16128 918 459 459 14 2 3 2
13 84 102 16128 918 459 459 14 2 3 3
13 84 103 16128 918 459 459 14 2 3 3
13 84 104 8064 918 459 459 14 2 3 2
13 84 110 16128 918 459 459 14 2 3 3
13 84 111 16128 918 459 459 14 2 3 3
13 84 116 8064 918 459 459 14 2 3 3
13 84 117 16128 918 459 459 14 2 3 3
13 84 124 8064 918 459 459 14 2 3 3
13 84 128 16128 918 459 459 14 2 3 1
13 84 129 16128 918 459 459 14 2 3 2
13 84 130 16128 918 459 459 14 2 3 1
13 84 131 16128 918 459 459 14 2 3 2
13 84 132 16128 918 459 459 14 2 3 2
13 84 133 16128 918 459 459 14 2 3 2
13 84 134 16128 918 459 459 14 2 3 2
13 84 135 16128 918 459 459 14 2 3 2
13 84 136 16128 918 459 459 14 2 3 2
13 84 137 16128 918 459 459 14 2 3 2
13 84 138 16128 918 459 459 14 2 3 2
13 84 139 16128 918 459 459 14 2 3 2
13 84 140 16128 918 459 459 14 2 3 3
13 84 141 16128 918 459 459 14 2 3 3
13 84 142 16128 918 459 459 14 2 3 3
13 84 143 16128 918 459 459 14 2 3 3
13 84 144 16128 918 459 459 14 2 3 1
13 84 145 16128 918 459 459 14 2 3 2
13 84 146 16128 918 459 459 14 2 3 1
13 84 147 16128 918 459 459 14 2 3 2
13 84 148 16128 918 459 459 14 2 3 2
13 84 149 16128 918 459 459 14 2 3 2
13 84 150 16128 918 459 459 14 2 3 2
13 84 151 16128 918 459 459 14 2 3 2
13 84 152 16128 918 459 459 14 2 3 2
13 84 153 16128 918 459 459 14 2 3 2
13 84 154 16128 918 459 459 14 2 3 2
13 84 155 16128 918 459 459 14 2 3 2
13 84 156 16128 918 459 459 14 2 3 3
13 84 157 16128 918 459 459 14 2 3 3
13 84 158 16128 918 459 459 14 2 3 3
13 84 159 16128 918 459 459 14 2 3 3
13 84 160 16128 918 459 459 14 2 3 2
13 84 161 16128 918 459 459 14 2 3 3
13 84 162 16128 918 459 459 14 2 3 2
13 84 163 16128 918 459 459 14 2 3 3
13 84 164 16128 918 459 459 14 2 3 2
13 84 165 16128 918 459 459 14 2 3 3
13 84 166 16128 918 459 459 14 2 3 2
13 84 167 16128 918 459 459 14 2 3 3
13 84 168 16128 918 459 459 14 2 3 2
13 84 169 16128 918 459 459 14 2 3 3
13 84 170 16128 918 459 459 14 2 3 2
13 84 171 16128 918 459 459 14 2 3 3
13 84 172 16128 918 459 459 14 2 3 3
13 84 173 16128 918 459 459 14 2 3 2
13 84 174 16128 918 459 459 14 2 3 3
13 84 175 16128 918 459 459 14 2 3 2
13 84 176 16128 918 459 459 14 2 3 2
13 84 177 16128 918 459 459 14 2 3 3
13 84 178 16128 918 459 459 14 2 3 2
13 84 179 16128 918 459 459 14 2 3 3
13 84 180 16128 918 459 459 14 2 3 2
13 84 181 16128 918 459 459 14 2 3 3
13 84 182 16128 918 459 459 14 2 3 2
13 84 183 16128 918 459 459 14 2 3 3
13 84 184 16128 918 459 459 14 2 3 2
13 84 185 16128 918 459 459 14 2 3 3
13 84 186 16128 918 459 459 14 2 3 2
13 84 187 16128 918 459 459 14 2 3 3
13 84 188 16128 918 459 459 14 2 3 3
13 84 189 16128 918 459 459 14 2 3 2
13 84 190 16128 918 459 459 14 2 3 3
13 84 191 16128 918 459 459 14 2 3 2
13 84 192 16128 918 459 459 14 2 3 1
13 84 193 16128 918 459 459 14 2 3 2
13 84 194 16128 918 459 459 14 2 3 2
13 84 195 16128 918 459 459 14 2 3 1
13 84 196 16128 918 459 459 14 2 3 2
13 84 197 16128 918 459 459 14 2 3 2
13 84 198 16128 918 459 459 14 2 3 2
13 84 199 16128 918 459 459 14 2 3 2
13 84 200 16128 918 459 459 14 2 3 2
13 84 201 16128 918 459 459 14 2 3 2
13 84 202 16128 918 459 459 14 2 3 2
13 84 203 16128 918 459 459 14 2 3 2
13 84 204 16128 918 459 459 14 2 3 3
13 84 205 16128 918 459 459 14 2 3 3
13 84 206 16128 918 459 459 14 2 3 3
13 84 207 16128 918 459 459 14 2 3 3
13 84 208 16128 918 459 459 14 2 3 2
13 84 209 16128 918 459 459 14 2 3 2
13 84 210 16128 918 459 459 14 2 3 2
13 84 211 16128 918 459 459 14 2 3 2
13 84 212 16128 918 459 459 14 2 3 3
13 84 213 16128 918 459 459 14 2 3 3
13 84 214 16128 918 459 459 14 2 3 3
13 84 215 16128 918 459 459 14 2 3 3
13 84 216 16128 918 459 459 14 2 3 1
13 84 217 16128 918 459 459 14 2 3 2
13 84 218 16128 918 459 459 14 2 3 2
13 84 219 16128 918 459 459 14 2 3 1
13 84 220 16128 918 459 459 14 2 3 2
13 84 221 16128 918 459 459 14 2 3 2
13 84 222 16128 918 459 459 14 2 3 2
13 84 223 16128 918 459 459 14 2 3 2
13 84 224 16128 918 459 459 14 2 3 2
13 84 225 16128 918 459 459 14 2 3 3
13 84 226 16128 918 459 459 14 2 3 3
13 84 227 16128 918 459 459 14 2 3 2
13 84 228 16128 918 459 459 14 2 3 2
13 84 229 16128 918 459 459 14 2 3 3
13 84 230 16128 918 459 459 14 2 3 3
13 84 231 16128 918 459 459 14 2 3 2
13 84 232 16128 918 459 459 14 2 3 2
13 84 233 16128 918 459 459 14 2 3 3
13 84 234 16128 918 459 459 14 2 3 3
13 84 235 16128 918 459 459 14 2 3 2
13 84 236 16128 918 459 459 14 2 3 3
13 84 237 16128 918 459 459 14 2 3 2
13 84 238 16128 918 459 459 14 2 3 2
13 84 239 16128 918 459 459 14 2 3 3
13 84 240 16128 918 459 459 14 2 3 2
13 84 241 16128 918 459 459 14 2 3 3
13 84 242 16128 918 459 459 14 2 3 3
13 84 243 16128 918 459 459 14 2 3 2
13 84 244 16128 918 459 459 14 2 3 3
13 84 245 16128 918 459 459 14 2 3 2
13 84 246 16128 918 459 459 14 2 3 2
13 84 247 16128 918 459 459 14 2 3 3
13 84 248 16128 918 459 459 14 2 3 2
13 84 249 16128 918 459 459 14 2 3 3
13 84 250 16128 918 459 459 14 2 3 3
13 84 251 16128 918 459 459 14 2 3 2
13 84 252 16128 918 459 459 14 2 3 2
13 84 253 16128 918 459 459 14 2 3 3
13 84 254 16128 918 459 459 14 2 3 3
13 84 255 16128 918 459 459 14 2 3 2
13 84 256 8064 918 459 459 14 2 3 1
13 84 257 16128 918 459 459 14 2 3 2
13 84 258 16128 918 459 459 14 2 3 2
13 84 259 16128 918 459 459 14 2 3 2
13 84 260 16128 918 459 459 14 2 3 1
13 84 261 16128 918 459 459 14 2 3 2
13 84 262 16128 918 459 459 14 2 3 2
13 84 263 16128 918 459 459 14 2 3 2
13 84 264 8064 918 459 459 14 2 3 2
13 84 266 16128 918 459 459 14 2 3 3
13 84 267 16128 918 459 459 14 2 3 3
13 84 268 16128 918 459 459 14 2 3 2
13 84 269 16128 918 459 459 14 2 3 2
13 84 270 16128 918 459 459 14 2 3 3
13 84 271 16128 918 459 459 14 2 3 3
13 84 272 16128 918 459 459 14 2 3 2
13 84 273 16128 918 459 459 14 2 3 3
13 84 276 8064 918 459 459 14 2 3 2
13 84 277 16128 918 459 459 14 2 3 3
13 84 278 16128 918 459 459 14 2 3 2
13 84 279 16128 918 459 459 14 2 3 3
13 84 280 16128 918 459 459 14 2 3 2
13 84 281 16128 918 459 459 14 2 3 3
13 84 284 8064 918 459 459 14 2 3 2
13 84 286 16128 918 459 459 14 2 3 3
13 84 287 16128 918 459 459 14 2 3 2
13 84 288 8064 918 459 459 14 2 3 1
13 84 289 16128 918 459 459 14 2 3 2
13 84 294 16128 918 459 459 14 2 3 2
13 84 295 16128 918 459 459 14 2 3 2
13 84 296 8064 918 459 459 14 2 3 2
13 84 302 16128 918 459 459 14 2 3 3
13 84 303 16128 918 459 459 14 2 3 3
13 84 308 8064 918 459 459 14 2 3 2
13 84 309 16128 918 459 459 14 2 3 3
13 84 316 8064 918 459 459 14 2 3 2
13 84 320 8064 918 459 459 14 2 3 1
13 84 321 16128 918 459 459 14 2 3 2
13 84 322 16128 918 459 459 14 2 3 2
13 84 323 16128 918 459 459 14 2 3 2
13 84 324 16128 918 459 459 14 2 3 2
13 84 325 16128 918 459 459 14 2 3 1
13 84 326 16128 918 459 459 14 2 3 2
13 84 327 16128 918 459 459 14 2 3 2
13 84 328 8064 918 459 459 14 2 3 2
13 84 330 16128 918 459 459 14 2 3 3
13 84 331 16128 918 459 459 14 2 3 3
13 84 332 16128 918 459 459 14 2 3 2
13 84 333 16128 918 459 459 14 2 3 2
13 84 334 16128 918 459 459 14 2 3 3
13 84 335 16128 918 459 459 14 2 3 3
13 84 336 16128 918 459 459 14 2 3 2
13 84 337 16128 918 459 459 14 2 3 3
13 84 340 8064 918 459 459 14 2 3 3
13 84 341 16128 918 459 459 14 2 3 2
13 84 342 16128 918 459 459 14 2 3 3
13 84 343 16128 918 459 459 14 2 3 2
13 84 344 16128 918 459 459 14 2 3 2
13 84 345 16128 918 459 459 14 2 3 3
13 84 348 8064 918 459 459 14 2 3 3
13 84 350 16128 918 459 459 14 2 3 2
13 84 351 16128 918 459 459 14 2 3 3
13 84 352 8064 918 459 459 14 2 3 2
13 84 353 16128 918 459 459 14 2 3 2
13 84 358 16128 918 459 459 14 2 3 3
13 84 359 16128 918 459 459 14 2 3 3
13 84 360 8064 918 459 459 14 2 3 1
13 84 366 16128 918 459 459 14 2 3 2
13 84 367 16128 918 459 459 14 2 3 2
13 84 372 8064 918 459 459 14 2 3 3
13 84 373 16128 918 459 459 14 2 3 2
13 84 380 8064 918 459 459 14 2 3 3
16 1 1 168 918 459 459 14 1 1 1
16 1 2 336 918 459 459 14 1 1 1
16 1 4 336 918 459 459 14 1 1 1
16 1 6 336 918 459 459 14 1 1 1
16 1 8 126 918 459 459 14 1 1 1
16 1 10 1008 918 459 459 14 1 1 2
16 1 12 1008 918 459 459 14 1 1 2
16 1 14 1008 918 459 459 14 1 1 2
16 1 16 252 918 459 459 14 1 1 1
16 1 17 504 918 459 459 14 1 1 2
16 1 20 2016 918 459 459 14 1 1 2
16 1 22 2016 918 459 459 14 1 1 2
16 1 32 252 918 459 459 14 1 1 1
16 1 33 504 918 459 459 14 1 1 2
16 1 34 2016 918 459 459 14 1 1 2
16 1 48 252 918 459 459 14 1 1 1
16 1 49 504 918 459 459 14 1 1 2
16 1 80 252 918 459 459 14 1 1 2
16 1 84 2016 918 459 459 14 1 1 3
16 1 86 2016 918 459 459 14 1 1 3
16 1 96 252 918 459 459 14 1 1 2
16 1 98 2016 918 459 459 14 1 1 3
16 1 112 252 918 459 459 14 1 1 2
16 1 160 1008 918 459 459 14 1 1 2
16 1 161 1008 918 459 459 14 1 1 3
16 8 1 336 918 459 459 14 1 1 1
16 8 2 672 912 456 456 14 1 1 1
16 8 4 672 918 459 459 14 1 1 1
16 8 6 672 912 456 456 14 1 1 1
16 8 8 252 918 459 459 14 1 1 1
16 8 10 2016 912 456 456 14 1 1 2
16 8 12 2016 918 459 459 14 1 1 2
16 8 14 2016 912 456 456 14 1 1 2
16 8 16 504 918 459 459 14 1 1 1
16 8 17 1008 918 459 459 14 1 1 2
16 8 20 4032 918 459 459 14 1 1 2
16 8 22 4032 912 456 456 14 1 1 2
16 8 32 504 918 459 459 14 1 1 1
16 8 33 1008 918 459 459 14 1 1 2
16 8 34 4032 912 456 456 14 1 1 2
16 8 48 504 918 459 459 14 1 1 1
16 8 49 1008 918 459 459 14 1 1 2
16 8 80 504 918 459 459 14 1 1 2
16 8 84 4032 918 459 459 14 1 1 3
16 8 86 4032 912 456 456 14 1 1 3
16 8 96 504 918 459 459 14 1 1 2
16 8 98 4032 912 456 456 14 1 1 3
16 8 112 504 918 459 459 14 1 1 2
16 8 160 2016 918 459 459 14 1 1 2
16 8 161 2016 918 459 459 14 1 1 3
16 10 1 1008 918 459 459 14 1 2 1
16 10 2 2016 912 456 456 14 1 2 1
16 10 4 2016 918 459 459 14 1 2 1
16 10 6 2016 912 456 456 14 1 2 1
16 10 8 504 918 459 459 14 1 2 1
16 10 10 4032 912 456 456 14 1 2 2
16 10 12 4032 918 459 459 14 1 2 2
16 10 14 4032 912 456 456 14 1 2 2
16 10 16 1008 918 459 459 14 1 2 1
16 10 17 2016 918 459 459 14 1 2 2
16 10 20 8064 918 459 459 14 1 2 2
16 10 22 8064 912 456 456 14 1 2 2
16 10 32 1008 918 459 459 14 1 2 1
16 10 33 2016 918 459 459 14 1 2 2
16 10 34 8064 912 456 456 14 1 2 2
16 10 48 1008 918 459 459 14 1 2 1
16 10 49 2016 918 459 459 14 1 2 2
16 10 64 252 918 459 459 14 1 2 1
16 10 66 2016 912 456 456 14 1 2 2
16 10 68 2016 918 459 459 14 1 2 2
16 10 70 2016 912 456 456 14 1 2 2
16 10 80 1008 918 459 459 14 1 2 2
16 10 84 8064 918 459 459 14 1 2 3
16 10 86 8064 912 456 456 14 1 2 3
16 10 96 1008 918 459 459 14 1 2 2
16 10 98 8064 912 456 456 14 1 2 3
16 10 112 1008 918 459 459 14 1 2 2
16 10 128 504 918 459 459 14 1 2 1
16 10 129 1008 918 459 459 14 1 2 2
16 10 132 4032 918 459 459 14 1 2 2
16 10 134 4032 912 456 456 14 1 2 2
16 10 136 504 918 459 459 14 1 2 2
16 10 140 4032 918 459 459 14 1 2 3
16 10 142 4032 912 456 456 14 1 2 3
16 10 160 2016 918 459 459 14 1 2 2
16 10 161 2016 918 459 459 14 1 2 3
16 10 176 2016 918 459 459 14 1 2 2
16 10 177 2016 918 459 459 14 1 2 3
16 10 256 504 918 459 459 14 1 2 1
16 10 257 1008 918 459 459 14 1 2 2
16 10 258 4032 912 456 456 14 1 2 2
16 10 264 504 918 459 459 14 1 2 2
16 10 266 4032 912 456 456 14 1 2 3
16 10 272 2016 918 459 459 14 1 2 2
16 10 273 2016 918 459 459 14 1 2 3
16 10 384 504 918 459 459 14 1 2 1
16 10 385 1008 918 459 459 14 1 2 2
16 10 392 504 918 459 459 14 1 2 2
16 64 1 336 918 459 459 14 1 1 1
16 64 2 672 918 459 459 14 1 1 1
16 64 4 672 912 456 456 14 1 1 1
16 64 6 672 912 456 456 14 1 1 1
16 64 8 252 918 459 459 14 1 1 1
16 64 10 2016 918 459 459 14 1 1 2
16 64 12 2016 912 456 456 14 1 1 2
16 64 14 2016 912 456 456 14 1 1 2
16 64 16 504 918 459 459 14 1 1 1
16 64 17 1008 918 459 459 14 1 1 2
16 64 20 4032 912 456 456 14 1 1 2
16 64 22 4032 912 456 456 14 1 1 2
16 64 32 504 918 459 459 14 1 1 1
16 64 33 1008 918 459 459 14 1 1 2
16 64 34 4032 918 459 459 14 1 1 2
16 64 48 504 918 459 459 14 1 1 1
16 64 49 1008 918 459 459 14 1 1 2
16 64 80 504 918 459 459 14 1 1 2
16 64 84 4032 912 456 456 14 1 1 3
16 64 86 4032 912 456 456 14 1 1 3
16 64 96 504 918 459 459 14 1 1 2
16 64 98 4032 918 459 459 14 1 1 3
16 64 112 504 918 459 459 14 1 1 2
16 64 160 2016 918 459 459 14 1 1 2
16 64 161 2016 918 459 459 14 1 1 3
16 66 1 1008 918 459 459 14 1 2 1
16 66 2 2016 918 459 459 14 1 2 1
16 66 4 2016 912 456 456 14 1 2 1
16 66 6 2016 912 456 456 14 1 2 1
16 66 8 504 918 459 459 14 1 2 1
16 66 10 4032 918 459 459 14 1 2 2
16 66 12 4032 912 456 456 14 1 2 2
16 66 14 4032 912 456 456 14 1 2 2
16 66 16 1008 918 459 459 14 1 2 1
16 66 17 2016 918 459 459 14 1 2 2
16 66 20 8064 912 456 456 14 1 2 2
16 66 22 8064 912 456 456 14 1 2 2
16 66 32 1008 918 459 459 14 1 2 1
16 66 33 2016 918 459 459 14 1 2 2
16 66 34 8064 918 459 459 14 1 2 2
16 66 48 1008 918 459 459 14 1 2 1
16 66 49 2016 918 459 459 14 1 2 2
16 66 64 252 918 459 459 14 1 2 1
16 66 66 2016 918 459 459 14 1 2 2
16 66 68 2016 912 456 456 14 1 2 2
16 66 70 2016 912 456 456 14 1 2 2
16 66 80 1008 918 459 459 14 1 2 2
16 66 84 8064 912 456 456 14 1 2 3
16 66 86 8064 912 456 456 14 1 2 3
16 66 96 1008 918 459 459 14 1 2 2
16 66 98 8064 918 459 459 14 1 2 3
16 66 112 1008 918 459 459 14 1 2 2
16 66 128 504 918 459 459 14 1 2 1
16 66 129 1008 918 459 459 14 1 2 2
16 66 132 4032 912 456 456 14 1 2 2
16 66 134 4032 912 456 456 14 1 2 2
16 66 136 504 918 459 459 14 1 2 2
16 66 140 4032 912 456 456 14 1 2 3
16 66 142 4032 912 456 456 14 1 2 3
16 66 160 2016 918 459 459 14 1 2 2
16 66 161 2016 918 459 459 14 1 2 3
16 66 176 2016 918 459 459 14 1 2 2
16 66 177 2016 918 459 459 14 1 2 3
16 66 256 504 918 459 459 14 1 2 1
16 66 257 1008 918 459 459 14 1 2 2
16 66 258 4032 918 459 459 14 1 2 2
16 66 264 504 918 459 459 14 1 2 2
16 66 266 4032 918 459 459 14 1 2 3
16 66 272 2016 918 459 459 14 1 2 2
16 66 273 2016 918 459 459 14 1 2 3
16 66 384 504 918 459 459 14 1 2 1
16 66 385 1008 918 459 459 14 1 2 2
16 66 392 504 918 459 459 14 1 2 2
16 72 1 336 918 459 459 14 1 1 1
16 72 2 672 912 456 456 14 1 1 1
16 72 4 672 912 456 456 14 1 1 1
16 72 6 672 906 453 453 13 1 1 1
16 72 8 252 918 459 459 14 1 1 1
16 72 10 2016 912 456 456 14 1 1 2
16 72 12 2016 912 456 456 14 1 1 2
16 72 14 2016 906 453 453 13 1 1 2
16 72 16 504 918 459 459 14 1 1 1
16 72 17 1008 918 459 459 14 1 1 2
16 72 20 4032 912 456 456 14 1 1 2
16 72 22 4032 906 453 453 13 1 1 2
16 72 32 504 918 459 459 14 1 1 1
16 72 33 1008 918 459 459 14 1 1 2
16 72 34 4032 912 456 456 14 1 1 2
16 72 48 504 918 459 459 14 1 1 1
16 72 49 1008 918 459 459 14 1 1 2
16 72 80 504 918 459 459 14 1 1 2
16 72 84 4032 912 456 456 14 1 1 3
16 72 86 4032 906 453 453 13 1 1 3
16 72 96 504 918 459 459 14 1 1 2
16 72 98 4032 912 456 456 14 1 1 3
16 72 112 504 918 459 459 14 1 1 2
16 72 160 2016 918 459 459 14 1 1 2
16 72 161 2016 918 459 459 14 1 1 3
16 74 1 1008 918 459 459 14 1 2 1
16 74 2 2016 912 456 456 14 1 2 1
16 74 4 2016 912 456 456 14 1 2 1
16 74 6 2016 906 453 453 13 1 2 1
16 74 8 504 918 459 459 14 1 2 1
16 74 10 4032 912 456 456 14 1 2 2
16 74 12 4032 912 456 456 14 1 2 2
16 74 14 4032 906 453 453 13 1 2 2
16 74 16 1008 918 459 459 14 1 2 1
16 74 17 2016 918 459 459 14 1 2 2
16 74 20 8064 912 456 456 14 1 2 2
16 74 22 8064 906 453 453 13 1 2 2
16 74 32 1008 918 459 459 14 1 2 1
16 74 33 2016 918 459 459 14 1 2 2
16 74 34 8064 912 456 456 14 1 2 2
16 74 48 1008 918 459 459 14 1 2 1
16 74 49 2016 918 459 459 14 1 2 2
16 74 64 252 918 459 459 14 1 2 1
16 74 66 2016 912 456 456 14 1 2 2
16 74 68 2016 912 456 456 14 1 2 2
16 74 70 2016 906 453 453 13 1 2 2
16 74 80 1008 918 459 459 14 1 2 2
16 74 84 8064 912 456 456 14 1 2 3
16 74 86 8064 906 453 453 13 1 2 3
16 74 96 1008 918 459 459 14 1 2 2
16 74 98 8064 912 456 456 14 1 2 3
16 74 112 1008 918 459 459 14 1 2 2
16 74 128 504 918 459 459 14 1 2 1
16 74 129 1008 918 459 459 14 1 2 2
16 74 132 4032 912 456 456 14 1 2 2
16 74 134 4032 906 453 453 13 1 2 2
16 74 136 504 918 459 459 14 1 2 2
16 74 140 4032 912 456 456 14 1 2 3
16 74 142 4032 906 453 453 13 1 2 3
16 74 160 2016 918 459 459 14 1 2 2
16 74 161 2016 918 459 459 14 1 2 3
16 74 176 2016 918 459 459 14 1 2 2
16 74 177 2016 918 459 459 14 1 2 3
16 74 256 504 918 459 459 14 1 2 1
16 74 257 1008 918 459 459 14 1 2 2
16 74 258 4032 912 456 456 14 1 2 2
16 74 264 504 918 459 459 14 1 2 2
16 74 266 4032 912 456 456 14 1 2 3
16 74 272 2016 918 459 459 14 1 2 2
16 74 273 2016 918 459 459 14 1 2 3
16 74 384 504 918 459 459 14 1 2 1
16 74 385 1008 918 459 459 14 1 2 2
16 74 392 504 918 459 459 14 1 2 2
16 80 1 2016 918 459 459 14 1 2 1
16 80 2 4032 918 459 459 14 1 2 1
16 80 4 4032 912 456 456 14 1 2 1
16 80 6 4032 912 456 456 14 1 2 1
16 80 8 2016 918 459 459 14 1 2 1
16 80 9 2016 918 459 459 14 1 2 1
16 80 10 8064 918 459 459 14 1 2 2
16 80 12 8064 912 456 456 14 1 2 2
16 80 14 8064 912 456 456 14 1 2 2
16 80 16 4032 912 456 456 14 1 2 1
16 80 17 8064 912 456 456 14 1 2 2
16 80 18 4032 912 456 456 14 1 2 1
16 80 19 8064 912 456 456 14 1 2 2
16 80 20 16128 906 453 453 13 1 2 2
16 80 22 16128 906 453 453 13 1 2 2
16 80 32 4032 918 459 459 14 1 2 1
16 80 33 8064 918 459 459 14 1 2 2
16 80 34 16128 918 459 459 14 1 2 2
16 80 36 4032 912 456 456 14 1 2 1
16 80 37 8064 912 456 456 14 1 2 2
16 80 38 16128 912 456 456 14 1 2 2
16 80 48 4032 912 456 456 14 1 2 1
16 80 49 8064 912 456 456 14 1 2 2
16 80 50 16128 912 456 456 14 1 2 2
16 80 52 16128 906 453 453 13 1 2 2
16 80 54 4032 906 453 453 13 1 2 1
16 80 55 8064 906 453 453 13 1 2 2
16 80 64 1008 918 459 459 14 1 2 1
16 80 66 4032 918 459 459 14 1 2 2
16 80 68 4032 912 456 456 14 1 2 2
16 80 70 4032 912 456 456 14 1 2 2
16 80 80 4032 912 456 456 14 1 2 2
16 80 82 4032 912 456 456 14 1 2 2
16 80 84 16128 906 453 453 13 1 2 3
16 80 86 16128 906 453 453 13 1 2 3
16 80 96 4032 918 459 459 14 1 2 2
16 80 98 16128 918 459 459 14 1 2 3
16 80 100 4032 912 456 456 14 1 2 2
16 80 102 16128 912 456 456 14 1 2 3
16 80 112 4032 912 456 456 14 1 2 2
16 80 114 16128 912 456 456 14 1 2 3
16 80 116 16128 906 453 453 13 1 2 3
16 80 118 4032 906 453 453 13 1 2 2
16 80 128 2016 918 459 459 14 1 2 1
16 80 129 2016 918 459 459 14 1 2 2
16 80 132 8064 912 456 456 14 1 2 2
16 80 134 8064 912 456 456 14 1 2 2
16 80 136 2016 918 459 459 14 1 2 2
16 80 137 2016 918 459 459 14 1 2 2
16 80 140 8064 912 456 456 14 1 2 3
16 80 142 8064 912 456 456 14 1 2 3
16 80 160 8064 918 459 459 14 1 2 2
16 80 161 8064 918 459 459 14 1 2 3
16 80 164 8064 912 456 456 14 1 2 2
16 80 165 8064 912 456 456 14 1 2 3
16 80 176 8064 912 456 456 14 1 2 2
16 80 177 8064 912 456 456 14 1 2 3
16 80 182 8064 906 453 453 13 1 2 2
16 80 183 8064 906 453 453 13 1 2 3
16 80 256 2016 918 459 459 14 1 2 1
16 80 257 2016 918 459 459 14 1 2 2
16 80 258 8064 918 459 459 14 1 2 2
16 80 264 2016 918 459 459 14 1 2 2
16 80 265 2016 918 459 459 14 1 2 2
16 80 266 8064 918 459 459 14 1 2 3
16 80 272 8064 912 456 456 14 1 2 2
16 80 273 8064 912 456 456 14 1 2 3
16 80 274 8064 912 456 456 14 1 2 2
16 80 275 8064 912 456 456 14 1 2 3
16 80 384 2016 918 459 459 14 1 2 1
16 80 385 2016 918 459 459 14 1 2 2
16 80 392 2016 918 459 459 14 1 2 2
16 80 393 2016 918 459 459 14 1 2 2
16 84 1 2016 918 459 459 14 1 3 1
16 84 2 4032 918 459 459 14 1 3 1
16 84 4 4032 912 456 456 14 1 3 1
16 84 6 4032 912 456 456 14 1 3 1
16 84 8 2016 918 459 459 14 1 3 1
16 84 9 2016 918 459 459 14 1 3 1
16 84 10 8064 918 459 459 14 1 3 2
16 84 12 8064 912 456 456 14 1 3 2
16 84 14 8064 912 456 456 14 1 3 2
16 84 16 4032 912 456 456 14 1 3 1
16 84 17 8064 912 456 456 14 1 3 2
16 84 18 4032 912 456 456 14 1 3 1
16 84 19 8064 912 456 456 14 1 3 2
16 84 20 16128 906 453 453 13 1 3 2
16 84 22 16128 906 453 453 13 1 3 2
16 84 32 4032 918 459 459 14 1 3 1
16 84 33 8064 918 459 459 14 1 3 2
16 84 34 16128 918 459 459 14 1 3 2
16 84 36 4032 912 456 456 14 1 3 1
16 84 37 8064 912 456 456 14 1 3 2
16 84 38 16128 912 456 456 14 1 3 2
16 84 48 4032 912 456 456 14 1 3 1
16 84 49 8064 912 456 456 14 1 3 2
16 84 50 16128 912 456 456 14 1 3 2
16 84 52 16128 906 453 453 13 1 3 2
16 84 54 4032 906 453 453 13 1 3 1
16 84 55 8064 906 453 453 13 1 3 2
16 84 64 1008 918 459 459 14 1 3 1
16 84 66 4032 918 459 459 14 1 3 2
16 84 68 4032 912 456 456 14 1 3 2
16 84 70 4032 912 456 456 14 1 3 2
16 84 80 4032 912 456 456 14 1 3 2
16 84 82 4032 912 456 456 14 1 3 2
16 84 84 16128 906 453 453 13 1 3 3
16 84 86 16128 906 453 453 13 1 3 3
16 84 96 4032 918 459 459 14 1 3 2
16 84 98 16128 918 459 459 14 1 3 3
16 84 100 4032 912 456 456 14 1 3 2
16 84 102 16128 912 456 456 14 1 3 3
16 84 112 4032 912 456 456 14 1 3 2
16 84 114 16128 912 456 456 14 1 3 3
16 84 116 16128 906 453 453 13 1 3 3
16 84 118 4032 906 453 453 13 1 3 2
16 84 128 2016 918 459 459 14 1 3 1
16 84 129 2016 918 459 459 14 1 3 2
16 84 132 8064 912 456 456 14 1 3 2
16 84 134 8064 912 456 456 14 1 3 2
16 84 136 2016 918 459 459 14 1 3 2
16 84 137 2016 918 459 459 14 1 3 2
16 84 140 8064 912 456 456 14 1 3 3
16 84 142 8064 912 456 456 14 1 3 3
16 84 160 8064 918 459 459 14 1 3 2
16 84 161 8064 918 459 459 14 1 3 3
16 84 164 8064 912 456 456 14 1 3 2
16 84 165 8064 912 456 456 14 1 3 3
16 84 176 8064 912 456 456 14 1 3 2
16 84 177 8064 912 456 456 14 1 3 3
16 84 182 8064 906 453 453 13 1 3 2
16 84 183 8064 906 453 453 13 1 3 3
16 84 256 2016 918 459 459 14 1 3 1
16 84 257 2016 918 459 459 14 1 3 2
16 84 258 8064 918 459 459 14 1 3 2
16 84 264 2016 918 459 459 14 1 3 2
16 84 265 2016 918 459 459 14 1 3 2
16 84 266 8064 918 459 459 14 1 3 3
16 84 272 8064 912 456 456 14 1 3 2
16 84 273 8064 912 456 456 14 1 3 3
16 84 274 8064 912 456 456 14 1 3 2
16 84 275 8064 912 456 456 14 1 3 3
16 84 384 2016 918 459 459 14 1 3 1
16 84 385 2016 918 459 459 14 1 3 2
16 84 392 2016 918 459 459 14 1 3 2
16 84 393 2016 918 459 459 14 1 3 2
20 1 1 336 918 459 459 14 2 1 1
20 1 2 672 918 459 459 14 2 1 1
20 1 3 672 918 459 459 14 2 1 1
20 1 4 336 918 459 459 14 2 1 1
20 1 5 336 918 459 459 14 2 1 1
20 1 8 252 918 459 459 14 2 1 1
20 1 10 2016 918 459 459 14 2 1 2
20 1 11 2016 918 459 459 14 2 1 2
20 1 12 1008 918 459 459 14 2 1 2
20 1 13 1008 918 459 459 14 2 1 2
20 1 16 504 918 459 459 14 2 1 1
20 1 17 2016 918 459 459 14 2 1 2
20 1 20 2016 918 459 459 14 2 1 2
20 1 21 1008 918 459 459 14 2 1 2
20 1 22 2016 918 459 459 14 2 1 2
20 1 23 2016 918 459 459 14 2 1 2
20 1 24 504 918 459 459 14 2 1 1
20 1 29 1008 918 459 459 14 2 1 2
20 1 30 2016 918 459 459 14 2 1 2
20 1 31 2016 918 459 459 14 2 1 2
20 1 32 252 918 459 459 14 2 1 1
20 1 33 1008 918 459 459 14 2 1 2
20 1 40 252 918 459 459 14 2 1 1
20 1 80 1008 918 459 459 14 2 1 2
20 1 84 2016 918 459 459 14 2 1 3
20 1 85 2016 918 459 459 14 2 1 3
20 1 86 4032 918 459 459 14 2 1 3
20 1 87 4032 918 459 459 14 2 1 3
20 1 96 504 918 459 459 14 2 1 2
20 1 160 1008 918 459 459 14 2 1 2
20 1 161 2016 918 459 459 14 2 1 3
20 1 168 504 918 459 459 14 2 1 2
20 1 232 504 918 459 459 14 2 1 2
20 8 1 672 918 459 459 14 2 1 1
20 8 2 1344 918 459 459 14 2 1 1
20 8 3 1344 918 459 459 14 2 1 1
20 8 4 672 918 459 459 14 2 1 1
20 8 5 672 918 459 459 14 2 1 1
20 8 8 504 918 459 459 14 2 1 1
20 8 10 4032 918 459 459 14 2 1 2
20 8 11 4032 918 459 459 14 2 1 2
20 8 12 2016 918 459 459 14 2 1 2
20 8 13 2016 918 459 459 14 2 1 2
20 8 16 1008 918 459 459 14 2 1 1
20 8 17 4032 918 459 459 14 2 1 2
20 8 20 4032 918 459 459 14 2 1 2
20 8 21 2016 918 459 459 14 2 1 2
20 8 22 4032 918 459 459 14 2 1 2
20 8 23 4032 918 459 459 14 2 1 2
20 8 24 1008 918 459 459 14 2 1 1
20 8 29 2016 918 459 459 14 2 1 2
20 8 30 4032 918 459 459 14 2 1 2
20 8 31 4032 918 459 459 14 2 1 2
20 8 32 504 918 459 459 14 2 1 1
20 8 33 2016 918 459 459 14 2 1 2
20 8 40 504 918 459 459 14 2 1 1
20 8 80 2016 918 459 459 14 2 1 2
20 8 84 4032 918 459 459 14 2 1 3
20 8 85 4032 918 459 459 14 2 1 3
20 8 86 8064 918 459 459 14 2 1 3
20 8 87 8064 918 459 459 14 2 1 3
20 8 96 1008 918 459 459 14 2 1 2
20 8 160 2016 918 459 459 14 2 1 2
20 8 161 4032 918 459 459 14 2 1 3
20 8 168 1008 918 459 459 14 2 1 2
20 8 232 1008 918 459 459 14 2 1 2
20 10 1 2016 918 459 459 14 2 2 1
20 10 2 4032 918 459 459 14 2 2 1
20 10 3 4032 918 459 459 14 2 2 1
20 10 4 2016 918 459 459 14 2 2 1
20 10 5 2016 918 459 459 14 2 2 1
20 10 8 1008 918 459 459 14 2 2 1
20 10 10 8064 918 459 459 14 2 2 2
20 10 11 8064 918 459 459 14 2 2 2
20 10 12 4032 918 459 459 14 2 2 2
20 10 13 4032 918 459 459 14 2 2 2
20 10 16 2016 918 459 459 14 2 2 1
20 10 17 8064 918 459 459 14 2 2 2
20 10 20 8064 918 459 459 14 2 2 2
20 10 21 4032 918 459 459 14 2 2 2
20 10 22 8064 918 459 459 14 2 2 2
20 10 23 8064 918 459 459 14 2 2 2
20 10 24 2016 918 459 459 14 2 2 1
20 10 29 4032 918 459 459 14 2 2 2
20 10 30 8064 918 459 459 14 2 2 2
20 10 31 8064 918 459 459 14 2 2 2
20 10 32 1008 918 459 459 14 2 2 1
20 10 33 4032 918 459 459 14 2 2 2
20 10 40 1008 918 459 459 14 2 2 1
20 10 64 504 918 459 459 14 2 2 1
20 10 66 4032 918 459 459 14 2 2 2
20 10 67 4032 918 459 459 14 2 2 2
20 10 68 2016 918 459 459 14 2 2 2
20 10 69 2016 918 459 459 14 2 2 2
20 10 80 2016 918 459 459 14 2 2 2
20 10 84 8064 918 459 459 14 2 2 3
20 10 85 4032 918 459 459 14 2 2 3
20 10 86 8064 918 459 459 14 2 2 3
20 10 87 8064 918 459 459 14 2 2 3
20 10 88 2016 918 459 459 14 2 2 2
20 10 93 4032 918 459 459 14 2 2 3
20 10 94 8064 918 459 459 14 2 2 3
20 10 95 8064 918 459 459 14 2 2 3
20 10 96 1008 918 459 459 14 2 2 2
20 10 104 1008 918 459 459 14 2 2 2
20 10 128 1008 918 459 459 14 2 2 1
20 10 129 4032 918 459 459 14 2 2 2
20 10 132 4032 918 459 459 14 2 2 2
20 10 133 2016 918 459 459 14 2 2 2
20 10 134 4032 918 459 459 14 2 2 2
20 10 135 4032 918 459 459 14 2 2 2
20 10 136 2016 918 459 459 14 2 2 2
20 10 140 4032 918 459 459 14 2 2 3
20 10 141 4032 918 459 459 14 2 2 3
20 10 142 8064 918 459 459 14 2 2 3
20 10 143 8064 918 459 459 14 2 2 3
20 10 160 2016 918 459 459 14 2 2 2
20 10 161 4032 918 459 459 14 2 2 3
20 10 168 1008 918 459 459 14 2 2 2
20 10 176 2016 918 459 459 14 2 2 2
20 10 177 8064 918 459 459 14 2 2 3
20 10 184 2016 918 459 459 14 2 2 2
20 10 192 1008 918 459 459 14 2 2 1
20 10 197 2016 918 459 459 14 2 2 2
20 10 198 4032 918 459 459 14 2 2 2
20 10 199 4032 918 459 459 14 2 2 2
20 10 232 1008 918 459 459 14 2 2 2
20 10 240 2016 918 459 459 14 2 2 2
20 10 248 2016 918 459 459 14 2 2 2
20 10 256 504 918 459 459 14 2 2 1
20 10 257 2016 918 459 459 14 2 2 2
20 10 264 1008 918 459 459 14 2 2 2
20 10 320 504 918 459 459 14 2 2 1
20 64 1 1344 912 456 456 14 2 1 1
20 64 2 1344 918 459 459 14 2 1 1
20 64 3 1344 912 456 456 14 2 1 1
20 64 4 1344 912 456 456 14 2 1 1
20 64 5 1344 918 459 459 14 2 1 1
20 64 6 1344 912 456 456 14 2 1 1
20 64 7 1344 918 459 459 14 2 1 1
20 64 8 1008 918 459 459 14 2 1 1
20 64 10 4032 918 459 459 14 2 1 2
20 64 11 4032 912 456 456 14 2 1 2
20 64 12 4032 912 456 456 14 2 1 2
20 64 13 4032 918 459 459 14 2 1 2
20 64 14 4032 912 456 456 14 2 1 2
20 64 15 4032 918 459 459 14 2 1 2
20 64 16 1008 918 459 459 14 2 1 1
20 64 17 4032 912 456 456 14 2 1 2
20 64 20 4032 912 456 456 14 2 1 2
20 64 21 4032 918 459 459 14 2 1 2
20 64 22 4032 912 456 456 14 2 1 2
20 64 23 4032 918 459 459 14 2 1 2
20 64 24 1008 918 459 459 14 2 1 1
20 64 28 4032 912 456 456 14 2 1 2
20 64 29 4032 918 459 459 14 2 1 2
20 64 30 4032 912 456 456 14 2 1 2
20 64 31 4032 918 459 459 14 2 1 2
20 64 32 1008 918 459 459 14 2 1 1
20 64 33 4032 912 456 456 14 2 1 2
20 64 34 4032 918 459 459 14 2 1 2
20 64 35 4032 912 456 456 14 2 1 2
20 64 40 1008 918 459 459 14 2 1 1
20 64 42 4032 918 459 459 14 2 1 2
20 64 43 4032 912 456 456 14 2 1 2
20 64 48 1008 918 459 459 14 2 1 1
20 64 49 4032 912 456 456 14 2 1 2
20 64 56 1008 918 459 459 14 2 1 1
20 64 80 2016 918 459 459 14 2 1 2
20 64 84 8064 912 456 456 14 2 1 3
20 64 85 8064 918 459 459 14 2 1 3
20 64 86 8064 912 456 456 14 2 1 3
20 64 87 8064 918 459 459 14 2 1 3
20 64 96 2016 918 459 459 14 2 1 2
20 64 98 8064 918 459 459 14 2 1 3
20 64 99 8064 912 456 456 14 2 1 3
20 64 112 2016 918 459 459 14 2 1 2
20 64 160 2016 918 459 459 14 2 1 2
20 64 161 8064 912 456 456 14 2 1 3
20 64 168 2016 918 459 459 14 2 1 2
20 64 224 2016 918 459 459 14 2 1 2
20 64 232 2016 918 459 459 14 2 1 2
20 66 1 4032 912 456 456 14 2 2 1
20 66 2 4032 918 459 459 14 2 2 1
20 66 3 4032 912 456 456 14 2 2 1
20 66 4 4032 912 456 456 14 2 2 1
20 66 5 4032 918 459 459 14 2 2 1
20 66 6 4032 912 456 456 14 2 2 1
20 66 7 4032 918 459 459 14 2 2 1
20 66 8 2016 918 459 459 14 2 2 1
20 66 10 8064 918 459 459 14 2 2 2
20 66 11 8064 912 456 456 14 2 2 2
20 66 12 8064 912 456 456 14 2 2 2
20 66 13 8064 918 459 459 14 2 2 2
20 66 14 8064 912 456 456 14 2 2 2
20 66 15 8064 918 459 459 14 2 2 2
20 66 16 2016 918 459 459 14 2 2 1
20 66 17 8064 912 456 456 14 2 2 2
20 66 20 8064 912 456 456 14 2 2 2
20 66 21 8064 918 459 459 14 2 2 2
20 66 22 8064 912 456 456 14 2 2 2
20 66 23 8064 918 459 459 14 2 2 2
20 66 24 2016 918 459 459 14 2 2 1
20 66 28 8064 912 456 456 14 2 2 2
20 66 29 8064 918 459 459 14 2 2 2
20 66 30 8064 912 456 456 14 2 2 2
20 66 31 8064 918 459 459 14 2 2 2
20 66 32 2016 918 459 459 14 2 2 1
20 66 33 8064 912 456 456 14 2 2 2
20 66 34 8064 918 459 459 14 2 2 2
20 66 35 8064 912 456 456 14 2 2 2
20 66 40 2016 918 459 459 14 2 2 1
20 66 42 8064 918 459 459 14 2 2 2
20 66 43 8064 912 456 456 14 2 2 2
20 66 48 2016 918 459 459 14 2 2 1
20 66 49 8064 912 456 456 14 2 2 2
20 66 56 2016 918 459 459 14 2 2 1
20 66 64 1008 918 459 459 14 2 2 1
20 66 66 4032 918 459 459 14 2 2 2
20 66 67 4032 912 456 456 14 2 2 2
20 66 68 4032 912 456 456 14 2 2 2
20 66 69 4032 918 459 459 14 2 2 2
20 66 70 4032 912 456 456 14 2 2 2
20 66 71 4032 918 459 459 14 2 2 2
20 66 80 2016 918 459 459 14 2 2 2
20 66 84 8064 912 456 456 14 2 2 3
20 66 85 8064 918 459 459 14 2 2 3
20 66 86 8064 912 456 456 14 2 2 3
20 66 87 8064 918 459 459 14 2 2 3
20 66 88 2016 918 459 459 14 2 2 2
20 66 92 8064 912 456 456 14 2 2 3
20 66 93 8064 918 459 459 14 2 2 3
20 66 94 8064 912 456 456 14 2 2 3
20 66 95 8064 918 459 459 14 2 2 3
20 66 96 2016 918 459 459 14 2 2 2
20 66 98 8064 918 459 459 14 2 2 3
20 66 99 8064 912 456 456 14 2 2 3
20 66 104 2016 918 459 459 14 2 2 2
20 66 106 8064 918 459 459 14 2 2 3
20 66 107 8064 912 456 456 14 2 2 3
20 66 112 2016 918 459 459 14 2 2 2
20 66 120 2016 918 459 459 14 2 2 2
20 66 128 1008 918 459 459 14 2 2 1
20 66 129 4032 912 456 456 14 2 2 2
20 66 132 4032 912 456 456 14 2 2 2
20 66 133 4032 918 459 459 14 2 2 2
20 66 134 4032 912 456 456 14 2 2 2
20 66 135 4032 918 459 459 14 2 2 2
20 66 136 2016 918 459 459 14 2 2 2
20 66 140 8064 912 456 456 14 2 2 3
20 66 141 8064 918 459 459 14 2 2 3
20 66 142 8064 912 456 456 14 2 2 3
20 66 143 8064 918 459 459 14 2 2 3
20 66 160 2016 918 459 459 14 2 2 2
20 66 161 8064 912 456 456 14 2 2 3
20 66 168 2016 918 459 459 14 2 2 2
20 66 176 2016 918 459 459 14 2 2 2
20 66 177 8064 912 456 456 14 2 2 3
20 66 184 2016 918 459 459 14 2 2 2
20 66 192 1008 918 459 459 14 2 2 1
20 66 196 4032 912 456 456 14 2 2 2
20 66 197 4032 918 459 459 14 2 2 2
20 66 198 4032 912 456 456 14 2 2 2
20 66 199 4032 918 459 459 14 2 2 2
20 66 224 2016 918 459 459 14 2 2 2
20 66 232 2016 918 459 459 14 2 2 2
20 66 240 2016 918 459 459 14 2 2 2
20 66 248 2016 918 459 459 14 2 2 2
20 66 256 1008 918 459 459 14 2 2 1
20 66 257 4032 912 456 456 14 2 2 2
20 66 258 4032 918 459 459 14 2 2 2
20 66 259 4032 912 456 456 14 2 2 2
20 66 264 2016 918 459 459 14 2 2 2
20 66 266 8064 918 459 459 14 2 2 3
20 66 267 8064 912 456 456 14 2 2 3
20 66 272 2016 918 459 459 14 2 2 2
20 66 273 8064 912 456 456 14 2 2 3
20 66 280 2016 918 459 459 14 2 2 2
20 66 320 1008 918 459 459 14 2 2 1
20 66 322 4032 918 459 459 14 2 2 2
20 66 323 4032 912 456 456 14 2 2 2
20 66 336 2016 918 459 459 14 2 2 2
20 66 344 2016 918 459 459 14 2 2 2
20 66 384 1008 918 459 459 14 2 2 1
20 66 385 4032 912 456 456 14 2 2 2
20 66 392 2016 918 459 459 14 2 2 2
20 66 448 1008 918 459 459 14 2 2 1
20 80 1 8064 912 456 456 14 2 2 1
20 80 2 8064 918 459 459 14 2 2 1
20 80 3 8064 912 456 456 14 2 2 1
20 80 4 8064 912 456 456 14 2 2 1
20 80 5 8064 918 459 459 14 2 2 1
20 80 6 8064 912 456 456 14 2 2 1
20 80 7 8064 918 459 459 14 2 2 1
20 80 8 4032 918 459 459 14 2 2 1
20 80 10 16128 918 459 459 14 2 2 2
20 80 11 16128 912 456 456 14 2 2 2
20 80 12 16128 912 456 456 14 2 2 2
20 80 13 16128 918 459 459 14 2 2 2
20 80 14 16128 912 456 456 14 2 2 2
20 80 15 16128 918 459 459 14 2 2 2
20 80 16 8064 918 459 459 14 2 2 1
20 80 17 16128 912 456 456 14 2 2 2
20 80 20 16128 912 456 456 14 2 2 2
20 80 21 8064 918 459 459 14 2 2 2
20 80 22 16128 912 456 456 14 2 2 2
20 80 23 16128 918 459 459 14 2 2 2
20 80 24 8064 918 459 459 14 2 2 1
20 80 25 16128 912 456 456 14 2 2 2
20 80 29 8064 918 459 459 14 2 2 2
20 80 30 16128 912 456 456 14 2 2 2
20 80 31 16128 918 459 459 14 2 2 2
20 80 32 4032 918 459 459 14 2 2 1
20 80 33 16128 912 456 456 14 2 2 2
20 80 38 16128 912 456 456 14 2 2 2
20 80 39 16128 918 459 459 14 2 2 2
20 80 40 4032 918 459 459 14 2 2 1
20 80 46 16128 912 456 456 14 2 2 2
20 80 47 16128 918 459 459 14 2 2 2
20 80 52 16128 912 456 456 14 2 2 2
20 80 53 8064 918 459 459 14 2 2 2
20 80 61 8064 918 459 459 14 2 2 2
20 80 64 2016 918 459 459 14 2 2 1
20 80 66 8064 918 459 459 14 2 2 2
20 80 67 8064 912 456 456 14 2 2 2
20 80 68 8064 912 456 456 14 2 2 2
20 80 69 8064 918 459 459 14 2 2 2
20 80 70 8064 912 456 456 14 2 2 2
20 80 71 8064 918 459 459 14 2 2 2
20 80 80 8064 918 459 459 14 2 2 2
20 80 84 16128 912 456 456 14 2 2 3
20 80 85 8064 918 459 459 14 2 2 3
20 80 86 16128 912 456 456 14 2 2 3
20 80 87 16128 918 459 459 14 2 2 3
20 80 88 8064 918 459 459 14 2 2 2
20 80 93 8064 918 459 459 14 2 2 3
20 80 94 16128 912 456 456 14 2 2 3
20 80 95 16128 918 459 459 14 2 2 3
20 80 96 4032 918 459 459 14 2 2 2
20 80 102 16128 912 456 456 14 2 2 3
20 80 103 16128 918 459 459 14 2 2 3
20 80 104 4032 918 459 459 14 2 2 2
20 80 110 16128 912 456 456 14 2 2 3
20 80 111 16128 918 459 459 14 2 2 3
20 80 116 16128 912 456 456 14 2 2 3
20 80 117 8064 918 459 459 14 2 2 3
20 80 125 8064 918 459 459 14 2 2 3
20 80 128 4032 918 459 459 14 2 2 1
20 80 129 8064 912 456 456 14 2 2 2
20 80 132 8064 912 456 456 14 2 2 2
20 80 133 8064 918 459 459 14 2 2 2
20 80 134 8064 912 456 456 14 2 2 2
20 80 135 8064 918 459 459 14 2 2 2
20 80 136 8064 918 459 459 14 2 2 2
20 80 137 8064 912 456 456 14 2 2 2
20 80 140 16128 912 456 456 14 2 2 3
20 80 141 16128 918 459 459 14 2 2 3
20 80 142 16128 912 456 456 14 2 2 3
20 80 143 16128 918 459 459 14 2 2 3
20 80 160 8064 918 459 459 14 2 2 2
20 80 161 16128 912 456 456 14 2 2 3
20 80 164 8064 912 456 456 14 2 2 2
20 80 168 4032 918 459 459 14 2 2 2
20 80 176 8064 918 459 459 14 2 2 2
20 80 177 16128 912 456 456 14 2 2 3
20 80 182 8064 912 456 456 14 2 2 2
20 80 183 16128 918 459 459 14 2 2 3
20 80 184 8064 918 459 459 14 2 2 2
20 80 185 16128 912 456 456 14 2 2 3
20 80 190 16128 912 456 456 14 2 2 3
20 80 191 8064 918 459 459 14 2 2 2
20 80 192 4032 918 459 459 14 2 2 1
20 80 197 8064 918 459 459 14 2 2 2
20 80 198 8064 912 456 456 14 2 2 2
20 80 199 8064 918 459 459 14 2 2 2
20 80 232 4032 918 459 459 14 2 2 2
20 80 240 8064 918 459 459 14 2 2 2
20 80 246 8064 912 456 456 14 2 2 2
20 80 248 8064 918 459 459 14 2 2 2
20 80 255 8064 918 459 459 14 2 2 2
20 80 256 2016 918 459 459 14 2 2 1
20 80 257 8064 912 456 456 14 2 2 2
20 80 264 4032 918 459 459 14 2 2 2
20 80 320 2016 918 459 459 14 2 2 1
20 84 1 8064 912 456 456 14 2 3 1
20 84 2 8064 918 459 459 14 2 3 1
20 84 3 8064 912 456 456 14 2 3 1
20 84 4 8064 912 456 456 14 2 3 1
20 84 5 8064 918 459 459 14 2 3 1
20 84 6 8064 912 456 456 14 2 3 1
20 84 7 8064 918 459 459 14 2 3 1
20 84 8 4032 918 459 459 14 2 3 1
20 84 10 16128 918 459 459 14 2 3 2
20 84 11 16128 912 456 456 14 2 3 2
20 84 12 16128 912 456 456 14 2 3 2
20 84 13 16128 918 459 459 14 2 3 2
20 84 14 16128 912 456 456 14 2 3 2
20 84 15 16128 918 459 459 14 2 3 2
20 84 16 8064 918 459 459 14 2 3 1
20 84 17 16128 912 456 456 14 2 3 2
20 84 20 16128 912 456 456 14 2 3 2
20 84 21 8064 918 459 459 14 2 3 2
20 84 22 16128 912 456 456 14 2 3 2
20 84 23 16128 918 459 459 14 2 3 2
20 84 24 8064 918 459 459 14 2 3 1
20 84 25 16128 912 456 456 14 2 3 2
20 84 29 8064 918 459 459 14 2 3 2
20 84 30 16128 912 456 456 14 2 3 2
20 84 31 16128 918 459 459 14 2 3 2
20 84 32 4032 918 459 459 14 2 3 1
20 84 33 16128 912 456 456 14 2 3 2
20 84 38 16128 912 456 456 14 2 3 2
20 84 39 16128 918 459 459 14 2 3 2
20 84 40 4032 918 459 459 14 2 3 1
20 84 46 16128 912 456 456 14 2 3 2
20 84 47 16128 918 459 459 14 2 3 2
20 84 52 16128 912 456 456 14 2 3 2
20 84 53 8064 918 459 459 14 2 3 2
20 84 61 8064 918 459 459 14 2 3 2
20 84 64 2016 918 459 459 14 2 3 1
20 84 66 8064 918 459 459 14 2 3 2
20 84 67 8064 912 456 456 14 2 3 2
20 84 68 8064 912 456 456 14 2 3 2
20 84 69 8064 918 459 459 14 2 3 2
20 84 70 8064 912 456 456 14 2 3 2
20 84 71 8064 918 459 459 14 2 3 2
20 84 80 8064 918 459 459 14 2 3 2
20 84 84 16128 912 456 456 14 2 3 3
20 84 85 8064 918 459 459 14 2 3 3
20 84 86 16128 912 456 456 14 2 3 3
20 84 87 16128 918 459 459 14 2 3 3
20 84 88 8064 918 459 459 14 2 3 2
20 84 93 8064 918 459 459 14 2 3 3
20 84 94 16128 912 456 456 14 2 3 3
20 84 95 16128 918 459 459 14 2 3 3
20 84 96 4032 918 459 459 14 2 3 2
20 84 102 16128 912 456 456 14 2 3 3
20 84 103 16128 918 459 459 14 2 3 3
20 84 104 4032 918 459 459 14 2 3 2
20 84 110 16128 912 456 456 14 2 3 3
20 84 111 16128 918 459 459 14 2 3 3
20 84 116 16128 912 456 456 14 2 3 3
20 84 117 8064 918 459 459 14 2 3 3
20 84 125 8064 918 459 459 14 2 3 3
20 84 128 4032 918 459 459 14 2 3 1
20 84 129 8064 912 456 456 14 2 3 2
20 84 132 8064 912 456 456 14 2 3 2
20 84 133 8064 918 459 459 14 2 3 2
20 84 134 8064 912 456 456 14 2 3 2
20 84 135 8064 918 459 459 14 2 3 2
20 84 136 8064 918 459 459 14 2 3 2
20 84 137 8064 912 456 456 14 2 3 2
20 84 140 16128 912 456 456 14 2 3 3
20 84 141 16128 918 459 459 14 2 3 3
20 84 142 16128 912 456 456 14 2 3 3
20 84 143 16128 918 459 459 14 2 3 3
20 84 160 8064 918 459 459 14 2 3 2
20 84 161 16128 912 456 456 14 2 3 3
20 84 164 8064 912 456 456 14 2 3 2
20 84 168 4032 918 459 459 14 2 3 2
20 84 176 8064 918 459 459 14 2 3 2
20 84 177 16128 912 456 456 14 2 3 3
20 84 182 8064 912 456 456 14 2 3 2
20 84 183 16128 918 459 459 14 2 3 3
20 84 184 8064 918 459 459 14 2 3 2
20 84 185 16128 912 456 456 14 2 3 3
20 84 190 16128 912 456 456 14 2 3 3
20 84 191 8064 918 459 459 14 2 3 2
20 84 192 4032 918 459 459 14 2 3 1
20 84 197 8064 918 459 459 14 2 3 2
20 84 198 8064 912 456 456 14 2 3 2
20 84 199 8064 918 459 459 14 2 3 2
20 84 232 4032 918 459 459 14 2 3 2
20 84 240 8064 918 459 459 14 2 3 2
20 84 246 8064 912 456 456 14 2 3 2
20 84 248 8064 918 459 459 14 2 3 2
20 84 255 8064 918 459 459 14 2 3 2
20 84 256 2016 918 459 459 14 2 3 1
20 84 257 8064 912 456 456 14 2 3 2
20 84 264 4032 918 459 459 14 2 3 2
20 84 320 2016 918 459 459 14 2 3 1
22 1 1 672 918 459 459 14 2 1 1
22 1 2 672 918 459 459 14 2 1 1
22 1 3 672 918 459 459 14 2 1 1
22 1 4 672 918 459 459 14 2 1 1
22 1 5 672 918 459 459 14 2 1 1
22 1 6 672 918 459 459 14 2 1 1
22 1 7 672 918 459 459 14 2 1 1
22 1 8 504 918 459 459 14 2 1 1
22 1 10 2016 918 459 459 14 2 1 2
22 1 11 2016 918 459 459 14 2 1 2
22 1 12 2016 918 459 459 14 2 1 2
22 1 13 2016 918 459 459 14 2 1 2
22 1 14 2016 918 459 459 14 2 1 2
22 1 15 2016 918 459 459 14 2 1 2
22 1 16 504 918 459 459 14 2 1 1
22 1 17 2016 918 459 459 14 2 1 2
22 1 20 2016 918 459 459 14 2 1 2
22 1 21 2016 918 459 459 14 2 1 2
22 1 22 2016 918 459 459 14 2 1 2
22 1 23 2016 918 459 459 14 2 1 2
22 1 24 504 918 459 459 14 2 1 1
22 1 28 2016 918 459 459 14 2 1 2
22 1 29 2016 918 459 459 14 2 1 2
22 1 30 2016 918 459 459 14 2 1 2
22 1 31 2016 918 459 459 14 2 1 2
22 1 32 504 918 459 459 14 2 1 1
22 1 33 2016 918 459 459 14 2 1 2
22 1 34 2016 918 459 459 14 2 1 2
22 1 35 2016 918 459 459 14 2 1 2
22 1 40 504 918 459 459 14 2 1 1
22 1 42 2016 918 459 459 14 2 1 2
22 1 43 2016 918 459 459 14 2 1 2
22 1 48 504 918 459 459 14 2 1 1
22 1 49 2016 918 459 459 14 2 1 2
22 1 56 504 918 459 459 14 2 1 1
22 1 80 1008 918 459 459 14 2 1 2
22 1 84 4032 918 459 459 14 2 1 3
22 1 85 4032 918 459 459 14 2 1 3
22 1 86 4032 918 459 459 14 2 1 3
22 1 87 4032 918 459 459 14 2 1 3
22 1 96 1008 918 459 459 14 2 1 2
22 1 98 4032 918 459 459 14 2 1 3
22 1 99 4032 918 459 459 14 2 1 3
22 1 112 1008 918 459 459 14 2 1 2
22 1 160 1008 918 459 459 14 2 1 2
22 1 161 4032 918 459 459 14 2 1 3
22 1 168 1008 918 459 459 14 2 1 2
22 1 224 1008 918 459 459 14 2 1 2
22 1 232 1008 918 459 459 14 2 1 2
22 8 1 1344 918 459 459 14 2 1 1
22 8 2 1344 918 459 459 14 2 1 1
22 8 3 1344 918 459 459 14 2 1 1
22 8 4 1344 918 459 459 14 2 1 1
22 8 5 1344 918 459 459 14 2 1 1
22 8 6 1344 918 459 459 14 2 1 1
22 8 7 1344 918 459 459 14 2 1 1
22 8 8 1008 918 459 459 14 2 1 1
22 8 10 4032 918 459 459 14 2 1 2
22 8 11 4032 918 459 459 14 2 1 2
22 8 12 4032 918 459 459 14 2 1 2
22 8 13 4032 918 459 459 14 2 1 2
22 8 14 4032 918 459 459 14 2 1 2
22 8 15 4032 918 459 459 14 2 1 2
22 8 16 1008 918 459 459 14 2 1 1
22 8 17 4032 918 459 459 14 2 1 2
22 8 20 4032 918 459 459 14 2 1 2
22 8 21 4032 918 459 459 14 2 1 2
22 8 22 4032 918 459 459 14 2 1 2
22 8 23 4032 918 459 459 14 2 1 2
22 8 24 1008 918 459 459 14 2 1 1
22 8 28 4032 918 459 459 14 2 1 2
22 8 29 4032 918 459 459 14 2 1 2
22 8 30 4032 918 459 459 14 2 1 2
22 8 31 4032 918 459 459 14 2 1 2
22 8 32 1008 918 459 459 14 2 1 1
22 8 33 4032 918 459 459 14 2 1 2
22 8 34 4032 918 459 459 14 2 1 2
22 8 35 4032 918 459 459 14 2 1 2
22 8 40 1008 918 459 459 14 2 1 1
22 8 42 4032 918 459 459 14 2 1 2
22 8 43 4032 918 459 459 14 2 1 2
22 8 48 1008 918 459 459 14 2 1 1
22 8 49 4032 918 459 459 14 2 1 2
22 8 56 1008 918 459 459 14 2 1 1
22 8 80 2016 918 459 459 14 2 1 2
22 8 84 8064 918 459 459 14 2 1 3
22 8 85 8064 918 459 459 14 2 1 3
22 8 86 8064 918 459 459 14 2 1 3
22 8 87 8064 918 459 459 14 2 1 3
22 8 96 2016 918 459 459 14 2 1 2
22 8 98 8064 918 459 459 14 2 1 3
22 8 99 8064 918 459 459 14 2 1 3
22 8 112 2016 918 459 459 14 2 1 2
22 8 160 2016 918 459 459 14 2 1 2
22 8 161 8064 918 459 459 14 2 1 3
22 8 168 2016 918 459 459 14 2 1 2
22 8 224 2016 918 459 459 14 2 1 2
22 8 232 2016 918 459 459 14 2 1 2
22 10 1 4032 918 459 459 14 2 2 1
22 10 2 4032 918 459 459 14 2 2 1
22 10 3 4032 918 459 459 14 2 2 1
22 10 4 4032 918 459 459 14 2 2 1
22 10 5 4032 918 459 459 14 2 2 1
22 10 6 4032 918 459 459 14 2 2 1
22 10 7 4032 918 459 459 14 2 2 1
22 10 8 2016 918 459 459 14 2 2 1
22 10 10 8064 918 459 459 14 2 2 2
22 10 11 8064 918 459 459 14 2 2 2
22 10 12 8064 918 459 459 14 2 2 2
22 10 13 8064 918 459 459 14 2 2 2
22 10 14 8064 918 459 459 14 2 2 2
22 10 15 8064 918 459 459 14 2 2 2
22 10 16 2016 918 459 459 14 2 2 1
22 10 17 8064 918 459 459 14 2 2 2
22 10 20 8064 918 459 459 14 2 2 2
22 10 21 8064 918 459 459 14 2 2 2
22 10 22 8064 918 459 459 14 2 2 2
22 10 23 8064 918 459 459 14 2 2 2
22 10 24 2016 918 459 459 14 2 2 1
22 10 28 8064 918 459 459 14 2 2 2
22 10 29 8064 918 459 459 14 2 2 2
22 10 30 8064 918 459 459 14 2 2 2
22 10 31 8064 918 459 459 14 2 2 2
22 10 32 2016 918 459 459 14 2 2 1
22 10 33 8064 918 459 459 14 2 2 2
22 10 34 8064 918 459 459 14 2 2 2
22 10 35 8064 918 459 459 14 2 2 2
22 10 40 2016 918 459 459 14 2 2 1
22 10 42 8064 918 459 459 14 2 2 2
22 10 43 8064 918 459 459 14 2 2 2
22 10 48 2016 918 459 459 14 2 2 1
22 10 49 8064 918 459 459 14 2 2 2
22 10 56 2016 918 459 459 14 2 2 1
22 10 64 1008 918 459 459 14 2 2 1
22 10 66 4032 918 459 459 14 2 2 2
22 10 67 4032 918 459 459 14 2 2 2
22 10 68 4032 918 459 459 14 2 2 2
22 10 69 4032 918 459 459 14 2 2 2
22 10 70 4032 918 459 459 14 2 2 2
22 10 71 4032 918 459 459 14 2 2 2
22 10 80 2016 918 459 459 14 2 2 2
22 10 84 8064 918 459 459 14 2 2 3
22 10 85 8064 918 459 459 14 2 2 3
22 10 86 8064 918 459 459 14 2 2 3
22 10 87 8064 918 459 459 14 2 2 3
22 10 88 2016 918 459 459 14 2 2 2
22 10 92 8064 918 459 459 14 2 2 3
22 10 93 8064 918 459 459 14 2 2 3
22 10 94 8064 918 459 459 14 2 2 3
22 10 95 8064 918 459 459 14 2 2 3
22 10 96 2016 918 459 459 14 2 2 2
22 10 98 8064 918 459 459 14 2 2 3
22 10 99 8064 918 459 459 14 2 2 3
22 10 104 2016 918 459 459 14 2 2 2
22 10 106 8064 918 459 459 14 2 2 3
22 10 107 8064 918 459 459 14 2 2 3
22 10 112 2016 918 459 459 14 2 2 2
22 10 120 2016 918 459 459 14 2 2 2
22 10 128 1008 918 459 459 14 2 2 1
22 10 129 4032 918 459 459 14 2 2 2
22 10 132 4032 918 459 459 14 2 2 2
22 10 133 4032 918 459 459 14 2 2 2
22 10 134 4032 918 459 459 14 2 2 2
22 10 135 4032 918 459 459 14 2 2 2
22 10 136 2016 918 459 459 14 2 2 2
22 10 140 8064 918 459 459 14 2 2 3
22 10 141 8064 918 459 459 14 2 2 3
22 10 142 8064 918 459 459 14 2 2 3
22 10 143 8064 918 459 459 14 2 2 3
22 10 160 2016 918 459 459 14 2 2 2
22 10 161 8064 918 459 459 14 2 2 3
22 10 168 2016 918 459 459 14 2 2 2
22 10 176 2016 918 459 459 14 2 2 2
22 10 177 8064 918 459 459 14 2 2 3
22 10 184 2016 918 459 459 14 2 2 2
22 10 192 1008 918 459 459 14 2 2 1
22 10 196 4032 918 459 459 14 2 2 2
22 10 197 4032 918 459 459 14 2 2 2
22 10 198 4032 918 459 459 14 2 2 2
22 10 199 4032 918 459 459 14 2 2 2
22 10 224 2016 918 459 459 14 2 2 2
22 10 232 2016 918 459 459 14 2 2 2
22 10 240 2016 918 459 459 14 2 2 2
22 10 248 2016 918 459 459 14 2 2 2
22 10 256 1008 918 459 459 14 2 2 1
22 10 257 4032 918 459 459 14 2 2 2
22 10 258 4032 918 459 459 14 2 2 2
22 10 259 4032 918 459 459 14 2 2 2
22 10 264 2016 918 459 459 14 2 2 2
22 10 266 8064 918 459 459 14 2 2 3
22 10 267 8064 918 459 459 14 2 2 3
22 10 272 2016 918 459 459 14 2 2 2
22 10 273 8064 918 459 459 14 2 2 3
22 10 280 2016 918 459 459 14 2 2 2
22 10 320 1008 918 459 459 14 2 2 1
22 10 322 4032 918 459 459 14 2 2 2
22 10 323 4032 918 459 459 14 2 2 2
22 10 336 2016 918 459 459 14 2 2 2
22 10 344 2016 918 459 459 14 2 2 2
22 10 384 1008 918 459 459 14 2 2 1
22 10 385 4032 918 459 459 14 2 2 2
22 10 392 2016 918 459 459 14 2 2 2
22 10 448 1008 918 459 459 14 2 2 1
22 64 1 1344 918 459 459 14 2 1 1
22 64 2 1344 918 459 459 14 2 1 1
22 64 3 1344 918 459 459 14 2 1 1
22 64 4 1344 918 459 459 14 2 1 1
22 64 5 1344 918 459 459 14 2 1 1
22 64 6 1344 918 459 459 14 2 1 1
22 64 7 1344 918 459 459 14 2 1 1
22 64 8 1008 918 459 459 14 2 1 1
22 64 10 4032 918 459 459 14 2 1 2
22 64 11 4032 918 459 459 14 2 1 2
22 64 12 4032 918 459 459 14 2 1 2
22 64 13 4032 918 459 459 14 2 1 2
22 64 14 4032 918 459 459 14 2 1 2
22 64 15 4032 918 459 459 14 2 1 2
22 64 16 1008 918 459 459 14 2 1 1
22 64 17 4032 918 459 459 14 2 1 2
22 64 20 4032 918 459 459 14 2 1 2
22 64 21 4032 918 459 459 14 2 1 2
22 64 22 4032 918 459 459 14 2 1 2
22 64 23 4032 918 459 459 14 2 1 2
22 64 24 1008 918 459 459 14 2 1 1
22 64 28 4032 918 459 459 14 2 1 2
22 64 29 4032 918 459 459 14 2 1 2
22 64 30 4032 918 459 459 14 2 1 2
22 64 31 4032 918 459 459 14 2 1 2
22 64 32 1008 918 459 459 14 2 1 1
22 64 33 4032 918 459 459 14 2 1 2
22 64 34 4032 918 459 459 14 2 1 2
22 64 35 4032 918 459 459 14 2 1 2
22 64 40 1008 918 459 459 14 2 1 1
22 64 42 4032 918 459 459 14 2 1 2
22 64 43 4032 918 459 459 14 2 1 2
22 64 48 1008 918 459 459 14 2 1 1
22 64 49 4032 918 459 459 14 2 1 2
22 64 56 1008 918 459 459 14 2 1 1
22 64 80 2016 918 459 459 14 2 1 2
22 64 84 8064 918 459 459 14 2 1 3
22 64 85 8064 918 459 459 14 2 1 3
22 64 86 8064 918 459 459 14 2 1 3
22 64 87 8064 918 459 459 14 2 1 3
22 64 96 2016 918 459 459 14 2 1 2
22 64 98 8064 918 459 459 14 2 1 3
22 64 99 8064 918 459 459 14 2 1 3
22 64 112 2016 918 459 459 14 2 1 2
22 64 160 2016 918 459 459 14 2 1 2
22 64 161 8064 918 459 459 14 2 1 3
22 64 168 2016 918 459 459 14 2 1 2
22 64 224 2016 918 459 459 14 2 1 2
22 64 232 2016 918 459 459 14 2 1 2
22 66 1 4032 918 459 459 14 2 2 1
22 66 2 4032 918 459 459 14 2 2 1
22 66 3 4032 918 459 459 14 2 2 1
22 66 4 4032 918 459 459 14 2 2 1
22 66 5 4032 918 459 459 14 2 2 1
22 66 6 4032 918 459 459 14 2 2 1
22 66 7 4032 918 459 459 14 2 2 1
22 66 8 2016 918 459 459 14 2 2 1
22 66 10 8064 918 459 459 14 2 2 2
22 66 11 8064 918 459 459 14 2 2 2
22 66 12 8064 918 459 459 14 2 2 2
22 66 13 8064 918 459 459 14 2 2 2
22 66 14 8064 918 459 459 14 2 2 2
22 66 15 8064 918 459 459 14 2 2 2
22 66 16 2016 918 459 459 14 2 2 1
22 66 17 8064 918 459 459 14 2 2 2
22 66 20 8064 918 459 459 14 2 2 2
22 66 21 8064 918 459 459 14 2 2 2
22 66 22 8064 918 459 459 14 2 2 2
22 66 23 8064 918 459 459 14 2 2 2
22 66 24 2016 918 459 459 14 2 2 1
22 66 28 8064 918 459 459 14 2 2 2
22 66 29 8064 918 459 459 14 2 2 2
22 66 30 8064 918 459 459 14 2 2 2
22 66 31 8064 918 459 459 14 2 2 2
22 66 32 2016 918 459 459 14 2 2 1
22 66 33 8064 918 459 459 14 2 2 2
22 66 34 8064 918 459 459 14 2 2 2
22 66 35 8064 918 459 459 14 2 2 2
22 66 40 2016 918 459 459 14 2 2 1
22 66 42 8064 918 459 459 14 2 2 2
22 66 43 8064 918 459 459 14 2 2 2
22 66 48 2016 918 459 459 14 2 2 1
22 66 49 8064 918 459 459 14 2 2 2
22 66 56 2016 918 459 459 14 2 2 1
22 66 64 1008 918 459 459 14 2 2 1
22 66 66 4032 918 459 459 14 2 2 2
22 66 67 4032 918 459 459 14 2 2 2
22 66 68 4032 918 459 459 14 2 2 2
22 66 69 4032 918 459 459 14 2 2 2
22 66 70 4032 918 459 459 14 2 2 2
22 66 71 4032 918 459 459 14 2 2 2
22 66 80 2016 918 459 459 14 2 2 2
22 66 84 8064 918 459 459 14 2 2 3
22 66 85 8064 918 459 459 14 2 2 3
22 66 86 8064 918 459 459 14 2 2 3
22 66 87 8064 918 459 459 14 2 2 3
22 66 88 2016 918 459 459 14 2 2 2
22 66 92 8064 918 459 459 14 2 2 3
22 66 93 8064 918 459 459 14 2 2 3
22 66 94 8064 918 459 459 14 2 2 3
22 66 95 8064 918 459 459 14 2 2 3
22 66 96 2016 918 459 459 14 2 2 2
22 66 98 8064 918 459 459 14 2 2 3
22 66 99 8064 918 459 459 14 2 2 3
22 66 104 2016 918 459 459 14 2 2 2
22 66 106 8064 918 459 459 14 2 2 3
22 66 107 8064 918 459 459 14 2 2 3
22 66 112 2016 918 459 459 14 2 2 2
22 66 120 2016 918 459 459 14 2 2 2
22 66 128 1008 918 459 459 14 2 2 1
22 66 129 4032 918 459 459 14 2 2 2
22 66 132 4032 918 459 459 14 2 2 2
22 66 133 4032 918 459 459 14 2 2 2
22 66 134 4032 918 459 459 14 2 2 2
22 66 135 4032 918 459 459 14 2 2 2
22 66 136 2016 918 459 459 14 2 2 2
22 66 140 8064 918 459 459 14 2 2 3
22 66 141 8064 918 459 459 14 2 2 3
22 66 142 8064 918 459 459 14 2 2 3
22 66 143 8064 918 459 459 14 2 2 3
22 66 160 2016 918 459 459 14 2 2 2
22 66 161 8064 918 459 459 14 2 2 3
22 66 168 2016 918 459 459 14 2 2 2
22 66 176 2016 918 459 459 14 2 2 2
22 66 177 8064 918 459 459 14 2 2 3
22 66 184 2016 918 459 459 14 2 2 2
22 66 192 1008 918 459 459 14 2 2 1
22 66 196 4032 918 459 459 14 2 2 2
22 66 197 4032 918 459 459 14 2 2 2
22 66 198 4032 918 459 459 14 2 2 2
22 66 199 4032 918 459 459 14 2 2 2
22 66 224 2016 918 459 459 14 2 2 2
22 66 232 2016 918 459 459 14 2 2 2
22 66 240 2016 918 459 459 14 2 2 2
22 66 248 2016 918 459 459 14 2 2 2
22 66 256 1008 918 459 459 14 2 2 1
22 66 257 4032 918 459 459 14 2 2 2
22 66 258 4032 918 459 459 14 2 2 2
22 66 259 4032 918 459 459 14 2 2 2
22 66 264 2016 918 459 459 14 2 2 2
22 66 266 8064 918 459 459 14 2 2 3
22 66 267 8064 918 459 459 14 2 2 3
22 66 272 2016 918 459 459 14 2 2 2
22 66 273 8064 918 459 459 14 2 2 3
22 66 280 2016 918 459 459 14 2 2 2
22 66 320 1008 918 459 459 14 2 2 1
22 66 322 4032 918 459 459 14 2 2 2
22 66 323 4032 918 459 459 14 2 2 2
22 66 336 2016 918 459 459 14 2 2 2
22 66 344 2016 918 459 459 14 2 2 2
22 66 384 1008 918 459 459 14 2 2 1
22 66 385 4032 918 459 459 14 2 2 2
22 66 392 2016 918 459 459 14 2 2 2
22 66 448 1008 918 459 459 14 2 2 1
22 72 1 1344 918 459 459 14 2 1 1
22 72 2 1344 918 459 459 14 2 1 1
22 72 3 1344 918 459 459 14 2 1 1
22 72 4 1344 918 459 459 14 2 1 1
22 72 5 1344 918 459 459 14 2 1 1
22 72 6 1344 918 459 459 14 2 1 1
22 72 7 1344 918 459 459 14 2 1 1
22 72 8 1008 918 459 459 14 2 1 1
22 72 10 4032 918 459 459 14 2 1 2
22 72 11 4032 918 459 459 14 2 1 2
22 72 12 4032 918 459 459 14 2 1 2
22 72 13 4032 918 459 459 14 2 1 2
22 72 14 4032 918 459 459 14 2 1 2
22 72 15 4032 918 459 459 14 2 1 2
22 72 16 1008 918 459 459 14 2 1 1
22 72 17 4032 918 459 459 14 2 1 2
22 72 20 4032 918 459 459 14 2 1 2
22 72 21 4032 918 459 459 14 2 1 2
22 72 22 4032 918 459 459 14 2 1 2
22 72 23 4032 918 459 459 14 2 1 2
22 72 24 1008 918 459 459 14 2 1 1
22 72 28 4032 918 459 459 14 2 1 2
22 72 29 4032 918 459 459 14 2 1 2
22 72 30 4032 918 459 459 14 2 1 2
22 72 31 4032 918 459 459 14 2 1 2
22 72 32 1008 918 459 459 14 2 1 1
22 72 33 4032 918 459 459 14 2 1 2
22 72 34 4032 918 459 459 14 2 1 2
22 72 35 4032 918 459 459 14 2 1 2
22 72 40 1008 918 459 459 14 2 1 1
22 72 42 4032 918 459 459 14 2 1 2
22 72 43 4032 918 459 459 14 2 1 2
22 72 48 1008 918 459 459 14 2 1 1
22 72 49 4032 918 459 459 14 2 1 2
22 72 56 1008 918 459 459 14 2 1 1
22 72 80 2016 918 459 459 14 2 1 2
22 72 84 8064 918 459 459 14 2 1 3
22 72 85 8064 918 459 459 14 2 1 3
22 72 86 8064 918 459 459 14 2 1 3
22 72 87 8064 918 459 459 14 2 1 3
22 72 96 2016 918 459 459 14 2 1 2
22 72 98 8064 918 459 459 14 2 1 3
22 72 99 8064 918 459 459 14 2 1 3
22 72 112 2016 918 459 459 14 2 1 2
22 72 160 2016 918 459 459 14 2 1 2
22 72 161 8064 918 459 459 14 2 1 3
22 72 168 2016 918 459 459 14 2 1 2
22 72 224 2016 918 459 459 14 2 1 2
22 72 232 2016 918 459 459 14 2 1 2
22 74 1 4032 918 459 459 14 2 2 1
22 74 2 4032 918 459 459 14 2 2 1
22 74 3 4032 918 459 459 14 2 2 1
22 74 4 4032 918 459 459 14 2 2 1
22 74 5 4032 918 459 459 14 2 2 1
22 74 6 4032 918 459 459 14 2 2 1
22 74 7 4032 918 459 459 14 2 2 1
22 74 8 2016 918 459 459 14 2 2 1
22 74 10 8064 918 459 459 14 2 2 2
22 74 11 8064 918 459 459 14 2 2 2
22 74 12 8064 918 459 459 14 2 2 2
22 74 13 8064 918 459 459 14 2 2 2
22 74 14 8064 918 459 459 14 2 2 2
22 74 15 8064 918 459 459 14 2 2 2
22 74 16 2016 918 459 459 14 2 2 1
22 74 17 8064 918 459 459 14 2 2 2
22 74 20 8064 918 459 459 14 2 2 2
22 74 21 8064 918 459 459 14 2 2 2
22 74 22 8064 918 459 459 14 2 2 2
22 74 23 8064 918 459 459 14 2 2 2
22 74 24 2016 918 459 459 14 2 2 1
22 74 28 8064 918 459 459 14 2 2 2
22 74 29 8064 918 459 459 14 2 2 2
22 74 30 8064 918 459 459 14 2 2 2
22 74 31 8064 918 459 459 14 2 2 2
22 74 32 2016 918 459 459 14 2 2 1
22 74 33 8064 918 459 459 14 2 2 2
22 74 34 8064 918 459 459 14 2 2 2
22 74 35 8064 918 459 459 14 2 2 2
22 74 40 2016 918 459 459 14 2 2 1
22 74 42 8064 918 459 459 14 2 2 2
22 74 43 8064 918 459 459 14 2 2 2
22 74 48 2016 918 459 459 14 2 2 1
22 74 49 8064 918 459 459 14 2 2 2
22 74 56 2016 918 459 459 14 2 2 1
22 74 64 1008 918 459 459 14 2 2 1
22 74 66 4032 918 459 459 14 2 2 2
22 74 67 4032 918 459 459 14 2 2 2
22 74 68 4032 918 459 459 14 2 2 2
22 74 69 4032 918 459 459 14 2 2 2
22 74 70 4032 918 459 459 14 2 2 2
22 74 71 4032 918 459 459 14 2 2 2
22 74 80 2016 918 459 459 14 2 2 2
22 74 84 8064 918 459 459 14 2 2 3
22 74 85 8064 918 459 459 14 2 2 3
22 74 86 8064 918 459 459 14 2 2 3
22 74 87 8064 918 459 459 14 2 2 3
22 74 88 2016 918 459 459 14 2 2 2
22 74 92 8064 918 459 459 14 2 2 3
22 74 93 8064 918 459 459 14 2 2 3
22 74 94 8064 918 459 459 14 2 2 3
22 74 95 8064 918 459 459 14 2 2 3
22 74 96 2016 918 459 459 14 2 2 2
22 74 98 8064 918 459 459 14 2 2 3
22 74 99 8064 918 459 459 14 2 2 3
22 74 104 2016 918 459 459 14 2 2 2
22 74 106 8064 918 459 459 14 2 2 3
22 74 107 8064 918 459 459 14 2 2 3
22 74 112 2016 918 459 459 14 2 2 2
22 74 120 2016 918 459 459 14 2 2 2
22 74 128 1008 918 459 459 14 2 2 1
22 74 129 4032 918 459 459 14 2 2 2
22 74 132 4032 918 459 459 14 2 2 2
22 74 133 4032 918 459 459 14 2 2 2
22 74 134 4032 918 459 459 14 2 2 2
22 74 135 4032 918 459 459 14 2 2 2
22 74 136 2016 918 459 459 14 2 2 2
22 74 140 8064 918 459 459 14 2 2 3
22 74 141 8064 918 459 459 14 2 2 3
22 74 142 8064 918 459 459 14 2 2 3
22 74 143 8064 918 459 459 14 2 2 3
22 74 160 2016 918 459 459 14 2 2 2
22 74 161 8064 918 459 459 14 2 2 3
22 74 168 2016 918 459 459 14 2 2 2
22 74 176 2016 918 459 459 14 2 2 2
22 74 177 8064 918 459 459 14 2 2 3
22 74 184 2016 918 459 459 14 2 2 2
22 74 192 1008 918 459 459 14 2 2 1
22 74 196 4032 918 459 459 14 2 2 2
22 74 197 4032 918 459 459 14 2 2 2
22 74 198 4032 918 459 459 14 2 2 2
22 74 199 4032 918 459 459 14 2 2 2
22 74 224 2016 918 459 459 14 2 2 2
22 74 232 2016 918 459 459 14 2 2 2
22 74 240 2016 918 459 459 14 2 2 2
22 74 248 2016 918 459 459 14 2 2 2
22 74 256 1008 918 459 459 14 2 2 1
22 74 257 4032 918 459 459 14 2 2 2
22 74 258 4032 918 459 459 14 2 2 2
22 74 259 4032 918 459 459 14 2 2 2
22 74 264 2016 918 459 459 14 2 2 2
22 74 266 8064 918 459 459 14 2 2 3
22 74 267 8064 918 459 459 14 2 2 3
22 74 272 2016 918 459 459 14 2 2 2
22 74 273 8064 918 459 459 14 2 2 3
22 74 280 2016 918 459 459 14 2 2 2
22 74 320 1008 918 459 459 14 2 2 1
22 74 322 4032 918 459 459 14 2 2 2
22 74 323 4032 918 459 459 14 2 2 2
22 74 336 2016 918 459 459 14 2 2 2
22 74 344 2016 918 459 459 14 2 2 2
22 74 384 1008 918 459 459 14 2 2 1
22 74 385 4032 918 459 459 14 2 2 2
22 74 392 2016 918 459 459 14 2 2 2
22 74 448 1008 918 459 459 14 2 2 1
22 80 1 8064 918 459 459 14 2 2 1
22 80 2 8064 918 459 459 14 2 2 1
22 80 3 8064 918 459 459 14 2 2 1
22 80 4 8064 918 459 459 14 2 2 1
22 80 5 8064 918 459 459 14 2 2 1
22 80 6 8064 918 459 459 14 2 2 1
22 80 7 8064 918 459 459 14 2 2 1
22 80 8 8064 918 459 459 14 2 2 1
22 80 9 8064 918 459 459 14 2 2 1
22 80 10 16128 918 459 459 14 2 2 2
22 80 11 16128 918 459 459 14 2 2 2
22 80 12 16128 918 459 459 14 2 2 2
22 80 13 16128 918 459 459 14 2 2 2
22 80 14 16128 918 459 459 14 2 2 2
22 80 15 16128 918 459 459 14 2 2 2
22 80 16 8064 918 459 459 14 2 2 1
22 80 17 16128 918 459 459 14 2 2 2
22 80 18 8064 918 459 459 14 2 2 1
22 80 19 16128 918 459 459 14 2 2 2
22 80 20 16128 918 459 459 14 2 2 2
22 80 21 16128 918 459 459 14 2 2 2
22 80 22 16128 918 459 459 14 2 2 2
22 80 23 16128 918 459 459 14 2 2 2
22 80 24 8064 918 459 459 14 2 2 1
22 80 25 16128 918 459 459 14 2 2 2
22 80 26 16128 918 459 459 14 2 2 2
22 80 27 8064 918 459 459 14 2 2 1
22 80 28 16128 918 459 459 14 2 2 2
22 80 29 16128 918 459 459 14 2 2 2
22 80 30 16128 918 459 459 14 2 2 2
22 80 31 16128 918 459 459 14 2 2 2
22 80 32 8064 918 459 459 14 2 2 1
22 80 33 16128 918 459 459 14 2 2 2
22 80 34 16128 918 459 459 14 2 2 2
22 80 35 16128 918 459 459 14 2 2 2
22 80 36 8064 918 459 459 14 2 2 1
22 80 37 16128 918 459 459 14 2 2 2
22 80 38 16128 918 459 459 14 2 2 2
22 80 39 16128 918 459 459 14 2 2 2
22 80 40 8064 918 459 459 14 2 2 1
22 80 41 16128 918 459 459 14 2 2 2
22 80 42 16128 918 459 459 14 2 2 2
22 80 43 16128 918 459 459 14 2 2 2
22 80 44 16128 918 459 459 14 2 2 2
22 80 45 8064 918 459 459 14 2 2 1
22 80 46 16128 918 459 459 14 2 2 2
22 80 47 16128 918 459 459 14 2 2 2
22 80 48 8064 918 459 459 14 2 2 1
22 80 49 16128 918 459 459 14 2 2 2
22 80 50 16128 918 459 459 14 2 2 2
22 80 51 16128 918 459 459 14 2 2 2
22 80 52 16128 918 459 459 14 2 2 2
22 80 53 16128 918 459 459 14 2 2 2
22 80 54 8064 918 459 459 14 2 2 1
22 80 55 16128 918 459 459 14 2 2 2
22 80 56 8064 918 459 459 14 2 2 1
22 80 57 16128 918 459 459 14 2 2 2
22 80 58 16128 918 459 459 14 2 2 2
22 80 59 16128 918 459 459 14 2 2 2
22 80 60 16128 918 459 459 14 2 2 2
22 80 61 16128 918 459 459 14 2 2 2
22 80 62 16128 918 459 459 14 2 2 2
22 80 63 8064 918 459 459 14 2 2 1
22 80 64 4032 918 459 459 14 2 2 1
22 80 66 8064 918 459 459 14 2 2 2
22 80 67 8064 918 459 459 14 2 2 2
22 80 68 8064 918 459 459 14 2 2 2
22 80 69 8064 918 459 459 14 2 2 2
22 80 70 8064 918 459 459 14 2 2 2
22 80 71 8064 918 459 459 14 2 2 2
22 80 80 8064 918 459 459 14 2 2 2
22 80 82 8064 918 459 459 14 2 2 2
22 80 84 16128 918 459 459 14 2 2 3
22 80 85 16128 918 459 459 14 2 2 3
22 80 86 16128 918 459 459 14 2 2 3
22 80 87 16128 918 459 459 14 2 2 3
22 80 88 8064 918 459 459 14 2 2 2
22 80 91 8064 918 459 459 14 2 2 2
22 80 92 16128 918 459 459 14 2 2 3
22 80 93 16128 918 459 459 14 2 2 3
22 80 94 16128 918 459 459 14 2 2 3
22 80 95 16128 918 459 459 14 2 2 3
22 80 96 8064 918 459 459 14 2 2 2
22 80 98 16128 918 459 459 14 2 2 3
22 80 99 16128 918 459 459 14 2 2 3
22 80 100 8064 918 459 459 14 2 2 2
22 80 102 16128 918 459 459 14 2 2 3
22 80 103 16128 918 459 459 14 2 2 3
22 80 104 8064 918 459 459 14 2 2 2
22 80 106 16128 918 459 459 14 2 2 3
22 80 107 16128 918 459 459 14 2 2 3
22 80 109 8064 918 459 459 14 2 2 2
22 80 110 16128 918 459 459 14 2 2 3
22 80 111 16128 918 459 459 14 2 2 3
22 80 112 8064 918 459 459 14 2 2 2
22 80 114 16128 918 459 459 14 2 2 3
22 80 115 16128 918 459 459 14 2 2 3
22 80 116 16128 918 459 459 14 2 2 3
22 80 117 16128 918 459 459 14 2 2 3
22 80 118 8064 918 459 459 14 2 2 2
22 80 120 8064 918 459 459 14 2 2 2
22 80 122 16128 918 459 459 14 2 2 3
22 80 123 16128 918 459 459 14 2 2 3
22 80 124 16128 918 459 459 14 2 2 3
22 80 125 16128 918 459 459 14 2 2 3
22 80 127 8064 918 459 459 14 2 2 2
22 80 128 4032 918 459 459 14 2 2 1
22 80 129 8064 918 459 459 14 2 2 2
22 80 132 8064 918 459 459 14 2 2 2
22 80 133 8064 918 459 459 14 2 2 2
22 80 134 8064 918 459 459 14 2 2 2
22 80 135 8064 918 459 459 14 2 2 2
22 80 136 8064 918 459 459 14 2 2 2
22 80 137 8064 918 459 459 14 2 2 2
22 80 140 16128 918 459 459 14 2 2 3
22 80 141 16128 918 459 459 14 2 2 3
22 80 142 16128 918 459 459 14 2 2 3
22 80 143 16128 918 459 459 14 2 2 3
22 80 160 8064 918 459 459 14 2 2 2
22 80 161 16128 918 459 459 14 2 2 3
22 80 164 8064 918 459 459 14 2 2 2
22 80 165 16128 918 459 459 14 2 2 3
22 80 168 8064 918 459 459 14 2 2 2
22 80 169 16128 918 459 459 14 2 2 3
22 80 172 16128 918 459 459 14 2 2 3
22 80 173 8064 918 459 459 14 2 2 2
22 80 176 8064 918 459 459 14 2 2 2
22 80 177 16128 918 459 459 14 2 2 3
22 80 182 8064 918 459 459 14 2 2 2
22 80 183 16128 918 459 459 14 2 2 3
22 80 184 8064 918 459 459 14 2 2 2
22 80 185 16128 918 459 459 14 2 2 3
22 80 190 16128 918 459 459 14 2 2 3
22 80 191 8064 918 459 459 14 2 2 2
22 80 192 4032 918 459 459 14 2 2 1
22 80 196 8064 918 459 459 14 2 2 2
22 80 197 8064 918 459 459 14 2 2 2
22 80 198 8064 918 459 459 14 2 2 2
22 80 199 8064 918 459 459 14 2 2 2
22 80 224 8064 918 459 459 14 2 2 2
22 80 228 8064 918 459 459 14 2 2 2
22 80 232 8064 918 459 459 14 2 2 2
22 80 237 8064 918 459 459 14 2 2 2
22 80 240 8064 918 459 459 14 2 2 2
22 80 246 8064 918 459 459 14 2 2 2
22 80 248 8064 918 459 459 14 2 2 2
22 80 255 8064 918 459 459 14 2 2 2
22 80 256 4032 918 459 459 14 2 2 1
22 80 257 8064 918 459 459 14 2 2 2
22 80 258 8064 918 459 459 14 2 2 2
22 80 259 8064 918 459 459 14 2 2 2
22 80 264 8064 918 459 459 14 2 2 2
22 80 265 8064 918 459 459 14 2 2 2
22 80 266 16128 918 459 459 14 2 2 3
22 80 267 16128 918 459 459 14 2 2 3
22 80 272 8064 918 459 459 14 2 2 2
22 80 273 16128 918 459 459 14 2 2 3
22 80 274 8064 918 459 459 14 2 2 2
22 80 275 16128 918 459 459 14 2 2 3
22 80 280 8064 918 459 459 14 2 2 2
22 80 281 16128 918 459 459 14 2 2 3
22 80 282 16128 918 459 459 14 2 2 3
22 80 283 8064 918 459 459 14 2 2 2
22 80 320 4032 918 459 459 14 2 2 1
22 80 322 8064 918 459 459 14 2 2 2
22 80 323 8064 918 459 459 14 2 2 2
22 80 336 8064 918 459 459 14 2 2 2
22 80 338 8064 918 459 459 14 2 2 2
22 80 344 8064 918 459 459 14 2 2 2
22 80 347 8064 918 459 459 14 2 2 2
22 80 384 4032 918 459 459 14 2 2 1
22 80 385 8064 918 459 459 14 2 2 2
22 80 392 8064 918 459 459 14 2 2 2
22 80 393 8064 918 459 459 14 2 2 2
22 80 448 4032 918 459 459 14 2 2 1
22 84 1 8064 918 459 459 14 2 3 1
22 84 2 8064 918 459 459 14 2 3 1
22 84 3 8064 918 459 459 14 2 3 1
22 84 4 8064 918 459 459 14 2 3 1
22 84 5 8064 918 459 459 14 2 3 1
22 84 6 8064 918 459 459 14 2 3 1
22 84 7 8064 918 459 459 14 2 3 1
22 84 8 8064 918 459 459 14 2 3 1
22 84 9 8064 918 459 459 14 2 3 1
22 84 10 16128 918 459 459 14 2 3 2
22 84 11 16128 918 459 459 14 2 3 2
22 84 12 16128 918 459 459 14 2 3 2
22 84 13 16128 918 459 459 14 2 3 2
22 84 14 16128 918 459 459 14 2 3 2
22 84 15 16128 918 459 459 14 2 3 2
22 84 16 8064 918 459 459 14 2 3 1
22 84 17 16128 918 459 459 14 2 3 2
22 84 18 8064 918 459 459 14 2 3 1
22 84 19 16128 918 459 459 14 2 3 2
22 84 20 16128 918 459 459 14 2 3 2
22 84 21 16128 918 459 459 14 2 3 2
22 84 22 16128 918 459 459 14 2 3 2
22 84 23 16128 918 459 459 14 2 3 2
22 84 24 8064 918 459 459 14 2 3 1
22 84 25 16128 918 459 459 14 2 3 2
22 84 26 16128 918 459 459 14 2 3 2
22 84 27 8064 918 459 459 14 2 3 1
22 84 28 16128 918 459 459 14 2 3 2
22 84 29 16128 918 459 459 14 2 3 2
22 84 30 16128 918 459 459 14 2 3 2
22 84 31 16128 918 459 459 14 2 3 2
22 84 32 8064 918 459 459 14 2 3 1
22 84 33 16128 918 459 459 14 2 3 2
22 84 34 16128 918 459 459 14 2 3 2
22 84 35 16128 918 459 459 14 2 3 2
22 84 36 8064 918 459 459 14 2 3 1
22 84 37 16128 918 459 459 14 2 3 2
22 84 38 16128 918 459 459 14 2 3 2
22 84 39 16128 918 459 459 14 2 3 2
22 84 40 8064 918 459 459 14 2 3 1
22 84 41 16128 918 459 459 14 2 3 2
22 84 42 16128 918 459 459 14 2 3 2
22 84 43 16128 918 459 459 14 2 3 2
22 84 44 16128 918 459 459 14 2 3 2
22 84 45 8064 918 459 459 14 2 3 1
22 84 46 16128 918 459 459 14 2 3 2
22 84 47 16128 918 459 459 14 2 3 2
22 84 48 8064 918 459 459 14 2 3 1
22 84 49 16128 918 459 459 14 2 3 2
22 84 50 16128 918 459 459 14 2 3 2
22 84 51 16128 918 459 459 14 2 3 2
22 84 52 16128 918 459 459 14 2 3 2
22 84 53 16128 918 459 459 14 2 3 2
22 84 54 8064 918 459 459 14 2 3 1
22 84 55 16128 918 459 459 14 2 3 2
22 84 56 8064 918 459 459 14 2 3 1
22 84 57 16128 918 459 459 14 2 3 2
22 84 58 16128 918 459 459 14 2 3 2
22 84 59 16128 918 459 459 14 2 3 2
22 84 60 16128 918 459 459 14 2 3 2
22 84 61 16128 918 459 459 14 2 3 2
22 84 62 16128 918 459 459 14 2 3 2
22 84 63 8064 918 459 459 14 2 3 1
22 84 64 4032 918 459 459 14 2 3 1
22 84 66 8064 918 459 459 14 2 3 2
22 84 67 8064 918 459 459 14 2 3 2
22 84 68 8064 918 459 459 14 2 3 2
22 84 69 8064 918 459 459 14 2 3 2
22 84 70 8064 918 459 459 14 2 3 2
22 84 71 8064 918 459 459 14 2 3 2
22 84 80 8064 918 459 459 14 2 3 2
22 84 82 8064 918 459 459 14 2 3 2
22 84 84 16128 918 459 459 14 2 3 3
22 84 85 16128 918 459 459 14 2 3 3
22 84 86 16128 918 459 459 14 2 3 3
22 84 87 16128 918 459 459 14 2 3 3
22 84 88 8064 918 459 459 14 2 3 2
22 84 91 8064 918 459 459 14 2 3 2
22 84 92 16128 918 459 459 14 2 3 3
22 84 93 16128 918 459 459 14 2 3 3
22 84 94 16128 918 459 459 14 2 3 3
22 84 95 16128 918 459 459 14 2 3 3
22 84 96 8064 918 459 459 14 2 3 2
22 84 98 16128 918 459 459 14 2 3 3
22 84 99 16128 918 459 459 14 2 3 3
22 84 100 8064 918 459 459 14 2 3 2
22 84 102 16128 918 459 459 14 2 3 3
22 84 103 16128 918 459 459 14 2 3 3
22 84 104 8064 918 459 459 14 2 3 2
22 84 106 16128 918 459 459 14 2 3 3
22 84 107 16128 918 459 459 14 2 3 3
22 84 109 8064 918 459 459 14 2 3 2
22 84 110 16128 918 459 459 14 2 3 3
22 84 111 16128 918 459 459 14 2 3 3
22 84 112 8064 918 459 459 14 2 3 2
22 84 114 16128 918 459 459 14 2 3 3
22 84 115 16128 918 459 459 14 2 3 3
22 84 116 16128 918 459 459 14 2 3 3
22 84 117 16128 918 459 459 14 2 3 3
22 84 118 8064 918 459 459 14 2 3 2
22 84 120 8064 918 459 459 14 2 3 2
22 84 122 16128 918 459 459 14 2 3 3
22 84 123 16128 918 459 459 14 2 3 3
22 84 124 16128 918 459 459 14 2 3 3
22 84 125 16128 918 459 459 14 2 3 3
22 84 127 8064 918 459 459 14 2 3 2
22 84 128 4032 918 459 459 14 2 3 1
22 84 129 8064 918 459 459 14 2 3 2
22 84 132 8064 918 459 459 14 2 3 2
22 84 133 8064 918 459 459 14 2 3 2
22 84 134 8064 918 459 459 14 2 3 2
22 84 135 8064 918 459 459 14 2 3 2
22 84 136 8064 918 459 459 14 2 3 2
22 84 137 8064 918 459 459 14 2 3 2
22 84 140 16128 918 459 459 14 2 3 3
22 84 141 16128 918 459 459 14 2 3 3
22 84 142 16128 918 459 459 14 2 3 3
22 84 143 16128 918 459 459 14 2 3 3
22 84 160 8064 918 459 459 14 2 3 2
22 84 161 16128 918 459 459 14 2 3 3
22 84 164 8064 918 459 459 14 2 3 2
22 84 165 16128 918 459 459 14 2 3 3
22 84 168 8064 918 459 459 14 2 3 2
22 84 169 16128 918 459 459 14 2 3 3
22 84 172 16128 918 459 459 14 2 3 3
22 84 173 8064 918 459 459 14 2 3 2
22 84 176 8064 918 459 459 14 2 3 2
22 84 177 16128 918 459 459 14 2 3 3
22 84 182 8064 918 459 459 14 2 3 2
22 84 183 16128 918 459 459 14 2 3 3
22 84 184 8064 918 459 459 14 2 3 2
22 84 185 16128 918 459 459 14 2 3 3
22 84 190 16128 918 459 459 14 2 3 3
22 84 191 8064 918 459 459 14 2 3 2
22 84 192 4032 918 459 459 14 2 3 1
22 84 196 8064 918 459 459 14 2 3 2
22 84 197 8064 918 459 459 14 2 3 2
22 84 198 8064 918 459 459 14 2 3 2
22 84 199 8064 918 459 459 14 2 3 2
22 84 224 8064 918 459 459 14 2 3 2
22 84 228 8064 918 459 459 14 2 3 2
22 84 232 8064 918 459 459 14 2 3 2
22 84 237 8064 918 459 459 14 2 3 2
22 84 240 8064 918 459 459 14 2 3 2
22 84 246 8064 918 459 459 14 2 3 2
22 84 248 8064 918 459 459 14 2 3 2
22 84 255 8064 918 459 459 14 2 3 2
22 84 256 4032 918 459 459 14 2 3 1
22 84 257 8064 918 459 459 14 2 3 2
22 84 258 8064 918 459 459 14 2 3 2
22 84 259 8064 918 459 459 14 2 3 2
22 84 264 8064 918 459 459 14 2 3 2
22 84 265 8064 918 459 459 14 2 3 2
22 84 266 16128 918 459 459 14 2 3 3
22 84 267 16128 918 459 459 14 2 3 3
22 84 272 8064 918 459 459 14 2 3 2
22 84 273 16128 918 459 459 14 2 3 3
22 84 274 8064 918 459 459 14 2 3 2
22 84 275 16128 918 459 459 14 2 3 3
22 84 280 8064 918 459 459 14 2 3 2
22 84 281 16128 918 459 459 14 2 3 3
22 84 282 16128 918 459 459 14 2 3 3
22 84 283 8064 918 459 459 14 2 3 2
22 84 320 4032 918 459 459 14 2 3 1
22 84 322 8064 918 459 459 14 2 3 2
22 84 323 8064 918 459 459 14 2 3 2
22 84 336 8064 918 459 459 14 2 3 2
22 84 338 8064 918 459 459 14 2 3 2
22 84 344 8064 918 459 459 14 2 3 2
22 84 347 8064 918 459 459 14 2 3 2
22 84 384 4032 918 459 459 14 2 3 1
22 84 385 8064 918 459 459 14 2 3 2
22 84 392 8064 918 459 459 14 2 3 2
22 84 393 8064 918 459 459 14 2 3 2
22 84 448 4032 918 459 459 14 2 3 1
32 1 1 84 918 459 459 14 1 1 1
32 1 2 336 918 459 459 14 1 1 1
32 1 4 168 918 459 459 14 1 1 1
32 1 8 63 918 459 459 14 1 1 1
32 1 10 1008 918 459 459 14 1 1 2
32 1 12 504 918 459 459 14 1 1 2
32 1 16 252 918 459 459 14 1 1 1
32 1 17 504 918 459 459 14 1 1 2
32 1 20 1008 918 459 459 14 1 1 2
32 1 22 2016 918 459 459 14 1 1 2
32 1 32 126 918 459 459 14 1 1 1
32 1 33 252 918 459 459 14 1 1 2
32 1 80 252 918 459 459 14 1 1 2
32 1 84 1008 918 459 459 14 1 1 3
32 1 86 2016 918 459 459 14 1 1 3
32 1 96 126 918 459 459 14 1 1 2
32 1 160 504 918 459 459 14 1 1 2
32 1 161 504 918 459 459 14 1 1 3
32 8 1 168 918 459 459 14 1 1 1
32 8 2 672 918 459 459 14 1 1 1
32 8 4 336 918 459 459 14 1 1 1
32 8 8 126 918 459 459 14 1 1 1
32 8 10 2016 918 459 459 14 1 1 2
32 8 12 1008 918 459 459 14 1 1 2
32 8 16 504 918 459 459 14 1 1 1
32 8 17 1008 918 459 459 14 1 1 2
32 8 20 2016 918 459 459 14 1 1 2
32 8 22 4032 918 459 459 14 1 1 2
32 8 32 252 918 459 459 14 1 1 1
32 8 33 504 918 459 459 14 1 1 2
32 8 80 504 918 459 459 14 1 1 2
32 8 84 2016 918 459 459 14 1 1 3
32 8 86 4032 918 459 459 14 1 1 3
32 8 96 252 918 459 459 14 1 1 2
32 8 160 1008 918 459 459 14 1 1 2
32 8 161 1008 918 459 459 14 1 1 3
32 10 1 504 918 459 459 14 1 2 1
32 10 2 2016 918 459 459 14 1 2 1
32 10 4 1008 918 459 459 14 1 2 1
32 10 8 252 918 459 459 14 1 2 1
32 10 10 4032 918 459 459 14 1 2 2
32 10 12 2016 918 459 459 14 1 2 2
32 10 16 1008 918 459 459 14 1 2 1
32 10 17 2016 918 459 459 14 1 2 2
32 10 20 4032 918 459 459 14 1 2 2
32 10 22 8064 918 459 459 14 1 2 2
32 10 32 504 918 459 459 14 1 2 1
32 10 33 1008 918 459 459 14 1 2 2
32 10 64 126 918 459 459 14 1 2 1
32 10 66 2016 918 459 459 14 1 2 2
32 10 68 1008 918 459 459 14 1 2 2
32 10 80 1008 918 459 459 14 1 2 2
32 10 84 4032 918 459 459 14 1 2 3
32 10 86 8064 918 459 459 14 1 2 3
32 10 96 504 918 459 459 14 1 2 2
32 10 128 504 918 459 459 14 1 2 1
32 10 129 1008 918 459 459 14 1 2 2
32 10 132 2016 918 459 459 14 1 2 2
32 10 134 4032 918 459 459 14 1 2 2
32 10 136 504 918 459 459 14 1 2 2
32 10 140 2016 918 459 459 14 1 2 3
32 10 142 4032 918 459 459 14 1 2 3
32 10 160 1008 918 459 459 14 1 2 2
32 10 161 1008 918 459 459 14 1 2 3
32 10 176 2016 918 459 459 14 1 2 2
32 10 177 2016 918 459 459 14 1 2 3
32 10 256 252 918 459 459 14 1 2 1
32 10 257 504 918 459 459 14 1 2 2
32 10 264 252 918 459 459 14 1 2 2
32 64 1 336 918 459 459 14 1 1 1
32 64 2 672 906 453 453 13 1 1 1
32 64 4 672 918 459 459 14 1 1 1
32 64 6 672 912 456 456 14 1 1 1
32 64 8 252 918 459 459 14 1 1 1
32 64 10 2016 906 453 453 13 1 1 2
32 64 12 2016 918 459 459 14 1 1 2
32 64 14 2016 912 456 456 14 1 1 2
32 64 16 504 918 459 459 14 1 1 1
32 64 17 1008 918 459 459 14 1 1 2
32 64 20 4032 918 459 459 14 1 1 2
32 64 22 4032 912 456 456 14 1 1 2
32 64 32 504 918 459 459 14 1 1 1
32 64 33 1008 918 459 459 14 1 1 2
32 64 34 4032 906 453 453 13 1 1 2
32 64 48 504 918 459 459 14 1 1 1
32 64 49 1008 918 459 459 14 1 1 2
32 64 80 504 918 459 459 14 1 1 2
32 64 84 4032 918 459 459 14 1 1 3
32 64 86 4032 912 456 456 14 1 1 3
32 64 96 504 918 459 459 14 1 1 2
32 64 98 4032 906 453 453 13 1 1 3
32 64 112 504 918 459 459 14 1 1 2
32 64 160 2016 918 459 459 14 1 1 2
32 64 161 2016 918 459 459 14 1 1 3
32 66 1 1008 918 459 459 14 1 2 1
32 66 2 2016 906 453 453 13 1 2 1
32 66 4 2016 918 459 459 14 1 2 1
32 66 6 2016 912 456 456 14 1 2 1
32 66 8 504 918 459 459 14 1 2 1
32 66 10 4032 906 453 453 13 1 2 2
32 66 12 4032 918 459 459 14 1 2 2
32 66 14 4032 912 456 456 14 1 2 2
32 66 16 1008 918 459 459 14 1 2 1
32 66 17 2016 918 459 459 14 1 2 2
32 66 20 8064 918 459 459 14 1 2 2
32 66 22 8064 912 456 456 14 1 2 2
32 66 32 1008 918 459 459 14 1 2 1
32 66 33 2016 918 459 459 14 1 2 2
32 66 34 8064 906 453 453 13 1 2 2
32 66 48 1008 918 459 459 14 1 2 1
32 66 49 2016 918 459 459 14 1 2 2
32 66 64 252 918 459 459 14 1 2 1
32 66 66 2016 906 453 453 13 1 2 2
32 66 68 2016 918 459 459 14 1 2 2
32 66 70 2016 912 456 456 14 1 2 2
32 66 80 1008 918 459 459 14 1 2 2
32 66 84 8064 918 459 459 14 1 2 3
32 66 86 8064 912 456 456 14 1 2 3
32 66 96 1008 918 459 459 14 1 2 2
32 66 98 8064 906 453 453 13 1 2 3
32 66 112 1008 918 459 459 14 1 2 2
32 66 128 504 918 459 459 14 1 2 1
32 66 129 1008 918 459 459 14 1 2 2
32 66 132 4032 918 459 459 14 1 2 2
32 66 134 4032 912 456 456 14 1 2 2
32 66 136 504 918 459 459 14 1 2 2
32 66 140 4032 918 459 459 14 1 2 3
32 66 142 4032 912 456 456 14 1 2 3
32 66 160 2016 918 459 459 14 1 2 2
32 66 161 2016 918 459 459 14 1 2 3
32 66 176 2016 918 459 459 14 1 2 2
32 66 177 2016 918 459 459 14 1 2 3
32 66 256 504 918 459 459 14 1 2 1
32 66 257 1008 918 459 459 14 1 2 2
32 66 258 4032 906 453 453 13 1 2 2
32 66 264 504 918 459 459 14 1 2 2
32 66 266 4032 906 453 453 13 1 2 3
32 66 272 2016 918 459 459 14 1 2 2
32 66 273 2016 918 459 459 14 1 2 3
32 66 384 504 918 459 459 14 1 2 1
32 66 385 1008 918 459 459 14 1 2 2
32 66 392 504 918 459 459 14 1 2 2
32 80 1 2016 918 459 459 14 1 2 1
32 80 2 4032 906 453 453 13 1 2 1
32 80 4 4032 918 459 459 14 1 2 1
32 80 6 4032 912 456 456 14 1 2 1
32 80 8 1008 918 459 459 14 1 2 1
32 80 10 8064 906 453 453 13 1 2 2
32 80 12 8064 918 459 459 14 1 2 2
32 80 14 8064 912 456 456 14 1 2 2
32 80 16 4032 918 459 459 14 1 2 1
32 80 17 8064 918 459 459 14 1 2 2
32 80 20 8064 918 459 459 14 1 2 2
32 80 22 16128 906 453 453 13 1 2 2
32 80 32 2016 918 459 459 14 1 2 1
32 80 33 4032 918 459 459 14 1 2 2
32 80 38 16128 912 456 456 14 1 2 2
32 80 52 8064 918 459 459 14 1 2 2
32 80 64 504 918 459 459 14 1 2 1
32 80 66 4032 906 453 453 13 1 2 2
32 80 68 4032 918 459 459 14 1 2 2
32 80 70 4032 912 456 456 14 1 2 2
32 80 80 4032 918 459 459 14 1 2 2
32 80 84 8064 918 459 459 14 1 2 3
32 80 86 16128 906 453 453 13 1 2 3
32 80 96 2016 918 459 459 14 1 2 2
32 80 102 16128 912 456 456 14 1 2 3
32 80 116 8064 918 459 459 14 1 2 3
32 80 128 2016 918 459 459 14 1 2 1
32 80 129 2016 918 459 459 14 1 2 2
32 80 132 8064 918 459 459 14 1 2 2
32 80 134 8064 912 456 456 14 1 2 2
32 80 136 2016 918 459 459 14 1 2 2
32 80 137 2016 918 459 459 14 1 2 2
32 80 140 8064 918 459 459 14 1 2 3
32 80 142 8064 912 456 456 14 1 2 3
32 80 160 4032 918 459 459 14 1 2 2
32 80 161 4032 918 459 459 14 1 2 3
32 80 176 8064 918 459 459 14 1 2 2
32 80 177 8064 918 459 459 14 1 2 3
32 80 182 8064 906 453 453 13 1 2 2
32 80 183 8064 906 453 453 13 1 2 3
32 80 256 1008 918 459 459 14 1 2 1
32 80 257 2016 918 459 459 14 1 2 2
32 80 264 1008 918 459 459 14 1 2 2
32 84 1 2016 918 459 459 14 1 3 1
32 84 2 4032 906 453 453 13 1 3 1
32 84 4 4032 918 459 459 14 1 3 1
32 84 6 4032 912 456 456 14 1 3 1
32 84 8 1008 918 459 459 14 1 3 1
32 84 10 8064 906 453 453 13 1 3 2
32 84 12 8064 918 459 459 14 1 3 2
32 84 14 8064 912 456 456 14 1 3 2
32 84 16 4032 918 459 459 14 1 3 1
32 84 17 8064 918 459 459 14 1 3 2
32 84 20 8064 918 459 459 14 1 3 2
32 84 22 16128 906 453 453 13 1 3 2
32 84 32 2016 918 459 459 14 1 3 1
32 84 33 4032 918 459 459 14 1 3 2
32 84 38 16128 912 456 456 14 1 3 2
32 84 52 8064 918 459 459 14 1 3 2
32 84 64 504 918 459 459 14 1 3 1
32 84 66 4032 906 453 453 13 1 3 2
32 84 68 4032 918 459 459 14 1 3 2
32 84 70 4032 912 456 456 14 1 3 2
32 84 80 4032 918 459 459 14 1 3 2
32 84 84 8064 918 459 459 14 1 3 3
32 84 86 16128 906 453 453 13 1 3 3
32 84 96 2016 918 459 459 14 1 3 2
32 84 102 16128 912 456 456 14 1 3 3
32 84 116 8064 918 459 459 14 1 3 3
32 84 128 2016 918 459 459 14 1 3 1
32 84 129 2016 918 459 459 14 1 3 2
32 84 132 8064 918 459 459 14 1 3 2
32 84 134 8064 912 456 456 14 1 3 2
32 84 136 2016 918 459 459 14 1 3 2
32 84 137 2016 918 459 459 14 1 3 2
32 84 140 8064 918 459 459 14 1 3 3
32 84 142 8064 912 456 456 14 1 3 3
32 84 160 4032 918 459 459 14 1 3 2
32 84 161 4032 918 459 459 14 1 3 3
32 84 176 8064 918 459 459 14 1 3 2
32 84 177 8064 918 459 459 14 1 3 3
32 84 182 8064 906 453 453 13 1 3 2
32 84 183 8064 906 453 453 13 1 3 3
32 84 256 1008 918 459 459 14 1 3 1
32 84 257 2016 918 459 459 14 1 3 2
32 84 264 1008 918 459 459 14 1 3 2
80 1 1 336 918 459 459 14 2 1 1
80 1 2 672 918 459 459 14 2 1 1
80 1 4 1344 912 456 456 14 2 1 1
80 1 8 252 918 459 459 14 2 1 1
80 1 10 2016 918 459 459 14 2 1 2
80 1 12 4032 912 456 456 14 2 1 2
80 1 16 504 918 459 459 14 2 1 1
80 1 17 1008 918 459 459 14 2 1 2
80 1 20 8064 912 456 456 14 2 1 2
80 1 32 1008 918 459 459 14 2 1 1
80 1 33 2016 918 459 459 14 2 1 2
80 1 34 4032 918 459 459 14 2 1 2
80 1 80 504 918 459 459 14 2 1 2
80 1 84 8064 912 456 456 14 2 1 3
80 1 96 1008 918 459 459 14 2 1 2
80 1 98 4032 918 459 459 14 2 1 3
80 1 160 2016 918 459 459 14 2 1 2
80 1 161 2016 918 459 459 14 2 1 3
80 8 1 672 918 459 459 14 2 1 1
80 8 2 1344 918 459 459 14 2 1 1
80 8 4 1344 918 459 459 14 2 1 1
80 8 6 1344 918 459 459 14 2 1 1
80 8 8 504 918 459 459 14 2 1 1
80 8 10 4032 918 459 459 14 2 1 2
80 8 12 4032 918 459 459 14 2 1 2
80 8 14 4032 918 459 459 14 2 1 2
80 8 16 1008 918 459 459 14 2 1 1
80 8 17 2016 918 459 459 14 2 1 2
80 8 20 8064 918 459 459 14 2 1 2
80 8 22 8064 918 459 459 14 2 1 2
80 8 32 1008 918 459 459 14 2 1 1
80 8 33 2016 918 459 459 14 2 1 2
80 8 34 8064 918 459 459 14 2 1 2
80 8 48 1008 918 459 459 14 2 1 1
80 8 49 2016 918 459 459 14 2 1 2
80 8 80 1008 918 459 459 14 2 1 2
80 8 84 8064 918 459 459 14 2 1 3
80 8 86 8064 918 459 459 14 2 1 3
80 8 96 1008 918 459 459 14 2 1 2
80 8 98 8064 918 459 459 14 2 1 3
80 8 112 1008 918 459 459 14 2 1 2
80 8 160 4032 918 459 459 14 2 1 2
80 8 161 4032 918 459 459 14 2 1 3
80 9 1 672 918 459 459 14 2 1 1
80 9 2 1344 918 459 459 14 2 1 1
80 9 4 1344 912 456 456 14 2 1 1
80 9 6 1344 912 456 456 14 2 1 1
80 9 8 504 918 459 459 14 2 1 1
80 9 10 4032 918 459 459 14 2 1 2
80 9 12 4032 912 456 456 14 2 1 2
80 9 14 4032 912 456 456 14 2 1 2
80 9 16 1008 918 459 459 14 2 1 1
80 9 17 2016 918 459 459 14 2 1 2
80 9 20 8064 912 456 456 14 2 1 2
80 9 22 8064 912 456 456 14 2 1 2
80 9 32 1008 918 459 459 14 2 1 1
80 9 33 2016 918 459 459 14 2 1 2
80 9 34 8064 918 459 459 14 2 1 2
80 9 48 1008 918 459 459 14 2 1 1
80 9 49 2016 918 459 459 14 2 1 2
80 9 80 1008 918 459 459 14 2 1 2
80 9 84 8064 912 456 456 14 2 1 3
80 9 86 8064 912 456 456 14 2 1 3
80 9 96 1008 918 459 459 14 2 1 2
80 9 98 8064 918 459 459 14 2 1 3
80 9 112 1008 918 459 459 14 2 1 2
80 9 160 4032 918 459 459 14 2 1 2
80 9 161 4032 918 459 459 14 2 1 3
80 10 1 2016 918 459 459 14 2 2 1
80 10 2 4032 918 459 459 14 2 2 1
80 10 4 4032 918 459 459 14 2 2 1
80 10 6 4032 918 459 459 14 2 2 1
80 10 8 2016 918 459 459 14 2 2 1
80 10 9 2016 918 459 459 14 2 2 1
80 10 10 8064 918 459 459 14 2 2 2
80 10 12 8064 918 459 459 14 2 2 2
80 10 14 8064 918 459 459 14 2 2 2
80 10 16 4032 918 459 459 14 2 2 1
80 10 17 8064 918 459 459 14 2 2 2
80 10 18 4032 918 459 459 14 2 2 1
80 10 19 8064 918 459 459 14 2 2 2
80 10 20 16128 918 459 459 14 2 2 2
80 10 22 16128 918 459 459 14 2 2 2
80 10 32 4032 912 456 456 14 2 2 1
80 10 33 8064 912 456 456 14 2 2 2
80 10 34 16128 912 456 456 14 2 2 2
80 10 36 4032 912 456 456 14 2 2 1
80 10 37 8064 912 456 456 14 2 2 2
80 10 38 16128 912 456 456 14 2 2 2
80 10 48 4032 912 456 456 14 2 2 1
80 10 49 8064 912 456 456 14 2 2 2
80 10 50 16128 912 456 456 14 2 2 2
80 10 52 16128 912 456 456 14 2 2 2
80 10 54 4032 912 456 456 14 2 2 1
80 10 55 8064 912 456 456 14 2 2 2
80 10 64 1008 918 459 459 14 2 2 1
80 10 66 4032 918 459 459 14 2 2 2
80 10 68 4032 918 459 459 14 2 2 2
80 10 70 4032 918 459 459 14 2 2 2
80 10 80 4032 918 459 459 14 2 2 2
80 10 82 4032 918 459 459 14 2 2 2
80 10 84 16128 918 459 459 14 2 2 3
80 10 86 16128 918 459 459 14 2 2 3
80 10 96 4032 912 456 456 14 2 2 2
80 10 98 16128 912 456 456 14 2 2 3
80 10 100 4032 912 456 456 14 2 2 2
80 10 102 16128 912 456 456 14 2 2 3
80 10 112 4032 912 456 456 14 2 2 2
80 10 114 16128 912 456 456 14 2 2 3
80 10 116 16128 912 456 456 14 2 2 3
80 10 118 4032 912 456 456 14 2 2 2
80 10 128 2016 918 459 459 14 2 2 1
80 10 129 2016 918 459 459 14 2 2 2
80 10 132 8064 918 459 459 14 2 2 2
80 10 134 8064 918 459 459 14 2 2 2
80 10 136 2016 918 459 459 14 2 2 2
80 10 137 2016 918 459 459 14 2 2 2
80 10 140 8064 918 459 459 14 2 2 3
80 10 142 8064 918 459 459 14 2 2 3
80 10 160 8064 912 456 456 14 2 2 2
80 10 161 8064 912 456 456 14 2 2 3
80 10 164 8064 912 456 456 14 2 2 2
80 10 165 8064 912 456 456 14 2 2 3
80 10 176 8064 912 456 456 14 2 2 2
80 10 177 8064 912 456 456 14 2 2 3
80 10 182 8064 912 456 456 14 2 2 2
80 10 183 8064 912 456 456 14 2 2 3
80 10 256 2016 918 459 459 14 2 2 1
80 10 257 2016 918 459 459 14 2 2 2
80 10 258 8064 918 459 459 14 2 2 2
80 10 264 2016 918 459 459 14 2 2 2
80 10 265 2016 918 459 459 14 2 2 2
80 10 266 8064 918 459 459 14 2 2 3
80 10 272 8064 918 459 459 14 2 2 2
80 10 273 8064 918 459 459 14 2 2 3
80 10 274 8064 918 459 459 14 2 2 2
80 10 275 8064 918 459 459 14 2 2 3
80 10 384 2016 918 459 459 14 2 2 1
80 10 385 2016 918 459 459 14 2 2 2
80 10 392 2016 918 459 459 14 2 2 2
80 10 393 2016 918 459 459 14 2 2 2
80 64 1 336 918 459 459 14 2 1 1
80 64 2 672 918 459 459 14 2 1 1
80 64 4 1344 912 456 456 14 2 1 1
80 64 8 252 918 459 459 14 2 1 1
80 64 10 2016 918 459 459 14 2 1 2
80 64 12 4032 912 456 456 14 2 1 2
80 64 16 504 918 459 459 14 2 1 1
80 64 17 1008 918 459 459 14 2 1 2
80 64 20 8064 912 456 456 14 2 1 2
80 64 32 1008 918 459 459 14 2 1 1
80 64 33 2016 918 459 459 14 2 1 2
80 64 34 4032 918 459 459 14 2 1 2
80 64 80 504 918 459 459 14 2 1 2
80 64 84 8064 912 456 456 14 2 1 3
80 64 96 1008 918 459 459 14 2 1 2
80 64 98 4032 918 459 459 14 2 1 3
80 64 160 2016 918 459 459 14 2 1 2
80 64 161 2016 918 459 459 14 2 1 3
80 65 1 336 918 459 459 14 2 1 1
80 65 2 672 918 459 459 14 2 1 1
80 65 4 1344 918 459 459 14 2 1 1
80 65 8 252 918 459 459 14 2 1 1
80 65 10 2016 918 459 459 14 2 1 2
80 65 12 4032 918 459 459 14 2 1 2
80 65 16 504 918 459 459 14 2 1 1
80 65 17 1008 918 459 459 14 2 1 2
80 65 20 8064 918 459 459 14 2 1 2
80 65 32 1008 918 459 459 14 2 1 1
80 65 33 2016 918 459 459 14 2 1 2
80 65 34 4032 918 459 459 14 2 1 2
80 65 80 504 918 459 459 14 2 1 2
80 65 84 8064 918 459 459 14 2 1 3
80 65 96 1008 918 459 459 14 2 1 2
80 65 98 4032 918 459 459 14 2 1 3
80 65 160 2016 918 459 459 14 2 1 2
80 65 161 2016 918 459 459 14 2 1 3
80 66 1 1008 918 459 459 14 2 2 1
80 66 2 2016 918 459 459 14 2 2 1
80 66 4 4032 912 456 456 14 2 2 1
80 66 8 1008 918 459 459 14 2 2 1
80 66 9 1008 918 459 459 14 2 2 1
80 66 10 4032 918 459 459 14 2 2 2
80 66 12 8064 912 456 456 14 2 2 2
80 66 16 2016 918 459 459 14 2 2 1
80 66 17 4032 918 459 459 14 2 2 2
80 66 18 2016 918 459 459 14 2 2 1
80 66 19 4032 918 459 459 14 2 2 2
80 66 20 16128 912 456 456 14 2 2 2
80 66 32 4032 912 456 456 14 2 2 1
80 66 33 8064 912 456 456 14 2 2 2
80 66 34 16128 912 456 456 14 2 2 2
80 66 36 4032 918 459 459 14 2 2 1
80 66 37 8064 918 459 459 14 2 2 2
80 66 38 16128 918 459 459 14 2 2 2
80 66 64 504 918 459 459 14 2 2 1
80 66 66 2016 918 459 459 14 2 2 2
80 66 68 4032 912 456 456 14 2 2 2
80 66 80 2016 918 459 459 14 2 2 2
80 66 82 2016 918 459 459 14 2 2 2
80 66 84 16128 912 456 456 14 2 2 3
80 66 96 4032 912 456 456 14 2 2 2
80 66 98 16128 912 456 456 14 2 2 3
80 66 100 4032 918 459 459 14 2 2 2
80 66 102 16128 918 459 459 14 2 2 3
80 66 128 1008 918 459 459 14 2 2 1
80 66 129 1008 918 459 459 14 2 2 2
80 66 132 8064 912 456 456 14 2 2 2
80 66 136 1008 918 459 459 14 2 2 2
80 66 137 1008 918 459 459 14 2 2 2
80 66 140 8064 912 456 456 14 2 2 3
80 66 160 8064 912 456 456 14 2 2 2
80 66 161 8064 912 456 456 14 2 2 3
80 66 164 8064 918 459 459 14 2 2 2
80 66 165 8064 918 459 459 14 2 2 3
80 66 256 2016 918 459 459 14 2 2 1
80 66 257 2016 918 459 459 14 2 2 2
80 66 258 4032 918 459 459 14 2 2 2
80 66 264 2016 918 459 459 14 2 2 2
80 66 265 2016 918 459 459 14 2 2 2
80 66 266 4032 918 459 459 14 2 2 3
80 66 272 4032 918 459 459 14 2 2 2
80 66 273 4032 918 459 459 14 2 2 3
80 66 274 4032 918 459 459 14 2 2 2
80 66 275 4032 918 459 459 14 2 2 3
80 80 1 2016 918 459 459 14 2 2 1
80 80 2 4032 918 459 459 14 2 2 1
80 80 4 4032 912 456 456 14 2 2 1
80 80 6 4032 912 456 456 14 2 2 1
80 80 8 2016 918 459 459 14 2 2 1
80 80 9 2016 918 459 459 14 2 2 1
80 80 10 8064 918 459 459 14 2 2 2
80 80 12 8064 912 456 456 14 2 2 2
80 80 14 8064 912 456 456 14 2 2 2
80 80 16 4032 918 459 459 14 2 2 1
80 80 17 8064 918 459 459 14 2 2 2
80 80 18 4032 918 459 459 14 2 2 1
80 80 19 8064 918 459 459 14 2 2 2
80 80 20 16128 912 456 456 14 2 2 2
80 80 22 16128 912 456 456 14 2 2 2
80 80 32 4032 918 459 459 14 2 2 1
80 80 33 8064 918 459 459 14 2 2 2
80 80 34 16128 918 459 459 14 2 2 2
80 80 36 4032 912 456 456 14 2 2 1
80 80 37 8064 912 456 456 14 2 2 2
80 80 38 16128 912 456 456 14 2 2 2
80 80 48 4032 918 459 459 14 2 2 1
80 80 49 8064 918 459 459 14 2 2 2
80 80 50 16128 918 459 459 14 2 2 2
80 80 52 16128 912 456 456 14 2 2 2
80 80 54 4032 912 456 456 14 2 2 1
80 80 55 8064 912 456 456 14 2 2 2
80 80 64 1008 918 459 459 14 2 2 1
80 80 66 4032 918 459 459 14 2 2 2
80 80 68 4032 912 456 456 14 2 2 2
80 80 70 4032 912 456 456 14 2 2 2
80 80 80 4032 918 459 459 14 2 2 2
80 80 82 4032 918 459 459 14 2 2 2
80 80 84 16128 912 456 456 14 2 2 3
80 80 86 16128 912 456 456 14 2 2 3
80 80 96 4032 918 459 459 14 2 2 2
80 80 98 16128 918 459 459 14 2 2 3
80 80 100 4032 912 456 456 14 2 2 2
80 80 102 16128 912 456 456 14 2 2 3
80 80 112 4032 918 459 459 14 2 2 2
80 80 114 16128 918 459 459 14 2 2 3
80 80 116 16128 912 456 456 14 2 2 3
80 80 118 4032 912 456 456 14 2 2 2
80 80 128 2016 918 459 459 14 2 2 1
80 80 129 2016 918 459 459 14 2 2 2
80 80 132 8064 912 456 456 14 2 2 2
80 80 134 8064 912 456 456 14 2 2 2
80 80 136 2016 918 459 459 14 2 2 2
80 80 137 2016 918 459 459 14 2 2 2
80 80 140 8064 912 456 456 14 2 2 3
80 80 142 8064 912 456 456 14 2 2 3
80 80 160 8064 918 459 459 14 2 2 2
80 80 161 8064 918 459 459 14 2 2 3
80 80 164 8064 912 456 456 14 2 2 2
80 80 165 8064 912 456 456 14 2 2 3
80 80 176 8064 918 459 459 14 2 2 2
80 80 177 8064 918 459 459 14 2 2 3
80 80 182 8064 912 456 456 14 2 2 2
80 80 183 8064 912 456 456 14 2 2 3
80 80 256 2016 918 459 459 14 2 2 1
80 80 257 2016 918 459 459 14 2 2 2
80 80 258 8064 918 459 459 14 2 2 2
80 80 264 2016 918 459 459 14 2 2 2
80 80 265 2016 918 459 459 14 2 2 2
80 80 266 8064 918 459 459 14 2 2 3
80 80 272 8064 918 459 459 14 2 2 2
80 80 273 8064 918 459 459 14 2 2 3
80 80 274 8064 918 459 459 14 2 2 2
80 80 275 8064 918 459 459 14 2 2 3
80 80 384 2016 918 459 459 14 2 2 1
80 80 385 2016 918 459 459 14 2 2 2
80 80 392 2016 918 459 459 14 2 2 2
80 80 393 2016 918 459 459 14 2 2 2
80 81 1 1008 918 459 459 14 2 2 1
80 81 2 2016 918 459 459 14 2 2 1
80 81 4 4032 918 459 459 14 2 2 1
80 81 8 2016 918 459 459 14 2 2 1
80 81 10 4032 918 459 459 14 2 2 2
80 81 12 8064 918 459 459 14 2 2 2
80 81 16 4032 918 459 459 14 2 2 1
80 81 17 8064 918 459 459 14 2 2 2
80 81 20 8064 918 459 459 14 2 2 2
80 81 22 8064 918 459 459 14 2 2 2
80 81 32 4032 918 459 459 14 2 2 1
80 81 33 8064 918 459 459 14 2 2 2
80 81 34 16128 918 459 459 14 2 2 2
80 81 36 4032 918 459 459 14 2 2 1
80 81 37 8064 918 459 459 14 2 2 2
80 81 38 16128 918 459 459 14 2 2 2
80 81 64 504 918 459 459 14 2 2 1
80 81 66 2016 918 459 459 14 2 2 2
80 81 68 4032 918 459 459 14 2 2 2
80 81 80 4032 918 459 459 14 2 2 2
80 81 84 8064 918 459 459 14 2 2 3
80 81 86 8064 918 459 459 14 2 2 3
80 81 96 4032 918 459 459 14 2 2 2
80 81 98 16128 918 459 459 14 2 2 3
80 81 100 4032 918 459 459 14 2 2 2
80 81 102 16128 918 459 459 14 2 2 3
80 81 128 1008 918 459 459 14 2 2 1
80 81 129 1008 918 459 459 14 2 2 2
80 81 132 8064 918 459 459 14 2 2 2
80 81 136 2016 918 459 459 14 2 2 2
80 81 140 8064 918 459 459 14 2 2 3
80 81 160 8064 918 459 459 14 2 2 2
80 81 161 8064 918 459 459 14 2 2 3
80 81 164 8064 918 459 459 14 2 2 2
80 81 165 8064 918 459 459 14 2 2 3
80 81 256 2016 918 459 459 14 2 2 1
80 81 257 2016 918 459 459 14 2 2 2
80 81 258 4032 918 459 459 14 2 2 2
80 81 264 2016 918 459 459 14 2 2 2
80 81 265 2016 918 459 459 14 2 2 2
80 81 266 4032 918 459 459 14 2 2 3
80 81 272 8064 918 459 459 14 2 2 2
80 81 273 8064 918 459 459 14 2 2 3
80 83 1 1008 918 459 459 14 2 2 1
80 83 2 2016 918 459 459 14 2 2 1
80 83 4 4032 918 459 459 14 2 2 1
80 83 8 2016 918 459 459 14 2 2 1
80 83 10 4032 918 459 459 14 2 2 2
80 83 12 8064 918 459 459 14 2 2 2
80 83 16 4032 918 459 459 14 2 2 1
80 83 17 8064 918 459 459 14 2 2 2
80 83 20 8064 918 459 459 14 2 2 2
80 83 22 8064 918 459 459 14 2 2 2
80 83 32 4032 912 456 456 14 2 2 1
80 83 33 8064 912 456 456 14 2 2 2
80 83 34 16128 912 456 456 14 2 2 2
80 83 36 4032 912 456 456 14 2 2 1
80 83 37 8064 912 456 456 14 2 2 2
80 83 38 16128 912 456 456 14 2 2 2
80 83 64 504 918 459 459 14 2 2 1
80 83 66 2016 918 459 459 14 2 2 2
80 83 68 4032 918 459 459 14 2 2 2
80 83 80 4032 918 459 459 14 2 2 2
80 83 84 8064 918 459 459 14 2 2 3
80 83 86 8064 918 459 459 14 2 2 3
80 83 96 4032 912 456 456 14 2 2 2
80 83 98 16128 912 456 456 14 2 2 3
80 83 100 4032 912 456 456 14 2 2 2
80 83 102 16128 912 456 456 14 2 2 3
80 83 128 1008 918 459 459 14 2 2 1
80 83 129 1008 918 459 459 14 2 2 2
80 83 132 8064 918 459 459 14 2 2 2
80 83 136 2016 918 459 459 14 2 2 2
80 83 140 8064 918 459 459 14 2 2 3
80 83 160 8064 912 456 456 14 2 2 2
80 83 161 8064 912 456 456 14 2 2 3
80 83 164 8064 912 456 456 14 2 2 2
80 83 165 8064 912 456 456 14 2 2 3
80 83 256 2016 918 459 459 14 2 2 1
80 83 257 2016 918 459 459 14 2 2 2
80 83 258 4032 918 459 459 14 2 2 2
80 83 264 2016 918 459 459 14 2 2 2
80 83 265 2016 918 459 459 14 2 2 2
80 83 266 4032 918 459 459 14 2 2 3
80 83 272 8064 918 459 459 14 2 2 2
80 83 273 8064 918 459 459 14 2 2 3
80 84 1 2016 918 459 459 14 2 3 1
80 84 2 4032 918 459 459 14 2 3 1
80 84 4 8064 912 456 456 14 2 3 1
80 84 8 4032 918 459 459 14 2 3 1
80 84 9 4032 918 459 459 14 2 3 1
80 84 10 8064 918 459 459 14 2 3 2
80 84 12 8064 912 456 456 14 2 3 2
80 84 14 8064 912 456 456 14 2 3 2
80 84 16 8064 918 459 459 14 2 3 1
80 84 17 8064 918 459 459 14 2 3 2
80 84 18 8064 918 459 459 14 2 3 1
80 84 19 8064 918 459 459 14 2 3 2
80 84 20 16128 912 456 456 14 2 3 2
80 84 22 16128 912 456 456 14 2 3 2
80 84 32 8064 918 459 459 14 2 3 1
80 84 33 8064 918 459 459 14 2 3 2
80 84 34 16128 918 459 459 14 2 3 2
80 84 36 8064 912 456 456 14 2 3 1
80 84 37 8064 912 456 456 14 2 3 2
80 84 38 16128 912 456 456 14 2 3 2
80 84 48 8064 918 459 459 14 2 3 1
80 84 49 8064 918 459 459 14 2 3 2
80 84 50 16128 918 459 459 14 2 3 2
80 84 52 16128 912 456 456 14 2 3 2
80 84 54 8064 912 456 456 14 2 3 1
80 84 55 8064 912 456 456 14 2 3 2
80 84 64 2016 918 459 459 14 2 3 1
80 84 65 2016 918 459 459 14 2 3 1
80 84 66 4032 918 459 459 14 2 3 2
80 84 68 8064 912 456 456 14 2 3 2
80 84 80 8064 918 459 459 14 2 3 2
80 84 81 8064 918 459 459 14 2 3 2
80 84 82 8064 918 459 459 14 2 3 2
80 84 83 8064 918 459 459 14 2 3 2
80 84 84 16128 912 456 456 14 2 3 3
80 84 86 16128 912 456 456 14 2 3 3
80 84 96 8064 918 459 459 14 2 3 2
80 84 97 8064 918 459 459 14 2 3 2
80 84 98 16128 918 459 459 14 2 3 3
80 84 100 8064 912 456 456 14 2 3 2
80 84 101 8064 912 456 456 14 2 3 2
80 84 102 16128 912 456 456 14 2 3 3
80 84 112 8064 918 459 459 14 2 3 2
80 84 113 8064 918 459 459 14 2 3 2
80 84 114 16128 918 459 459 14 2 3 3
80 84 116 16128 912 456 456 14 2 3 3
80 84 118 8064 912 456 456 14 2 3 2
80 84 119 8064 912 456 456 14 2 3 2
80 84 128 4032 918 459 459 14 2 3 1
80 84 129 4032 918 459 459 14 2 3 2
80 84 130 4032 918 459 459 14 2 3 1
80 84 131 4032 918 459 459 14 2 3 2
80 84 132 16128 912 456 456 14 2 3 2
80 84 136 8064 918 459 459 14 2 3 2
80 84 138 4032 918 459 459 14 2 3 2
80 84 139 4032 918 459 459 14 2 3 2
80 84 140 16128 912 456 456 14 2 3 3
80 84 160 16128 918 459 459 14 2 3 2
80 84 161 16128 918 459 459 14 2 3 3
80 84 162 16128 918 459 459 14 2 3 2
80 84 163 16128 918 459 459 14 2 3 3
80 84 164 16128 912 456 456 14 2 3 2
80 84 165 16128 912 456 456 14 2 3 3
80 84 166 16128 912 456 456 14 2 3 2
80 84 167 16128 912 456 456 14 2 3 3
80 84 176 16128 918 459 459 14 2 3 2
80 84 177 16128 918 459 459 14 2 3 3
80 84 178 16128 918 459 459 14 2 3 2
80 84 179 16128 918 459 459 14 2 3 3
80 84 180 16128 912 456 456 14 2 3 2
80 84 181 16128 912 456 456 14 2 3 3
80 84 182 16128 912 456 456 14 2 3 2
80 84 183 16128 912 456 456 14 2 3 3
80 84 256 8064 912 456 456 14 2 3 1
80 84 257 8064 912 456 456 14 2 3 2
80 84 258 16128 912 456 456 14 2 3 2
80 84 260 8064 918 459 459 14 2 3 1
80 84 261 8064 918 459 459 14 2 3 2
80 84 262 16128 918 459 459 14 2 3 2
80 84 264 8064 912 456 456 14 2 3 2
80 84 265 8064 912 456 456 14 2 3 2
80 84 266 16128 912 456 456 14 2 3 3
80 84 268 8064 918 459 459 14 2 3 2
80 84 269 8064 918 459 459 14 2 3 2
80 84 270 16128 918 459 459 14 2 3 3
80 84 272 16128 912 456 456 14 2 3 2
80 84 273 16128 912 456 456 14 2 3 3
80 84 276 8064 918 459 459 14 2 3 2
80 84 277 8064 918 459 459 14 2 3 3
80 84 278 8064 918 459 459 14 2 3 2
80 84 279 8064 918 459 459 14 2 3 3
80 84 400 16128 912 456 456 14 2 3 2
80 84 401 16128 912 456 456 14 2 3 3
80 84 404 8064 918 459 459 14 2 3 2
80 84 405 8064 918 459 459 14 2 3 3
80 84 406 8064 918 459 459 14 2 3 2
80 84 407 8064 918 459 459 14 2 3 3
84 1 1 1344 918 459 459 14 3 1 1
84 1 2 1344 918 459 459 14 3 1 1
84 1 3 1344 918 459 459 14 3 1 1
84 1 4 2688 918 459 459 14 3 1 1
84 1 6 2688 918 459 459 14 3 1 1
84 1 8 1008 918 459 459 14 3 1 1
84 1 10 4032 918 459 459 14 3 1 2
84 1 11 4032 918 459 459 14 3 1 2
84 1 12 8064 918 459 459 14 3 1 2
84 1 14 8064 918 459 459 14 3 1 2
84 1 16 1008 918 459 459 14 3 1 1
84 1 17 4032 918 459 459 14 3 1 2
84 1 20 8064 918 459 459 14 3 1 2
84 1 22 8064 918 459 459 14 3 1 2
84 1 24 1008 918 459 459 14 3 1 1
84 1 28 8064 918 459 459 14 3 1 2
84 1 30 8064 918 459 459 14 3 1 2
84 1 32 2016 918 459 459 14 3 1 1
84 1 33 4032 918 459 459 14 3 1 2
84 1 34 8064 918 459 459 14 3 1 2
84 1 35 8064 918 459 459 14 3 1 2
84 1 48 2016 918 459 459 14 3 1 1
84 1 49 4032 918 459 459 14 3 1 2
84 1 80 2016 918 459 459 14 3 1 2
84 1 84 16128 918 459 459 14 3 1 3
84 1 86 16128 918 459 459 14 3 1 3
84 1 96 2016 918 459 459 14 3 1 2
84 1 98 8064 918 459 459 14 3 1 3
84 1 99 8064 918 459 459 14 3 1 3
84 1 112 2016 918 459 459 14 3 1 2
84 1 160 4032 918 459 459 14 3 1 2
84 1 161 8064 918 459 459 14 3 1 3
84 1 224 4032 918 459 459 14 3 1 2
84 8 1 1344 918 459 459 14 3 1 1
84 8 2 1344 918 459 459 14 3 1 1
84 8 3 1344 918 459 459 14 3 1 1
84 8 4 2688 918 459 459 14 3 1 1
84 8 6 2688 918 459 459 14 3 1 1
84 8 8 1008 918 459 459 14 3 1 1
84 8 10 4032 918 459 459 14 3 1 2
84 8 11 4032 918 459 459 14 3 1 2
84 8 12 8064 918 459 459 14 3 1 2
84 8 14 8064 918 459 459 14 3 1 2
84 8 16 1008 918 459 459 14 3 1 1
84 8 17 4032 918 459 459 14 3 1 2
84 8 20 8064 918 459 459 14 3 1 2
84 8 22 8064 918 459 459 14 3 1 2
84 8 24 1008 918 459 459 14 3 1 1
84 8 28 8064 918 459 459 14 3 1 2
84 8 30 8064 918 459 459 14 3 1 2
84 8 32 2016 918 459 459 14 3 1 1
84 8 33 4032 918 459 459 14 3 1 2
84 8 34 8064 918 459 459 14 3 1 2
84 8 35 8064 918 459 459 14 3 1 2
84 8 48 2016 918 459 459 14 3 1 1
84 8 49 4032 918 459 459 14 3 1 2
84 8 80 2016 918 459 459 14 3 1 2
84 8 84 16128 918 459 459 14 3 1 3
84 8 86 16128 918 459 459 14 3 1 3
84 8 96 2016 918 459 459 14 3 1 2
84 8 98 8064 918 459 459 14 3 1 3
84 8 99 8064 918 459 459 14 3 1 3
84 8 112 2016 918 459 459 14 3 1 2
84 8 160 4032 918 459 459 14 3 1 2
84 8 161 8064 918 459 459 14 3 1 3
84 8 224 4032 918 459 459 14 3 1 2
84 9 1 1344 918 459 459 14 3 1 1
84 9 2 1344 918 459 459 14 3 1 1
84 9 3 1344 918 459 459 14 3 1 1
84 9 4 2688 918 459 459 14 3 1 1
84 9 6 2688 918 459 459 14 3 1 1
84 9 8 1008 918 459 459 14 3 1 1
84 9 10 4032 918 459 459 14 3 1 2
84 9 11 4032 918 459 459 14 3 1 2
84 9 12 8064 918 459 459 14 3 1 2
84 9 14 8064 918 459 459 14 3 1 2
84 9 16 1008 918 459 459 14 3 1 1
84 9 17 4032 918 459 459 14 3 1 2
84 9 20 8064 918 459 459 14 3 1 2
84 9 22 8064 918 459 459 14 3 1 2
84 9 24 1008 918 459 459 14 3 1 1
84 9 28 8064 918 459 459 14 3 1 2
84 9 30 8064 918 459 459 14 3 1 2
84 9 32 2016 918 459 459 14 3 1 1
84 9 33 4032 918 459 459 14 3 1 2
84 9 34 8064 918 459 459 14 3 1 2
84 9 35 8064 918 459 459 14 3 1 2
84 9 48 2016 918 459 459 14 3 1 1
84 9 49 4032 918 459 459 14 3 1 2
84 9 80 2016 918 459 459 14 3 1 2
84 9 84 16128 918 459 459 14 3 1 3
84 9 86 16128 918 459 459 14 3 1 3
84 9 96 2016 918 459 459 14 3 1 2
84 9 98 8064 918 459 459 14 3 1 3
84 9 99 8064 918 459 459 14 3 1 3
84 9 112 2016 918 459 459 14 3 1 2
84 9 160 4032 918 459 459 14 3 1 2
84 9 161 8064 918 459 459 14 3 1 3
84 9 224 4032 918 459 459 14 3 1 2
84 10 1 4032 918 459 459 14 3 2 1
84 10 2 4032 918 459 459 14 3 2 1
84 10 3 4032 918 459 459 14 3 2 1
84 10 4 8064 918 459 459 14 3 2 1
84 10 6 8064 918 459 459 14 3 2 1
84 10 8 4032 918 459 459 14 3 2 1
84 10 9 4032 918 459 459 14 3 2 1
84 10 10 8064 918 459 459 14 3 2 2
84 10 11 8064 918 459 459 14 3 2 2
84 10 12 16128 918 459 459 14 3 2 2
84 10 14 16128 918 459 459 14 3 2 2
84 10 16 4032 918 459 459 14 3 2 1
84 10 17 8064 918 459 459 14 3 2 2
84 10 18 4032 918 459 459 14 3 2 1
84 10 19 8064 918 459 459 14 3 2 2
84 10 20 16128 918 459 459 14 3 2 2
84 10 22 16128 918 459 459 14 3 2 2
84 10 24 4032 918 459 459 14 3 2 1
84 10 25 8064 918 459 459 14 3 2 2
84 10 26 8064 918 459 459 14 3 2 2
84 10 27 4032 918 459 459 14 3 2 1
84 10 28 16128 918 459 459 14 3 2 2
84 10 30 16128 918 459 459 14 3 2 2
84 10 32 8064 918 459 459 14 3 2 1
84 10 33 16128 918 459 459 14 3 2 2
84 10 34 16128 918 459 459 14 3 2 2
84 10 35 16128 918 459 459 14 3 2 2
84 10 36 8064 918 459 459 14 3 2 1
84 10 37 16128 918 459 459 14 3 2 2
84 10 38 16128 918 459 459 14 3 2 2
84 10 39 16128 918 459 459 14 3 2 2
84 10 48 8064 918 459 459 14 3 2 1
84 10 49 16128 918 459 459 14 3 2 2
84 10 50 16128 918 459 459 14 3 2 2
84 10 51 16128 918 459 459 14 3 2 2
84 10 52 16128 918 459 459 14 3 2 2
84 10 53 16128 918 459 459 14 3 2 2
84 10 54 8064 918 459 459 14 3 2 1
84 10 55 16128 918 459 459 14 3 2 2
84 10 64 2016 918 459 459 14 3 2 1
84 10 66 4032 918 459 459 14 3 2 2
84 10 67 4032 918 459 459 14 3 2 2
84 10 68 8064 918 459 459 14 3 2 2
84 10 70 8064 918 459 459 14 3 2 2
84 10 80 4032 918 459 459 14 3 2 2
84 10 82 4032 918 459 459 14 3 2 2
84 10 84 16128 918 459 459 14 3 2 3
84 10 86 16128 918 459 459 14 3 2 3
84 10 88 4032 918 459 459 14 3 2 2
84 10 91 4032 918 459 459 14 3 2 2
84 10 92 16128 918 459 459 14 3 2 3
84 10 94 16128 918 459 459 14 3 2 3
84 10 96 8064 918 459 459 14 3 2 2
84 10 98 16128 918 459 459 14 3 2 3
84 10 99 16128 918 459 459 14 3 2 3
84 10 100 8064 918 459 459 14 3 2 2
84 10 102 16128 918 459 459 14 3 2 3
84 10 103 16128 918 459 459 14 3 2 3
84 10 112 8064 918 459 459 14 3 2 2
84 10 114 16128 918 459 459 14 3 2 3
84 10 115 16128 918 459 459 14 3 2 3
84 10 116 16128 918 459 459 14 3 2 3
84 10 117 16128 918 459 459 14 3 2 3
84 10 118 8064 918 459 459 14 3 2 2
84 10 128 2016 918 459 459 14 3 2 1
84 10 129 4032 918 459 459 14 3 2 2
84 10 132 8064 918 459 459 14 3 2 2
84 10 134 8064 918 459 459 14 3 2 2
84 10 136 4032 918 459 459 14 3 2 2
84 10 137 4032 918 459 459 14 3 2 2
84 10 140 16128 918 459 459 14 3 2 3
84 10 142 16128 918 459 459 14 3 2 3
84 10 160 8064 918 459 459 14 3 2 2
84 10 161 16128 918 459 459 14 3 2 3
84 10 164 8064 918 459 459 14 3 2 2
84 10 165 16128 918 459 459 14 3 2 3
84 10 176 8064 918 459 459 14 3 2 2
84 10 177 16128 918 459 459 14 3 2 3
84 10 182 8064 918 459 459 14 3 2 2
84 10 183 16128 918 459 459 14 3 2 3
84 10 192 2016 918 459 459 14 3 2 1
84 10 196 8064 918 459 459 14 3 2 2
84 10 198 8064 918 459 459 14 3 2 2
84 10 224 8064 918 459 459 14 3 2 2
84 10 228 8064 918 459 459 14 3 2 2
84 10 240 8064 918 459 459 14 3 2 2
84 10 246 8064 918 459 459 14 3 2 2
84 10 256 4032 918 459 459 14 3 2 1
84 10 257 4032 918 459 459 14 3 2 2
84 10 258 8064 918 459 459 14 3 2 2
84 10 259 8064 918 459 459 14 3 2 2
84 10 264 4032 918 459 459 14 3 2 2
84 10 265 4032 918 459 459 14 3 2 2
84 10 266 8064 918 459 459 14 3 2 3
84 10 267 8064 918 459 459 14 3 2 3
84 10 272 8064 918 459 459 14 3 2 2
84 10 273 8064 918 459 459 14 3 2 3
84 10 274 8064 918 459 459 14 3 2 2
84 10 275 8064 918 459 459 14 3 2 3
84 10 280 8064 918 459 459 14 3 2 2
84 10 281 8064 918 459 459 14 3 2 3
84 10 282 8064 918 459 459 14 3 2 3
84 10 283 8064 918 459 459 14 3 2 2
84 10 384 4032 918 459 459 14 3 2 1
84 10 385 4032 918 459 459 14 3 2 2
84 10 392 4032 918 459 459 14 3 2 2
84 10 393 4032 918 459 459 14 3 2 2
84 64 1 2688 918 459 459 14 3 1 1
84 64 2 2688 918 459 459 14 3 1 1
84 64 3 2688 918 459 459 14 3 1 1
84 64 4 2688 918 459 459 14 3 1 1
84 64 5 2688 918 459 459 14 3 1 1
84 64 6 2688 918 459 459 14 3 1 1
84 64 7 2688 918 459 459 14 3 1 1
84 64 8 2016 918 459 459 14 3 1 1
84 64 10 8064 918 459 459 14 3 1 2
84 64 11 8064 918 459 459 14 3 1 2
84 64 12 8064 918 459 459 14 3 1 2
84 64 13 8064 918 459 459 14 3 1 2
84 64 14 8064 918 459 459 14 3 1 2
84 64 15 8064 918 459 459 14 3 1 2
84 64 16 2016 918 459 459 14 3 1 1
84 64 17 8064 918 459 459 14 3 1 2
84 64 20 8064 918 459 459 14 3 1 2
84 64 21 8064 918 459 459 14 3 1 2
84 64 22 8064 918 459 459 14 3 1 2
84 64 23 8064 918 459 459 14 3 1 2
84 64 24 2016 918 459 459 14 3 1 1
84 64 28 8064 918 459 459 14 3 1 2
84 64 29 8064 918 459 459 14 3 1 2
84 64 30 8064 918 459 459 14 3 1 2
84 64 31 8064 918 459 459 14 3 1 2
84 64 32 2016 918 459 459 14 3 1 1
84 64 33 8064 918 459 459 14 3 1 2
84 64 34 8064 918 459 459 14 3 1 2
84 64 35 8064 918 459 459 14 3 1 2
84 64 40 2016 918 459 459 14 3 1 1
84 64 42 8064 918 459 459 14 3 1 2
84 64 43 8064 918 459 459 14 3 1 2
84 64 48 2016 918 459 459 14 3 1 1
84 64 49 8064 918 459 459 14 3 1 2
84 64 56 2016 918 459 459 14 3 1 1
84 64 80 4032 918 459 459 14 3 1 2
84 64 84 16128 918 459 459 14 3 1 3
84 64 85 16128 918 459 459 14 3 1 3
84 64 86 16128 918 459 459 14 3 1 3
84 64 87 16128 918 459 459 14 3 1 3
84 64 96 4032 918 459 459 14 3 1 2
84 64 98 16128 918 459 459 14 3 1 3
84 64 99 16128 918 459 459 14 3 1 3
84 64 112 4032 918 459 459 14 3 1 2
84 64 160 4032 918 459 459 14 3 1 2
84 64 161 16128 918 459 459 14 3 1 3
84 64 168 4032 918 459 459 14 3 1 2
84 64 224 4032 918 459 459 14 3 1 2
84 64 232 4032 918 459 459 14 3 1 2
84 66 1 8064 918 459 459 14 3 2 1
84 66 2 8064 918 459 459 14 3 2 1
84 66 3 8064 918 459 459 14 3 2 1
84 66 4 8064 918 459 459 14 3 2 1
84 66 5 8064 918 459 459 14 3 2 1
84 66 6 8064 918 459 459 14 3 2 1
84 66 7 8064 918 459 459 14 3 2 1
84 66 8 4032 918 459 459 14 3 2 1
84 66 10 16128 918 459 459 14 3 2 2
84 66 11 16128 918 459 459 14 3 2 2
84 66 12 16128 918 459 459 14 3 2 2
84 66 13 16128 918 459 459 14 3 2 2
84 66 14 16128 918 459 459 14 3 2 2
84 66 15 16128 918 459 459 14 3 2 2
84 66 16 4032 918 459 459 14 3 2 1
84 66 17 16128 918 459 459 14 3 2 2
84 66 20 16128 918 459 459 14 3 2 2
84 66 21 16128 918 459 459 14 3 2 2
84 66 22 16128 918 459 459 14 3 2 2
84 66 23 16128 918 459 459 14 3 2 2
84 66 24 4032 918 459 459 14 3 2 1
84 66 28 16128 918 459 459 14 3 2 2
84 66 29 16128 918 459 459 14 3 2 2
84 66 30 16128 918 459 459 14 3 2 2
84 66 31 16128 918 459 459 14 3 2 2
84 66 32 8064 918 459 459 14 3 2 1
84 66 33 8064 918 459 459 14 3 2 2
84 66 34 16128 918 459 459 14 3 2 2
84 66 35 16128 918 459 459 14 3 2 2
84 66 41 8064 918 459 459 14 3 2 2
84 66 42 16128 918 459 459 14 3 2 2
84 66 43 16128 918 459 459 14 3 2 2
84 66 48 8064 918 459 459 14 3 2 1
84 66 49 8064 918 459 459 14 3 2 2
84 66 57 8064 918 459 459 14 3 2 2
84 66 64 2016 918 459 459 14 3 2 1
84 66 66 8064 918 459 459 14 3 2 2
84 66 67 8064 918 459 459 14 3 2 2
84 66 68 8064 918 459 459 14 3 2 2
84 66 69 8064 918 459 459 14 3 2 2
84 66 70 8064 918 459 459 14 3 2 2
84 66 71 8064 918 459 459 14 3 2 2
84 66 80 4032 918 459 459 14 3 2 2
84 66 84 16128 918 459 459 14 3 2 3
84 66 85 16128 918 459 459 14 3 2 3
84 66 86 16128 918 459 459 14 3 2 3
84 66 87 16128 918 459 459 14 3 2 3
84 66 88 4032 918 459 459 14 3 2 2
84 66 92 16128 918 459 459 14 3 2 3
84 66 93 16128 918 459 459 14 3 2 3
84 66 94 16128 918 459 459 14 3 2 3
84 66 95 16128 918 459 459 14 3 2 3
84 66 96 8064 918 459 459 14 3 2 2
84 66 98 16128 918 459 459 14 3 2 3
84 66 99 16128 918 459 459 14 3 2 3
84 66 106 16128 918 459 459 14 3 2 3
84 66 107 16128 918 459 459 14 3 2 3
84 66 112 8064 918 459 459 14 3 2 2
84 66 128 2016 918 459 459 14 3 2 1
84 66 129 8064 918 459 459 14 3 2 2
84 66 132 8064 918 459 459 14 3 2 2
84 66 133 8064 918 459 459 14 3 2 2
84 66 134 8064 918 459 459 14 3 2 2
84 66 135 8064 918 459 459 14 3 2 2
84 66 136 4032 918 459 459 14 3 2 2
84 66 140 16128 918 459 459 14 3 2 3
84 66 141 16128 918 459 459 14 3 2 3
84 66 142 16128 918 459 459 14 3 2 3
84 66 143 16128 918 459 459 14 3 2 3
84 66 160 8064 918 459 459 14 3 2 2
84 66 161 8064 918 459 459 14 3 2 3
84 66 169 8064 918 459 459 14 3 2 3
84 66 176 8064 918 459 459 14 3 2 2
84 66 177 8064 918 459 459 14 3 2 3
84 66 185 8064 918 459 459 14 3 2 3
84 66 192 2016 918 459 459 14 3 2 1
84 66 196 8064 918 459 459 14 3 2 2
84 66 197 8064 918 459 459 14 3 2 2
84 66 198 8064 918 459 459 14 3 2 2
84 66 199 8064 918 459 459 14 3 2 2
84 66 224 8064 918 459 459 14 3 2 2
84 66 240 8064 918 459 459 14 3 2 2
84 66 256 4032 918 459 459 14 3 2 1
84 66 257 8064 918 459 459 14 3 2 2
84 66 258 8064 918 459 459 14 3 2 2
84 66 259 8064 918 459 459 14 3 2 2
84 66 264 4032 918 459 459 14 3 2 2
84 66 266 16128 918 459 459 14 3 2 3
84 66 267 16128 918 459 459 14 3 2 3
84 66 272 8064 918 459 459 14 3 2 2
84 66 273 16128 918 459 459 14 3 2 3
84 66 274 8064 918 459 459 14 3 2 2
84 66 280 8064 918 459 459 14 3 2 2
84 66 283 8064 918 459 459 14 3 2 2
84 66 384 4032 918 459 459 14 3 2 1
84 66 385 8064 918 459 459 14 3 2 2
84 66 392 4032 918 459 459 14 3 2 2
84 72 1 2688 918 459 459 14 3 1 1
84 72 2 2688 918 459 459 14 3 1 1
84 72 3 2688 918 459 459 14 3 1 1
84 72 4 2688 918 459 459 14 3 1 1
84 72 5 2688 918 459 459 14 3 1 1
84 72 6 2688 918 459 459 14 3 1 1
84 72 7 2688 918 459 459 14 3 1 1
84 72 8 2016 918 459 459 14 3 1 1
84 72 10 8064 918 459 459 14 3 1 2
84 72 11 8064 918 459 459 14 3 1 2
84 72 12 8064 918 459 459 14 3 1 2
84 72 13 8064 918 459 459 14 3 1 2
84 72 14 8064 918 459 459 14 3 1 2
84 72 15 8064 918 459 459 14 3 1 2
84 72 16 2016 918 459 459 14 3 1 1
84 72 17 8064 918 459 459 14 3 1 2
84 72 20 8064 918 459 459 14 3 1 2
84 72 21 8064 918 459 459 14 3 1 2
84 72 22 8064 918 459 459 14 3 1 2
84 72 23 8064 918 459 459 14 3 1 2
84 72 24 2016 918 459 459 14 3 1 1
84 72 28 8064 918 459 459 14 3 1 2
84 72 29 8064 918 459 459 14 3 1 2
84 72 30 8064 918 459 459 14 3 1 2
84 72 31 8064 918 459 459 14 3 1 2
84 72 32 2016 918 459 459 14 3 1 1
84 72 33 8064 918 459 459 14 3 1 2
84 72 34 8064 918 459 459 14 3 1 2
84 72 35 8064 918 459 459 14 3 1 2
84 72 40 2016 918 459 459 14 3 1 1
84 72 42 8064 918 459 459 14 3 1 2
84 72 43 8064 918 459 459 14 3 1 2
84 72 48 2016 918 459 459 14 3 1 1
84 72 49 8064 918 459 459 14 3 1 2
84 72 56 2016 918 459 459 14 3 1 1
84 72 80 4032 918 459 459 14 3 1 2
84 72 84 16128 918 459 459 14 3 1 3
84 72 85 16128 918 459 459 14 3 1 3
84 72 86 16128 918 459 459 14 3 1 3
84 72 87 16128 918 459 459 14 3 1 3
84 72 96 4032 918 459 459 14 3 1 2
84 72 98 16128 918 459 459 14 3 1 3
84 72 99 16128 918 459 459 14 3 1 3
84 72 112 4032 918 459 459 14 3 1 2
84 72 160 4032 918 459 459 14 3 1 2
84 72 161 16128 918 459 459 14 3 1 3
84 72 168 4032 918 459 459 14 3 1 2
84 72 224 4032 918 459 459 14 3 1 2
84 72 232 4032 918 459 459 14 3 1 2
84 74 1 8064 918 459 459 14 3 2 1
84 74 2 8064 918 459 459 14 3 2 1
84 74 3 8064 918 459 459 14 3 2 1
84 74 4 8064 918 459 459 14 3 2 1
84 74 5 8064 918 459 459 14 3 2 1
84 74 6 8064 918 459 459 14 3 2 1
84 74 7 8064 918 459 459 14 3 2 1
84 74 8 4032 918 459 459 14 3 2 1
84 74 10 16128 918 459 459 14 3 2 2
84 74 11 16128 918 459 459 14 3 2 2
84 74 12 16128 918 459 459 14 3 2 2
84 74 13 16128 918 459 459 14 3 2 2
84 74 14 16128 918 459 459 14 3 2 2
84 74 15 16128 918 459 459 14 3 2 2
84 74 16 4032 918 459 459 14 3 2 1
84 74 17 16128 918 459 459 14 3 2 2
84 74 20 16128 918 459 459 14 3 2 2
84 74 21 16128 918 459 459 14 3 2 2
84 74 22 16128 918 459 459 14 3 2 2
84 74 23 16128 918 459 459 14 3 2 2
84 74 24 4032 918 459 459 14 3 2 1
84 74 28 16128 918 459 459 14 3 2 2
84 74 29 16128 918 459 459 14 3 2 2
84 74 30 16128 918 459 459 14 3 2 2
84 74 31 16128 918 459 459 14 3 2 2
84 74 32 8064 918 459 459 14 3 2 1
84 74 33 8064 918 459 459 14 3 2 2
84 74 34 16128 918 459 459 14 3 2 2
84 74 35 16128 918 459 459 14 3 2 2
84 74 41 8064 918 459 459 14 3 2 2
84 74 42 16128 918 459 459 14 3 2 2
84 74 43 16128 918 459 459 14 3 2 2
84 74 48 8064 918 459 459 14 3 2 1
84 74 49 8064 918 459 459 14 3 2 2
84 74 57 8064 918 459 459 14 3 2 2
84 74 64 2016 918 459 459 14 3 2 1
84 74 66 8064 918 459 459 14 3 2 2
84 74 67 8064 918 459 459 14 3 2 2
84 74 68 8064 918 459 459 14 3 2 2
84 74 69 8064 918 459 459 14 3 2 2
84 74 70 8064 918 459 459 14 3 2 2
84 74 71 8064 918 459 459 14 3 2 2
84 74 80 4032 918 459 459 14 3 2 2
84 74 84 16128 918 459 459 14 3 2 3
84 74 85 16128 918 459 459 14 3 2 3
84 74 86 16128 918 459 459 14 3 2 3
84 74 87 16128 918 459 459 14 3 2 3
84 74 88 4032 918 459 459 14 3 2 2
84 74 92 16128 918 459 459 14 3 2 3
84 74 93 16128 918 459 459 14 3 2 3
84 74 94 16128 918 459 459 14 3 2 3
84 74 95 16128 918 459 459 14 3 2 3
84 74 96 8064 918 459 459 14 3 2 2
84 74 98 16128 918 459 459 14 3 2 3
84 74 99 16128 918 459 459 14 3 2 3
84 74 106 16128 918 459 459 14 3 2 3
84 74 107 16128 918 459 459 14 3 2 3
84 74 112 8064 918 459 459 14 3 2 2
84 74 128 2016 918 459 459 14 3 2 1
84 74 129 8064 918 459 459 14 3 2 2
84 74 132 8064 918 459 459 14 3 2 2
84 74 133 8064 918 459 459 14 3 2 2
84 74 134 8064 918 459 459 14 3 2 2
84 74 135 8064 918 459 459 14 3 2 2
84 74 136 4032 918 459 459 14 3 2 2
84 74 140 16128 918 459 459 14 3 2 3
84 74 141 16128 918 459 459 14 3 2 3
84 74 142 16128 918 459 459 14 3 2 3
84 74 143 16128 918 459 459 14 3 2 3
84 74 160 8064 918 459 459 14 3 2 2
84 74 161 8064 918 459 459 14 3 2 3
84 74 169 8064 918 459 459 14 3 2 3
84 74 176 8064 918 459 459 14 3 2 2
84 74 177 8064 918 459 459 14 3 2 3
84 74 185 8064 918 459 459 14 3 2 3
84 74 192 2016 918 459 459 14 3 2 1
84 74 196 8064 918 459 459 14 3 2 2
84 74 197 8064 918 459 459 14 3 2 2
84 74 198 8064 918 459 459 14 3 2 2
84 74 199 8064 918 459 459 14 3 2 2
84 74 224 8064 918 459 459 14 3 2 2
84 74 240 8064 918 459 459 14 3 2 2
84 74 256 4032 918 459 459 14 3 2 1
84 74 257 8064 918 459 459 14 3 2 2
84 74 258 8064 918 459 459 14 3 2 2
84 74 259 8064 918 459 459 14 3 2 2
84 74 264 4032 918 459 459 14 3 2 2
84 74 266 16128 918 459 459 14 3 2 3
84 74 267 16128 918 459 459 14 3 2 3
84 74 272 8064 918 459 459 14 3 2 2
84 74 273 16128 918 459 459 14 3 2 3
84 74 274 8064 918 459 459 14 3 2 2
84 74 280 8064 918 459 459 14 3 2 2
84 74 283 8064 918 459 459 14 3 2 2
84 74 384 4032 918 459 459 14 3 2 1
84 74 385 8064 918 459 459 14 3 2 2
84 74 392 4032 918 459 459 14 3 2 2
84 80 1 8064 918 459 459 14 3 2 1
84 80 2 8064 918 459 459 14 3 2 1
84 80 3 8064 918 459 459 14 3 2 1
84 80 4 8064 918 459 459 14 3 2 1
84 80 5 8064 918 459 459 14 3 2 1
84 80 6 8064 918 459 459 14 3 2 1
84 80 7 8064 918 459 459 14 3 2 1
84 80 8 8064 918 459 459 14 3 2 1
84 80 9 8064 918 459 459 14 3 2 1
84 80 10 16128 918 459 459 14 3 2 2
84 80 11 16128 918 459 459 14 3 2 2
84 80 12 16128 918 459 459 14 3 2 2
84 80 13 16128 918 459 459 14 3 2 2
84 80 14 16128 918 459 459 14 3 2 2
84 80 15 16128 918 459 459 14 3 2 2
84 80 16 8064 918 459 459 14 3 2 1
84 80 17 16128 918 459 459 14 3 2 2
84 80 18 8064 918 459 459 14 3 2 1
84 80 19 16128 918 459 459 14 3 2 2
84 80 20 16128 918 459 459 14 3 2 2
84 80 21 16128 918 459 459 14 3 2 2
84 80 22 16128 918 459 459 14 3 2 2
84 80 23 16128 918 459 459 14 3 2 2
84 80 24 8064 918 459 459 14 3 2 1
84 80 25 16128 918 459 459 14 3 2 2
84 80 26 16128 918 459 459 14 3 2 2
84 80 27 8064 918 459 459 14 3 2 1
84 80 28 16128 918 459 459 14 3 2 2
84 80 29 16128 918 459 459 14 3 2 2
84 80 30 16128 918 459 459 14 3 2 2
84 80 31 16128 918 459 459 14 3 2 2
84 80 32 8064 918 459 459 14 3 2 1
84 80 33 16128 918 459 459 14 3 2 2
84 80 34 16128 918 459 459 14 3 2 2
84 80 35 16128 918 459 459 14 3 2 2
84 80 36 8064 918 459 459 14 3 2 1
84 80 37 16128 918 459 459 14 3 2 2
84 80 38 16128 918 459 459 14 3 2 2
84 80 39 16128 918 459 459 14 3 2 2
84 80 40 8064 918 459 459 14 3 2 1
84 80 41 16128 918 459 459 14 3 2 2
84 80 42 16128 918 459 459 14 3 2 2
84 80 43 16128 918 459 459 14 3 2 2
84 80 44 16128 918 459 459 14 3 2 2
84 80 45 8064 918 459 459 14 3 2 1
84 80 46 16128 918 459 459 14 3 2 2
84 80 47 16128 918 459 459 14 3 2 2
84 80 48 8064 918 459 459 14 3 2 1
84 80 49 16128 918 459 459 14 3 2 2
84 80 50 16128 918 459 459 14 3 2 2
84 80 51 16128 918 459 459 14 3 2 2
84 80 52 16128 918 459 459 14 3 2 2
84 80 53 16128 918 459 459 14 3 2 2
84 80 54 8064 918 459 459 14 3 2 1
84 80 55 16128 918 459 459 14 3 2 2
84 80 56 8064 918 459 459 14 3 2 1
84 80 57 16128 918 459 459 14 3 2 2
84 80 58 16128 918 459 459 14 3 2 2
84 80 59 16128 918 459 459 14 3 2 2
84 80 60 16128 918 459 459 14 3 2 2
84 80 61 16128 918 459 459 14 3 2 2
84 80 62 16128 918 459 459 14 3 2 2
84 80 63 8064 918 459 459 14 3 2 1
84 80 64 4032 918 459 459 14 3 2 1
84 80 66 8064 918 459 459 14 3 2 2
84 80 67 8064 918 459 459 14 3 2 2
84 80 68 8064 918 459 459 14 3 2 2
84 80 69 8064 918 459 459 14 3 2 2
84 80 70 8064 918 459 459 14 3 2 2
84 80 71 8064 918 459 459 14 3 2 2
84 80 80 8064 918 459 459 14 3 2 2
84 80 82 8064 918 459 459 14 3 2 2
84 80 84 16128 918 459 459 14 3 2 3
84 80 85 16128 918 459 459 14 3 2 3
84 80 86 16128 918 459 459 14 3 2 3
84 80 87 16128 918 459 459 14 3 2 3
84 80 88 8064 918 459 459 14 3 2 2
84 80 91 8064 918 459 459 14 3 2 2
84 80 92 16128 918 459 459 14 3 2 3
84 80 93 16128 918 459 459 14 3 2 3
84 80 94 16128 918 459 459 14 3 2 3
84 80 95 16128 918 459 459 14 3 2 3
84 80 96 8064 918 459 459 14 3 2 2
84 80 98 16128 918 459 459 14 3 2 3
84 80 99 16128 918 459 459 14 3 2 3
84 80 100 8064 918 459 459 14 3 2 2
84 80 102 16128 918 459 459 14 3 2 3
84 80 103 16128 918 459 459 14 3 2 3
84 80 104 8064 918 459 459 14 3 2 2
84 80 106 16128 918 459 459 14 3 2 3
84 80 107 16128 918 459 459 14 3 2 3
84 80 109 8064 918 459 459 14 3 2 2
84 80 110 16128 918 459 459 14 3 2 3
84 80 111 16128 918 459 459 14 3 2 3
84 80 112 8064 918 459 459 14 3 2 2
84 80 114 16128 918 459 459 14 3 2 3
84 80 115 16128 918 459 459 14 3 2 3
84 80 116 16128 918 459 459 14 3 2 3
84 80 117 16128 918 459 459 14 3 2 3
84 80 118 8064 918 459 459 14 3 2 2
84 80 120 8064 918 459 459 14 3 2 2
84 80 122 16128 918 459 459 14 3 2 3
84 80 123 16128 918 459 459 14 3 2 3
84 80 124 16128 918 459 459 14 3 2 3
84 80 125 16128 918 459 459 14 3 2 3
84 80 127 8064 918 459 459 14 3 2 2
84 80 128 4032 918 459 459 14 3 2 1
84 80 129 8064 918 459 459 14 3 2 2
84 80 132 8064 918 459 459 14 3 2 2
84 80 133 8064 918 459 459 14 3 2 2
84 80 134 8064 918 459 459 14 3 2 2
84 80 135 8064 918 459 459 14 3 2 2
84 80 136 8064 918 459 459 14 3 2 2
84 80 137 8064 918 459 459 14 3 2 2
84 80 140 16128 918 459 459 14 3 2 3
84 80 141 16128 918 459 459 14 3 2 3
84 80 142 16128 918 459 459 14 3 2 3
84 80 143 16128 918 459 459 14 3 2 3
84 80 160 8064 918 459 459 14 3 2 2
84 80 161 16128 918 459 459 14 3 2 3
84 80 164 8064 918 459 459 14 3 2 2
84 80 165 16128 918 459 459 14 3 2 3
84 80 168 8064 918 459 459 14 3 2 2
84 80 169 16128 918 459 459 14 3 2 3
84 80 172 16128 918 459 459 14 3 2 3
84 80 173 8064 918 459 459 14 3 2 2
84 80 176 8064 918 459 459 14 3 2 2
84 80 177 16128 918 459 459 14 3 2 3
84 80 182 8064 918 459 459 14 3 2 2
84 80 183 16128 918 459 459 14 3 2 3
84 80 184 8064 918 459 459 14 3 2 2
84 80 185 16128 918 459 459 14 3 2 3
84 80 190 16128 918 459 459 14 3 2 3
84 80 191 8064 918 459 459 14 3 2 2
84 80 192 4032 918 459 459 14 3 2 1
84 80 196 8064 918 459 459 14 3 2 2
84 80 197 8064 918 459 459 14 3 2 2
84 80 198 8064 918 459 459 14 3 2 2
84 80 199 8064 918 459 459 14 3 2 2
84 80 224 8064 918 459 459 14 3 2 2
84 80 228 8064 918 459 459 14 3 2 2
84 80 232 8064 918 459 459 14 3 2 2
84 80 237 8064 918 459 459 14 3 2 2
84 80 240 8064 918 459 459 14 3 2 2
84 80 246 8064 918 459 459 14 3 2 2
84 80 248 8064 918 459 459 14 3 2 2
84 80 255 8064 918 459 459 14 3 2 2
84 80 256 4032 918 459 459 14 3 2 1
84 80 257 8064 918 459 459 14 3 2 2
84 80 258 8064 918 459 459 14 3 2 2
84 80 259 8064 918 459 459 14 3 2 2
84 80 264 8064 918 459 459 14 3 2 2
84 80 265 8064 918 459 459 14 3 2 2
84 80 266 16128 918 459 459 14 3 2 3
84 80 267 16128 918 459 459 14 3 2 3
84 80 272 8064 918 459 459 14 3 2 2
84 80 273 16128 918 459 459 14 3 2 3
84 80 274 8064 918 459 459 14 3 2 2
84 80 275 16128 918 459 459 14 3 2 3
84 80 280 8064 918 459 459 14 3 2 2
84 80 281 16128 918 459 459 14 3 2 3
84 80 282 16128 918 459 459 14 3 2 3
84 80 283 8064 918 459 459 14 3 2 2
84 80 320 4032 918 459 459 14 3 2 1
84 80 322 8064 918 459 459 14 3 2 2
84 80 323 8064 918 459 459 14 3 2 2
84 80 336 8064 918 459 459 14 3 2 2
84 80 338 8064 918 459 459 14 3 2 2
84 80 344 8064 918 459 459 14 3 2 2
84 80 347 8064 918 459 459 14 3 2 2
84 80 384 4032 918 459 459 14 3 2 1
84 80 385 8064 918 459 459 14 3 2 2
84 80 392 8064 918 459 459 14 3 2 2
84 80 393 8064 918 459 459 14 3 2 2
84 80 448 4032 918 459 459 14 3 2 1
84 82 1 8064 918 459 459 14 3 2 1
84 82 2 8064 918 459 459 14 3 2 1
84 82 3 8064 918 459 459 14 3 2 1
84 82 4 8064 918 459 459 14 3 2 1
84 82 5 8064 918 459 459 14 3 2 1
84 82 6 8064 918 459 459 14 3 2 1
84 82 7 8064 918 459 459 14 3 2 1
84 82 8 8064 918 459 459 14 3 2 1
84 82 9 8064 918 459 459 14 3 2 1
84 82 10 16128 918 459 459 14 3 2 2
84 82 11 16128 918 459 459 14 3 2 2
84 82 12 16128 918 459 459 14 3 2 2
84 82 13 16128 918 459 459 14 3 2 2
84 82 14 16128 918 459 459 14 3 2 2
84 82 15 16128 918 459 459 14 3 2 2
84 82 16 8064 918 459 459 14 3 2 1
84 82 17 16128 918 459 459 14 3 2 2
84 82 18 8064 918 459 459 14 3 2 1
84 82 19 16128 918 459 459 14 3 2 2
84 82 20 16128 918 459 459 14 3 2 2
84 82 21 16128 918 459 459 14 3 2 2
84 82 22 16128 918 459 459 14 3 2 2
84 82 23 16128 918 459 459 14 3 2 2
84 82 24 8064 918 459 459 14 3 2 1
84 82 25 16128 918 459 459 14 3 2 2
84 82 26 16128 918 459 459 14 3 2 2
84 82 27 8064 918 459 459 14 3 2 1
84 82 28 16128 918 459 459 14 3 2 2
84 82 29 16128 918 459 459 14 3 2 2
84 82 30 16128 918 459 459 14 3 2 2
84 82 31 16128 918 459 459 14 3 2 2
84 82 32 8064 918 459 459 14 3 2 1
84 82 33 16128 918 459 459 14 3 2 2
84 82 34 16128 918 459 459 14 3 2 2
84 82 35 16128 918 459 459 14 3 2 2
84 82 36 8064 918 459 459 14 3 2 1
84 82 37 16128 918 459 459 14 3 2 2
84 82 38 16128 918 459 459 14 3 2 2
84 82 39 16128 918 459 459 14 3 2 2
84 82 40 8064 918 459 459 14 3 2 1
84 82 41 16128 918 459 459 14 3 2 2
84 82 42 16128 918 459 459 14 3 2 2
84 82 43 16128 918 459 459 14 3 2 2
84 82 44 16128 918 459 459 14 3 2 2
84 82 45 8064 918 459 459 14 3 2 1
84 82 46 16128 918 459 459 14 3 2 2
84 82 47 16128 918 459 459 14 3 2 2
84 82 48 8064 918 459 459 14 3 2 1
84 82 49 16128 918 459 459 14 3 2 2
84 82 50 16128 918 459 459 14 3 2 2
84 82 51 16128 918 459 459 14 3 2 2
84 82 52 16128 918 459 459 14 3 2 2
84 82 53 16128 918 459 459 14 3 2 2
84 82 54 8064 918 459 459 14 3 2 1
84 82 55 16128 918 459 459 14 3 2 2
84 82 56 8064 918 459 459 14 3 2 1
84 82 57 16128 918 459 459 14 3 2 2
84 82 58 16128 918 459 459 14 3 2 2
84 82 59 16128 918 459 459 14 3 2 2
84 82 60 16128 918 459 459 14 3 2 2
84 82 61 16128 918 459 459 14 3 2 2
84 82 62 16128 918 459 459 14 3 2 2
84 82 63 8064 918 459 459 14 3 2 1
84 82 64 4032 918 459 459 14 3 2 1
84 82 66 8064 918 459 459 14 3 2 2
84 82 67 8064 918 459 459 14 3 2 2
84 82 68 8064 918 459 459 14 3 2 2
84 82 69 8064 918 459 459 14 3 2 2
84 82 70 8064 918 459 459 14 3 2 2
84 82 71 8064 918 459 459 14 3 2 2
84 82 80 8064 918 459 459 14 3 2 2
84 82 82 8064 918 459 459 14 3 2 2
84 82 84 16128 918 459 459 14 3 2 3
84 82 85 16128 918 459 459 14 3 2 3
84 82 86 16128 918 459 459 14 3 2 3
84 82 87 16128 918 459 459 14 3 2 3
84 82 88 8064 918 459 459 14 3 2 2
84 82 91 8064 918 459 459 14 3 2 2
84 82 92 16128 918 459 459 14 3 2 3
84 82 93 16128 918 459 459 14 3 2 3
84 82 94 16128 918 459 459 14 3 2 3
84 82 95 16128 918 459 459 14 3 2 3
84 82 96 8064 918 459 459 14 3 2 2
84 82 98 16128 918 459 459 14 3 2 3
84 82 99 16128 918 459 459 14 3 2 3
84 82 100 8064 918 459 459 14 3 2 2
84 82 102 16128 918 459 459 14 3 2 3
84 82 103 16128 918 459 459 14 3 2 3
84 82 104 8064 918 459 459 14 3 2 2
84 82 106 16128 918 459 459 14 3 2 3
84 82 107 16128 918 459 459 14 3 2 3
84 82 109 8064 918 459 459 14 3 2 2
84 82 110 16128 918 459 459 14 3 2 3
84 82 111 16128 918 459 459 14 3 2 3
84 82 112 8064 918 459 459 14 3 2 2
84 82 114 16128 918 459 459 14 3 2 3
84 82 115 16128 918 459 459 14 3 2 3
84 82 116 16128 918 459 459 14 3 2 3
84 82 117 16128 918 459 459 14 3 2 3
84 82 118 8064 918 459 459 14 3 2 2
84 82 120 8064 918 459 459 14 3 2 2
84 82 122 16128 918 459 459 14 3 2 3
84 82 123 16128 918 459 459 14 3 2 3
84 82 124 16128 918 459 459 14 3 2 3
84 82 125 16128 918 459 459 14 3 2 3
84 82 127 8064 918 459 459 14 3 2 2
84 82 128 4032 918 459 459 14 3 2 1
84 82 129 8064 918 459 459 14 3 2 2
84 82 132 8064 918 459 459 14 3 2 2
84 82 133 8064 918 459 459 14 3 2 2
84 82 134 8064 918 459 459 14 3 2 2
84 82 135 8064 918 459 459 14 3 2 2
84 82 136 8064 918 459 459 14 3 2 2
84 82 137 8064 918 459 459 14 3 2 2
84 82 140 16128 918 459 459 14 3 2 3
84 82 141 16128 918 459 459 14 3 2 3
84 82 142 16128 918 459 459 14 3 2 3
84 82 143 16128 918 459 459 14 3 2 3
84 82 160 8064 918 459 459 14 3 2 2
84 82 161 16128 918 459 459 14 3 2 3
84 82 164 8064 918 459 459 14 3 2 2
84 82 165 16128 918 459 459 14 3 2 3
84 82 168 8064 918 459 459 14 3 2 2
84 82 169 16128 918 459 459 14 3 2 3
84 82 172 16128 918 459 459 14 3 2 3
84 82 173 8064 918 459 459 14 3 2 2
84 82 176 8064 918 459 459 14 3 2 2
84 82 177 16128 918 459 459 14 3 2 3
84 82 182 8064 918 459 459 14 3 2 2
84 82 183 16128 918 459 459 14 3 2 3
84 82 184 8064 918 459 459 14 3 2 2
84 82 185 16128 918 459 459 14 3 2 3
84 82 190 16128 918 459 459 14 3 2 3
84 82 191 8064 918 459 459 14 3 2 2
84 82 192 4032 918 459 459 14 3 2 1
84 82 196 8064 918 459 459 14 3 2 2
84 82 197 8064 918 459 459 14 3 2 2
84 82 198 8064 918 459 459 14 3 2 2
84 82 199 8064 918 459 459 14 3 2 2
84 82 224 8064 918 459 459 14 3 2 2
84 82 228 8064 918 459 459 14 3 2 2
84 82 232 8064 918 459 459 14 3 2 2
84 82 237 8064 918 459 459 14 3 2 2
84 82 240 8064 918 459 459 14 3 2 2
84 82 246 8064 918 459 459 14 3 2 2
84 82 248 8064 918 459 459 14 3 2 2
84 82 255 8064 918 459 459 14 3 2 2
84 82 256 4032 918 459 459 14 3 2 1
84 82 257 8064 918 459 459 14 3 2 2
84 82 258 8064 918 459 459 14 3 2 2
84 82 259 8064 918 459 459 14 3 2 2
84 82 264 8064 918 459 459 14 3 2 2
84 82 265 8064 918 459 459 14 3 2 2
84 82 266 16128 918 459 459 14 3 2 3
84 82 267 16128 918 459 459 14 3 2 3
84 82 272 8064 918 459 459 14 3 2 2
84 82 273 16128 918 459 459 14 3 2 3
84 82 274 8064 918 459 459 14 3 2 2
84 82 275 16128 918 459 459 14 3 2 3
84 82 280 8064 918 459 459 14 3 2 2
84 82 281 16128 918 459 459 14 3 2 3
84 82 282 16128 918 459 459 14 3 2 3
84 82 283 8064 918 459 459 14 3 2 2
84 82 320 4032 918 459 459 14 3 2 1
84 82 322 8064 918 459 459 14 3 2 2
84 82 323 8064 918 459 459 14 3 2 2
84 82 336 8064 918 459 459 14 3 2 2
84 82 338 8064 918 459 459 14 3 2 2
84 82 344 8064 918 459 459 14 3 2 2
84 82 347 8064 918 459 459 14 3 2 2
84 82 384 4032 918 459 459 14 3 2 1
84 82 385 8064 918 459 459 14 3 2 2
84 82 392 8064 918 459 459 14 3 2 2
84 82 393 8064 918 459 459 14 3 2 2
84 82 448 4032 918 459 459 14 3 2 1
84 84 1 16128 918 459 459 14 3 3 1
84 84 2 16128 918 459 459 14 3 3 1
84 84 3 16128 918 459 459 14 3 3 1
84 84 4 16128 918 459 459 14 3 3 1
84 84 5 16128 918 459 459 14 3 3 1
84 84 6 16128 918 459 459 14 3 3 1
84 84 7 16128 918 459 459 14 3 3 1
84 84 8 8064 918 459 459 14 3 3 1
84 84 9 16128 918 459 459 14 3 3 1
84 84 10 16128 918 459 459 14 3 3 2
84 84 11 16128 918 459 459 14 3 3 2
84 84 12 16128 918 459 459 14 3 3 2
84 84 13 16128 918 459 459 14 3 3 2
84 84 14 16128 918 459 459 14 3 3 2
84 84 15 16128 918 459 459 14 3 3 2
84 84 16 8064 918 459 459 14 3 3 1
84 84 17 16128 918 459 459 14 3 3 2
84 84 18 16128 918 459 459 14 3 3 1
84 84 19 16128 918 459 459 14 3 3 2
84 84 20 16128 918 459 459 14 3 3 2
84 84 21 16128 918 459 459 14 3 3 2
84 84 22 16128 918 459 459 14 3 3 2
84 84 23 16128 918 459 459 14 3 3 2
84 84 24 8064 918 459 459 14 3 3 1
84 84 25 16128 918 459 459 14 3 3 2
84 84 26 16128 918 459 459 14 3 3 2
84 84 27 16128 918 459 459 14 3 3 1
84 84 28 16128 918 459 459 14 3 3 2
84 84 29 16128 918 459 459 14 3 3 2
84 84 30 16128 918 459 459 14 3 3 2
84 84 31 16128 918 459 459 14 3 3 2
84 84 32 16128 918 459 459 14 3 3 1
84 84 33 16128 918 459 459 14 3 3 2
84 84 34 16128 918 459 459 14 3 3 2
84 84 35 16128 918 459 459 14 3 3 2
84 84 36 16128 918 459 459 14 3 3 1
84 84 37 16128 918 459 459 14 3 3 2
84 84 38 16128 918 459 459 14 3 3 2
84 84 39 16128 918 459 459 14 3 3 2
84 84 41 16128 918 459 459 14 3 3 2
84 84 42 16128 918 459 459 14 3 3 2
84 84 43 16128 918 459 459 14 3 3 2
84 84 44 16128 918 459 459 14 3 3 2
84 84 45 16128 918 459 459 14 3 3 1
84 84 46 16128 918 459 459 14 3 3 2
84 84 47 16128 918 459 459 14 3 3 2
84 84 48 16128 918 459 459 14 3 3 1
84 84 49 16128 918 459 459 14 3 3 2
84 84 50 16128 918 459 459 14 3 3 2
84 84 51 16128 918 459 459 14 3 3 2
84 84 52 16128 918 459 459 14 3 3 2
84 84 53 16128 918 459 459 14 3 3 2
84 84 54 16128 918 459 459 14 3 3 1
84 84 55 16128 918 459 459 14 3 3 2
84 84 57 16128 918 459 459 14 3 3 2
84 84 58 16128 918 459 459 14 3 3 2
84 84 59 16128 918 459 459 14 3 3 2
84 84 60 16128 918 459 459 14 3 3 2
84 84 61 16128 918 459 459 14 3 3 2
84 84 62 16128 918 459 459 14 3 3 2
84 84 63 16128 918 459 459 14 3 3 1
84 84 64 8064 918 459 459 14 3 3 1
84 84 66 16128 918 459 459 14 3 3 2
84 84 67 16128 918 459 459 14 3 3 2
84 84 68 16128 918 459 459 14 3 3 2
84 84 69 16128 918 459 459 14 3 3 2
84 84 70 16128 918 459 459 14 3 3 2
84 84 71 16128 918 459 459 14 3 3 2
84 84 72 8064 918 459 459 14 3 3 1
84 84 74 16128 918 459 459 14 3 3 2
84 84 75 16128 918 459 459 14 3 3 2
84 84 76 16128 918 459 459 14 3 3 2
84 84 77 16128 918 459 459 14 3 3 2
84 84 78 16128 918 459 459 14 3 3 2
84 84 79 16128 918 459 459 14 3 3 2
84 84 80 8064 918 459 459 14 3 3 2
84 84 82 16128 918 459 459 14 3 3 2
84 84 83 16128 918 459 459 14 3 3 2
84 84 84 16128 918 459 459 14 3 3 3
84 84 85 16128 918 459 459 14 3 3 3
84 84 86 16128 918 459 459 14 3 3 3
84 84 87 16128 918 459 459 14 3 3 3
84 84 88 8064 918 459 459 14 3 3 2
84 84 90 16128 918 459 459 14 3 3 2
84 84 91 16128 918 459 459 14 3 3 2
84 84 92 16128 918 459 459 14 3 3 3
84 84 93 16128 918 459 459 14 3 3 3
84 84 94 16128 918 459 459 14 3 3 3
84 84 95 16128 918 459 459 14 3 3 3
84 84 96 16128 918 459 459 14 3 3 2
84 84 98 16128 918 459 459 14 3 3 3
84 84 99 16128 918 459 459 14 3 3 3
84 84 100 16128 918 459 459 14 3 3 2
84 84 101 16128 918 459 459 14 3 3 2
84 84 102 16128 918 459 459 14 3 3 3
84 84 103 16128 918 459 459 14 3 3 3
84 84 106 16128 918 459 459 14 3 3 3
84 84 107 16128 918 459 459 14 3 3 3
84 84 108 16128 918 459 459 14 3 3 2
84 84 109 16128 918 459 459 14 3 3 2
84 84 110 16128 918 459 459 14 3 3 3
84 84 111 16128 918 459 459 14 3 3 3
84 84 112 16128 918 459 459 14 3 3 2
84 84 114 16128 918 459 459 14 3 3 3
84 84 115 16128 918 459 459 14 3 3 3
84 84 116 16128 918 459 459 14 3 3 3
84 84 117 16128 918 459 459 14 3 3 3
84 84 118 16128 918 459 459 14 3 3 2
84 84 119 16128 918 459 459 14 3 3 2
84 84 122 16128 918 459 459 14 3 3 3
84 84 123 16128 918 459 459 14 3 3 3
84 84 124 16128 918 459 459 14 3 3 3
84 84 125 16128 918 459 459 14 3 3 3
84 84 126 16128 918 459 459 14 3 3 2
84 84 127 16128 918 459 459 14 3 3 2
84 84 128 8064 918 459 459 14 3 3 1
84 84 129 16128 918 459 459 14 3 3 2
84 84 132 16128 918 459 459 14 3 3 2
84 84 133 16128 918 459 459 14 3 3 2
84 84 134 16128 918 459 459 14 3 3 2
84 84 135 16128 918 459 459 14 3 3 2
84 84 136 8064 918 459 459 14 3 3 2
84 84 137 16128 918 459 459 14 3 3 2
84 84 140 16128 918 459 459 14 3 3 3
84 84 141 16128 918 459 459 14 3 3 3
84 84 142 16128 918 459 459 14 3 3 3
84 84 143 16128 918 459 459 14 3 3 3
84 84 144 8064 918 459 459 14 3 3 1
84 84 145 16128 918 459 459 14 3 3 2
84 84 148 16128 918 459 459 14 3 3 2
84 84 149 16128 918 459 459 14 3 3 2
84 84 150 16128 918 459 459 14 3 3 2
84 84 151 16128 918 459 459 14 3 3 2
84 84 152 8064 918 459 459 14 3 3 2
84 84 153 16128 918 459 459 14 3 3 2
84 84 156 16128 918 459 459 14 3 3 3
84 84 157 16128 918 459 459 14 3 3 3
84 84 158 16128 918 459 459 14 3 3 3
84 84 159 16128 918 459 459 14 3 3 3
84 84 160 16128 918 459 459 14 3 3 2
84 84 161 16128 918 459 459 14 3 3 3
84 84 164 16128 918 459 459 14 3 3 2
84 84 165 16128 918 459 459 14 3 3 3
84 84 166 16128 918 459 459 14 3 3 2
84 84 167 16128 918 459 459 14 3 3 3
84 84 169 16128 918 459 459 14 3 3 3
84 84 172 16128 918 459 459 14 3 3 3
84 84 173 16128 918 459 459 14 3 3 2
84 84 174 16128 918 459 459 14 3 3 3
84 84 175 16128 918 459 459 14 3 3 2
84 84 176 16128 918 459 459 14 3 3 2
84 84 177 16128 918 459 459 14 3 3 3
84 84 180 16128 918 459 459 14 3 3 2
84 84 181 16128 918 459 459 14 3 3 3
84 84 182 16128 918 459 459 14 3 3 2
84 84 183 16128 918 459 459 14 3 3 3
84 84 185 16128 918 459 459 14 3 3 3
84 84 188 16128 918 459 459 14 3 3 3
84 84 189 16128 918 459 459 14 3 3 2
84 84 190 16128 918 459 459 14 3 3 3
84 84 191 16128 918 459 459 14 3 3 2
84 84 192 8064 918 459 459 14 3 3 1
84 84 196 16128 918 459 459 14 3 3 2
84 84 197 16128 918 459 459 14 3 3 2
84 84 198 16128 918 459 459 14 3 3 2
84 84 199 16128 918 459 459 14 3 3 2
84 84 200 8064 918 459 459 14 3 3 2
84 84 204 16128 918 459 459 14 3 3 3
84 84 205 16128 918 459 459 14 3 3 3
84 84 206 16128 918 459 459 14 3 3 3
84 84 207 16128 918 459 459 14 3 3 3
84 84 208 8064 918 459 459 14 3 3 2
84 84 212 16128 918 459 459 14 3 3 3
84 84 213 16128 918 459 459 14 3 3 3
84 84 214 16128 918 459 459 14 3 3 3
84 84 215 16128 918 459 459 14 3 3 3
84 84 216 8064 918 459 459 14 3 3 1
84 84 220 16128 918 459 459 14 3 3 2
84 84 221 16128 918 459 459 14 3 3 2
84 84 222 16128 918 459 459 14 3 3 2
84 84 223 16128 918 459 459 14 3 3 2
84 84 224 16128 918 459 459 14 3 3 2
84 84 228 16128 918 459 459 14 3 3 2
84 84 229 16128 918 459 459 14 3 3 3
84 84 230 16128 918 459 459 14 3 3 3
84 84 231 16128 918 459 459 14 3 3 2
84 84 236 16128 918 459 459 14 3 3 3
84 84 237 16128 918 459 459 14 3 3 2
84 84 238 16128 918 459 459 14 3 3 2
84 84 239 16128 918 459 459 14 3 3 3
84 84 240 16128 918 459 459 14 3 3 2
84 84 244 16128 918 459 459 14 3 3 3
84 84 245 16128 918 459 459 14 3 3 2
84 84 246 16128 918 459 459 14 3 3 2
84 84 247 16128 918 459 459 14 3 3 3
84 84 252 16128 918 459 459 14 3 3 2
84 84 253 16128 918 459 459 14 3 3 3
84 84 254 16128 918 459 459 14 3 3 3
84 84 255 16128 918 459 459 14 3 3 2
84 84 256 16128 918 459 459 14 3 3 1
84 84 257 8064 918 459 459 14 3 3 2
84 84 258 16128 918 459 459 14 3 3 2
84 84 259 16128 918 459 459 14 3 3 2
84 84 264 16128 918 459 459 14 3 3 2
84 84 265 8064 918 459 459 14 3 3 2
84 84 266 16128 918 459 459 14 3 3 3
84 84 267 16128 918 459 459 14 3 3 3
84 84 272 16128 918 459 459 14 3 3 2
84 84 273 8064 918 459 459 14 3 3 3
84 84 274 16128 918 459 459 14 3 3 2
84 84 275 16128 918 459 459 14 3 3 3
84 84 280 16128 918 459 459 14 3 3 2
84 84 281 8064 918 459 459 14 3 3 3
84 84 282 16128 918 459 459 14 3 3 3
84 84 283 16128 918 459 459 14 3 3 2
84 84 288 16128 918 459 459 14 3 3 1
84 84 289 16128 918 459 459 14 3 3 2
84 84 290 16128 918 459 459 14 3 3 2
84 84 291 16128 918 459 459 14 3 3 2
84 84 296 16128 918 459 459 14 3 3 2
84 84 298 16128 918 459 459 14 3 3 3
84 84 299 16128 918 459 459 14 3 3 3
84 84 304 16128 918 459 459 14 3 3 2
84 84 305 16128 918 459 459 14 3 3 3
84 84 306 16128 918 459 459 14 3 3 2
84 84 307 16128 918 459 459 14 3 3 3
84 84 312 16128 918 459 459 14 3 3 2
84 84 314 16128 918 459 459 14 3 3 3
84 84 315 16128 918 459 459 14 3 3 2
84 84 321 8064 918 459 459 14 3 3 2
84 84 322 16128 918 459 459 14 3 3 2
84 84 323 16128 918 459 459 14 3 3 2
84 84 329 8064 918 459 459 14 3 3 2
84 84 330 16128 918 459 459 14 3 3 3
84 84 331 16128 918 459 459 14 3 3 3
84 84 337 8064 918 459 459 14 3 3 3
84 84 338 16128 918 459 459 14 3 3 2
84 84 339 16128 918 459 459 14 3 3 3
84 84 345 8064 918 459 459 14 3 3 3
84 84 346 16128 918 459 459 14 3 3 3
84 84 347 16128 918 459 459 14 3 3 2
84 84 353 16128 918 459 459 14 3 3 2
84 84 354 16128 918 459 459 14 3 3 3
84 84 355 16128 918 459 459 14 3 3 3
84 84 362 16128 918 459 459 14 3 3 2
84 84 363 16128 918 459 459 14 3 3 2
84 84 369 16128 918 459 459 14 3 3 3
84 84 370 16128 918 459 459 14 3 3 3
84 84 371 16128 918 459 459 14 3 3 2
84 84 378 16128 918 459 459 14 3 3 2
84 84 379 16128 918 459 459 14 3 3 3
84 84 384 16128 918 459 459 14 3 3 1
84 84 385 8064 918 459 459 14 3 3 2
84 84 392 16128 918 459 459 14 3 3 2
84 84 393 8064 918 459 459 14 3 3 2
84 84 400 16128 918 459 459 14 3 3 2
84 84 401 8064 918 459 459 14 3 3 3
84 84 408 16128 918 459 459 14 3 3 2
84 84 409 8064 918 459 459 14 3 3 3
84 84 416 16128 918 459 459 14 3 3 2
84 84 417 16128 918 459 459 14 3 3 3
84 84 424 16128 918 459 459 14 3 3 2
84 84 432 16128 918 459 459 14 3 3 1
84 84 433 16128 918 459 459 14 3 3 2
84 84 440 16128 918 459 459 14 3 3 2
84 84 449 8064 918 459 459 14 3 3 2
84 84 457 8064 918 459 459 14 3 3 2
84 84 465 8064 918 459 459 14 3 3 3
84 84 473 8064 918 459 459 14 3 3 3
84 84 481 16128 918 459 459 14 3 3 3
84 84 497 16128 918 459 459 14 3 3 2
85 1 1 448 912 456 456 14 3 1 1
85 1 2 1344 918 459 459 14 3 1 1
85 1 3 1344 912 456 456 14 3 1 1
85 1 8 336 918 459 459 14 3 1 1
85 1 10 4032 918 459 459 14 3 1 2
85 1 11 4032 912 456 456 14 3 1 2
85 1 16 1008 918 459 459 14 3 1 1
85 1 17 4032 912 456 456 14 3 1 2
85 1 20 8064 912 456 456 14 3 1 2
85 1 21 4032 918 459 459 14 3 1 2
85 1 24 1008 918 459 459 14 3 1 1
85 1 29 4032 918 459 459 14 3 1 2
85 1 80 2016 918 459 459 14 3 1 2
85 1 84 8064 912 456 456 14 3 1 3
85 1 85 8064 918 459 459 14 3 1 3
85 1 160 2016 918 459 459 14 3 1 2
85 1 161 2688 912 456 456 14 3 1 3
85 1 168 672 918 459 459 14 3 1 2
85 8 1 1344 918 459 459 14 3 1 1
85 8 2 2688 918 459 459 14 3 1 1
85 8 3 2688 918 459 459 14 3 1 1
85 8 4 1344 918 459 459 14 3 1 1
85 8 5 1344 918 459 459 14 3 1 1
85 8 8 1008 918 459 459 14 3 1 1
85 8 10 8064 918 459 459 14 3 1 2
85 8 11 8064 918 459 459 14 3 1 2
85 8 12 4032 918 459 459 14 3 1 2
85 8 13 4032 918 459 459 14 3 1 2
85 8 16 2016 918 459 459 14 3 1 1
85 8 17 8064 918 459 459 14 3 1 2
85 8 20 8064 918 459 459 14 3 1 2
85 8 21 4032 918 459 459 14 3 1 2
85 8 22 8064 918 459 459 14 3 1 2
85 8 23 8064 918 459 459 14 3 1 2
85 8 24 2016 918 459 459 14 3 1 1
85 8 29 4032 918 459 459 14 3 1 2
85 8 30 8064 918 459 459 14 3 1 2
85 8 31 8064 918 459 459 14 3 1 2
85 8 32 1008 918 459 459 14 3 1 1
85 8 33 4032 918 459 459 14 3 1 2
85 8 40 1008 918 459 459 14 3 1 1
85 8 80 4032 918 459 459 14 3 1 2
85 8 84 8064 918 459 459 14 3 1 3
85 8 85 8064 918 459 459 14 3 1 3
85 8 86 16128 918 459 459 14 3 1 3
85 8 87 16128 918 459 459 14 3 1 3
85 8 96 2016 918 459 459 14 3 1 2
85 8 160 4032 918 459 459 14 3 1 2
85 8 161 8064 918 459 459 14 3 1 3
85 8 168 2016 918 459 459 14 3 1 2
85 8 232 2016 918 459 459 14 3 1 2
85 9 1 1344 912 456 456 14 3 1 1
85 9 2 2688 918 459 459 14 3 1 1
85 9 3 2688 912 456 456 14 3 1 1
85 9 4 1344 912 456 456 14 3 1 1
85 9 5 1344 918 459 459 14 3 1 1
85 9 8 1008 918 459 459 14 3 1 1
85 9 10 8064 918 459 459 14 3 1 2
85 9 11 8064 912 456 456 14 3 1 2
85 9 12 4032 912 456 456 14 3 1 2
85 9 13 4032 918 459 459 14 3 1 2
85 9 16 2016 918 459 459 14 3 1 1
85 9 17 8064 912 456 456 14 3 1 2
85 9 20 8064 912 456 456 14 3 1 2
85 9 21 4032 918 459 459 14 3 1 2
85 9 22 8064 912 456 456 14 3 1 2
85 9 23 8064 918 459 459 14 3 1 2
85 9 24 2016 918 459 459 14 3 1 1
85 9 29 4032 918 459 459 14 3 1 2
85 9 30 8064 912 456 456 14 3 1 2
85 9 31 8064 918 459 459 14 3 1 2
85 9 32 1008 918 459 459 14 3 1 1
85 9 33 4032 912 456 456 14 3 1 2
85 9 40 1008 918 459 459 14 3 1 1
85 9 80 4032 918 459 459 14 3 1 2
85 9 84 8064 912 456 456 14 3 1 3
85 9 85 8064 918 459 459 14 3 1 3
85 9 86 16128 912 456 456 14 3 1 3
85 9 87 16128 918 459 459 14 3 1 3
85 9 96 2016 918 459 459 14 3 1 2
85 9 160 4032 918 459 459 14 3 1 2
85 9 161 8064 912 456 456 14 3 1 3
85 9 168 2016 918 459 459 14 3 1 2
85 9 232 2016 918 459 459 14 3 1 2
85 10 1 4032 918 459 459 14 3 2 1
85 10 2 8064 918 459 459 14 3 2 1
85 10 3 8064 918 459 459 14 3 2 1
85 10 4 4032 918 459 459 14 3 2 1
85 10 5 4032 918 459 459 14 3 2 1
85 10 8 4032 912 456 456 14 3 2 1
85 10 9 4032 912 456 456 14 3 2 1
85 10 10 16128 912 456 456 14 3 2 2
85 10 11 16128 912 456 456 14 3 2 2
85 10 12 8064 912 456 456 14 3 2 2
85 10 13 8064 912 456 456 14 3 2 2
85 10 16 8064 918 459 459 14 3 2 1
85 10 17 16128 918 459 459 14 3 2 2
85 10 18 8064 918 459 459 14 3 2 1
85 10 19 16128 918 459 459 14 3 2 2
85 10 20 16128 918 459 459 14 3 2 2
85 10 21 16128 918 459 459 14 3 2 2
85 10 22 16128 918 459 459 14 3 2 2
85 10 23 16128 918 459 459 14 3 2 2
85 10 24 8064 912 456 456 14 3 2 1
85 10 25 16128 912 456 456 14 3 2 2
85 10 26 16128 912 456 456 14 3 2 2
85 10 27 8064 912 456 456 14 3 2 1
85 10 28 16128 912 456 456 14 3 2 2
85 10 29 16128 912 456 456 14 3 2 2
85 10 30 16128 912 456 456 14 3 2 2
85 10 31 16128 912 456 456 14 3 2 2
85 10 32 4032 912 456 456 14 3 2 1
85 10 33 8064 912 456 456 14 3 2 2
85 10 34 16128 912 456 456 14 3 2 2
85 10 35 16128 912 456 456 14 3 2 2
85 10 36 4032 912 456 456 14 3 2 1
85 10 37 8064 912 456 456 14 3 2 2
85 10 40 4032 918 459 459 14 3 2 1
85 10 41 8064 918 459 459 14 3 2 2
85 10 42 16128 918 459 459 14 3 2 2
85 10 43 16128 918 459 459 14 3 2 2
85 10 44 8064 918 459 459 14 3 2 2
85 10 45 4032 918 459 459 14 3 2 1
85 10 64 2016 918 459 459 14 3 2 1
85 10 66 8064 918 459 459 14 3 2 2
85 10 67 8064 918 459 459 14 3 2 2
85 10 68 4032 918 459 459 14 3 2 2
85 10 69 4032 918 459 459 14 3 2 2
85 10 80 8064 918 459 459 14 3 2 2
85 10 82 8064 918 459 459 14 3 2 2
85 10 84 16128 918 459 459 14 3 2 3
85 10 85 16128 918 459 459 14 3 2 3
85 10 86 16128 918 459 459 14 3 2 3
85 10 87 16128 918 459 459 14 3 2 3
85 10 88 8064 912 456 456 14 3 2 2
85 10 91 8064 912 456 456 14 3 2 2
85 10 92 16128 912 456 456 14 3 2 3
85 10 93 16128 912 456 456 14 3 2 3
85 10 94 16128 912 456 456 14 3 2 3
85 10 95 16128 912 456 456 14 3 2 3
85 10 96 4032 912 456 456 14 3 2 2
85 10 98 16128 912 456 456 14 3 2 3
85 10 99 16128 912 456 456 14 3 2 3
85 10 100 4032 912 456 456 14 3 2 2
85 10 104 4032 918 459 459 14 3 2 2
85 10 106 16128 918 459 459 14 3 2 3
85 10 107 16128 918 459 459 14 3 2 3
85 10 109 4032 918 459 459 14 3 2 2
85 10 128 4032 918 459 459 14 3 2 1
85 10 129 8064 918 459 459 14 3 2 2
85 10 132 8064 918 459 459 14 3 2 2
85 10 133 4032 918 459 459 14 3 2 2
85 10 134 8064 918 459 459 14 3 2 2
85 10 135 8064 918 459 459 14 3 2 2
85 10 136 8064 912 456 456 14 3 2 2
85 10 137 8064 912 456 456 14 3 2 2
85 10 140 8064 912 456 456 14 3 2 3
85 10 141 8064 912 456 456 14 3 2 3
85 10 142 16128 912 456 456 14 3 2 3
85 10 143 16128 912 456 456 14 3 2 3
85 10 160 8064 912 456 456 14 3 2 2
85 10 161 8064 912 456 456 14 3 2 3
85 10 164 8064 912 456 456 14 3 2 2
85 10 165 8064 912 456 456 14 3 2 3
85 10 168 4032 918 459 459 14 3 2 2
85 10 169 8064 918 459 459 14 3 2 3
85 10 172 8064 918 459 459 14 3 2 3
85 10 173 4032 918 459 459 14 3 2 2
85 10 176 8064 912 456 456 14 3 2 2
85 10 177 16128 912 456 456 14 3 2 3
85 10 182 8064 912 456 456 14 3 2 2
85 10 183 16128 912 456 456 14 3 2 3
85 10 184 8064 918 459 459 14 3 2 2
85 10 185 16128 918 459 459 14 3 2 3
85 10 190 16128 918 459 459 14 3 2 3
85 10 191 8064 918 459 459 14 3 2 2
85 10 192 4032 918 459 459 14 3 2 1
85 10 197 4032 918 459 459 14 3 2 2
85 10 198 8064 918 459 459 14 3 2 2
85 10 199 8064 918 459 459 14 3 2 2
85 10 232 4032 918 459 459 14 3 2 2
85 10 237 4032 918 459 459 14 3 2 2
85 10 240 8064 912 456 456 14 3 2 2
85 10 246 8064 912 456 456 14 3 2 2
85 10 248 8064 918 459 459 14 3 2 2
85 10 255 8064 918 459 459 14 3 2 2
85 10 256 2016 918 459 459 14 3 2 1
85 10 257 4032 918 459 459 14 3 2 2
85 10 264 4032 912 456 456 14 3 2 2
85 10 265 4032 912 456 456 14 3 2 2
85 10 320 2016 918 459 459 14 3 2 1
85 80 1 8064 912 456 456 14 3 2 1
85 80 2 8064 918 459 459 14 3 2 1
85 80 3 8064 912 456 456 14 3 2 1
85 80 4 8064 912 456 456 14 3 2 1
85 80 5 8064 918 459 459 14 3 2 1
85 80 6 8064 912 456 456 14 3 2 1
85 80 7 8064 918 459 459 14 3 2 1
85 80 8 4032 918 459 459 14 3 2 1
85 80 10 16128 918 459 459 14 3 2 2
85 80 11 16128 912 456 456 14 3 2 2
85 80 12 16128 912 456 456 14 3 2 2
85 80 13 16128 918 459 459 14 3 2 2
85 80 14 16128 912 456 456 14 3 2 2
85 80 15 16128 918 459 459 14 3 2 2
85 80 16 8064 918 459 459 14 3 2 1
85 80 17 16128 912 456 456 14 3 2 2
85 80 20 16128 912 456 456 14 3 2 2
85 80 21 8064 918 459 459 14 3 2 2
85 80 22 16128 912 456 456 14 3 2 2
85 80 23 16128 918 459 459 14 3 2 2
85 80 24 8064 918 459 459 14 3 2 1
85 80 25 16128 912 456 456 14 3 2 2
85 80 29 8064 918 459 459 14 3 2 2
85 80 30 16128 912 456 456 14 3 2 2
85 80 31 16128 918 459 459 14 3 2 2
85 80 32 4032 918 459 459 14 3 2 1
85 80 33 16128 912 456 456 14 3 2 2
85 80 38 16128 912 456 456 14 3 2 2
85 80 39 16128 918 459 459 14 3 2 2
85 80 40 4032 918 459 459 14 3 2 1
85 80 46 16128 912 456 456 14 3 2 2
85 80 47 16128 918 459 459 14 3 2 2
85 80 52 16128 912 456 456 14 3 2 2
85 80 53 8064 918 459 459 14 3 2 2
85 80 61 8064 918 459 459 14 3 2 2
85 80 64 2016 918 459 459 14 3 2 1
85 80 66 8064 918 459 459 14 3 2 2
85 80 67 8064 912 456 456 14 3 2 2
85 80 68 8064 912 456 456 14 3 2 2
85 80 69 8064 918 459 459 14 3 2 2
85 80 70 8064 912 456 456 14 3 2 2
85 80 71 8064 918 459 459 14 3 2 2
85 80 80 8064 918 459 459 14 3 2 2
85 80 84 16128 912 456 456 14 3 2 3
85 80 85 8064 918 459 459 14 3 2 3
85 80 86 16128 912 456 456 14 3 2 3
85 80 87 16128 918 459 459 14 3 2 3
85 80 88 8064 918 459 459 14 3 2 2
85 80 93 8064 918 459 459 14 3 2 3
85 80 94 16128 912 456 456 14 3 2 3
85 80 95 16128 918 459 459 14 3 2 3
85 80 96 4032 918 459 459 14 3 2 2
85 80 102 16128 912 456 456 14 3 2 3
85 80 103 16128 918 459 459 14 3 2 3
85 80 104 4032 918 459 459 14 3 2 2
85 80 110 16128 912 456 456 14 3 2 3
85 80 111 16128 918 459 459 14 3 2 3
85 80 116 16128 912 456 456 14 3 2 3
85 80 117 8064 918 459 459 14 3 2 3
85 80 125 8064 918 459 459 14 3 2 3
85 80 128 4032 918 459 459 14 3 2 1
85 80 129 8064 912 456 456 14 3 2 2
85 80 132 8064 912 456 456 14 3 2 2
85 80 133 8064 918 459 459 14 3 2 2
85 80 134 8064 912 456 456 14 3 2 2
85 80 135 8064 918 459 459 14 3 2 2
85 80 136 8064 918 459 459 14 3 2 2
85 80 137 8064 912 456 456 14 3 2 2
85 80 140 16128 912 456 456 14 3 2 3
85 80 141 16128 918 459 459 14 3 2 3
85 80 142 16128 912 456 456 14 3 2 3
85 80 143 16128 918 459 459 14 3 2 3
85 80 160 8064 918 459 459 14 3 2 2
85 80 161 16128 912 456 456 14 3 2 3
85 80 164 8064 912 456 456 14 3 2 2
85 80 168 4032 918 459 459 14 3 2 2
85 80 176 8064 918 459 459 14 3 2 2
85 80 177 16128 912 456 456 14 3 2 3
85 80 182 8064 912 456 456 14 3 2 2
85 80 183 16128 918 459 459 14 3 2 3
85 80 184 8064 918 459 459 14 3 2 2
85 80 185 16128 912 456 456 14 3 2 3
85 80 190 16128 912 456 456 14 3 2 3
85 80 191 8064 918 459 459 14 3 2 2
85 80 192 4032 918 459 459 14 3 2 1
85 80 197 8064 918 459 459 14 3 2 2
85 80 198 8064 912 456 456 14 3 2 2
85 80 199 8064 918 459 459 14 3 2 2
85 80 232 4032 918 459 459 14 3 2 2
85 80 240 8064 918 459 459 14 3 2 2
85 80 246 8064 912 456 456 14 3 2 2
85 80 248 8064 918 459 459 14 3 2 2
85 80 255 8064 918 459 459 14 3 2 2
85 80 256 2016 918 459 459 14 3 2 1
85 80 257 8064 912 456 456 14 3 2 2
85 80 264 4032 918 459 459 14 3 2 2
85 80 320 2016 918 459 459 14 3 2 1
85 81 1 4032 918 459 459 14 3 2 1
85 81 2 4032 918 459 459 14 3 2 1
85 81 3 4032 918 459 459 14 3 2 1
85 81 4 8064 918 459 459 14 3 2 1
85 81 5 8064 918 459 459 14 3 2 1
85 81 10 16128 918 459 459 14 3 2 2
85 81 12 16128 918 459 459 14 3 2 2
85 81 13 16128 918 459 459 14 3 2 2
85 81 20 8064 918 459 459 14 3 2 2
85 81 21 2688 918 459 459 14 3 2 2
85 81 22 8064 918 459 459 14 3 2 2
85 81 23 8064 918 459 459 14 3 2 2
85 81 30 16128 918 459 459 14 3 2 2
85 81 38 16128 918 459 459 14 3 2 2
85 81 47 5376 918 459 459 14 3 2 2
85 81 64 672 918 459 459 14 3 2 1
85 81 66 4032 918 459 459 14 3 2 2
85 81 67 4032 918 459 459 14 3 2 2
85 81 68 8064 918 459 459 14 3 2 2
85 81 69 8064 918 459 459 14 3 2 2
85 81 84 8064 918 459 459 14 3 2 3
85 81 85 2688 918 459 459 14 3 2 3
85 81 86 8064 918 459 459 14 3 2 3
85 81 87 8064 918 459 459 14 3 2 3
85 81 94 16128 918 459 459 14 3 2 3
85 81 102 16128 918 459 459 14 3 2 3
85 81 111 5376 918 459 459 14 3 2 3
85 81 128 2016 918 459 459 14 3 2 1
85 81 129 4032 918 459 459 14 3 2 2
85 81 132 8064 918 459 459 14 3 2 2
85 81 133 8064 918 459 459 14 3 2 2
85 81 136 8064 918 459 459 14 3 2 2
85 81 140 16128 918 459 459 14 3 2 3
85 81 141 16128 918 459 459 14 3 2 3
85 81 160 8064 918 459 459 14 3 2 2
85 81 161 16128 918 459 459 14 3 2 3
85 81 164 8064 918 459 459 14 3 2 2
85 81 168 4032 918 459 459 14 3 2 2
85 81 192 2016 918 459 459 14 3 2 1
85 81 197 8064 918 459 459 14 3 2 2
85 81 232 4032 918 459 459 14 3 2 2
85 84 1 8064 912 456 456 14 3 3 1
85 84 2 8064 918 459 459 14 3 3 1
85 84 3 8064 912 456 456 14 3 3 1
85 84 4 16128 912 456 456 14 3 3 1
85 84 5 16128 918 459 459 14 3 3 1
85 84 8 8064 918 459 459 14 3 3 1
85 84 10 16128 918 459 459 14 3 3 2
85 84 11 16128 912 456 456 14 3 3 2
85 84 12 16128 912 456 456 14 3 3 2
85 84 13 16128 918 459 459 14 3 3 2
85 84 14 16128 912 456 456 14 3 3 2
85 84 15 16128 918 459 459 14 3 3 2
85 84 16 16128 918 459 459 14 3 3 1
85 84 17 16128 912 456 456 14 3 3 2
85 84 20 16128 912 456 456 14 3 3 2
85 84 21 8064 918 459 459 14 3 3 2
85 84 22 16128 912 456 456 14 3 3 2
85 84 23 16128 918 459 459 14 3 3 2
85 84 24 16128 918 459 459 14 3 3 1
85 84 25 16128 912 456 456 14 3 3 2
85 84 29 8064 918 459 459 14 3 3 2
85 84 30 16128 912 456 456 14 3 3 2
85 84 31 16128 918 459 459 14 3 3 2
85 84 32 8064 918 459 459 14 3 3 1
85 84 33 16128 912 456 456 14 3 3 2
85 84 38 16128 912 456 456 14 3 3 2
85 84 39 16128 918 459 459 14 3 3 2
85 84 40 8064 918 459 459 14 3 3 1
85 84 46 16128 912 456 456 14 3 3 2
85 84 47 16128 918 459 459 14 3 3 2
85 84 52 16128 912 456 456 14 3 3 2
85 84 53 8064 918 459 459 14 3 3 2
85 84 61 8064 918 459 459 14 3 3 2
85 84 64 2688 912 456 456 14 3 3 1
85 84 66 8064 912 456 456 14 3 3 2
85 84 67 8064 918 459 459 14 3 3 2
85 84 68 16128 918 459 459 14 3 3 2
85 84 69 16128 912 456 456 14 3 3 2
85 84 80 16128 912 456 456 14 3 3 2
85 84 81 16128 918 459 459 14 3 3 2
85 84 84 16128 918 459 459 14 3 3 3
85 84 85 8064 912 456 456 14 3 3 3
85 84 86 16128 918 459 459 14 3 3 3
85 84 87 16128 912 456 456 14 3 3 3
85 84 88 16128 912 456 456 14 3 3 2
85 84 89 16128 918 459 459 14 3 3 2
85 84 93 8064 912 456 456 14 3 3 3
85 84 94 16128 918 459 459 14 3 3 3
85 84 95 16128 912 456 456 14 3 3 3
85 84 96 8064 912 456 456 14 3 3 2
85 84 97 16128 918 459 459 14 3 3 2
85 84 102 16128 918 459 459 14 3 3 3
85 84 103 16128 912 456 456 14 3 3 3
85 84 104 8064 912 456 456 14 3 3 2
85 84 110 16128 918 459 459 14 3 3 3
85 84 111 16128 912 456 456 14 3 3 3
85 84 116 16128 918 459 459 14 3 3 3
85 84 117 8064 912 456 456 14 3 3 3
85 84 125 8064 912 456 456 14 3 3 3
85 84 128 8064 918 459 459 14 3 3 1
85 84 129 8064 912 456 456 14 3 3 2
85 84 132 16128 912 456 456 14 3 3 2
85 84 133 16128 918 459 459 14 3 3 2
85 84 136 16128 918 459 459 14 3 3 2
85 84 137 16128 912 456 456 14 3 3 2
85 84 140 16128 912 456 456 14 3 3 3
85 84 141 16128 918 459 459 14 3 3 3
85 84 142 16128 912 456 456 14 3 3 3
85 84 143 16128 918 459 459 14 3 3 3
85 84 160 16128 918 459 459 14 3 3 2
85 84 161 16128 912 456 456 14 3 3 3
85 84 162 16128 918 459 459 14 3 3 2
85 84 163 8064 912 456 456 14 3 3 3
85 84 164 16128 912 456 456 14 3 3 2
85 84 165 16128 918 459 459 14 3 3 3
85 84 168 16128 918 459 459 14 3 3 2
85 84 169 16128 912 456 456 14 3 3 3
85 84 170 8064 918 459 459 14 3 3 2
85 84 171 16128 912 456 456 14 3 3 3
85 84 172 16128 912 456 456 14 3 3 3
85 84 173 16128 918 459 459 14 3 3 2
85 84 176 16128 918 459 459 14 3 3 2
85 84 178 16128 918 459 459 14 3 3 2
85 84 179 16128 912 456 456 14 3 3 3
85 84 182 16128 912 456 456 14 3 3 2
85 84 183 16128 918 459 459 14 3 3 3
85 84 186 5376 918 459 459 14 3 3 2
85 84 192 8064 912 456 456 14 3 3 1
85 84 193 8064 918 459 459 14 3 3 2
85 84 197 16128 912 456 456 14 3 3 2
85 84 225 16128 918 459 459 14 3 3 3
85 84 227 8064 918 459 459 14 3 3 2
85 84 228 16128 918 459 459 14 3 3 2
85 84 229 16128 912 456 456 14 3 3 3
85 84 232 16128 912 456 456 14 3 3 2
85 84 234 8064 912 456 456 14 3 3 3
85 84 236 16128 918 459 459 14 3 3 3
85 84 237 16128 912 456 456 14 3 3 2
85 84 250 5376 912 456 456 14 3 3 3
85 84 276 8064 918 459 459 14 3 3 2
85 84 277 2688 912 456 456 14 3 3 3
85 84 285 8064 912 456 456 14 3 3 3
85 84 341 2688 918 459 459 14 3 3 2
87 1 1 1344 918 459 459 14 3 1 1
87 1 2 1344 918 459 459 14 3 1 1
87 1 3 1344 918 459 459 14 3 1 1
87 1 4 2688 918 459 459 14 3 1 1
87 1 5 2688 918 459 459 14 3 1 1
87 1 8 1008 918 459 459 14 3 1 1
87 1 10 4032 918 459 459 14 3 1 2
87 1 11 4032 918 459 459 14 3 1 2
87 1 12 8064 918 459 459 14 3 1 2
87 1 13 8064 918 459 459 14 3 1 2
87 1 16 1008 918 459 459 14 3 1 1
87 1 17 4032 918 459 459 14 3 1 2
87 1 20 8064 918 459 459 14 3 1 2
87 1 21 8064 918 459 459 14 3 1 2
87 1 24 1008 918 459 459 14 3 1 1
87 1 28 8064 918 459 459 14 3 1 2
87 1 29 8064 918 459 459 14 3 1 2
87 1 32 2016 918 459 459 14 3 1 1
87 1 33 8064 918 459 459 14 3 1 2
87 1 34 4032 918 459 459 14 3 1 2
87 1 35 8064 918 459 459 14 3 1 2
87 1 40 2016 918 459 459 14 3 1 1
87 1 42 4032 918 459 459 14 3 1 2
87 1 80 2016 918 459 459 14 3 1 2
87 1 84 16128 918 459 459 14 3 1 3
87 1 85 16128 918 459 459 14 3 1 3
87 1 96 4032 918 459 459 14 3 1 2
87 1 98 8064 918 459 459 14 3 1 3
87 1 99 8064 918 459 459 14 3 1 3
87 1 160 2016 918 459 459 14 3 1 2
87 1 161 8064 918 459 459 14 3 1 3
87 1 168 2016 918 459 459 14 3 1 2
87 1 224 4032 918 459 459 14 3 1 2
87 8 1 2688 918 459 459 14 3 1 1
87 8 2 2688 918 459 459 14 3 1 1
87 8 3 2688 918 459 459 14 3 1 1
87 8 4 2688 918 459 459 14 3 1 1
87 8 5 2688 918 459 459 14 3 1 1
87 8 6 2688 918 459 459 14 3 1 1
87 8 7 2688 918 459 459 14 3 1 1
87 8 8 2016 918 459 459 14 3 1 1
87 8 10 8064 918 459 459 14 3 1 2
87 8 11 8064 918 459 459 14 3 1 2
87 8 12 8064 918 459 459 14 3 1 2
87 8 13 8064 918 459 459 14 3 1 2
87 8 14 8064 918 459 459 14 3 1 2
87 8 15 8064 918 459 459 14 3 1 2
87 8 16 2016 918 459 459 14 3 1 1
87 8 17 8064 918 459 459 14 3 1 2
87 8 20 8064 918 459 459 14 3 1 2
87 8 21 8064 918 459 459 14 3 1 2
87 8 22 8064 918 459 459 14 3 1 2
87 8 23 8064 918 459 459 14 3 1 2
87 8 24 2016 918 459 459 14 3 1 1
87 8 28 8064 918 459 459 14 3 1 2
87 8 29 8064 918 459 459 14 3 1 2
87 8 30 8064 918 459 459 14 3 1 2
87 8 31 8064 918 459 459 14 3 1 2
87 8 32 2016 918 459 459 14 3 1 1
87 8 33 8064 918 459 459 14 3 1 2
87 8 34 8064 918 459 459 14 3 1 2
87 8 35 8064 918 459 459 14 3 1 2
87 8 40 2016 918 459 459 14 3 1 1
87 8 42 8064 918 459 459 14 3 1 2
87 8 43 8064 918 459 459 14 3 1 2
87 8 48 2016 918 459 459 14 3 1 1
87 8 49 8064 918 459 459 14 3 1 2
87 8 56 2016 918 459 459 14 3 1 1
87 8 80 4032 918 459 459 14 3 1 2
87 8 84 16128 918 459 459 14 3 1 3
87 8 85 16128 918 459 459 14 3 1 3
87 8 86 16128 918 459 459 14 3 1 3
87 8 87 16128 918 459 459 14 3 1 3
87 8 96 4032 918 459 459 14 3 1 2
87 8 98 16128 918 459 459 14 3 1 3
87 8 99 16128 918 459 459 14 3 1 3
87 8 112 4032 918 459 459 14 3 1 2
87 8 160 4032 918 459 459 14 3 1 2
87 8 161 16128 918 459 459 14 3 1 3
87 8 168 4032 918 459 459 14 3 1 2
87 8 224 4032 918 459 459 14 3 1 2
87 8 232 4032 918 459 459 14 3 1 2
87 9 1 2688 918 459 459 14 3 1 1
87 9 2 2688 918 459 459 14 3 1 1
87 9 3 2688 918 459 459 14 3 1 1
87 9 4 2688 918 459 459 14 3 1 1
87 9 5 2688 918 459 459 14 3 1 1
87 9 6 2688 918 459 459 14 3 1 1
87 9 7 2688 918 459 459 14 3 1 1
87 9 8 2016 918 459 459 14 3 1 1
87 9 10 8064 918 459 459 14 3 1 2
87 9 11 8064 918 459 459 14 3 1 2
87 9 12 8064 918 459 459 14 3 1 2
87 9 13 8064 918 459 459 14 3 1 2
87 9 14 8064 918 459 459 14 3 1 2
87 9 15 8064 918 459 459 14 3 1 2
87 9 16 2016 918 459 459 14 3 1 1
87 9 17 8064 918 459 459 14 3 1 2
87 9 20 8064 918 459 459 14 3 1 2
87 9 21 8064 918 459 459 14 3 1 2
87 9 22 8064 918 459 459 14 3 1 2
87 9 23 8064 918 459 459 14 3 1 2
87 9 24 2016 918 459 459 14 3 1 1
87 9 28 8064 918 459 459 14 3 1 2
87 9 29 8064 918 459 459 14 3 1 2
87 9 30 8064 918 459 459 14 3 1 2
87 9 31 8064 918 459 459 14 3 1 2
87 9 32 2016 918 459 459 14 3 1 1
87 9 33 8064 918 459 459 14 3 1 2
87 9 34 8064 918 459 459 14 3 1 2
87 9 35 8064 918 459 459 14 3 1 2
87 9 40 2016 918 459 459 14 3 1 1
87 9 42 8064 918 459 459 14 3 1 2
87 9 43 8064 918 459 459 14 3 1 2
87 9 48 2016 918 459 459 14 3 1 1
87 9 49 8064 918 459 459 14 3 1 2
87 9 56 2016 918 459 459 14 3 1 1
87 9 80 4032 918 459 459 14 3 1 2
87 9 84 16128 918 459 459 14 3 1 3
87 9 85 16128 918 459 459 14 3 1 3
87 9 86 16128 918 459 459 14 3 1 3
87 9 87 16128 918 459 459 14 3 1 3
87 9 96 4032 918 459 459 14 3 1 2
87 9 98 16128 918 459 459 14 3 1 3
87 9 99 16128 918 459 459 14 3 1 3
87 9 112 4032 918 459 459 14 3 1 2
87 9 160 4032 918 459 459 14 3 1 2
87 9 161 16128 918 459 459 14 3 1 3
87 9 168 4032 918 459 459 14 3 1 2
87 9 224 4032 918 459 459 14 3 1 2
87 9 232 4032 918 459 459 14 3 1 2
87 10 1 8064 918 459 459 14 3 2 1
87 10 2 8064 918 459 459 14 3 2 1
87 10 3 8064 918 459 459 14 3 2 1
87 10 4 8064 918 459 459 14 3 2 1
87 10 5 8064 918 459 459 14 3 2 1
87 10 6 8064 918 459 459 14 3 2 1
87 10 7 8064 918 459 459 14 3 2 1
87 10 8 8064 918 459 459 14 3 2 1
87 10 9 8064 918 459 459 14 3 2 1
87 10 10 16128 918 459 459 14 3 2 2
87 10 11 16128 918 459 459 14 3 2 2
87 10 12 16128 918 459 459 14 3 2 2
87 10 13 16128 918 459 459 14 3 2 2
87 10 14 16128 918 459 459 14 3 2 2
87 10 15 16128 918 459 459 14 3 2 2
87 10 16 8064 918 459 459 14 3 2 1
87 10 17 16128 918 459 459 14 3 2 2
87 10 18 8064 918 459 459 14 3 2 1
87 10 19 16128 918 459 459 14 3 2 2
87 10 20 16128 918 459 459 14 3 2 2
87 10 21 16128 918 459 459 14 3 2 2
87 10 22 16128 918 459 459 14 3 2 2
87 10 23 16128 918 459 459 14 3 2 2
87 10 24 8064 918 459 459 14 3 2 1
87 10 25 16128 918 459 459 14 3 2 2
87 10 26 16128 918 459 459 14 3 2 2
87 10 27 8064 918 459 459 14 3 2 1
87 10 28 16128 918 459 459 14 3 2 2
87 10 29 16128 918 459 459 14 3 2 2
87 10 30 16128 918 459 459 14 3 2 2
87 10 31 16128 918 459 459 14 3 2 2
87 10 32 8064 918 459 459 14 3 2 1
87 10 33 16128 918 459 459 14 3 2 2
87 10 34 16128 918 459 459 14 3 2 2
87 10 35 16128 918 459 459 14 3 2 2
87 10 36 8064 918 459 459 14 3 2 1
87 10 37 16128 918 459 459 14 3 2 2
87 10 38 16128 918 459 459 14 3 2 2
87 10 39 16128 918 459 459 14 3 2 2
87 10 40 8064 918 459 459 14 3 2 1
87 10 41 16128 918 459 459 14 3 2 2
87 10 42 16128 918 459 459 14 3 2 2
87 10 43 16128 918 459 459 14 3 2 2
87 10 44 16128 918 459 459 14 3 2 2
87 10 45 8064 918 459 459 14 3 2 1
87 10 46 16128 918 459 459 14 3 2 2
87 10 47 16128 918 459 459 14 3 2 2
87 10 48 8064 918 459 459 14 3 2 1
87 10 49 16128 918 459 459 14 3 2 2
87 10 50 16128 918 459 459 14 3 2 2
87 10 51 16128 918 459 459 14 3 2 2
87 10 52 16128 918 459 459 14 3 2 2
87 10 53 16128 918 459 459 14 3 2 2
87 10 54 8064 918 459 459 14 3 2 1
87 10 55 16128 918 459 459 14 3 2 2
87 10 56 8064 918 459 459 14 3 2 1
87 10 57 16128 918 459 459 14 3 2 2
87 10 58 16128 918 459 459 14 3 2 2
87 10 59 16128 918 459 459 14 3 2 2
87 10 60 16128 918 459 459 14 3 2 2
87 10 61 16128 918 459 459 14 3 2 2
87 10 62 16128 918 459 459 14 3 2 2
87 10 63 8064 918 459 459 14 3 2 1
87 10 64 4032 918 459 459 14 3 2 1
87 10 66 8064 918 459 459 14 3 2 2
87 10 67 8064 918 459 459 14 3 2 2
87 10 68 8064 918 459 459 14 3 2 2
87 10 69 8064 918 459 459 14 3 2 2
87 10 70 8064 918 459 459 14 3 2 2
87 10 71 8064 918 459 459 14 3 2 2
87 10 80 8064 918 459 459 14 3 2 2
87 10 82 8064 918 459 459 14 3 2 2
87 10 84 16128 918 459 459 14 3 2 3
87 10 85 16128 918 459 459 14 3 2 3
87 10 86 16128 918 459 459 14 3 2 3
87 10 87 16128 918 459 459 14 3 2 3
87 10 88 8064 918 459 459 14 3 2 2
87 10 91 8064 918 459 459 14 3 2 2
87 10 92 16128 918 459 459 14 3 2 3
87 10 93 16128 918 459 459 14 3 2 3
87 10 94 16128 918 459 459 14 3 2 3
87 10 95 16128 918 459 459 14 3 2 3
87 10 96 8064 918 459 459 14 3 2 2
87 10 98 16128 918 459 459 14 3 2 3
87 10 99 16128 918 459 459 14 3 2 3
87 10 100 8064 918 459 459 14 3 2 2
87 10 102 16128 918 459 459 14 3 2 3
87 10 103 16128 918 459 459 14 3 2 3
87 10 104 8064 918 459 459 14 3 2 2
87 10 106 16128 918 459 459 14 3 2 3
87 10 107 16128 918 459 459 14 3 2 3
87 10 109 8064 918 459 459 14 3 2 2
87 10 110 16128 918 459 459 14 3 2 3
87 10 111 16128 918 459 459 14 3 2 3
87 10 112 8064 918 459 459 14 3 2 2
87 10 114 16128 918 459 459 14 3 2 3
87 10 115 16128 918 459 459 14 3 2 3
87 10 116 16128 918 459 459 14 3 2 3
87 10 117 16128 918 459 459 14 3 2 3
87 10 118 8064 918 459 459 14 3 2 2
87 10 120 8064 918 459 459 14 3 2 2
87 10 122 16128 918 459 459 14 3 2 3
87 10 123 16128 918 459 459 14 3 2 3
87 10 124 16128 918 459 459 14 3 2 3
87 10 125 16128 918 459 459 14 3 2 3
87 10 127 8064 918 459 459 14 3 2 2
87 10 128 4032 918 459 459 14 3 2 1
87 10 129 8064 918 459 459 14 3 2 2
87 10 132 8064 918 459 459 14 3 2 2
87 10 133 8064 918 459 459 14 3 2 2
87 10 134 8064 918 459 459 14 3 2 2
87 10 135 8064 918 459 459 14 3 2 2
87 10 136 8064 918 459 459 14 3 2 2
87 10 137 8064 918 459 459 14 3 2 2
87 10 140 16128 918 459 459 14 3 2 3
87 10 141 16128 918 459 459 14 3 2 3
87 10 142 16128 918 459 459 14 3 2 3
87 10 143 16128 918 459 459 14 3 2 3
87 10 160 8064 918 459 459 14 3 2 2
87 10 161 16128 918 459 459 14 3 2 3
87 10 164 8064 918 459 459 14 3 2 2
87 10 165 16128 918 459 459 14 3 2 3
87 10 168 8064 918 459 459 14 3 2 2
87 10 169 16128 918 459 459 14 3 2 3
87 10 172 16128 918 459 459 14 3 2 3
87 10 173 8064 918 459 459 14 3 2 2
87 10 176 8064 918 459 459 14 3 2 2
87 10 177 16128 918 459 459 14 3 2 3
87 10 182 8064 918 459 459 14 3 2 2
87 10 183 16128 918 459 459 14 3 2 3
87 10 184 8064 918 459 459 14 3 2 2
87 10 185 16128 918 459 459 14 3 2 3
87 10 190 16128 918 459 459 14 3 2 3
87 10 191 8064 918 459 459 14 3 2 2
87 10 192 4032 918 459 459 14 3 2 1
87 10 196 8064 918 459 459 14 3 2 2
87 10 197 8064 918 459 459 14 3 2 2
87 10 198 8064 918 459 459 14 3 2 2
87 10 199 8064 918 459 459 14 3 2 2
87 10 224 8064 918 459 459 14 3 2 2
87 10 228 8064 918 459 459 14 3 2 2
87 10 232 8064 918 459 459 14 3 2 2
87 10 237 8064 918 459 459 14 3 2 2
87 10 240 8064 918 459 459 14 3 2 2
87 10 246 8064 918 459 459 14 3 2 2
87 10 248 8064 918 459 459 14 3 2 2
87 10 255 8064 918 459 459 14 3 2 2
87 10 256 4032 918 459 459 14 3 2 1
87 10 257 8064 918 459 459 14 3 2 2
87 10 258 8064 918 459 459 14 3 2 2
87 10 259 8064 918 459 459 14 3 2 2
87 10 264 8064 918 459 459 14 3 2 2
87 10 265 8064 918 459 459 14 3 2 2
87 10 266 16128 918 459 459 14 3 2 3
87 10 267 16128 918 459 459 14 3 2 3
87 10 272 8064 918 459 459 14 3 2 2
87 10 273 16128 918 459 459 14 3 2 3
87 10 274 8064 918 459 459 14 3 2 2
87 10 275 16128 918 459 459 14 3 2 3
87 10 280 8064 918 459 459 14 3 2 2
87 10 281 16128 918 459 459 14 3 2 3
87 10 282 16128 918 459 459 14 3 2 3
87 10 283 8064 918 459 459 14 3 2 2
87 10 320 4032 918 459 459 14 3 2 1
87 10 322 8064 918 459 459 14 3 2 2
87 10 323 8064 918 459 459 14 3 2 2
87 10 336 8064 918 459 459 14 3 2 2
87 10 338 8064 918 459 459 14 3 2 2
87 10 344 8064 918 459 459 14 3 2 2
87 10 347 8064 918 459 459 14 3 2 2
87 10 384 4032 918 459 459 14 3 2 1
87 10 385 8064 918 459 459 14 3 2 2
87 10 392 8064 918 459 459 14 3 2 2
87 10 393 8064 918 459 459 14 3 2 2
87 10 448 4032 918 459 459 14 3 2 1
87 64 1 1344 918 459 459 14 3 1 1
87 64 2 1344 918 459 459 14 3 1 1
87 64 3 1344 918 459 459 14 3 1 1
87 64 4 2688 918 459 459 14 3 1 1
87 64 5 2688 918 459 459 14 3 1 1
87 64 8 1008 918 459 459 14 3 1 1
87 64 10 4032 918 459 459 14 3 1 2
87 64 11 4032 918 459 459 14 3 1 2
87 64 12 8064 918 459 459 14 3 1 2
87 64 13 8064 918 459 459 14 3 1 2
87 64 16 1008 918 459 459 14 3 1 1
87 64 17 4032 918 459 459 14 3 1 2
87 64 20 8064 918 459 459 14 3 1 2
87 64 21 8064 918 459 459 14 3 1 2
87 64 24 1008 918 459 459 14 3 1 1
87 64 28 8064 918 459 459 14 3 1 2
87 64 29 8064 918 459 459 14 3 1 2
87 64 32 2016 918 459 459 14 3 1 1
87 64 33 8064 918 459 459 14 3 1 2
87 64 34 4032 918 459 459 14 3 1 2
87 64 35 8064 918 459 459 14 3 1 2
87 64 40 2016 918 459 459 14 3 1 1
87 64 42 4032 918 459 459 14 3 1 2
87 64 80 2016 918 459 459 14 3 1 2
87 64 84 16128 918 459 459 14 3 1 3
87 64 85 16128 918 459 459 14 3 1 3
87 64 96 4032 918 459 459 14 3 1 2
87 64 98 8064 918 459 459 14 3 1 3
87 64 99 8064 918 459 459 14 3 1 3
87 64 160 2016 918 459 459 14 3 1 2
87 64 161 8064 918 459 459 14 3 1 3
87 64 168 2016 918 459 459 14 3 1 2
87 64 224 4032 918 459 459 14 3 1 2
87 65 1 1344 918 459 459 14 3 1 1
87 65 2 1344 918 459 459 14 3 1 1
87 65 3 1344 918 459 459 14 3 1 1
87 65 4 2688 918 459 459 14 3 1 1
87 65 5 2688 918 459 459 14 3 1 1
87 65 8 1008 918 459 459 14 3 1 1
87 65 10 4032 918 459 459 14 3 1 2
87 65 11 4032 918 459 459 14 3 1 2
87 65 12 8064 918 459 459 14 3 1 2
87 65 13 8064 918 459 459 14 3 1 2
87 65 16 1008 918 459 459 14 3 1 1
87 65 17 4032 918 459 459 14 3 1 2
87 65 20 8064 918 459 459 14 3 1 2
87 65 21 8064 918 459 459 14 3 1 2
87 65 24 1008 918 459 459 14 3 1 1
87 65 28 8064 918 459 459 14 3 1 2
87 65 29 8064 918 459 459 14 3 1 2
87 65 32 2016 918 459 459 14 3 1 1
87 65 33 8064 918 459 459 14 3 1 2
87 65 34 4032 918 459 459 14 3 1 2
87 65 35 8064 918 459 459 14 3 1 2
87 65 40 2016 918 459 459 14 3 1 1
87 65 42 4032 918 459 459 14 3 1 2
87 65 80 2016 918 459 459 14 3 1 2
87 65 84 16128 918 459 459 14 3 1 3
87 65 85 16128 918 459 459 14 3 1 3
87 65 96 4032 918 459 459 14 3 1 2
87 65 98 8064 918 459 459 14 3 1 3
87 65 99 8064 918 459 459 14 3 1 3
87 65 160 2016 918 459 459 14 3 1 2
87 65 161 8064 918 459 459 14 3 1 3
87 65 168 2016 918 459 459 14 3 1 2
87 65 224 4032 918 459 459 14 3 1 2
87 66 1 4032 918 459 459 14 3 2 1
87 66 2 4032 918 459 459 14 3 2 1
87 66 3 4032 918 459 459 14 3 2 1
87 66 4 8064 918 459 459 14 3 2 1
87 66 5 8064 918 459 459 14 3 2 1
87 66 8 4032 918 459 459 14 3 2 1
87 66 9 4032 918 459 459 14 3 2 1
87 66 10 8064 918 459 459 14 3 2 2
87 66 11 8064 918 459 459 14 3 2 2
87 66 12 16128 918 459 459 14 3 2 2
87 66 13 16128 918 459 459 14 3 2 2
87 66 16 4032 918 459 459 14 3 2 1
87 66 17 8064 918 459 459 14 3 2 2
87 66 18 4032 918 459 459 14 3 2 1
87 66 19 8064 918 459 459 14 3 2 2
87 66 20 16128 918 459 459 14 3 2 2
87 66 21 16128 918 459 459 14 3 2 2
87 66 24 4032 918 459 459 14 3 2 1
87 66 25 8064 918 459 459 14 3 2 2
87 66 26 8064 918 459 459 14 3 2 2
87 66 27 4032 918 459 459 14 3 2 1
87 66 28 16128 918 459 459 14 3 2 2
87 66 29 16128 918 459 459 14 3 2 2
87 66 32 8064 918 459 459 14 3 2 1
87 66 33 16128 918 459 459 14 3 2 2
87 66 34 16128 918 459 459 14 3 2 2
87 66 35 16128 918 459 459 14 3 2 2
87 66 36 8064 918 459 459 14 3 2 1
87 66 37 16128 918 459 459 14 3 2 2
87 66 38 16128 918 459 459 14 3 2 2
87 66 39 16128 918 459 459 14 3 2 2
87 66 40 8064 918 459 459 14 3 2 1
87 66 41 16128 918 459 459 14 3 2 2
87 66 42 16128 918 459 459 14 3 2 2
87 66 43 16128 918 459 459 14 3 2 2
87 66 44 16128 918 459 459 14 3 2 2
87 66 45 8064 918 459 459 14 3 2 1
87 66 46 16128 918 459 459 14 3 2 2
87 66 47 16128 918 459 459 14 3 2 2
87 66 64 2016 918 459 459 14 3 2 1
87 66 66 4032 918 459 459 14 3 2 2
87 66 67 4032 918 459 459 14 3 2 2
87 66 68 8064 918 459 459 14 3 2 2
87 66 69 8064 918 459 459 14 3 2 2
87 66 80 4032 918 459 459 14 3 2 2
87 66 82 4032 918 459 459 14 3 2 2
87 66 84 16128 918 459 459 14 3 2 3
87 66 85 16128 918 459 459 14 3 2 3
87 66 88 4032 918 459 459 14 3 2 2
87 66 91 4032 918 459 459 14 3 2 2
87 66 92 16128 918 459 459 14 3 2 3
87 66 93 16128 918 459 459 14 3 2 3
87 66 96 8064 918 459 459 14 3 2 2
87 66 98 16128 918 459 459 14 3 2 3
87 66 99 16128 918 459 459 14 3 2 3
87 66 100 8064 918 459 459 14 3 2 2
87 66 102 16128 918 459 459 14 3 2 3
87 66 103 16128 918 459 459 14 3 2 3
87 66 104 8064 918 459 459 14 3 2 2
87 66 106 16128 918 459 459 14 3 2 3
87 66 107 16128 918 459 459 14 3 2 3
87 66 109 8064 918 459 459 14 3 2 2
87 66 110 16128 918 459 459 14 3 2 3
87 66 111 16128 918 459 459 14 3 2 3
87 66 128 2016 918 459 459 14 3 2 1
87 66 129 4032 918 459 459 14 3 2 2
87 66 132 8064 918 459 459 14 3 2 2
87 66 133 8064 918 459 459 14 3 2 2
87 66 136 4032 918 459 459 14 3 2 2
87 66 137 4032 918 459 459 14 3 2 2
87 66 140 16128 918 459 459 14 3 2 3
87 66 141 16128 918 459 459 14 3 2 3
87 66 160 8064 918 459 459 14 3 2 2
87 66 161 16128 918 459 459 14 3 2 3
87 66 164 8064 918 459 459 14 3 2 2
87 66 165 16128 918 459 459 14 3 2 3
87 66 168 8064 918 459 459 14 3 2 2
87 66 169 16128 918 459 459 14 3 2 3
87 66 172 16128 918 459 459 14 3 2 3
87 66 173 8064 918 459 459 14 3 2 2
87 66 192 2016 918 459 459 14 3 2 1
87 66 196 8064 918 459 459 14 3 2 2
87 66 197 8064 918 459 459 14 3 2 2
87 66 224 8064 918 459 459 14 3 2 2
87 66 228 8064 918 459 459 14 3 2 2
87 66 232 8064 918 459 459 14 3 2 2
87 66 237 8064 918 459 459 14 3 2 2
87 66 256 4032 918 459 459 14 3 2 1
87 66 257 8064 918 459 459 14 3 2 2
87 66 258 4032 918 459 459 14 3 2 2
87 66 259 8064 918 459 459 14 3 2 2
87 66 264 8064 918 459 459 14 3 2 2
87 66 265 8064 918 459 459 14 3 2 2
87 66 266 8064 918 459 459 14 3 2 3
87 66 267 8064 918 459 459 14 3 2 3
87 66 272 4032 918 459 459 14 3 2 2
87 66 273 8064 918 459 459 14 3 2 3
87 66 274 4032 918 459 459 14 3 2 2
87 66 275 8064 918 459 459 14 3 2 3
87 66 280 8064 918 459 459 14 3 2 2
87 66 281 8064 918 459 459 14 3 2 3
87 66 282 8064 918 459 459 14 3 2 3
87 66 283 8064 918 459 459 14 3 2 2
87 66 320 4032 918 459 459 14 3 2 1
87 66 322 4032 918 459 459 14 3 2 2
87 66 336 4032 918 459 459 14 3 2 2
87 66 338 4032 918 459 459 14 3 2 2
87 80 1 8064 918 459 459 14 3 2 1
87 80 2 8064 918 459 459 14 3 2 1
87 80 3 8064 918 459 459 14 3 2 1
87 80 4 8064 918 459 459 14 3 2 1
87 80 5 8064 918 459 459 14 3 2 1
87 80 6 8064 918 459 459 14 3 2 1
87 80 7 8064 918 459 459 14 3 2 1
87 80 8 8064 918 459 459 14 3 2 1
87 80 9 8064 918 459 459 14 3 2 1
87 80 10 16128 918 459 459 14 3 2 2
87 80 11 16128 918 459 459 14 3 2 2
87 80 12 16128 918 459 459 14 3 2 2
87 80 13 16128 918 459 459 14 3 2 2
87 80 14 16128 918 459 459 14 3 2 2
87 80 15 16128 918 459 459 14 3 2 2
87 80 16 8064 918 459 459 14 3 2 1
87 80 17 16128 918 459 459 14 3 2 2
87 80 18 8064 918 459 459 14 3 2 1
87 80 19 16128 918 459 459 14 3 2 2
87 80 20 16128 918 459 459 14 3 2 2
87 80 21 16128 918 459 459 14 3 2 2
87 80 22 16128 918 459 459 14 3 2 2
87 80 23 16128 918 459 459 14 3 2 2
87 80 24 8064 918 459 459 14 3 2 1
87 80 25 16128 918 459 459 14 3 2 2
87 80 26 16128 918 459 459 14 3 2 2
87 80 27 8064 918 459 459 14 3 2 1
87 80 28 16128 918 459 459 14 3 2 2
87 80 29 16128 918 459 459 14 3 2 2
87 80 30 16128 918 459 459 14 3 2 2
87 80 31 16128 918 459 459 14 3 2 2
87 80 32 8064 918 459 459 14 3 2 1
87 80 33 16128 918 459 459 14 3 2 2
87 80 34 16128 918 459 459 14 3 2 2
87 80 35 16128 918 459 459 14 3 2 2
87 80 36 8064 918 459 459 14 3 2 1
87 80 37 16128 918 459 459 14 3 2 2
87 80 38 16128 918 459 459 14 3 2 2
87 80 39 16128 918 459 459 14 3 2 2
87 80 40 8064 918 459 459 14 3 2 1
87 80 41 16128 918 459 459 14 3 2 2
87 80 42 16128 918 459 459 14 3 2 2
87 80 43 16128 918 459 459 14 3 2 2
87 80 44 16128 918 459 459 14 3 2 2
87 80 45 8064 918 459 459 14 3 2 1
87 80 46 16128 918 459 459 14 3 2 2
87 80 47 16128 918 459 459 14 3 2 2
87 80 48 8064 918 459 459 14 3 2 1
87 80 49 16128 918 459 459 14 3 2 2
87 80 50 16128 918 459 459 14 3 2 2
87 80 51 16128 918 459 459 14 3 2 2
87 80 52 16128 918 459 459 14 3 2 2
87 80 53 16128 918 459 459 14 3 2 2
87 80 54 8064 918 459 459 14 3 2 1
87 80 55 16128 918 459 459 14 3 2 2
87 80 56 8064 918 459 459 14 3 2 1
87 80 57 16128 918 459 459 14 3 2 2
87 80 58 16128 918 459 459 14 3 2 2
87 80 59 16128 918 459 459 14 3 2 2
87 80 60 16128 918 459 459 14 3 2 2
87 80 61 16128 918 459 459 14 3 2 2
87 80 62 16128 918 459 459 14 3 2 2
87 80 63 8064 918 459 459 14 3 2 1
87 80 64 4032 918 459 459 14 3 2 1
87 80 66 8064 918 459 459 14 3 2 2
87 80 67 8064 918 459 459 14 3 2 2
87 80 68 8064 918 459 459 14 3 2 2
87 80 69 8064 918 459 459 14 3 2 2
87 80 70 8064 918 459 459 14 3 2 2
87 80 71 8064 918 459 459 14 3 2 2
87 80 80 8064 918 459 459 14 3 2 2
87 80 82 8064 918 459 459 14 3 2 2
87 80 84 16128 918 459 459 14 3 2 3
87 80 85 16128 918 459 459 14 3 2 3
87 80 86 16128 918 459 459 14 3 2 3
87 80 87 16128 918 459 459 14 3 2 3
87 80 88 8064 918 459 459 14 3 2 2
87 80 91 8064 918 459 459 14 3 2 2
87 80 92 16128 918 459 459 14 3 2 3
87 80 93 16128 918 459 459 14 3 2 3
87 80 94 16128 918 459 459 14 3 2 3
87 80 95 16128 918 459 459 14 3 2 3
87 80 96 8064 918 459 459 14 3 2 2
87 80 98 16128 918 459 459 14 3 2 3
87 80 99 16128 918 459 459 14 3 2 3
87 80 100 8064 918 459 459 14 3 2 2
87 80 102 16128 918 459 459 14 3 2 3
87 80 103 16128 918 459 459 14 3 2 3
87 80 104 8064 918 459 459 14 3 2 2
87 80 106 16128 918 459 459 14 3 2 3
87 80 107 16128 918 459 459 14 3 2 3
87 80 109 8064 918 459 459 14 3 2 2
87 80 110 16128 918 459 459 14 3 2 3
87 80 111 16128 918 459 459 14 3 2 3
87 80 112 8064 918 459 459 14 3 2 2
87 80 114 16128 918 459 459 14 3 2 3
87 80 115 16128 918 459 459 14 3 2 3
87 80 116 16128 918 459 459 14 3 2 3
87 80 117 16128 918 459 459 14 3 2 3
87 80 118 8064 918 459 459 14 3 2 2
87 80 120 8064 918 459 459 14 3 2 2
87 80 122 16128 918 459 459 14 3 2 3
87 80 123 16128 918 459 459 14 3 2 3
87 80 124 16128 918 459 459 14 3 2 3
87 80 125 16128 918 459 459 14 3 2 3
87 80 127 8064 918 459 459 14 3 2 2
87 80 128 4032 918 459 459 14 3 2 1
87 80 129 8064 918 459 459 14 3 2 2
87 80 132 8064 918 459 459 14 3 2 2
87 80 133 8064 918 459 459 14 3 2 2
87 80 134 8064 918 459 459 14 3 2 2
87 80 135 8064 918 459 459 14 3 2 2
87 80 136 8064 918 459 459 14 3 2 2
87 80 137 8064 918 459 459 14 3 2 2
87 80 140 16128 918 459 459 14 3 2 3
87 80 141 16128 918 459 459 14 3 2 3
87 80 142 16128 918 459 459 14 3 2 3
87 80 143 16128 918 459 459 14 3 2 3
87 80 160 8064 918 459 459 14 3 2 2
87 80 161 16128 918 459 459 14 3 2 3
87 80 164 8064 918 459 459 14 3 2 2
87 80 165 16128 918 459 459 14 3 2 3
87 80 168 8064 918 459 459 14 3 2 2
87 80 169 16128 918 459 459 14 3 2 3
87 80 172 16128 918 459 459 14 3 2 3
87 80 173 8064 918 459 459 14 3 2 2
87 80 176 8064 918 459 459 14 3 2 2
87 80 177 16128 918 459 459 14 3 2 3
87 80 182 8064 918 459 459 14 3 2 2
87 80 183 16128 918 459 459 14 3 2 3
87 80 184 8064 918 459 459 14 3 2 2
87 80 185 16128 918 459 459 14 3 2 3
87 80 190 16128 918 459 459 14 3 2 3
87 80 191 8064 918 459 459 14 3 2 2
87 80 192 4032 918 459 459 14 3 2 1
87 80 196 8064 918 459 459 14 3 2 2
87 80 197 8064 918 459 459 14 3 2 2
87 80 198 8064 918 459 459 14 3 2 2
87 80 199 8064 918 459 459 14 3 2 2
87 80 224 8064 918 459 459 14 3 2 2
87 80 228 8064 918 459 459 14 3 2 2
87 80 232 8064 918 459 459 14 3 2 2
87 80 237 8064 918 459 459 14 3 2 2
87 80 240 8064 918 459 459 14 3 2 2
87 80 246 8064 918 459 459 14 3 2 2
87 80 248 8064 918 459 459 14 3 2 2
87 80 255 8064 918 459 459 14 3 2 2
87 80 256 4032 918 459 459 14 3 2 1
87 80 257 8064 918 459 459 14 3 2 2
87 80 258 8064 918 459 459 14 3 2 2
87 80 259 8064 918 459 459 14 3 2 2
87 80 264 8064 918 459 459 14 3 2 2
87 80 265 8064 918 459 459 14 3 2 2
87 80 266 16128 918 459 459 14 3 2 3
87 80 267 16128 918 459 459 14 3 2 3
87 80 272 8064 918 459 459 14 3 2 2
87 80 273 16128 918 459 459 14 3 2 3
87 80 274 8064 918 459 459 14 3 2 2
87 80 275 16128 918 459 459 14 3 2 3
87 80 280 8064 918 459 459 14 3 2 2
87 80 281 16128 918 459 459 14 3 2 3
87 80 282 16128 918 459 459 14 3 2 3
87 80 283 8064 918 459 459 14 3 2 2
87 80 320 4032 918 459 459 14 3 2 1
87 80 322 8064 918 459 459 14 3 2 2
87 80 323 8064 918 459 459 14 3 2 2
87 80 336 8064 918 459 459 14 3 2 2
87 80 338 8064 918 459 459 14 3 2 2
87 80 344 8064 918 459 459 14 3 2 2
87 80 347 8064 918 459 459 14 3 2 2
87 80 384 4032 918 459 459 14 3 2 1
87 80 385 8064 918 459 459 14 3 2 2
87 80 392 8064 918 459 459 14 3 2 2
87 80 393 8064 918 459 459 14 3 2 2
87 80 448 4032 918 459 459 14 3 2 1
87 81 1 4032 918 459 459 14 3 2 1
87 81 2 4032 918 459 459 14 3 2 1
87 81 3 4032 918 459 459 14 3 2 1
87 81 4 8064 918 459 459 14 3 2 1
87 81 5 8064 918 459 459 14 3 2 1
87 81 8 8064 918 459 459 14 3 2 1
87 81 10 16128 918 459 459 14 3 2 2
87 81 12 16128 918 459 459 14 3 2 2
87 81 13 16128 918 459 459 14 3 2 2
87 81 16 8064 918 459 459 14 3 2 1
87 81 17 16128 918 459 459 14 3 2 2
87 81 20 8064 918 459 459 14 3 2 2
87 81 21 8064 918 459 459 14 3 2 2
87 81 22 8064 918 459 459 14 3 2 2
87 81 23 8064 918 459 459 14 3 2 2
87 81 24 8064 918 459 459 14 3 2 1
87 81 25 16128 918 459 459 14 3 2 2
87 81 28 16128 918 459 459 14 3 2 2
87 81 30 16128 918 459 459 14 3 2 2
87 81 32 8064 918 459 459 14 3 2 1
87 81 33 16128 918 459 459 14 3 2 2
87 81 34 16128 918 459 459 14 3 2 2
87 81 35 16128 918 459 459 14 3 2 2
87 81 36 8064 918 459 459 14 3 2 1
87 81 37 16128 918 459 459 14 3 2 2
87 81 38 16128 918 459 459 14 3 2 2
87 81 39 16128 918 459 459 14 3 2 2
87 81 40 8064 918 459 459 14 3 2 1
87 81 41 16128 918 459 459 14 3 2 2
87 81 42 16128 918 459 459 14 3 2 2
87 81 43 16128 918 459 459 14 3 2 2
87 81 44 16128 918 459 459 14 3 2 2
87 81 45 8064 918 459 459 14 3 2 1
87 81 46 16128 918 459 459 14 3 2 2
87 81 47 16128 918 459 459 14 3 2 2
87 81 64 2016 918 459 459 14 3 2 1
87 81 66 4032 918 459 459 14 3 2 2
87 81 67 4032 918 459 459 14 3 2 2
87 81 68 8064 918 459 459 14 3 2 2
87 81 69 8064 918 459 459 14 3 2 2
87 81 80 8064 918 459 459 14 3 2 2
87 81 84 8064 918 459 459 14 3 2 3
87 81 85 8064 918 459 459 14 3 2 3
87 81 86 8064 918 459 459 14 3 2 3
87 81 87 8064 918 459 459 14 3 2 3
87 81 88 8064 918 459 459 14 3 2 2
87 81 92 16128 918 459 459 14 3 2 3
87 81 94 16128 918 459 459 14 3 2 3
87 81 96 8064 918 459 459 14 3 2 2
87 81 98 16128 918 459 459 14 3 2 3
87 81 99 16128 918 459 459 14 3 2 3
87 81 100 8064 918 459 459 14 3 2 2
87 81 102 16128 918 459 459 14 3 2 3
87 81 103 16128 918 459 459 14 3 2 3
87 81 104 8064 918 459 459 14 3 2 2
87 81 106 16128 918 459 459 14 3 2 3
87 81 107 16128 918 459 459 14 3 2 3
87 81 109 8064 918 459 459 14 3 2 2
87 81 110 16128 918 459 459 14 3 2 3
87 81 111 16128 918 459 459 14 3 2 3
87 81 128 2016 918 459 459 14 3 2 1
87 81 129 4032 918 459 459 14 3 2 2
87 81 132 8064 918 459 459 14 3 2 2
87 81 133 8064 918 459 459 14 3 2 2
87 81 136 8064 918 459 459 14 3 2 2
87 81 140 16128 918 459 459 14 3 2 3
87 81 141 16128 918 459 459 14 3 2 3
87 81 160 8064 918 459 459 14 3 2 2
87 81 161 16128 918 459 459 14 3 2 3
87 81 164 8064 918 459 459 14 3 2 2
87 81 165 16128 918 459 459 14 3 2 3
87 81 168 8064 918 459 459 14 3 2 2
87 81 169 16128 918 459 459 14 3 2 3
87 81 172 16128 918 459 459 14 3 2 3
87 81 173 8064 918 459 459 14 3 2 2
87 81 192 2016 918 459 459 14 3 2 1
87 81 196 8064 918 459 459 14 3 2 2
87 81 197 8064 918 459 459 14 3 2 2
87 81 224 8064 918 459 459 14 3 2 2
87 81 228 8064 918 459 459 14 3 2 2
87 81 232 8064 918 459 459 14 3 2 2
87 81 237 8064 918 459 459 14 3 2 2
87 81 256 4032 918 459 459 14 3 2 1
87 81 257 8064 918 459 459 14 3 2 2
87 81 258 4032 918 459 459 14 3 2 2
87 81 259 8064 918 459 459 14 3 2 2
87 81 264 8064 918 459 459 14 3 2 2
87 81 265 8064 918 459 459 14 3 2 2
87 81 266 16128 918 459 459 14 3 2 3
87 81 272 8064 918 459 459 14 3 2 2
87 81 273 16128 918 459 459 14 3 2 3
87 81 280 8064 918 459 459 14 3 2 2
87 81 281 16128 918 459 459 14 3 2 3
87 81 283 8064 918 459 459 14 3 2 2
87 81 320 4032 918 459 459 14 3 2 1
87 81 322 4032 918 459 459 14 3 2 2
87 81 336 8064 918 459 459 14 3 2 2
87 83 1 4032 918 459 459 14 3 2 1
87 83 2 4032 918 459 459 14 3 2 1
87 83 3 4032 918 459 459 14 3 2 1
87 83 4 8064 918 459 459 14 3 2 1
87 83 5 8064 918 459 459 14 3 2 1
87 83 8 8064 918 459 459 14 3 2 1
87 83 10 16128 918 459 459 14 3 2 2
87 83 12 16128 918 459 459 14 3 2 2
87 83 13 16128 918 459 459 14 3 2 2
87 83 16 8064 918 459 459 14 3 2 1
87 83 17 16128 918 459 459 14 3 2 2
87 83 20 8064 918 459 459 14 3 2 2
87 83 21 8064 918 459 459 14 3 2 2
87 83 22 8064 918 459 459 14 3 2 2
87 83 23 8064 918 459 459 14 3 2 2
87 83 24 8064 918 459 459 14 3 2 1
87 83 25 16128 918 459 459 14 3 2 2
87 83 28 16128 918 459 459 14 3 2 2
87 83 30 16128 918 459 459 14 3 2 2
87 83 32 8064 918 459 459 14 3 2 1
87 83 33 16128 918 459 459 14 3 2 2
87 83 34 16128 918 459 459 14 3 2 2
87 83 35 16128 918 459 459 14 3 2 2
87 83 36 8064 918 459 459 14 3 2 1
87 83 37 16128 918 459 459 14 3 2 2
87 83 38 16128 918 459 459 14 3 2 2
87 83 39 16128 918 459 459 14 3 2 2
87 83 40 8064 918 459 459 14 3 2 1
87 83 41 16128 918 459 459 14 3 2 2
87 83 42 16128 918 459 459 14 3 2 2
87 83 43 16128 918 459 459 14 3 2 2
87 83 44 16128 918 459 459 14 3 2 2
87 83 45 8064 918 459 459 14 3 2 1
87 83 46 16128 918 459 459 14 3 2 2
87 83 47 16128 918 459 459 14 3 2 2
87 83 64 2016 918 459 459 14 3 2 1
87 83 66 4032 918 459 459 14 3 2 2
87 83 67 4032 918 459 459 14 3 2 2
87 83 68 8064 918 459 459 14 3 2 2
87 83 69 8064 918 459 459 14 3 2 2
87 83 80 8064 918 459 459 14 3 2 2
87 83 84 8064 918 459 459 14 3 2 3
87 83 85 8064 918 459 459 14 3 2 3
87 83 86 8064 918 459 459 14 3 2 3
87 83 87 8064 918 459 459 14 3 2 3
87 83 88 8064 918 459 459 14 3 2 2
87 83 92 16128 918 459 459 14 3 2 3
87 83 94 16128 918 459 459 14 3 2 3
87 83 96 8064 918 459 459 14 3 2 2
87 83 98 16128 918 459 459 14 3 2 3
87 83 99 16128 918 459 459 14 3 2 3
87 83 100 8064 918 459 459 14 3 2 2
87 83 102 16128 918 459 459 14 3 2 3
87 83 103 16128 918 459 459 14 3 2 3
87 83 104 8064 918 459 459 14 3 2 2
87 83 106 16128 918 459 459 14 3 2 3
87 83 107 16128 918 459 459 14 3 2 3
87 83 109 8064 918 459 459 14 3 2 2
87 83 110 16128 918 459 459 14 3 2 3
87 83 111 16128 918 459 459 14 3 2 3
87 83 128 2016 918 459 459 14 3 2 1
87 83 129 4032 918 459 459 14 3 2 2
87 83 132 8064 918 459 459 14 3 2 2
87 83 133 8064 918 459 459 14 3 2 2
87 83 136 8064 918 459 459 14 3 2 2
87 83 140 16128 918 459 459 14 3 2 3
87 83 141 16128 918 459 459 14 3 2 3
87 83 160 8064 918 459 459 14 3 2 2
87 83 161 16128 918 459 459 14 3 2 3
87 83 164 8064 918 459 459 14 3 2 2
87 83 165 16128 918 459 459 14 3 2 3
87 83 168 8064 918 459 459 14 3 2 2
87 83 169 16128 918 459 459 14 3 2 3
87 83 172 16128 918 459 459 14 3 2 3
87 83 173 8064 918 459 459 14 3 2 2
87 83 192 2016 918 459 459 14 3 2 1
87 83 196 8064 918 459 459 14 3 2 2
87 83 197 8064 918 459 459 14 3 2 2
87 83 224 8064 918 459 459 14 3 2 2
87 83 228 8064 918 459 459 14 3 2 2
87 83 232 8064 918 459 459 14 3 2 2
87 83 237 8064 918 459 459 14 3 2 2
87 83 256 4032 918 459 459 14 3 2 1
87 83 257 8064 918 459 459 14 3 2 2
87 83 258 4032 918 459 459 14 3 2 2
87 83 259 8064 918 459 459 14 3 2 2
87 83 264 8064 918 459 459 14 3 2 2
87 83 265 8064 918 459 459 14 3 2 2
87 83 266 16128 918 459 459 14 3 2 3
87 83 272 8064 918 459 459 14 3 2 2
87 83 273 16128 918 459 459 14 3 2 3
87 83 280 8064 918 459 459 14 3 2 2
87 83 281 16128 918 459 459 14 3 2 3
87 83 283 8064 918 459 459 14 3 2 2
87 83 320 4032 918 459 459 14 3 2 1
87 83 322 4032 918 459 459 14 3 2 2
87 83 336 8064 918 459 459 14 3 2 2
87 84 1 8064 918 459 459 14 3 3 1
87 84 2 8064 918 459 459 14 3 3 1
87 84 3 8064 918 459 459 14 3 3 1
87 84 4 16128 918 459 459 14 3 3 1
87 84 5 16128 918 459 459 14 3 3 1
87 84 8 16128 918 459 459 14 3 3 1
87 84 9 16128 918 459 459 14 3 3 1
87 84 10 16128 918 459 459 14 3 3 2
87 84 11 16128 918 459 459 14 3 3 2
87 84 12 16128 918 459 459 14 3 3 2
87 84 13 16128 918 459 459 14 3 3 2
87 84 14 16128 918 459 459 14 3 3 2
87 84 15 16128 918 459 459 14 3 3 2
87 84 16 16128 918 459 459 14 3 3 1
87 84 17 16128 918 459 459 14 3 3 2
87 84 18 16128 918 459 459 14 3 3 1
87 84 19 16128 918 459 459 14 3 3 2
87 84 20 16128 918 459 459 14 3 3 2
87 84 21 16128 918 459 459 14 3 3 2
87 84 22 16128 918 459 459 14 3 3 2
87 84 23 16128 918 459 459 14 3 3 2
87 84 24 16128 918 459 459 14 3 3 1
87 84 25 16128 918 459 459 14 3 3 2
87 84 26 16128 918 459 459 14 3 3 2
87 84 27 16128 918 459 459 14 3 3 1
87 84 28 16128 918 459 459 14 3 3 2
87 84 29 16128 918 459 459 14 3 3 2
87 84 30 16128 918 459 459 14 3 3 2
87 84 31 16128 918 459 459 14 3 3 2
87 84 32 16128 918 459 459 14 3 3 1
87 84 33 16128 918 459 459 14 3 3 2
87 84 34 16128 918 459 459 14 3 3 2
87 84 35 16128 918 459 459 14 3 3 2
87 84 36 16128 918 459 459 14 3 3 1
87 84 37 16128 918 459 459 14 3 3 2
87 84 38 16128 918 459 459 14 3 3 2
87 84 39 16128 918 459 459 14 3 3 2
87 84 40 16128 918 459 459 14 3 3 1
87 84 41 16128 918 459 459 14 3 3 2
87 84 42 16128 918 459 459 14 3 3 2
87 84 43 16128 918 459 459 14 3 3 2
87 84 44 16128 918 459 459 14 3 3 2
87 84 45 16128 918 459 459 14 3 3 1
87 84 46 16128 918 459 459 14 3 3 2
87 84 47 16128 918 459 459 14 3 3 2
87 84 48 16128 918 459 459 14 3 3 1
87 84 49 16128 918 459 459 14 3 3 2
87 84 50 16128 918 459 459 14 3 3 2
87 84 51 16128 918 459 459 14 3 3 2
87 84 52 16128 918 459 459 14 3 3 2
87 84 53 16128 918 459 459 14 3 3 2
87 84 54 16128 918 459 459 14 3 3 1
87 84 55 16128 918 459 459 14 3 3 2
87 84 56 16128 918 459 459 14 3 3 1
87 84 57 16128 918 459 459 14 3 3 2
87 84 58 16128 918 459 459 14 3 3 2
87 84 59 16128 918 459 459 14 3 3 2
87 84 60 16128 918 459 459 14 3 3 2
87 84 61 16128 918 459 459 14 3 3 2
87 84 62 16128 918 459 459 14 3 3 2
87 84 63 16128 918 459 459 14 3 3 1
87 84 64 8064 918 459 459 14 3 3 1
87 84 65 8064 918 459 459 14 3 3 1
87 84 66 8064 918 459 459 14 3 3 2
87 84 67 8064 918 459 459 14 3 3 2
87 84 68 16128 918 459 459 14 3 3 2
87 84 69 16128 918 459 459 14 3 3 2
87 84 80 16128 918 459 459 14 3 3 2
87 84 81 16128 918 459 459 14 3 3 2
87 84 82 16128 918 459 459 14 3 3 2
87 84 83 16128 918 459 459 14 3 3 2
87 84 84 16128 918 459 459 14 3 3 3
87 84 85 16128 918 459 459 14 3 3 3
87 84 86 16128 918 459 459 14 3 3 3
87 84 87 16128 918 459 459 14 3 3 3
87 84 88 16128 918 459 459 14 3 3 2
87 84 89 16128 918 459 459 14 3 3 2
87 84 90 16128 918 459 459 14 3 3 2
87 84 91 16128 918 459 459 14 3 3 2
87 84 92 16128 918 459 459 14 3 3 3
87 84 93 16128 918 459 459 14 3 3 3
87 84 94 16128 918 459 459 14 3 3 3
87 84 95 16128 918 459 459 14 3 3 3
87 84 96 16128 918 459 459 14 3 3 2
87 84 97 16128 918 459 459 14 3 3 2
87 84 98 16128 918 459 459 14 3 3 3
87 84 99 16128 918 459 459 14 3 3 3
87 84 100 16128 918 459 459 14 3 3 2
87 84 101 16128 918 459 459 14 3 3 2
87 84 102 16128 918 459 459 14 3 3 3
87 84 103 16128 918 459 459 14 3 3 3
87 84 104 16128 918 459 459 14 3 3 2
87 84 105 16128 918 459 459 14 3 3 2
87 84 106 16128 918 459 459 14 3 3 3
87 84 107 16128 918 459 459 14 3 3 3
87 84 108 16128 918 459 459 14 3 3 2
87 84 109 16128 918 459 459 14 3 3 2
87 84 110 16128 918 459 459 14 3 3 3
87 84 111 16128 918 459 459 14 3 3 3
87 84 112 16128 918 459 459 14 3 3 2
87 84 113 16128 918 459 459 14 3 3 2
87 84 114 16128 918 459 459 14 3 3 3
87 84 115 16128 918 459 459 14 3 3 3
87 84 116 16128 918 459 459 14 3 3 3
87 84 117 16128 918 459 459 14 3 3 3
87 84 118 16128 918 459 459 14 3 3 2
87 84 119 16128 918 459 459 14 3 3 2
87 84 120 16128 918 459 459 14 3 3 2
87 84 121 16128 918 459 459 14 3 3 2
87 84 122 16128 918 459 459 14 3 3 3
87 84 123 16128 918 459 459 14 3 3 3
87 84 124 16128 918 459 459 14 3 3 3
87 84 125 16128 918 459 459 14 3 3 3
87 84 126 16128 918 459 459 14 3 3 2
87 84 127 16128 918 459 459 14 3 3 2
87 84 128 8064 918 459 459 14 3 3 1
87 84 129 8064 918 459 459 14 3 3 2
87 84 130 8064 918 459 459 14 3 3 1
87 84 131 8064 918 459 459 14 3 3 2
87 84 132 16128 918 459 459 14 3 3 2
87 84 133 16128 918 459 459 14 3 3 2
87 84 136 16128 918 459 459 14 3 3 2
87 84 137 16128 918 459 459 14 3 3 2
87 84 138 16128 918 459 459 14 3 3 2
87 84 139 16128 918 459 459 14 3 3 2
87 84 140 16128 918 459 459 14 3 3 3
87 84 141 16128 918 459 459 14 3 3 3
87 84 142 16128 918 459 459 14 3 3 3
87 84 143 16128 918 459 459 14 3 3 3
87 84 160 16128 918 459 459 14 3 3 2
87 84 161 16128 918 459 459 14 3 3 3
87 84 162 16128 918 459 459 14 3 3 2
87 84 163 16128 918 459 459 14 3 3 3
87 84 164 16128 918 459 459 14 3 3 2
87 84 165 16128 918 459 459 14 3 3 3
87 84 166 16128 918 459 459 14 3 3 2
87 84 167 16128 918 459 459 14 3 3 3
87 84 168 16128 918 459 459 14 3 3 2
87 84 169 16128 918 459 459 14 3 3 3
87 84 170 16128 918 459 459 14 3 3 2
87 84 171 16128 918 459 459 14 3 3 3
87 84 172 16128 918 459 459 14 3 3 3
87 84 173 16128 918 459 459 14 3 3 2
87 84 174 16128 918 459 459 14 3 3 3
87 84 175 16128 918 459 459 14 3 3 2
87 84 176 16128 918 459 459 14 3 3 2
87 84 177 16128 918 459 459 14 3 3 3
87 84 178 16128 918 459 459 14 3 3 2
87 84 179 16128 918 459 459 14 3 3 3
87 84 180 16128 918 459 459 14 3 3 2
87 84 181 16128 918 459 459 14 3 3 3
87 84 182 16128 918 459 459 14 3 3 2
87 84 183 16128 918 459 459 14 3 3 3
87 84 184 16128 918 459 459 14 3 3 2
87 84 185 16128 918 459 459 14 3 3 3
87 84 186 16128 918 459 459 14 3 3 2
87 84 187 16128 918 459 459 14 3 3 3
87 84 188 16128 918 459 459 14 3 3 3
87 84 189 16128 918 459 459 14 3 3 2
87 84 190 16128 918 459 459 14 3 3 3
87 84 191 16128 918 459 459 14 3 3 2
87 84 192 8064 918 459 459 14 3 3 1
87 84 193 8064 918 459 459 14 3 3 2
87 84 194 8064 918 459 459 14 3 3 2
87 84 195 8064 918 459 459 14 3 3 1
87 84 196 16128 918 459 459 14 3 3 2
87 84 197 16128 918 459 459 14 3 3 2
87 84 224 16128 918 459 459 14 3 3 2
87 84 225 16128 918 459 459 14 3 3 3
87 84 226 16128 918 459 459 14 3 3 3
87 84 227 16128 918 459 459 14 3 3 2
87 84 228 16128 918 459 459 14 3 3 2
87 84 229 16128 918 459 459 14 3 3 3
87 84 230 16128 918 459 459 14 3 3 3
87 84 231 16128 918 459 459 14 3 3 2
87 84 232 16128 918 459 459 14 3 3 2
87 84 233 16128 918 459 459 14 3 3 3
87 84 234 16128 918 459 459 14 3 3 3
87 84 235 16128 918 459 459 14 3 3 2
87 84 236 16128 918 459 459 14 3 3 3
87 84 237 16128 918 459 459 14 3 3 2
87 84 238 16128 918 459 459 14 3 3 2
87 84 239 16128 918 459 459 14 3 3 3
87 84 240 16128 918 459 459 14 3 3 2
87 84 241 16128 918 459 459 14 3 3 3
87 84 242 16128 918 459 459 14 3 3 3
87 84 243 16128 918 459 459 14 3 3 2
87 84 244 16128 918 459 459 14 3 3 3
87 84 245 16128 918 459 459 14 3 3 2
87 84 246 16128 918 459 459 14 3 3 2
87 84 247 16128 918 459 459 14 3 3 3
87 84 248 16128 918 459 459 14 3 3 2
87 84 249 16128 918 459 459 14 3 3 3
87 84 250 16128 918 459 459 14 3 3 3
87 84 251 16128 918 459 459 14 3 3 2
87 84 252 16128 918 459 459 14 3 3 2
87 84 253 16128 918 459 459 14 3 3 3
87 84 254 16128 918 459 459 14 3 3 3
87 84 255 16128 918 459 459 14 3 3 2
87 84 256 16128 918 459 459 14 3 3 1
87 84 257 16128 918 459 459 14 3 3 2
87 84 258 16128 918 459 459 14 3 3 2
87 84 259 16128 918 459 459 14 3 3 2
87 84 260 16128 918 459 459 14 3 3 1
87 84 261 16128 918 459 459 14 3 3 2
87 84 262 16128 918 459 459 14 3 3 2
87 84 263 16128 918 459 459 14 3 3 2
87 84 264 16128 918 459 459 14 3 3 2
87 84 265 16128 918 459 459 14 3 3 2
87 84 266 16128 918 459 459 14 3 3 3
87 84 267 16128 918 459 459 14 3 3 3
87 84 268 16128 918 459 459 14 3 3 2
87 84 269 16128 918 459 459 14 3 3 2
87 84 270 16128 918 459 459 14 3 3 3
87 84 271 16128 918 459 459 14 3 3 3
87 84 272 16128 918 459 459 14 3 3 2
87 84 273 16128 918 459 459 14 3 3 3
87 84 276 8064 918 459 459 14 3 3 2
87 84 277 8064 918 459 459 14 3 3 3
87 84 278 8064 918 459 459 14 3 3 2
87 84 279 8064 918 459 459 14 3 3 3
87 84 280 16128 918 459 459 14 3 3 2
87 84 281 16128 918 459 459 14 3 3 3
87 84 282 16128 918 459 459 14 3 3 3
87 84 283 16128 918 459 459 14 3 3 2
87 84 284 16128 918 459 459 14 3 3 2
87 84 285 16128 918 459 459 14 3 3 3
87 84 286 16128 918 459 459 14 3 3 3
87 84 287 16128 918 459 459 14 3 3 2
87 84 320 16128 918 459 459 14 3 3 1
87 84 321 16128 918 459 459 14 3 3 2
87 84 322 16128 918 459 459 14 3 3 2
87 84 323 16128 918 459 459 14 3 3 2
87 84 324 16128 918 459 459 14 3 3 2
87 84 325 16128 918 459 459 14 3 3 1
87 84 326 16128 918 459 459 14 3 3 2
87 84 327 16128 918 459 459 14 3 3 2
87 84 328 16128 918 459 459 14 3 3 2
87 84 329 16128 918 459 459 14 3 3 2
87 84 330 16128 918 459 459 14 3 3 3
87 84 331 16128 918 459 459 14 3 3 3
87 84 332 16128 918 459 459 14 3 3 2
87 84 333 16128 918 459 459 14 3 3 2
87 84 334 16128 918 459 459 14 3 3 3
87 84 335 16128 918 459 459 14 3 3 3
87 84 336 16128 918 459 459 14 3 3 2
87 84 337 16128 918 459 459 14 3 3 3
87 84 340 8064 918 459 459 14 3 3 3
87 84 341 8064 918 459 459 14 3 3 2
87 84 342 8064 918 459 459 14 3 3 3
87 84 343 8064 918 459 459 14 3 3 2
87 84 400 16128 918 459 459 14 3 3 2
87 84 401 16128 918 459 459 14 3 3 3
87 84 404 8064 918 459 459 14 3 3 2
87 84 405 8064 918 459 459 14 3 3 3
87 84 406 8064 918 459 459 14 3 3 2
87 84 407 8064 918 459 459 14 3 3 3
87 84 408 16128 918 459 459 14 3 3 2
87 84 409 16128 918 459 459 14 3 3 3
87 84 410 16128 918 459 459 14 3 3 3
87 84 411 16128 918 459 459 14 3 3 2
87 84 412 16128 918 459 459 14 3 3 3
87 84 413 16128 918 459 459 14 3 3 2
87 84 414 16128 918 459 459 14 3 3 2
87 84 415 16128 918 459 459 14 3 3 3
87 84 464 16128 918 459 459 14 3 3 2
87 84 465 16128 918 459 459 14 3 3 3
87 84 468 8064 918 459 459 14 3 3 3
87 84 469 8064 918 459 459 14 3 3 2
87 84 470 8064 918 459 459 14 3 3 3
87 84 471 8064 918 459 459 14 3 3 2
88 1 1 672 918 459 459 14 2 1 1
88 1 2 1344 918 459 459 14 2 1 1
88 1 4 1344 918 459 459 14 2 1 1
88 1 6 1344 918 459 459 14 2 1 1
88 1 8 504 918 459 459 14 2 1 1
88 1 10 4032 918 459 459 14 2 1 2
88 1 12 4032 918 459 459 14 2 1 2
88 1 14 4032 918 459 459 14 2 1 2
88 1 16 1008 918 459 459 14 2 1 1
88 1 17 2016 918 459 459 14 2 1 2
88 1 20 8064 918 459 459 14 2 1 2
88 1 22 8064 918 459 459 14 2 1 2
88 1 32 1008 918 459 459 14 2 1 1
88 1 33 2016 918 459 459 14 2 1 2
88 1 34 8064 918 459 459 14 2 1 2
88 1 48 1008 918 459 459 14 2 1 1
88 1 49 2016 918 459 459 14 2 1 2
88 1 80 1008 918 459 459 14 2 1 2
88 1 84 8064 918 459 459 14 2 1 3
88 1 86 8064 918 459 459 14 2 1 3
88 1 96 1008 918 459 459 14 2 1 2
88 1 98 8064 918 459 459 14 2 1 3
88 1 112 1008 918 459 459 14 2 1 2
88 1 160 4032 918 459 459 14 2 1 2
88 1 161 4032 918 459 459 14 2 1 3
88 8 1 672 918 459 459 14 2 1 1
88 8 2 1344 918 459 459 14 2 1 1
88 8 4 1344 918 459 459 14 2 1 1
88 8 6 1344 918 459 459 14 2 1 1
88 8 8 504 918 459 459 14 2 1 1
88 8 10 4032 918 459 459 14 2 1 2
88 8 12 4032 918 459 459 14 2 1 2
88 8 14 4032 918 459 459 14 2 1 2
88 8 16 1008 918 459 459 14 2 1 1
88 8 17 2016 918 459 459 14 2 1 2
88 8 20 8064 918 459 459 14 2 1 2
88 8 22 8064 918 459 459 14 2 1 2
88 8 32 1008 918 459 459 14 2 1 1
88 8 33 2016 918 459 459 14 2 1 2
88 8 34 8064 918 459 459 14 2 1 2
88 8 48 1008 918 459 459 14 2 1 1
88 8 49 2016 918 459 459 14 2 1 2
88 8 80 1008 918 459 459 14 2 1 2
88 8 84 8064 918 459 459 14 2 1 3
88 8 86 8064 918 459 459 14 2 1 3
88 8 96 1008 918 459 459 14 2 1 2
88 8 98 8064 918 459 459 14 2 1 3
88 8 112 1008 918 459 459 14 2 1 2
88 8 160 4032 918 459 459 14 2 1 2
88 8 161 4032 918 459 459 14 2 1 3
88 9 1 672 918 459 459 14 2 1 1
88 9 2 1344 918 459 459 14 2 1 1
88 9 4 1344 918 459 459 14 2 1 1
88 9 6 1344 918 459 459 14 2 1 1
88 9 8 504 918 459 459 14 2 1 1
88 9 10 4032 918 459 459 14 2 1 2
88 9 12 4032 918 459 459 14 2 1 2
88 9 14 4032 918 459 459 14 2 1 2
88 9 16 1008 918 459 459 14 2 1 1
88 9 17 2016 918 459 459 14 2 1 2
88 9 20 8064 918 459 459 14 2 1 2
88 9 22 8064 918 459 459 14 2 1 2
88 9 32 1008 918 459 459 14 2 1 1
88 9 33 2016 918 459 459 14 2 1 2
88 9 34 8064 918 459 459 14 2 1 2
88 9 48 1008 918 459 459 14 2 1 1
88 9 49 2016 918 459 459 14 2 1 2
88 9 80 1008 918 459 459 14 2 1 2
88 9 84 8064 918 459 459 14 2 1 3
88 9 86 8064 918 459 459 14 2 1 3
88 9 96 1008 918 459 459 14 2 1 2
88 9 98 8064 918 459 459 14 2 1 3
88 9 112 1008 918 459 459 14 2 1 2
88 9 160 4032 918 459 459 14 2 1 2
88 9 161 4032 918 459 459 14 2 1 3
88 10 1 2016 918 459 459 14 2 2 1
88 10 2 4032 918 459 459 14 2 2 1
88 10 4 4032 918 459 459 14 2 2 1
88 10 6 4032 918 459 459 14 2 2 1
88 10 8 2016 918 459 459 14 2 2 1
88 10 9 2016 918 459 459 14 2 2 1
88 10 10 8064 918 459 459 14 2 2 2
88 10 12 8064 918 459 459 14 2 2 2
88 10 14 8064 918 459 459 14 2 2 2
88 10 16 4032 918 459 459 14 2 2 1
88 10 17 8064 918 459 459 14 2 2 2
88 10 18 4032 918 459 459 14 2 2 1
88 10 19 8064 918 459 459 14 2 2 2
88 10 20 16128 918 459 459 14 2 2 2
88 10 22 16128 918 459 459 14 2 2 2
88 10 32 4032 918 459 459 14 2 2 1
88 10 33 8064 918 459 459 14 2 2 2
88 10 34 16128 918 459 459 14 2 2 2
88 10 36 4032 918 459 459 14 2 2 1
88 10 37 8064 918 459 459 14 2 2 2
88 10 38 16128 918 459 459 14 2 2 2
88 10 48 4032 918 459 459 14 2 2 1
88 10 49 8064 918 459 459 14 2 2 2
88 10 50 16128 918 459 459 14 2 2 2
88 10 52 16128 918 459 459 14 2 2 2
88 10 54 4032 918 459 459 14 2 2 1
88 10 55 8064 918 459 459 14 2 2 2
88 10 64 1008 918 459 459 14 2 2 1
88 10 66 4032 918 459 459 14 2 2 2
88 10 68 4032 918 459 459 14 2 2 2
88 10 70 4032 918 459 459 14 2 2 2
88 10 80 4032 918 459 459 14 2 2 2
88 10 82 4032 918 459 459 14 2 2 2
88 10 84 16128 918 459 459 14 2 2 3
88 10 86 16128 918 459 459 14 2 2 3
88 10 96 4032 918 459 459 14 2 2 2
88 10 98 16128 918 459 459 14 2 2 3
88 10 100 4032 918 459 459 14 2 2 2
88 10 102 16128 918 459 459 14 2 2 3
88 10 112 4032 918 459 459 14 2 2 2
88 10 114 16128 918 459 459 14 2 2 3
88 10 116 16128 918 459 459 14 2 2 3
88 10 118 4032 918 459 459 14 2 2 2
88 10 128 2016 918 459 459 14 2 2 1
88 10 129 2016 918 459 459 14 2 2 2
88 10 132 8064 918 459 459 14 2 2 2
88 10 134 8064 918 459 459 14 2 2 2
88 10 136 2016 918 459 459 14 2 2 2
88 10 137 2016 918 459 459 14 2 2 2
88 10 140 8064 918 459 459 14 2 2 3
88 10 142 8064 918 459 459 14 2 2 3
88 10 160 8064 918 459 459 14 2 2 2
88 10 161 8064 918 459 459 14 2 2 3
88 10 164 8064 918 459 459 14 2 2 2
88 10 165 8064 918 459 459 14 2 2 3
88 10 176 8064 918 459 459 14 2 2 2
88 10 177 8064 918 459 459 14 2 2 3
88 10 182 8064 918 459 459 14 2 2 2
88 10 183 8064 918 459 459 14 2 2 3
88 10 256 2016 918 459 459 14 2 2 1
88 10 257 2016 918 459 459 14 2 2 2
88 10 258 8064 918 459 459 14 2 2 2
88 10 264 2016 918 459 459 14 2 2 2
88 10 265 2016 918 459 459 14 2 2 2
88 10 266 8064 918 459 459 14 2 2 3
88 10 272 8064 918 459 459 14 2 2 2
88 10 273 8064 918 459 459 14 2 2 3
88 10 274 8064 918 459 459 14 2 2 2
88 10 275 8064 918 459 459 14 2 2 3
88 10 384 2016 918 459 459 14 2 2 1
88 10 385 2016 918 459 459 14 2 2 2
88 10 392 2016 918 459 459 14 2 2 2
88 10 393 2016 918 459 459 14 2 2 2
88 64 1 672 918 459 459 14 2 1 1
88 64 2 1344 918 459 459 14 2 1 1
88 64 4 1344 918 459 459 14 2 1 1
88 64 6 1344 918 459 459 14 2 1 1
88 64 8 504 918 459 459 14 2 1 1
88 64 10 4032 918 459 459 14 2 1 2
88 64 12 4032 918 459 459 14 2 1 2
88 64 14 4032 918 459 459 14 2 1 2
88 64 16 1008 918 459 459 14 2 1 1
88 64 17 2016 918 459 459 14 2 1 2
88 64 20 8064 918 459 459 14 2 1 2
88 64 22 8064 918 459 459 14 2 1 2
88 64 32 1008 918 459 459 14 2 1 1
88 64 33 2016 918 459 459 14 2 1 2
88 64 34 8064 918 459 459 14 2 1 2
88 64 48 1008 918 459 459 14 2 1 1
88 64 49 2016 918 459 459 14 2 1 2
88 64 80 1008 918 459 459 14 2 1 2
88 64 84 8064 918 459 459 14 2 1 3
88 64 86 8064 918 459 459 14 2 1 3
88 64 96 1008 918 459 459 14 2 1 2
88 64 98 8064 918 459 459 14 2 1 3
88 64 112 1008 918 459 459 14 2 1 2
88 64 160 4032 918 459 459 14 2 1 2
88 64 161 4032 918 459 459 14 2 1 3
88 65 1 672 918 459 459 14 2 1 1
88 65 2 1344 918 459 459 14 2 1 1
88 65 4 1344 918 459 459 14 2 1 1
88 65 6 1344 918 459 459 14 2 1 1
88 65 8 504 918 459 459 14 2 1 1
88 65 10 4032 918 459 459 14 2 1 2
88 65 12 4032 918 459 459 14 2 1 2
88 65 14 4032 918 459 459 14 2 1 2
88 65 16 1008 918 459 459 14 2 1 1
88 65 17 2016 918 459 459 14 2 1 2
88 65 20 8064 918 459 459 14 2 1 2
88 65 22 8064 918 459 459 14 2 1 2
88 65 32 1008 918 459 459 14 2 1 1
88 65 33 2016 918 459 459 14 2 1 2
88 65 34 8064 918 459 459 14 2 1 2
88 65 48 1008 918 459 459 14 2 1 1
88 65 49 2016 918 459 459 14 2 1 2
88 65 80 1008 918 459 459 14 2 1 2
88 65 84 8064 918 459 459 14 2 1 3
88 65 86 8064 918 459 459 14 2 1 3
88 65 96 1008 918 459 459 14 2 1 2
88 65 98 8064 918 459 459 14 2 1 3
88 65 112 1008 918 459 459 14 2 1 2
88 65 160 4032 918 459 459 14 2 1 2
88 65 161 4032 918 459 459 14 2 1 3
88 66 1 2016 918 459 459 14 2 2 1
88 66 2 4032 918 459 459 14 2 2 1
88 66 4 4032 918 459 459 14 2 2 1
88 66 6 4032 918 459 459 14 2 2 1
88 66 8 2016 918 459 459 14 2 2 1
88 66 9 2016 918 459 459 14 2 2 1
88 66 10 8064 918 459 459 14 2 2 2
88 66 12 8064 918 459 459 14 2 2 2
88 66 14 8064 918 459 459 14 2 2 2
88 66 16 4032 918 459 459 14 2 2 1
88 66 17 8064 918 459 459 14 2 2 2
88 66 18 4032 918 459 459 14 2 2 1
88 66 19 8064 918 459 459 14 2 2 2
88 66 20 16128 918 459 459 14 2 2 2
88 66 22 16128 918 459 459 14 2 2 2
88 66 32 4032 918 459 459 14 2 2 1
88 66 33 8064 918 459 459 14 2 2 2
88 66 34 16128 918 459 459 14 2 2 2
88 66 36 4032 918 459 459 14 2 2 1
88 66 37 8064 918 459 459 14 2 2 2
88 66 38 16128 918 459 459 14 2 2 2
88 66 48 4032 918 459 459 14 2 2 1
88 66 49 8064 918 459 459 14 2 2 2
88 66 50 16128 918 459 459 14 2 2 2
88 66 52 16128 918 459 459 14 2 2 2
88 66 54 4032 918 459 459 14 2 2 1
88 66 55 8064 918 459 459 14 2 2 2
88 66 64 1008 918 459 459 14 2 2 1
88 66 66 4032 918 459 459 14 2 2 2
88 66 68 4032 918 459 459 14 2 2 2
88 66 70 4032 918 459 459 14 2 2 2
88 66 80 4032 918 459 459 14 2 2 2
88 66 82 4032 918 459 459 14 2 2 2
88 66 84 16128 918 459 459 14 2 2 3
88 66 86 16128 918 459 459 14 2 2 3
88 66 96 4032 918 459 459 14 2 2 2
88 66 98 16128 918 459 459 14 2 2 3
88 66 100 4032 918 459 459 14 2 2 2
88 66 102 16128 918 459 459 14 2 2 3
88 66 112 4032 918 459 459 14 2 2 2
88 66 114 16128 918 459 459 14 2 2 3
88 66 116 16128 918 459 459 14 2 2 3
88 66 118 4032 918 459 459 14 2 2 2
88 66 128 2016 918 459 459 14 2 2 1
88 66 129 2016 918 459 459 14 2 2 2
88 66 132 8064 918 459 459 14 2 2 2
88 66 134 8064 918 459 459 14 2 2 2
88 66 136 2016 918 459 459 14 2 2 2
88 66 137 2016 918 459 459 14 2 2 2
88 66 140 8064 918 459 459 14 2 2 3
88 66 142 8064 918 459 459 14 2 2 3
88 66 160 8064 918 459 459 14 2 2 2
88 66 161 8064 918 459 459 14 2 2 3
88 66 164 8064 918 459 459 14 2 2 2
88 66 165 8064 918 459 459 14 2 2 3
88 66 176 8064 918 459 459 14 2 2 2
88 66 177 8064 918 459 459 14 2 2 3
88 66 182 8064 918 459 459 14 2 2 2
88 66 183 8064 918 459 459 14 2 2 3
88 66 256 2016 918 459 459 14 2 2 1
88 66 257 2016 918 459 459 14 2 2 2
88 66 258 8064 918 459 459 14 2 2 2
88 66 264 2016 918 459 459 14 2 2 2
88 66 265 2016 918 459 459 14 2 2 2
88 66 266 8064 918 459 459 14 2 2 3
88 66 272 8064 918 459 459 14 2 2 2
88 66 273 8064 918 459 459 14 2 2 3
88 66 274 8064 918 459 459 14 2 2 2
88 66 275 8064 918 459 459 14 2 2 3
88 66 384 2016 918 459 459 14 2 2 1
88 66 385 2016 918 459 459 14 2 2 2
88 66 392 2016 918 459 459 14 2 2 2
88 66 393 2016 918 459 459 14 2 2 2
88 72 1 672 918 459 459 14 2 1 1
88 72 2 1344 918 459 459 14 2 1 1
88 72 4 1344 918 459 459 14 2 1 1
88 72 6 1344 918 459 459 14 2 1 1
88 72 8 504 918 459 459 14 2 1 1
88 72 10 4032 918 459 459 14 2 1 2
88 72 12 4032 918 459 459 14 2 1 2
88 72 14 4032 918 459 459 14 2 1 2
88 72 16 1008 918 459 459 14 2 1 1
88 72 17 2016 918 459 459 14 2 1 2
88 72 20 8064 918 459 459 14 2 1 2
88 72 22 8064 918 459 459 14 2 1 2
88 72 32 1008 918 459 459 14 2 1 1
88 72 33 2016 918 459 459 14 2 1 2
88 72 34 8064 918 459 459 14 2 1 2
88 72 48 1008 918 459 459 14 2 1 1
88 72 49 2016 918 459 459 14 2 1 2
88 72 80 1008 918 459 459 14 2 1 2
88 72 84 8064 918 459 459 14 2 1 3
88 72 86 8064 918 459 459 14 2 1 3
88 72 96 1008 918 459 459 14 2 1 2
88 72 98 8064 918 459 459 14 2 1 3
88 72 112 1008 918 459 459 14 2 1 2
88 72 160 4032 918 459 459 14 2 1 2
88 72 161 4032 918 459 459 14 2 1 3
88 73 1 672 918 459 459 14 2 1 1
88 73 2 1344 918 459 459 14 2 1 1
88 73 4 1344 918 459 459 14 2 1 1
88 73 6 1344 918 459 459 14 2 1 1
88 73 8 504 918 459 459 14 2 1 1
88 73 10 4032 918 459 459 14 2 1 2
88 73 12 4032 918 459 459 14 2 1 2
88 73 14 4032 918 459 459 14 2 1 2
88 73 16 1008 918 459 459 14 2 1 1
88 73 17 2016 918 459 459 14 2 1 2
88 73 20 8064 918 459 459 14 2 1 2
88 73 22 8064 918 459 459 14 2 1 2
88 73 32 1008 918 459 459 14 2 1 1
88 73 33 2016 918 459 459 14 2 1 2
88 73 34 8064 918 459 459 14 2 1 2
88 73 48 1008 918 459 459 14 2 1 1
88 73 49 2016 918 459 459 14 2 1 2
88 73 80 1008 918 459 459 14 2 1 2
88 73 84 8064 918 459 459 14 2 1 3
88 73 86 8064 918 459 459 14 2 1 3
88 73 96 1008 918 459 459 14 2 1 2
88 73 98 8064 918 459 459 14 2 1 3
88 73 112 1008 918 459 459 14 2 1 2
88 73 160 4032 918 459 459 14 2 1 2
88 73 161 4032 918 459 459 14 2 1 3
88 74 1 2016 918 459 459 14 2 2 1
88 74 2 4032 918 459 459 14 2 2 1
88 74 4 4032 918 459 459 14 2 2 1
88 74 6 4032 918 459 459 14 2 2 1
88 74 8 2016 918 459 459 14 2 2 1
88 74 9 2016 918 459 459 14 2 2 1
88 74 10 8064 918 459 459 14 2 2 2
88 74 12 8064 918 459 459 14 2 2 2
88 74 14 8064 918 459 459 14 2 2 2
88 74 16 4032 918 459 459 14 2 2 1
88 74 17 8064 918 459 459 14 2 2 2
88 74 18 4032 918 459 459 14 2 2 1
88 74 19 8064 918 459 459 14 2 2 2
88 74 20 16128 918 459 459 14 2 2 2
88 74 22 16128 918 459 459 14 2 2 2
88 74 32 4032 918 459 459 14 2 2 1
88 74 33 8064 918 459 459 14 2 2 2
88 74 34 16128 918 459 459 14 2 2 2
88 74 36 4032 918 459 459 14 2 2 1
88 74 37 8064 918 459 459 14 2 2 2
88 74 38 16128 918 459 459 14 2 2 2
88 74 48 4032 918 459 459 14 2 2 1
88 74 49 8064 918 459 459 14 2 2 2
88 74 50 16128 918 459 459 14 2 2 2
88 74 52 16128 918 459 459 14 2 2 2
88 74 54 4032 918 459 459 14 2 2 1
88 74 55 8064 918 459 459 14 2 2 2
88 74 64 1008 918 459 459 14 2 2 1
88 74 66 4032 918 459 459 14 2 2 2
88 74 68 4032 918 459 459 14 2 2 2
88 74 70 4032 918 459 459 14 2 2 2
88 74 80 4032 918 459 459 14 2 2 2
88 74 82 4032 918 459 459 14 2 2 2
88 74 84 16128 918 459 459 14 2 2 3
88 74 86 16128 918 459 459 14 2 2 3
88 74 96 4032 918 459 459 14 2 2 2
88 74 98 16128 918 459 459 14 2 2 3
88 74 100 4032 918 459 459 14 2 2 2
88 74 102 16128 918 459 459 14 2 2 3
88 74 112 4032 918 459 459 14 2 2 2
88 74 114 16128 918 459 459 14 2 2 3
88 74 116 16128 918 459 459 14 2 2 3
88 74 118 4032 918 459 459 14 2 2 2
88 74 128 2016 918 459 459 14 2 2 1
88 74 129 2016 918 459 459 14 2 2 2
88 74 132 8064 918 459 459 14 2 2 2
88 74 134 8064 918 459 459 14 2 2 2
88 74 136 2016 918 459 459 14 2 2 2
88 74 137 2016 918 459 459 14 2 2 2
88 74 140 8064 918 459 459 14 2 2 3
88 74 142 8064 918 459 459 14 2 2 3
88 74 160 8064 918 459 459 14 2 2 2
88 74 161 8064 918 459 459 14 2 2 3
88 74 164 8064 918 459 459 14 2 2 2
88 74 165 8064 918 459 459 14 2 2 3
88 74 176 8064 918 459 459 14 2 2 2
88 74 177 8064 918 459 459 14 2 2 3
88 74 182 8064 918 459 459 14 2 2 2
88 74 183 8064 918 459 459 14 2 2 3
88 74 256 2016 918 459 459 14 2 2 1
88 74 257 2016 918 459 459 14 2 2 2
88 74 258 8064 918 459 459 14 2 2 2
88 74 264 2016 918 459 459 14 2 2 2
88 74 265 2016 918 459 459 14 2 2 2
88 74 266 8064 918 459 459 14 2 2 3
88 74 272 8064 918 459 459 14 2 2 2
88 74 273 8064 918 459 459 14 2 2 3
88 74 274 8064 918 459 459 14 2 2 2
88 74 275 8064 918 459 459 14 2 2 3
88 74 384 2016 918 459 459 14 2 2 1
88 74 385 2016 918 459 459 14 2 2 2
88 74 392 2016 918 459 459 14 2 2 2
88 74 393 2016 918 459 459 14 2 2 2
88 80 1 2016 918 459 459 14 2 2 1
88 80 2 4032 918 459 459 14 2 2 1
88 80 4 4032 918 459 459 14 2 2 1
88 80 6 4032 918 459 459 14 2 2 1
88 80 8 2016 918 459 459 14 2 2 1
88 80 9 2016 918 459 459 14 2 2 1
88 80 10 8064 918 459 459 14 2 2 2
88 80 12 8064 918 459 459 14 2 2 2
88 80 14 8064 918 459 459 14 2 2 2
88 80 16 4032 918 459 459 14 2 2 1
88 80 17 8064 918 459 459 14 2 2 2
88 80 18 4032 918 459 459 14 2 2 1
88 80 19 8064 918 459 459 14 2 2 2
88 80 20 16128 918 459 459 14 2 2 2
88 80 22 16128 918 459 459 14 2 2 2
88 80 32 4032 918 459 459 14 2 2 1
88 80 33 8064 918 459 459 14 2 2 2
88 80 34 16128 918 459 459 14 2 2 2
88 80 36 4032 918 459 459 14 2 2 1
88 80 37 8064 918 459 459 14 2 2 2
88 80 38 16128 918 459 459 14 2 2 2
88 80 48 4032 918 459 459 14 2 2 1
88 80 49 8064 918 459 459 14 2 2 2
88 80 50 16128 918 459 459 14 2 2 2
88 80 52 16128 918 459 459 14 2 2 2
88 80 54 4032 918 459 459 14 2 2 1
88 80 55 8064 918 459 459 14 2 2 2
88 80 64 1008 918 459 459 14 2 2 1
88 80 66 4032 918 459 459 14 2 2 2
88 80 68 4032 918 459 459 14 2 2 2
88 80 70 4032 918 459 459 14 2 2 2
88 80 80 4032 918 459 459 14 2 2 2
88 80 82 4032 918 459 459 14 2 2 2
88 80 84 16128 918 459 459 14 2 2 3
88 80 86 16128 918 459 459 14 2 2 3
88 80 96 4032 918 459 459 14 2 2 2
88 80 98 16128 918 459 459 14 2 2 3
88 80 100 4032 918 459 459 14 2 2 2
88 80 102 16128 918 459 459 14 2 2 3
88 80 112 4032 918 459 459 14 2 2 2
88 80 114 16128 918 459 459 14 2 2 3
88 80 116 16128 918 459 459 14 2 2 3
88 80 118 4032 918 459 459 14 2 2 2
88 80 128 2016 918 459 459 14 2 2 1
88 80 129 2016 918 459 459 14 2 2 2
88 80 132 8064 918 459 459 14 2 2 2
88 80 134 8064 918 459 459 14 2 2 2
88 80 136 2016 918 459 459 14 2 2 2
88 80 137 2016 918 459 459 14 2 2 2
88 80 140 8064 918 459 459 14 2 2 3
88 80 142 8064 918 459 459 14 2 2 3
88 80 160 8064 918 459 459 14 2 2 2
88 80 161 8064 918 459 459 14 2 2 3
88 80 164 8064 918 459 459 14 2 2 2
88 80 165 8064 918 459 459 14 2 2 3
88 80 176 8064 918 459 459 14 2 2 2
88 80 177 8064 918 459 459 14 2 2 3
88 80 182 8064 918 459 459 14 2 2 2
88 80 183 8064 918 459 459 14 2 2 3
88 80 256 2016 918 459 459 14 2 2 1
88 80 257 2016 918 459 459 14 2 2 2
88 80 258 8064 918 459 459 14 2 2 2
88 80 264 2016 918 459 459 14 2 2 2
88 80 265 2016 918 459 459 14 2 2 2
88 80 266 8064 918 459 459 14 2 2 3
88 80 272 8064 918 459 459 14 2 2 2
88 80 273 8064 918 459 459 14 2 2 3
88 80 274 8064 918 459 459 14 2 2 2
88 80 275 8064 918 459 459 14 2 2 3
88 80 384 2016 918 459 459 14 2 2 1
88 80 385 2016 918 459 459 14 2 2 2
88 80 392 2016 918 459 459 14 2 2 2
88 80 393 2016 918 459 459 14 2 2 2
88 81 1 2016 918 459 459 14 2 2 1
88 81 2 4032 918 459 459 14 2 2 1
88 81 4 4032 918 459 459 14 2 2 1
88 81 6 4032 918 459 459 14 2 2 1
88 81 8 2016 918 459 459 14 2 2 1
88 81 9 2016 918 459 459 14 2 2 1
88 81 10 8064 918 459 459 14 2 2 2
88 81 12 8064 918 459 459 14 2 2 2
88 81 14 8064 918 459 459 14 2 2 2
88 81 16 4032 918 459 459 14 2 2 1
88 81 17 8064 918 459 459 14 2 2 2
88 81 18 4032 918 459 459 14 2 2 1
88 81 19 8064 918 459 459 14 2 2 2
88 81 20 16128 918 459 459 14 2 2 2
88 81 22 16128 918 459 459 14 2 2 2
88 81 32 4032 918 459 459 14 2 2 1
88 81 33 8064 918 459 459 14 2 2 2
88 81 34 16128 918 459 459 14 2 2 2
88 81 36 4032 918 459 459 14 2 2 1
88 81 37 8064 918 459 459 14 2 2 2
88 81 38 16128 918 459 459 14 2 2 2
88 81 48 4032 918 459 459 14 2 2 1
88 81 49 8064 918 459 459 14 2 2 2
88 81 50 16128 918 459 459 14 2 2 2
88 81 52 16128 918 459 459 14 2 2 2
88 81 54 4032 918 459 459 14 2 2 1
88 81 55 8064 918 459 459 14 2 2 2
88 81 64 1008 918 459 459 14 2 2 1
88 81 66 4032 918 459 459 14 2 2 2
88 81 68 4032 918 459 459 14 2 2 2
88 81 70 4032 918 459 459 14 2 2 2
88 81 80 4032 918 459 459 14 2 2 2
88 81 82 4032 918 459 459 14 2 2 2
88 81 84 16128 918 459 459 14 2 2 3
88 81 86 16128 918 459 459 14 2 2 3
88 81 96 4032 918 459 459 14 2 2 2
88 81 98 16128 918 459 459 14 2 2 3
88 81 100 4032 918 459 459 14 2 2 2
88 81 102 16128 918 459 459 14 2 2 3
88 81 112 4032 918 459 459 14 2 2 2
88 81 114 16128 918 459 459 14 2 2 3
88 81 116 16128 918 459 459 14 2 2 3
88 81 118 4032 918 459 459 14 2 2 2
88 81 128 2016 918 459 459 14 2 2 1
88 81 129 2016 918 459 459 14 2 2 2
88 81 132 8064 918 459 459 14 2 2 2
88 81 134 8064 918 459 459 14 2 2 2
88 81 136 2016 918 459 459 14 2 2 2
88 81 137 2016 918 459 459 14 2 2 2
88 81 140 8064 918 459 459 14 2 2 3
88 81 142 8064 918 459 459 14 2 2 3
88 81 160 8064 918 459 459 14 2 2 2
88 81 161 8064 918 459 459 14 2 2 3
88 81 164 8064 918 459 459 14 2 2 2
88 81 165 8064 918 459 459 14 2 2 3
88 81 176 8064 918 459 459 14 2 2 2
88 81 177 8064 918 459 459 14 2 2 3
88 81 182 8064 918 459 459 14 2 2 2
88 81 183 8064 918 459 459 14 2 2 3
88 81 256 2016 918 459 459 14 2 2 1
88 81 257 2016 918 459 459 14 2 2 2
88 81 258 8064 918 459 459 14 2 2 2
88 81 264 2016 918 459 459 14 2 2 2
88 81 265 2016 918 459 459 14 2 2 2
88 81 266 8064 918 459 459 14 2 2 3
88 81 272 8064 918 459 459 14 2 2 2
88 81 273 8064 918 459 459 14 2 2 3
88 81 274 8064 918 459 459 14 2 2 2
88 81 275 8064 918 459 459 14 2 2 3
88 81 384 2016 918 459 459 14 2 2 1
88 81 385 2016 918 459 459 14 2 2 2
88 81 392 2016 918 459 459 14 2 2 2
88 81 393 2016 918 459 459 14 2 2 2
88 82 1 2016 918 459 459 14 2 2 1
88 82 2 4032 918 459 459 14 2 2 1
88 82 4 4032 918 459 459 14 2 2 1
88 82 6 4032 918 459 459 14 2 2 1
88 82 8 2016 918 459 459 14 2 2 1
88 82 9 2016 918 459 459 14 2 2 1
88 82 10 8064 918 459 459 14 2 2 2
88 82 12 8064 918 459 459 14 2 2 2
88 82 14 8064 918 459 459 14 2 2 2
88 82 16 4032 918 459 459 14 2 2 1
88 82 17 8064 918 459 459 14 2 2 2
88 82 18 4032 918 459 459 14 2 2 1
88 82 19 8064 918 459 459 14 2 2 2
88 82 20 16128 918 459 459 14 2 2 2
88 82 22 16128 918 459 459 14 2 2 2
88 82 32 4032 918 459 459 14 2 2 1
88 82 33 8064 918 459 459 14 2 2 2
88 82 34 16128 918 459 459 14 2 2 2
88 82 36 4032 918 459 459 14 2 2 1
88 82 37 8064 918 459 459 14 2 2 2
88 82 38 16128 918 459 459 14 2 2 2
88 82 48 4032 918 459 459 14 2 2 1
88 82 49 8064 918 459 459 14 2 2 2
88 82 50 16128 918 459 459 14 2 2 2
88 82 52 16128 918 459 459 14 2 2 2
88 82 54 4032 918 459 459 14 2 2 1
88 82 55 8064 918 459 459 14 2 2 2
88 82 64 1008 918 459 459 14 2 2 1
88 82 66 4032 918 459 459 14 2 2 2
88 82 68 4032 918 459 459 14 2 2 2
88 82 70 4032 918 459 459 14 2 2 2
88 82 80 4032 918 459 459 14 2 2 2
88 82 82 4032 918 459 459 14 2 2 2
88 82 84 16128 918 459 459 14 2 2 3
88 82 86 16128 918 459 459 14 2 2 3
88 82 96 4032 918 459 459 14 2 2 2
88 82 98 16128 918 459 459 14 2 2 3
88 82 100 4032 918 459 459 14 2 2 2
88 82 102 16128 918 459 459 14 2 2 3
88 82 112 4032 918 459 459 14 2 2 2
88 82 114 16128 918 459 459 14 2 2 3
88 82 116 16128 918 459 459 14 2 2 3
88 82 118 4032 918 459 459 14 2 2 2
88 82 128 2016 918 459 459 14 2 2 1
88 82 129 2016 918 459 459 14 2 2 2
88 82 132 8064 918 459 459 14 2 2 2
88 82 134 8064 918 459 459 14 2 2 2
88 82 136 2016 918 459 459 14 2 2 2
88 82 137 2016 918 459 459 14 2 2 2
88 82 140 8064 918 459 459 14 2 2 3
88 82 142 8064 918 459 459 14 2 2 3
88 82 160 8064 918 459 459 14 2 2 2
88 82 161 8064 918 459 459 14 2 2 3
88 82 164 8064 918 459 459 14 2 2 2
88 82 165 8064 918 459 459 14 2 2 3
88 82 176 8064 918 459 459 14 2 2 2
88 82 177 8064 918 459 459 14 2 2 3
88 82 182 8064 918 459 459 14 2 2 2
88 82 183 8064 918 459 459 14 2 2 3
88 82 256 2016 918 459 459 14 2 2 1
88 82 257 2016 918 459 459 14 2 2 2
88 82 258 8064 918 459 459 14 2 2 2
88 82 264 2016 918 459 459 14 2 2 2
88 82 265 2016 918 459 459 14 2 2 2
88 82 266 8064 918 459 459 14 2 2 3
88 82 272 8064 918 459 459 14 2 2 2
88 82 273 8064 918 459 459 14 2 2 3
88 82 274 8064 918 459 459 14 2 2 2
88 82 275 8064 918 459 459 14 2 2 3
88 82 384 2016 918 459 459 14 2 2 1
88 82 385 2016 918 459 459 14 2 2 2
88 82 392 2016 918 459 459 14 2 2 2
88 82 393 2016 918 459 459 14 2 2 2
88 83 1 2016 918 459 459 14 2 2 1
88 83 2 4032 918 459 459 14 2 2 1
88 83 4 4032 918 459 459 14 2 2 1
88 83 6 4032 918 459 459 14 2 2 1
88 83 8 2016 918 459 459 14 2 2 1
88 83 9 2016 918 459 459 14 2 2 1
88 83 10 8064 918 459 459 14 2 2 2
88 83 12 8064 918 459 459 14 2 2 2
88 83 14 8064 918 459 459 14 2 2 2
88 83 16 4032 918 459 459 14 2 2 1
88 83 17 8064 918 459 459 14 2 2 2
88 83 18 4032 918 459 459 14 2 2 1
88 83 19 8064 918 459 459 14 2 2 2
88 83 20 16128 918 459 459 14 2 2 2
88 83 22 16128 918 459 459 14 2 2 2
88 83 32 4032 918 459 459 14 2 2 1
88 83 33 8064 918 459 459 14 2 2 2
88 83 34 16128 918 459 459 14 2 2 2
88 83 36 4032 918 459 459 14 2 2 1
88 83 37 8064 918 459 459 14 2 2 2
88 83 38 16128 918 459 459 14 2 2 2
88 83 48 4032 918 459 459 14 2 2 1
88 83 49 8064 918 459 459 14 2 2 2
88 83 50 16128 918 459 459 14 2 2 2
88 83 52 16128 918 459 459 14 2 2 2
88 83 54 4032 918 459 459 14 2 2 1
88 83 55 8064 918 459 459 14 2 2 2
88 83 64 1008 918 459 459 14 2 2 1
88 83 66 4032 918 459 459 14 2 2 2
88 83 68 4032 918 459 459 14 2 2 2
88 83 70 4032 918 459 459 14 2 2 2
88 83 80 4032 918 459 459 14 2 2 2
88 83 82 4032 918 459 459 14 2 2 2
88 83 84 16128 918 459 459 14 2 2 3
88 83 86 16128 918 459 459 14 2 2 3
88 83 96 4032 918 459 459 14 2 2 2
88 83 98 16128 918 459 459 14 2 2 3
88 83 100 4032 918 459 459 14 2 2 2
88 83 102 16128 918 459 459 14 2 2 3
88 83 112 4032 918 459 459 14 2 2 2
88 83 114 16128 918 459 459 14 2 2 3
88 83 116 16128 918 459 459 14 2 2 3
88 83 118 4032 918 459 459 14 2 2 2
88 83 128 2016 918 459 459 14 2 2 1
88 83 129 2016 918 459 459 14 2 2 2
88 83 132 8064 918 459 459 14 2 2 2
88 83 134 8064 918 459 459 14 2 2 2
88 83 136 2016 918 459 459 14 2 2 2
88 83 137 2016 918 459 459 14 2 2 2
88 83 140 8064 918 459 459 14 2 2 3
88 83 142 8064 918 459 459 14 2 2 3
88 83 160 8064 918 459 459 14 2 2 2
88 83 161 8064 918 459 459 14 2 2 3
88 83 164 8064 918 459 459 14 2 2 2
88 83 165 8064 918 459 459 14 2 2 3
88 83 176 8064 918 459 459 14 2 2 2
88 83 177 8064 918 459 459 14 2 2 3
88 83 182 8064 918 459 459 14 2 2 2
88 83 183 8064 918 459 459 14 2 2 3
88 83 256 2016 918 459 459 14 2 2 1
88 83 257 2016 918 459 459 14 2 2 2
88 83 258 8064 918 459 459 14 2 2 2
88 83 264 2016 918 459 459 14 2 2 2
88 83 265 2016 918 459 459 14 2 2 2
88 83 266 8064 918 459 459 14 2 2 3
88 83 272 8064 918 459 459 14 2 2 2
88 83 273 8064 918 459 459 14 2 2 3
88 83 274 8064 918 459 459 14 2 2 2
88 83 275 8064 918 459 459 14 2 2 3
88 83 384 2016 918 459 459 14 2 2 1
88 83 385 2016 918 459 459 14 2 2 2
88 83 392 2016 918 459 459 14 2 2 2
88 83 393 2016 918 459 459 14 2 2 2
88 84 1 4032 918 459 459 14 2 3 1
88 84 2 8064 918 459 459 14 2 3 1
88 84 4 8064 918 459 459 14 2 3 1
88 84 6 8064 918 459 459 14 2 3 1
88 84 8 4032 918 459 459 14 2 3 1
88 84 9 4032 918 459 459 14 2 3 1
88 84 10 8064 918 459 459 14 2 3 2
88 84 12 8064 918 459 459 14 2 3 2
88 84 14 8064 918 459 459 14 2 3 2
88 84 16 8064 918 459 459 14 2 3 1
88 84 17 8064 918 459 459 14 2 3 2
88 84 18 8064 918 459 459 14 2 3 1
88 84 19 8064 918 459 459 14 2 3 2
88 84 20 16128 918 459 459 14 2 3 2
88 84 22 16128 918 459 459 14 2 3 2
88 84 32 8064 918 459 459 14 2 3 1
88 84 33 8064 918 459 459 14 2 3 2
88 84 34 16128 918 459 459 14 2 3 2
88 84 36 8064 918 459 459 14 2 3 1
88 84 37 8064 918 459 459 14 2 3 2
88 84 38 16128 918 459 459 14 2 3 2
88 84 48 8064 918 459 459 14 2 3 1
88 84 49 8064 918 459 459 14 2 3 2
88 84 50 16128 918 459 459 14 2 3 2
88 84 52 16128 918 459 459 14 2 3 2
88 84 54 8064 918 459 459 14 2 3 1
88 84 55 8064 918 459 459 14 2 3 2
88 84 64 4032 918 459 459 14 2 3 1
88 84 65 4032 918 459 459 14 2 3 1
88 84 66 8064 918 459 459 14 2 3 2
88 84 68 8064 918 459 459 14 2 3 2
88 84 70 8064 918 459 459 14 2 3 2
88 84 72 4032 918 459 459 14 2 3 1
88 84 73 4032 918 459 459 14 2 3 1
88 84 74 8064 918 459 459 14 2 3 2
88 84 76 8064 918 459 459 14 2 3 2
88 84 78 8064 918 459 459 14 2 3 2
88 84 80 8064 918 459 459 14 2 3 2
88 84 81 8064 918 459 459 14 2 3 2
88 84 82 8064 918 459 459 14 2 3 2
88 84 83 8064 918 459 459 14 2 3 2
88 84 84 16128 918 459 459 14 2 3 3
88 84 86 16128 918 459 459 14 2 3 3
88 84 96 8064 918 459 459 14 2 3 2
88 84 97 8064 918 459 459 14 2 3 2
88 84 98 16128 918 459 459 14 2 3 3
88 84 100 8064 918 459 459 14 2 3 2
88 84 101 8064 918 459 459 14 2 3 2
88 84 102 16128 918 459 459 14 2 3 3
88 84 112 8064 918 459 459 14 2 3 2
88 84 113 8064 918 459 459 14 2 3 2
88 84 114 16128 918 459 459 14 2 3 3
88 84 116 16128 918 459 459 14 2 3 3
88 84 118 8064 918 459 459 14 2 3 2
88 84 119 8064 918 459 459 14 2 3 2
88 84 128 8064 918 459 459 14 2 3 1
88 84 129 8064 918 459 459 14 2 3 2
88 84 130 8064 918 459 459 14 2 3 1
88 84 131 8064 918 459 459 14 2 3 2
88 84 132 16128 918 459 459 14 2 3 2
88 84 134 16128 918 459 459 14 2 3 2
88 84 136 8064 918 459 459 14 2 3 2
88 84 137 8064 918 459 459 14 2 3 2
88 84 138 8064 918 459 459 14 2 3 2
88 84 139 8064 918 459 459 14 2 3 2
88 84 140 16128 918 459 459 14 2 3 3
88 84 142 16128 918 459 459 14 2 3 3
88 84 144 8064 918 459 459 14 2 3 1
88 84 145 8064 918 459 459 14 2 3 2
88 84 146 8064 918 459 459 14 2 3 1
88 84 147 8064 918 459 459 14 2 3 2
88 84 148 16128 918 459 459 14 2 3 2
88 84 150 16128 918 459 459 14 2 3 2
88 84 152 8064 918 459 459 14 2 3 2
88 84 153 8064 918 459 459 14 2 3 2
88 84 154 8064 918 459 459 14 2 3 2
88 84 155 8064 918 459 459 14 2 3 2
88 84 156 16128 918 459 459 14 2 3 3
88 84 158 16128 918 459 459 14 2 3 3
88 84 160 16128 918 459 459 14 2 3 2
88 84 161 16128 918 459 459 14 2 3 3
88 84 162 16128 918 459 459 14 2 3 2
88 84 163 16128 918 459 459 14 2 3 3
88 84 164 16128 918 459 459 14 2 3 2
88 84 165 16128 918 459 459 14 2 3 3
88 84 166 16128 918 459 459 14 2 3 2
88 84 167 16128 918 459 459 14 2 3 3
88 84 176 16128 918 459 459 14 2 3 2
88 84 177 16128 918 459 459 14 2 3 3
88 84 178 16128 918 459 459 14 2 3 2
88 84 179 16128 918 459 459 14 2 3 3
88 84 180 16128 918 459 459 14 2 3 2
88 84 181 16128 918 459 459 14 2 3 3
88 84 182 16128 918 459 459 14 2 3 2
88 84 183 16128 918 459 459 14 2 3 3
88 84 256 8064 918 459 459 14 2 3 1
88 84 257 8064 918 459 459 14 2 3 2
88 84 258 16128 918 459 459 14 2 3 2
88 84 260 8064 918 459 459 14 2 3 1
88 84 261 8064 918 459 459 14 2 3 2
88 84 262 16128 918 459 459 14 2 3 2
88 84 264 8064 918 459 459 14 2 3 2
88 84 265 8064 918 459 459 14 2 3 2
88 84 266 16128 918 459 459 14 2 3 3
88 84 268 8064 918 459 459 14 2 3 2
88 84 269 8064 918 459 459 14 2 3 2
88 84 270 16128 918 459 459 14 2 3 3
88 84 272 16128 918 459 459 14 2 3 2
88 84 273 16128 918 459 459 14 2 3 3
88 84 274 16128 918 459 459 14 2 3 2
88 84 275 16128 918 459 459 14 2 3 3
88 84 276 16128 918 459 459 14 2 3 2
88 84 277 16128 918 459 459 14 2 3 3
88 84 278 16128 918 459 459 14 2 3 2
88 84 279 16128 918 459 459 14 2 3 3
88 84 288 8064 918 459 459 14 2 3 1
88 84 289 8064 918 459 459 14 2 3 2
88 84 290 16128 918 459 459 14 2 3 2
88 84 292 8064 918 459 459 14 2 3 1
88 84 293 8064 918 459 459 14 2 3 2
88 84 294 16128 918 459 459 14 2 3 2
88 84 296 8064 918 459 459 14 2 3 2
88 84 297 8064 918 459 459 14 2 3 2
88 84 298 16128 918 459 459 14 2 3 3
88 84 300 8064 918 459 459 14 2 3 2
88 84 301 8064 918 459 459 14 2 3 2
88 84 302 16128 918 459 459 14 2 3 3
88 84 304 16128 918 459 459 14 2 3 2
88 84 305 16128 918 459 459 14 2 3 3
88 84 306 16128 918 459 459 14 2 3 2
88 84 307 16128 918 459 459 14 2 3 3
88 84 308 16128 918 459 459 14 2 3 2
88 84 309 16128 918 459 459 14 2 3 3
88 84 310 16128 918 459 459 14 2 3 2
88 84 311 16128 918 459 459 14 2 3 3
88 84 384 8064 918 459 459 14 2 3 1
88 84 385 8064 918 459 459 14 2 3 2
88 84 386 16128 918 459 459 14 2 3 2
88 84 388 16128 918 459 459 14 2 3 2
88 84 390 8064 918 459 459 14 2 3 1
88 84 391 8064 918 459 459 14 2 3 2
88 84 392 8064 918 459 459 14 2 3 2
88 84 393 8064 918 459 459 14 2 3 2
88 84 394 16128 918 459 459 14 2 3 3
88 84 396 16128 918 459 459 14 2 3 3
88 84 398 8064 918 459 459 14 2 3 2
88 84 399 8064 918 459 459 14 2 3 2
88 84 400 16128 918 459 459 14 2 3 2
88 84 401 16128 918 459 459 14 2 3 3
88 84 402 16128 918 459 459 14 2 3 2
88 84 403 16128 918 459 459 14 2 3 3
88 84 404 16128 918 459 459 14 2 3 2
88 84 405 16128 918 459 459 14 2 3 3
88 84 406 16128 918 459 459 14 2 3 2
88 84 407 16128 918 459 459 14 2 3 3
88 84 416 16128 918 459 459 14 2 3 2
88 84 417 16128 918 459 459 14 2 3 3
88 84 418 16128 918 459 459 14 2 3 2
88 84 419 16128 918 459 459 14 2 3 3
88 84 420 16128 918 459 459 14 2 3 2
88 84 421 16128 918 459 459 14 2 3 3
88 84 422 16128 918 459 459 14 2 3 2
88 84 423 16128 918 459 459 14 2 3 3
88 84 432 8064 918 459 459 14 2 3 1
88 84 433 8064 918 459 459 14 2 3 2
88 84 434 16128 918 459 459 14 2 3 2
88 84 436 16128 918 459 459 14 2 3 2
88 84 438 8064 918 459 459 14 2 3 1
88 84 439 8064 918 459 459 14 2 3 2
88 84 440 8064 918 459 459 14 2 3 2
88 84 441 8064 918 459 459 14 2 3 2
88 84 442 16128 918 459 459 14 2 3 3
88 84 444 16128 918 459 459 14 2 3 3
88 84 446 8064 918 459 459 14 2 3 2
88 84 447 8064 918 459 459 14 2 3 2
94 1 1 672 918 459 459 14 3 1 1
94 1 2 2688 918 459 459 14 3 1 1
94 1 6 1344 918 459 459 14 3 1 1
94 1 8 504 918 459 459 14 3 1 1
94 1 10 8064 918 459 459 14 3 1 2
94 1 14 4032 918 459 459 14 3 1 2
94 1 16 2016 918 459 459 14 3 1 1
94 1 17 4032 918 459 459 14 3 1 2
94 1 20 8064 918 459 459 14 3 1 2
94 1 21 8064 918 459 459 14 3 1 2
94 1 22 8064 918 459 459 14 3 1 2
94 1 48 1008 918 459 459 14 3 1 1
94 1 49 2016 918 459 459 14 3 1 2
94 1 80 2016 918 459 459 14 3 1 2
94 1 84 16128 918 459 459 14 3 1 3
94 1 86 8064 918 459 459 14 3 1 3
94 1 112 1008 918 459 459 14 3 1 2
94 1 160 4032 918 459 459 14 3 1 2
94 1 161 4032 918 459 459 14 3 1 3
94 8 1 2688 918 459 459 14 3 1 1
94 8 2 2688 918 459 459 14 3 1 1
94 8 3 2688 918 459 459 14 3 1 1
94 8 4 2688 918 459 459 14 3 1 1
94 8 5 2688 918 459 459 14 3 1 1
94 8 6 2688 918 459 459 14 3 1 1
94 8 7 2688 918 459 459 14 3 1 1
94 8 8 2016 918 459 459 14 3 1 1
94 8 10 8064 918 459 459 14 3 1 2
94 8 11 8064 918 459 459 14 3 1 2
94 8 12 8064 918 459 459 14 3 1 2
94 8 13 8064 918 459 459 14 3 1 2
94 8 14 8064 918 459 459 14 3 1 2
94 8 15 8064 918 459 459 14 3 1 2
94 8 16 2016 918 459 459 14 3 1 1
94 8 17 8064 918 459 459 14 3 1 2
94 8 20 8064 918 459 459 14 3 1 2
94 8 21 8064 918 459 459 14 3 1 2
94 8 22 8064 918 459 459 14 3 1 2
94 8 23 8064 918 459 459 14 3 1 2
94 8 24 2016 918 459 459 14 3 1 1
94 8 28 8064 918 459 459 14 3 1 2
94 8 29 8064 918 459 459 14 3 1 2
94 8 30 8064 918 459 459 14 3 1 2
94 8 31 8064 918 459 459 14 3 1 2
94 8 32 2016 918 459 459 14 3 1 1
94 8 33 8064 918 459 459 14 3 1 2
94 8 34 8064 918 459 459 14 3 1 2
94 8 35 8064 918 459 459 14 3 1 2
94 8 40 2016 918 459 459 14 3 1 1
94 8 42 8064 918 459 459 14 3 1 2
94 8 43 8064 918 459 459 14 3 1 2
94 8 48 2016 918 459 459 14 3 1 1
94 8 49 8064 918 459 459 14 3 1 2
94 8 56 2016 918 459 459 14 3 1 1
94 8 80 4032 918 459 459 14 3 1 2
94 8 84 16128 918 459 459 14 3 1 3
94 8 85 16128 918 459 459 14 3 1 3
94 8 86 16128 918 459 459 14 3 1 3
94 8 87 16128 918 459 459 14 3 1 3
94 8 96 4032 918 459 459 14 3 1 2
94 8 98 16128 918 459 459 14 3 1 3
94 8 99 16128 918 459 459 14 3 1 3
94 8 112 4032 918 459 459 14 3 1 2
94 8 160 4032 918 459 459 14 3 1 2
94 8 161 16128 918 459 459 14 3 1 3
94 8 168 4032 918 459 459 14 3 1 2
94 8 224 4032 918 459 459 14 3 1 2
94 8 232 4032 918 459 459 14 3 1 2
94 10 1 8064 918 459 459 14 3 2 1
94 10 2 8064 918 459 459 14 3 2 1
94 10 3 8064 918 459 459 14 3 2 1
94 10 4 8064 918 459 459 14 3 2 1
94 10 5 8064 918 459 459 14 3 2 1
94 10 6 8064 918 459 459 14 3 2 1
94 10 7 8064 918 459 459 14 3 2 1
94 10 8 4032 918 459 459 14 3 2 1
94 10 10 16128 918 459 459 14 3 2 2
94 10 11 16128 918 459 459 14 3 2 2
94 10 12 16128 918 459 459 14 3 2 2
94 10 13 16128 918 459 459 14 3 2 2
94 10 14 16128 918 459 459 14 3 2 2
94 10 15 16128 918 459 459 14 3 2 2
94 10 16 8064 918 459 459 14 3 2 1
94 10 17 8064 918 459 459 14 3 2 2
94 10 20 16128 918 459 459 14 3 2 2
94 10 21 16128 918 459 459 14 3 2 2
94 10 22 16128 918 459 459 14 3 2 2
94 10 23 16128 918 459 459 14 3 2 2
94 10 25 8064 918 459 459 14 3 2 2
94 10 28 16128 918 459 459 14 3 2 2
94 10 29 16128 918 459 459 14 3 2 2
94 10 30 16128 918 459 459 14 3 2 2
94 10 31 16128 918 459 459 14 3 2 2
94 10 32 8064 918 459 459 14 3 2 1
94 10 33 8064 918 459 459 14 3 2 2
94 10 34 16128 918 459 459 14 3 2 2
94 10 35 16128 918 459 459 14 3 2 2
94 10 41 8064 918 459 459 14 3 2 2
94 10 42 16128 918 459 459 14 3 2 2
94 10 43 16128 918 459 459 14 3 2 2
94 10 48 4032 918 459 459 14 3 2 1
94 10 49 16128 918 459 459 14 3 2 2
94 10 56 4032 918 459 459 14 3 2 1
94 10 64 2016 918 459 459 14 3 2 1
94 10 66 8064 918 459 459 14 3 2 2
94 10 67 8064 918 459 459 14 3 2 2
94 10 68 8064 918 459 459 14 3 2 2
94 10 69 8064 918 459 459 14 3 2 2
94 10 70 8064 918 459 459 14 3 2 2
94 10 71 8064 918 459 459 14 3 2 2
94 10 80 8064 918 459 459 14 3 2 2
94 10 84 16128 918 459 459 14 3 2 3
94 10 85 16128 918 459 459 14 3 2 3
94 10 86 16128 918 459 459 14 3 2 3
94 10 87 16128 918 459 459 14 3 2 3
94 10 92 16128 918 459 459 14 3 2 3
94 10 93 16128 918 459 459 14 3 2 3
94 10 94 16128 918 459 459 14 3 2 3
94 10 95 16128 918 459 459 14 3 2 3
94 10 96 8064 918 459 459 14 3 2 2
94 10 98 16128 918 459 459 14 3 2 3
94 10 99 16128 918 459 459 14 3 2 3
94 10 106 16128 918 459 459 14 3 2 3
94 10 107 16128 918 459 459 14 3 2 3
94 10 112 4032 918 459 459 14 3 2 2
94 10 120 4032 918 459 459 14 3 2 2
94 10 128 4032 918 459 459 14 3 2 1
94 10 129 8064 918 459 459 14 3 2 2
94 10 132 8064 918 459 459 14 3 2 2
94 10 133 8064 918 459 459 14 3 2 2
94 10 134 8064 918 459 459 14 3 2 2
94 10 135 8064 918 459 459 14 3 2 2
94 10 136 4032 918 459 459 14 3 2 2
94 10 140 16128 918 459 459 14 3 2 3
94 10 141 16128 918 459 459 14 3 2 3
94 10 142 16128 918 459 459 14 3 2 3
94 10 143 16128 918 459 459 14 3 2 3
94 10 160 8064 918 459 459 14 3 2 2
94 10 161 8064 918 459 459 14 3 2 3
94 10 164 8064 918 459 459 14 3 2 2
94 10 168 8064 918 459 459 14 3 2 2
94 10 169 8064 918 459 459 14 3 2 3
94 10 173 8064 918 459 459 14 3 2 2
94 10 176 8064 918 459 459 14 3 2 2
94 10 177 16128 918 459 459 14 3 2 3
94 10 182 8064 918 459 459 14 3 2 2
94 10 184 8064 918 459 459 14 3 2 2
94 10 191 8064 918 459 459 14 3 2 2
94 10 256 4032 918 459 459 14 3 2 1
94 10 257 8064 918 459 459 14 3 2 2
94 10 258 8064 918 459 459 14 3 2 2
94 10 259 8064 918 459 459 14 3 2 2
94 10 264 4032 918 459 459 14 3 2 2
94 10 266 16128 918 459 459 14 3 2 3
94 10 267 16128 918 459 459 14 3 2 3
94 10 272 8064 918 459 459 14 3 2 2
94 10 273 8064 918 459 459 14 3 2 3
94 10 274 8064 918 459 459 14 3 2 2
94 10 280 8064 918 459 459 14 3 2 2
94 10 281 8064 918 459 459 14 3 2 3
94 10 283 8064 918 459 459 14 3 2 2
94 10 384 2016 918 459 459 14 3 2 1
94 10 385 8064 918 459 459 14 3 2 2
94 10 392 4032 918 459 459 14 3 2 2
94 10 448 2016 918 459 459 14 3 2 1
94 72 1 1344 918 459 459 14 3 1 1
94 72 2 2688 918 459 459 14 3 1 1
94 72 4 2688 918 459 459 14 3 1 1
94 72 6 1344 918 459 459 14 3 1 1
94 72 7 1344 918 459 459 14 3 1 1
94 72 8 1008 918 459 459 14 3 1 1
94 72 10 8064 918 459 459 14 3 1 2
94 72 12 8064 918 459 459 14 3 1 2
94 72 14 4032 918 459 459 14 3 1 2
94 72 15 4032 918 459 459 14 3 1 2
94 72 16 2016 918 459 459 14 3 1 1
94 72 17 4032 918 459 459 14 3 1 2
94 72 20 8064 918 459 459 14 3 1 2
94 72 21 8064 918 459 459 14 3 1 2
94 72 22 8064 918 459 459 14 3 1 2
94 72 23 8064 918 459 459 14 3 1 2
94 72 32 2016 918 459 459 14 3 1 1
94 72 33 4032 918 459 459 14 3 1 2
94 72 34 8064 918 459 459 14 3 1 2
94 72 35 8064 918 459 459 14 3 1 2
94 72 48 1008 918 459 459 14 3 1 1
94 72 49 4032 918 459 459 14 3 1 2
94 72 56 1008 918 459 459 14 3 1 1
94 72 80 2016 918 459 459 14 3 1 2
94 72 84 16128 918 459 459 14 3 1 3
94 72 86 8064 918 459 459 14 3 1 3
94 72 87 8064 918 459 459 14 3 1 3
94 72 96 2016 918 459 459 14 3 1 2
94 72 98 16128 918 459 459 14 3 1 3
94 72 112 2016 918 459 459 14 3 1 2
94 72 160 4032 918 459 459 14 3 1 2
94 72 161 8064 918 459 459 14 3 1 3
94 72 168 4032 918 459 459 14 3 1 2
94 74 1 4032 918 459 459 14 3 2 1
94 74 2 8064 918 459 459 14 3 2 1
94 74 4 8064 918 459 459 14 3 2 1
94 74 6 4032 918 459 459 14 3 2 1
94 74 7 4032 918 459 459 14 3 2 1
94 74 8 2016 918 459 459 14 3 2 1
94 74 10 16128 918 459 459 14 3 2 2
94 74 12 16128 918 459 459 14 3 2 2
94 74 14 8064 918 459 459 14 3 2 2
94 74 15 8064 918 459 459 14 3 2 2
94 74 16 8064 918 459 459 14 3 2 1
94 74 17 16128 918 459 459 14 3 2 2
94 74 20 16128 918 459 459 14 3 2 2
94 74 21 16128 918 459 459 14 3 2 2
94 74 22 16128 918 459 459 14 3 2 2
94 74 34 16128 918 459 459 14 3 2 2
94 74 35 16128 918 459 459 14 3 2 2
94 74 38 16128 918 459 459 14 3 2 2
94 74 48 4032 918 459 459 14 3 2 1
94 74 49 4032 918 459 459 14 3 2 2
94 74 57 4032 918 459 459 14 3 2 2
94 74 64 1008 918 459 459 14 3 2 1
94 74 66 8064 918 459 459 14 3 2 2
94 74 68 8064 918 459 459 14 3 2 2
94 74 70 4032 918 459 459 14 3 2 2
94 74 71 4032 918 459 459 14 3 2 2
94 74 80 8064 918 459 459 14 3 2 2
94 74 84 16128 918 459 459 14 3 2 3
94 74 85 16128 918 459 459 14 3 2 3
94 74 86 16128 918 459 459 14 3 2 3
94 74 98 16128 918 459 459 14 3 2 3
94 74 99 16128 918 459 459 14 3 2 3
94 74 102 16128 918 459 459 14 3 2 3
94 74 112 4032 918 459 459 14 3 2 2
94 74 128 4032 918 459 459 14 3 2 1
94 74 129 4032 918 459 459 14 3 2 2
94 74 132 8064 918 459 459 14 3 2 2
94 74 133 8064 918 459 459 14 3 2 2
94 74 134 8064 918 459 459 14 3 2 2
94 74 135 8064 918 459 459 14 3 2 2
94 74 136 4032 918 459 459 14 3 2 2
94 74 137 4032 918 459 459 14 3 2 2
94 74 140 16128 918 459 459 14 3 2 3
94 74 142 8064 918 459 459 14 3 2 3
94 74 143 8064 918 459 459 14 3 2 3
94 74 160 8064 918 459 459 14 3 2 2
94 74 161 16128 918 459 459 14 3 2 3
94 74 164 8064 918 459 459 14 3 2 2
94 74 165 16128 918 459 459 14 3 2 3
94 74 168 8064 918 459 459 14 3 2 2
94 74 173 8064 918 459 459 14 3 2 2
94 74 176 8064 918 459 459 14 3 2 2
94 74 177 4032 918 459 459 14 3 2 3
94 74 185 4032 918 459 459 14 3 2 3
94 74 384 2016 918 459 459 14 3 2 1
94 74 385 4032 918 459 459 14 3 2 2
94 74 392 2016 918 459 459 14 3 2 2
94 80 1 8064 918 459 459 14 3 2 1
94 80 2 8064 918 459 459 14 3 2 1
94 80 3 8064 918 459 459 14 3 2 1
94 80 4 8064 918 459 459 14 3 2 1
94 80 5 8064 918 459 459 14 3 2 1
94 80 6 8064 918 459 459 14 3 2 1
94 80 7 8064 918 459 459 14 3 2 1
94 80 8 8064 918 459 459 14 3 2 1
94 80 9 8064 918 459 459 14 3 2 1
94 80 10 16128 918 459 459 14 3 2 2
94 80 11 16128 918 459 459 14 3 2 2
94 80 12 16128 918 459 459 14 3 2 2
94 80 13 16128 918 459 459 14 3 2 2
94 80 14 16128 918 459 459 14 3 2 2
94 80 15 16128 918 459 459 14 3 2 2
94 80 16 8064 918 459 459 14 3 2 1
94 80 17 16128 918 459 459 14 3 2 2
94 80 18 8064 918 459 459 14 3 2 1
94 80 19 16128 918 459 459 14 3 2 2
94 80 20 16128 918 459 459 14 3 2 2
94 80 21 16128 918 459 459 14 3 2 2
94 80 22 16128 918 459 459 14 3 2 2
94 80 23 16128 918 459 459 14 3 2 2
94 80 24 8064 918 459 459 14 3 2 1
94 80 25 16128 918 459 459 14 3 2 2
94 80 26 16128 918 459 459 14 3 2 2
94 80 27 8064 918 459 459 14 3 2 1
94 80 28 16128 918 459 459 14 3 2 2
94 80 29 16128 918 459 459 14 3 2 2
94 80 30 16128 918 459 459 14 3 2 2
94 80 31 16128 918 459 459 14 3 2 2
94 80 32 8064 918 459 459 14 3 2 1
94 80 33 16128 918 459 459 14 3 2 2
94 80 34 16128 918 459 459 14 3 2 2
94 80 35 16128 918 459 459 14 3 2 2
94 80 36 8064 918 459 459 14 3 2 1
94 80 37 16128 918 459 459 14 3 2 2
94 80 38 16128 918 459 459 14 3 2 2
94 80 39 16128 918 459 459 14 3 2 2
94 80 40 8064 918 459 459 14 3 2 1
94 80 41 16128 918 459 459 14 3 2 2
94 80 42 16128 918 459 459 14 3 2 2
94 80 43 16128 918 459 459 14 3 2 2
94 80 44 16128 918 459 459 14 3 2 2
94 80 45 8064 918 459 459 14 3 2 1
94 80 46 16128 918 459 459 14 3 2 2
94 80 47 16128 918 459 459 14 3 2 2
94 80 48 8064 918 459 459 14 3 2 1
94 80 49 16128 918 459 459 14 3 2 2
94 80 50 16128 918 459 459 14 3 2 2
94 80 51 16128 918 459 459 14 3 2 2
94 80 52 16128 918 459 459 14 3 2 2
94 80 53 16128 918 459 459 14 3 2 2
94 80 54 8064 918 459 459 14 3 2 1
94 80 55 16128 918 459 459 14 3 2 2
94 80 56 8064 918 459 459 14 3 2 1
94 80 57 16128 918 459 459 14 3 2 2
94 80 58 16128 918 459 459 14 3 2 2
94 80 59 16128 918 459 459 14 3 2 2
94 80 60 16128 918 459 459 14 3 2 2
94 80 61 16128 918 459 459 14 3 2 2
94 80 62 16128 918 459 459 14 3 2 2
94 80 63 8064 918 459 459 14 3 2 1
94 80 64 4032 918 459 459 14 3 2 1
94 80 66 8064 918 459 459 14 3 2 2
94 80 67 8064 918 459 459 14 3 2 2
94 80 68 8064 918 459 459 14 3 2 2
94 80 69 8064 918 459 459 14 3 2 2
94 80 70 8064 918 459 459 14 3 2 2
94 80 71 8064 918 459 459 14 3 2 2
94 80 80 8064 918 459 459 14 3 2 2
94 80 82 8064 918 459 459 14 3 2 2
94 80 84 16128 918 459 459 14 3 2 3
94 80 85 16128 918 459 459 14 3 2 3
94 80 86 16128 918 459 459 14 3 2 3
94 80 87 16128 918 459 459 14 3 2 3
94 80 88 8064 918 459 459 14 3 2 2
94 80 91 8064 918 459 459 14 3 2 2
94 80 92 16128 918 459 459 14 3 2 3
94 80 93 16128 918 459 459 14 3 2 3
94 80 94 16128 918 459 459 14 3 2 3
94 80 95 16128 918 459 459 14 3 2 3
94 80 96 8064 918 459 459 14 3 2 2
94 80 98 16128 918 459 459 14 3 2 3
94 80 99 16128 918 459 459 14 3 2 3
94 80 100 8064 918 459 459 14 3 2 2
94 80 102 16128 918 459 459 14 3 2 3
94 80 103 16128 918 459 459 14 3 2 3
94 80 104 8064 918 459 459 14 3 2 2
94 80 106 16128 918 459 459 14 3 2 3
94 80 107 16128 918 459 459 14 3 2 3
94 80 109 8064 918 459 459 14 3 2 2
94 80 110 16128 918 459 459 14 3 2 3
94 80 111 16128 918 459 459 14 3 2 3
94 80 112 8064 918 459 459 14 3 2 2
94 80 114 16128 918 459 459 14 3 2 3
94 80 115 16128 918 459 459 14 3 2 3
94 80 116 16128 918 459 459 14 3 2 3
94 80 117 16128 918 459 459 14 3 2 3
94 80 118 8064 918 459 459 14 3 2 2
94 80 120 8064 918 459 459 14 3 2 2
94 80 122 16128 918 459 459 14 3 2 3
94 80 123 16128 918 459 459 14 3 2 3
94 80 124 16128 918 459 459 14 3 2 3
94 80 125 16128 918 459 459 14 3 2 3
94 80 127 8064 918 459 459 14 3 2 2
94 80 128 4032 918 459 459 14 3 2 1
94 80 129 8064 918 459 459 14 3 2 2
94 80 132 8064 918 459 459 14 3 2 2
94 80 133 8064 918 459 459 14 3 2 2
94 80 134 8064 918 459 459 14 3 2 2
94 80 135 8064 918 459 459 14 3 2 2
94 80 136 8064 918 459 459 14 3 2 2
94 80 137 8064 918 459 459 14 3 2 2
94 80 140 16128 918 459 459 14 3 2 3
94 80 141 16128 918 459 459 14 3 2 3
94 80 142 16128 918 459 459 14 3 2 3
94 80 143 16128 918 459 459 14 3 2 3
94 80 160 8064 918 459 459 14 3 2 2
94 80 161 16128 918 459 459 14 3 2 3
94 80 164 8064 918 459 459 14 3 2 2
94 80 165 16128 918 459 459 14 3 2 3
94 80 168 8064 918 459 459 14 3 2 2
94 80 169 16128 918 459 459 14 3 2 3
94 80 172 16128 918 459 459 14 3 2 3
94 80 173 8064 918 459 459 14 3 2 2
94 80 176 8064 918 459 459 14 3 2 2
94 80 177 16128 918 459 459 14 3 2 3
94 80 182 8064 918 459 459 14 3 2 2
94 80 183 16128 918 459 459 14 3 2 3
94 80 184 8064 918 459 459 14 3 2 2
94 80 185 16128 918 459 459 14 3 2 3
94 80 190 16128 918 459 459 14 3 2 3
94 80 191 8064 918 459 459 14 3 2 2
94 80 192 4032 918 459 459 14 3 2 1
94 80 196 8064 918 459 459 14 3 2 2
94 80 197 8064 918 459 459 14 3 2 2
94 80 198 8064 918 459 459 14 3 2 2
94 80 199 8064 918 459 459 14 3 2 2
94 80 224 8064 918 459 459 14 3 2 2
94 80 228 8064 918 459 459 14 3 2 2
94 80 232 8064 918 459 459 14 3 2 2
94 80 237 8064 918 459 459 14 3 2 2
94 80 240 8064 918 459 459 14 3 2 2
94 80 246 8064 918 459 459 14 3 2 2
94 80 248 8064 918 459 459 14 3 2 2
94 80 255 8064 918 459 459 14 3 2 2
94 80 256 4032 918 459 459 14 3 2 1
94 80 257 8064 918 459 459 14 3 2 2
94 80 258 8064 918 459 459 14 3 2 2
94 80 259 8064 918 459 459 14 3 2 2
94 80 264 8064 918 459 459 14 3 2 2
94 80 265 8064 918 459 459 14 3 2 2
94 80 266 16128 918 459 459 14 3 2 3
94 80 267 16128 918 459 459 14 3 2 3
94 80 272 8064 918 459 459 14 3 2 2
94 80 273 16128 918 459 459 14 3 2 3
94 80 274 8064 918 459 459 14 3 2 2
94 80 275 16128 918 459 459 14 3 2 3
94 80 280 8064 918 459 459 14 3 2 2
94 80 281 16128 918 459 459 14 3 2 3
94 80 282 16128 918 459 459 14 3 2 3
94 80 283 8064 918 459 459 14 3 2 2
94 80 320 4032 918 459 459 14 3 2 1
94 80 322 8064 918 459 459 14 3 2 2
94 80 323 8064 918 459 459 14 3 2 2
94 80 336 8064 918 459 459 14 3 2 2
94 80 338 8064 918 459 459 14 3 2 2
94 80 344 8064 918 459 459 14 3 2 2
94 80 347 8064 918 459 459 14 3 2 2
94 80 384 4032 918 459 459 14 3 2 1
94 80 385 8064 918 459 459 14 3 2 2
94 80 392 8064 918 459 459 14 3 2 2
94 80 393 8064 918 459 459 14 3 2 2
94 80 448 4032 918 459 459 14 3 2 1
94 84 1 16128 918 459 459 14 3 3 1
94 84 2 16128 918 459 459 14 3 3 1
94 84 3 16128 918 459 459 14 3 3 1
94 84 4 16128 918 459 459 14 3 3 1
94 84 5 16128 918 459 459 14 3 3 1
94 84 6 16128 918 459 459 14 3 3 1
94 84 7 16128 918 459 459 14 3 3 1
94 84 9 8064 918 459 459 14 3 3 1
94 84 10 16128 918 459 459 14 3 3 2
94 84 11 16128 918 459 459 14 3 3 2
94 84 12 16128 918 459 459 14 3 3 2
94 84 13 16128 918 459 459 14 3 3 2
94 84 14 16128 918 459 459 14 3 3 2
94 84 15 16128 918 459 459 14 3 3 2
94 84 17 16128 918 459 459 14 3 3 2
94 84 18 16128 918 459 459 14 3 3 1
94 84 19 16128 918 459 459 14 3 3 2
94 84 20 16128 918 459 459 14 3 3 2
94 84 21 16128 918 459 459 14 3 3 2
94 84 22 16128 918 459 459 14 3 3 2
94 84 23 16128 918 459 459 14 3 3 2
94 84 25 16128 918 459 459 14 3 3 2
94 84 26 16128 918 459 459 14 3 3 2
94 84 28 16128 918 459 459 14 3 3 2
94 84 29 16128 918 459 459 14 3 3 2
94 84 30 16128 918 459 459 14 3 3 2
94 84 31 16128 918 459 459 14 3 3 2
94 84 33 16128 918 459 459 14 3 3 2
94 84 34 16128 918 459 459 14 3 3 2
94 84 35 16128 918 459 459 14 3 3 2
94 84 36 16128 918 459 459 14 3 3 1
94 84 37 16128 918 459 459 14 3 3 2
94 84 38 16128 918 459 459 14 3 3 2
94 84 39 16128 918 459 459 14 3 3 2
94 84 41 16128 918 459 459 14 3 3 2
94 84 42 16128 918 459 459 14 3 3 2
94 84 43 16128 918 459 459 14 3 3 2
94 84 44 16128 918 459 459 14 3 3 2
94 84 46 16128 918 459 459 14 3 3 2
94 84 47 16128 918 459 459 14 3 3 2
94 84 49 16128 918 459 459 14 3 3 2
94 84 50 16128 918 459 459 14 3 3 2
94 84 51 16128 918 459 459 14 3 3 2
94 84 52 16128 918 459 459 14 3 3 2
94 84 53 16128 918 459 459 14 3 3 2
94 84 54 8064 918 459 459 14 3 3 1
94 84 55 16128 918 459 459 14 3 3 2
94 84 57 16128 918 459 459 14 3 3 2
94 84 58 16128 918 459 459 14 3 3 2
94 84 59 16128 918 459 459 14 3 3 2
94 84 60 16128 918 459 459 14 3 3 2
94 84 61 16128 918 459 459 14 3 3 2
94 84 62 16128 918 459 459 14 3 3 2
94 84 63 8064 918 459 459 14 3 3 1
94 84 64 4032 918 459 459 14 3 3 1
94 84 66 16128 918 459 459 14 3 3 2
94 84 67 16128 918 459 459 14 3 3 2
94 84 68 16128 918 459 459 14 3 3 2
94 84 69 16128 918 459 459 14 3 3 2
94 84 70 16128 918 459 459 14 3 3 2
94 84 71 16128 918 459 459 14 3 3 2
94 84 82 16128 918 459 459 14 3 3 2
94 84 84 16128 918 459 459 14 3 3 3
94 84 85 16128 918 459 459 14 3 3 3
94 84 86 16128 918 459 459 14 3 3 3
94 84 87 16128 918 459 459 14 3 3 3
94 84 92 16128 918 459 459 14 3 3 3
94 84 93 16128 918 459 459 14 3 3 3
94 84 94 16128 918 459 459 14 3 3 3
94 84 95 16128 918 459 459 14 3 3 3
94 84 98 16128 918 459 459 14 3 3 3
94 84 99 16128 918 459 459 14 3 3 3
94 84 100 16128 918 459 459 14 3 3 2
94 84 102 16128 918 459 459 14 3 3 3
94 84 103 16128 918 459 459 14 3 3 3
94 84 106 16128 918 459 459 14 3 3 3
94 84 107 16128 918 459 459 14 3 3 3
94 84 110 16128 918 459 459 14 3 3 3
94 84 111 16128 918 459 459 14 3 3 3
94 84 114 16128 918 459 459 14 3 3 3
94 84 115 16128 918 459 459 14 3 3 3
94 84 116 16128 918 459 459 14 3 3 3
94 84 117 16128 918 459 459 14 3 3 3
94 84 118 8064 918 459 459 14 3 3 2
94 84 122 16128 918 459 459 14 3 3 3
94 84 123 16128 918 459 459 14 3 3 3
94 84 124 16128 918 459 459 14 3 3 3
94 84 125 16128 918 459 459 14 3 3 3
94 84 127 8064 918 459 459 14 3 3 2
94 84 128 16128 918 459 459 14 3 3 1
94 84 129 8064 918 459 459 14 3 3 2
94 84 132 16128 918 459 459 14 3 3 2
94 84 133 16128 918 459 459 14 3 3 2
94 84 134 16128 918 459 459 14 3 3 2
94 84 135 16128 918 459 459 14 3 3 2
94 84 136 8064 918 459 459 14 3 3 2
94 84 137 16128 918 459 459 14 3 3 2
94 84 140 16128 918 459 459 14 3 3 3
94 84 141 16128 918 459 459 14 3 3 3
94 84 142 16128 918 459 459 14 3 3 3
94 84 143 16128 918 459 459 14 3 3 3
94 84 160 16128 918 459 459 14 3 3 2
94 84 161 16128 918 459 459 14 3 3 3
94 84 164 16128 918 459 459 14 3 3 2
94 84 165 16128 918 459 459 14 3 3 3
94 84 168 16128 918 459 459 14 3 3 2
94 84 169 16128 918 459 459 14 3 3 3
94 84 173 16128 918 459 459 14 3 3 2
94 84 176 16128 918 459 459 14 3 3 2
94 84 177 16128 918 459 459 14 3 3 3
94 84 182 16128 918 459 459 14 3 3 2
94 84 183 8064 918 459 459 14 3 3 3
94 84 190 4032 918 459 459 14 3 3 3
94 84 193 8064 918 459 459 14 3 3 2
94 84 196 16128 918 459 459 14 3 3 2
94 84 197 16128 918 459 459 14 3 3 2
94 84 198 16128 918 459 459 14 3 3 2
94 84 200 8064 918 459 459 14 3 3 2
94 84 204 16128 918 459 459 14 3 3 3
94 84 205 16128 918 459 459 14 3 3 3
94 84 206 16128 918 459 459 14 3 3 3
94 84 224 16128 918 459 459 14 3 3 2
94 84 225 16128 918 459 459 14 3 3 3
94 84 229 16128 918 459 459 14 3 3 3
94 84 232 16128 918 459 459 14 3 3 2
94 84 233 16128 918 459 459 14 3 3 3
94 84 254 4032 918 459 459 14 3 3 3
94 84 274 16128 918 459 459 14 3 3 2
94 84 275 16128 918 459 459 14 3 3 3
94 84 283 16128 918 459 459 14 3 3 2
94 84 310 16128 918 459 459 14 3 3 2
94 84 311 4032 918 459 459 14 3 3 3
94 84 318 8064 918 459 459 14 3 3 3
94 84 339 16128 918 459 459 14 3 3 3
94 84 375 4032 918 459 459 14 3 3 3
94 84 384 8064 918 459 459 14 3 3 1
94 84 385 16128 918 459 459 14 3 3 2
94 84 393 4032 918 459 459 14 3 3 2
94 84 457 4032 918 459 459 14 3 3 2
95 1 1 896 918 459 459 14 3 1 1
95 1 2 2688 918 459 459 14 3 1 1
95 1 3 2688 918 459 459 14 3 1 1
95 1 8 672 918 459 459 14 3 1 1
95 1 10 8064 918 459 459 14 3 1 2
95 1 11 8064 918 459 459 14 3 1 2
95 1 16 2016 918 459 459 14 3 1 1
95 1 17 8064 918 459 459 14 3 1 2
95 1 20 8064 918 459 459 14 3 1 2
95 1 21 8064 918 459 459 14 3 1 2
95 1 23 8064 918 459 459 14 3 1 2
95 1 24 2016 918 459 459 14 3 1 1
95 1 29 8064 918 459 459 14 3 1 2
95 1 80 4032 918 459 459 14 3 1 2
95 1 84 16128 918 459 459 14 3 1 3
95 1 85 16128 918 459 459 14 3 1 3
95 1 160 4032 918 459 459 14 3 1 2
95 1 161 5376 918 459 459 14 3 1 3
95 1 232 1344 918 459 459 14 3 1 2
95 8 1 2688 918 459 459 14 3 1 1
95 8 2 2688 918 459 459 14 3 1 1
95 8 3 2688 918 459 459 14 3 1 1
95 8 4 2688 918 459 459 14 3 1 1
95 8 5 2688 918 459 459 14 3 1 1
95 8 6 2688 918 459 459 14 3 1 1
95 8 7 2688 918 459 459 14 3 1 1
95 8 8 2016 918 459 459 14 3 1 1
95 8 10 8064 918 459 459 14 3 1 2
95 8 11 8064 918 459 459 14 3 1 2
95 8 12 8064 918 459 459 14 3 1 2
95 8 13 8064 918 459 459 14 3 1 2
95 8 14 8064 918 459 459 14 3 1 2
95 8 15 8064 918 459 459 14 3 1 2
95 8 16 2016 918 459 459 14 3 1 1
95 8 17 8064 918 459 459 14 3 1 2
95 8 20 8064 918 459 459 14 3 1 2
95 8 21 8064 918 459 459 14 3 1 2
95 8 22 8064 918 459 459 14 3 1 2
95 8 23 8064 918 459 459 14 3 1 2
95 8 24 2016 918 459 459 14 3 1 1
95 8 28 8064 918 459 459 14 3 1 2
95 8 29 8064 918 459 459 14 3 1 2
95 8 30 8064 918 459 459 14 3 1 2
95 8 31 8064 918 459 459 14 3 1 2
95 8 32 2016 918 459 459 14 3 1 1
95 8 33 8064 918 459 459 14 3 1 2
95 8 34 8064 918 459 459 14 3 1 2
95 8 35 8064 918 459 459 14 3 1 2
95 8 40 2016 918 459 459 14 3 1 1
95 8 42 8064 918 459 459 14 3 1 2
95 8 43 8064 918 459 459 14 3 1 2
95 8 48 2016 918 459 459 14 3 1 1
95 8 49 8064 918 459 459 14 3 1 2
95 8 56 2016 918 459 459 14 3 1 1
95 8 80 4032 918 459 459 14 3 1 2
95 8 84 16128 918 459 459 14 3 1 3
95 8 85 16128 918 459 459 14 3 1 3
95 8 86 16128 918 459 459 14 3 1 3
95 8 87 16128 918 459 459 14 3 1 3
95 8 96 4032 918 459 459 14 3 1 2
95 8 98 16128 918 459 459 14 3 1 3
95 8 99 16128 918 459 459 14 3 1 3
95 8 112 4032 918 459 459 14 3 1 2
95 8 160 4032 918 459 459 14 3 1 2
95 8 161 16128 918 459 459 14 3 1 3
95 8 168 4032 918 459 459 14 3 1 2
95 8 224 4032 918 459 459 14 3 1 2
95 8 232 4032 918 459 459 14 3 1 2
95 9 1 2688 918 459 459 14 3 1 1
95 9 2 2688 918 459 459 14 3 1 1
95 9 3 2688 918 459 459 14 3 1 1
95 9 4 2688 918 459 459 14 3 1 1
95 9 5 2688 918 459 459 14 3 1 1
95 9 6 2688 918 459 459 14 3 1 1
95 9 7 2688 918 459 459 14 3 1 1
95 9 8 2016 918 459 459 14 3 1 1
95 9 10 8064 918 459 459 14 3 1 2
95 9 11 8064 918 459 459 14 3 1 2
95 9 12 8064 918 459 459 14 3 1 2
95 9 13 8064 918 459 459 14 3 1 2
95 9 14 8064 918 459 459 14 3 1 2
95 9 15 8064 918 459 459 14 3 1 2
95 9 16 2016 918 459 459 14 3 1 1
95 9 17 8064 918 459 459 14 3 1 2
95 9 20 8064 918 459 459 14 3 1 2
95 9 21 8064 918 459 459 14 3 1 2
95 9 22 8064 918 459 459 14 3 1 2
95 9 23 8064 918 459 459 14 3 1 2
95 9 24 2016 918 459 459 14 3 1 1
95 9 28 8064 918 459 459 14 3 1 2
95 9 29 8064 918 459 459 14 3 1 2
95 9 30 8064 918 459 459 14 3 1 2
95 9 31 8064 918 459 459 14 3 1 2
95 9 32 2016 918 459 459 14 3 1 1
95 9 33 8064 918 459 459 14 3 1 2
95 9 34 8064 918 459 459 14 3 1 2
95 9 35 8064 918 459 459 14 3 1 2
95 9 40 2016 918 459 459 14 3 1 1
95 9 42 8064 918 459 459 14 3 1 2
95 9 43 8064 918 459 459 14 3 1 2
95 9 48 2016 918 459 459 14 3 1 1
95 9 49 8064 918 459 459 14 3 1 2
95 9 56 2016 918 459 459 14 3 1 1
95 9 80 4032 918 459 459 14 3 1 2
95 9 84 16128 918 459 459 14 3 1 3
95 9 85 16128 918 459 459 14 3 1 3
95 9 86 16128 918 459 459 14 3 1 3
95 9 87 16128 918 459 459 14 3 1 3
95 9 96 4032 918 459 459 14 3 1 2
95 9 98 16128 918 459 459 14 3 1 3
95 9 99 16128 918 459 459 14 3 1 3
95 9 112 4032 918 459 459 14 3 1 2
95 9 160 4032 918 459 459 14 3 1 2
95 9 161 16128 918 459 459 14 3 1 3
95 9 168 4032 918 459 459 14 3 1 2
95 9 224 4032 918 459 459 14 3 1 2
95 9 232 4032 918 459 459 14 3 1 2
95 10 1 8064 918 459 459 14 3 2 1
95 10 2 8064 918 459 459 14 3 2 1
95 10 3 8064 918 459 459 14 3 2 1
95 10 4 8064 918 459 459 14 3 2 1
95 10 5 8064 918 459 459 14 3 2 1
95 10 6 8064 918 459 459 14 3 2 1
95 10 7 8064 918 459 459 14 3 2 1
95 10 8 8064 918 459 459 14 3 2 1
95 10 9 8064 918 459 459 14 3 2 1
95 10 10 16128 918 459 459 14 3 2 2
95 10 11 16128 918 459 459 14 3 2 2
95 10 12 16128 918 459 459 14 3 2 2
95 10 13 16128 918 459 459 14 3 2 2
95 10 14 16128 918 459 459 14 3 2 2
95 10 15 16128 918 459 459 14 3 2 2
95 10 16 8064 918 459 459 14 3 2 1
95 10 17 16128 918 459 459 14 3 2 2
95 10 18 8064 918 459 459 14 3 2 1
95 10 19 16128 918 459 459 14 3 2 2
95 10 20 16128 918 459 459 14 3 2 2
95 10 21 16128 918 459 459 14 3 2 2
95 10 22 16128 918 459 459 14 3 2 2
95 10 23 16128 918 459 459 14 3 2 2
95 10 24 8064 918 459 459 14 3 2 1
95 10 25 16128 918 459 459 14 3 2 2
95 10 26 16128 918 459 459 14 3 2 2
95 10 27 8064 918 459 459 14 3 2 1
95 10 28 16128 918 459 459 14 3 2 2
95 10 29 16128 918 459 459 14 3 2 2
95 10 30 16128 918 459 459 14 3 2 2
95 10 31 16128 918 459 459 14 3 2 2
95 10 32 8064 918 459 459 14 3 2 1
95 10 33 16128 918 459 459 14 3 2 2
95 10 34 16128 918 459 459 14 3 2 2
95 10 35 16128 918 459 459 14 3 2 2
95 10 36 8064 918 459 459 14 3 2 1
95 10 37 16128 918 459 459 14 3 2 2
95 10 38 16128 918 459 459 14 3 2 2
95 10 39 16128 918 459 459 14 3 2 2
95 10 40 8064 918 459 459 14 3 2 1
95 10 41 16128 918 459 459 14 3 2 2
95 10 42 16128 918 459 459 14 3 2 2
95 10 43 16128 918 459 459 14 3 2 2
95 10 44 16128 918 459 459 14 3 2 2
95 10 45 8064 918 459 459 14 3 2 1
95 10 46 16128 918 459 459 14 3 2 2
95 10 47 16128 918 459 459 14 3 2 2
95 10 48 8064 918 459 459 14 3 2 1
95 10 49 16128 918 459 459 14 3 2 2
95 10 50 16128 918 459 459 14 3 2 2
95 10 51 16128 918 459 459 14 3 2 2
95 10 52 16128 918 459 459 14 3 2 2
95 10 53 16128 918 459 459 14 3 2 2
95 10 54 8064 918 459 459 14 3 2 1
95 10 55 16128 918 459 459 14 3 2 2
95 10 56 8064 918 459 459 14 3 2 1
95 10 57 16128 918 459 459 14 3 2 2
95 10 58 16128 918 459 459 14 3 2 2
95 10 59 16128 918 459 459 14 3 2 2
95 10 60 16128 918 459 459 14 3 2 2
95 10 61 16128 918 459 459 14 3 2 2
95 10 62 16128 918 459 459 14 3 2 2
95 10 63 8064 918 459 459 14 3 2 1
95 10 64 4032 918 459 459 14 3 2 1
95 10 66 8064 918 459 459 14 3 2 2
95 10 67 8064 918 459 459 14 3 2 2
95 10 68 8064 918 459 459 14 3 2 2
95 10 69 8064 918 459 459 14 3 2 2
95 10 70 8064 918 459 459 14 3 2 2
95 10 71 8064 918 459 459 14 3 2 2
95 10 80 8064 918 459 459 14 3 2 2
95 10 82 8064 918 459 459 14 3 2 2
95 10 84 16128 918 459 459 14 3 2 3
95 10 85 16128 918 459 459 14 3 2 3
95 10 86 16128 918 459 459 14 3 2 3
95 10 87 16128 918 459 459 14 3 2 3
95 10 88 8064 918 459 459 14 3 2 2
95 10 91 8064 918 459 459 14 3 2 2
95 10 92 16128 918 459 459 14 3 2 3
95 10 93 16128 918 459 459 14 3 2 3
95 10 94 16128 918 459 459 14 3 2 3
95 10 95 16128 918 459 459 14 3 2 3
95 10 96 8064 918 459 459 14 3 2 2
95 10 98 16128 918 459 459 14 3 2 3
95 10 99 16128 918 459 459 14 3 2 3
95 10 100 8064 918 459 459 14 3 2 2
95 10 102 16128 918 459 459 14 3 2 3
95 10 103 16128 918 459 459 14 3 2 3
95 10 104 8064 918 459 459 14 3 2 2
95 10 106 16128 918 459 459 14 3 2 3
95 10 107 16128 918 459 459 14 3 2 3
95 10 109 8064 918 459 459 14 3 2 2
95 10 110 16128 918 459 459 14 3 2 3
95 10 111 16128 918 459 459 14 3 2 3
95 10 112 8064 918 459 459 14 3 2 2
95 10 114 16128 918 459 459 14 3 2 3
95 10 115 16128 918 459 459 14 3 2 3
95 10 116 16128 918 459 459 14 3 2 3
95 10 117 16128 918 459 459 14 3 2 3
95 10 118 8064 918 459 459 14 3 2 2
95 10 120 8064 918 459 459 14 3 2 2
95 10 122 16128 918 459 459 14 3 2 3
95 10 123 16128 918 459 459 14 3 2 3
95 10 124 16128 918 459 459 14 3 2 3
95 10 125 16128 918 459 459 14 3 2 3
95 10 127 8064 918 459 459 14 3 2 2
95 10 128 4032 918 459 459 14 3 2 1
95 10 129 8064 918 459 459 14 3 2 2
95 10 132 8064 918 459 459 14 3 2 2
95 10 133 8064 918 459 459 14 3 2 2
95 10 134 8064 918 459 459 14 3 2 2
95 10 135 8064 918 459 459 14 3 2 2
95 10 136 8064 918 459 459 14 3 2 2
95 10 137 8064 918 459 459 14 3 2 2
95 10 140 16128 918 459 459 14 3 2 3
95 10 141 16128 918 459 459 14 3 2 3
95 10 142 16128 918 459 459 14 3 2 3
95 10 143 16128 918 459 459 14 3 2 3
95 10 160 8064 918 459 459 14 3 2 2
95 10 161 16128 918 459 459 14 3 2 3
95 10 164 8064 918 459 459 14 3 2 2
95 10 165 16128 918 459 459 14 3 2 3
95 10 168 8064 918 459 459 14 3 2 2
95 10 169 16128 918 459 459 14 3 2 3
95 10 172 16128 918 459 459 14 3 2 3
95 10 173 8064 918 459 459 14 3 2 2
95 10 176 8064 918 459 459 14 3 2 2
95 10 177 16128 918 459 459 14 3 2 3
95 10 182 8064 918 459 459 14 3 2 2
95 10 183 16128 918 459 459 14 3 2 3
95 10 184 8064 918 459 459 14 3 2 2
95 10 185 16128 918 459 459 14 3 2 3
95 10 190 16128 918 459 459 14 3 2 3
95 10 191 8064 918 459 459 14 3 2 2
95 10 192 4032 918 459 459 14 3 2 1
95 10 196 8064 918 459 459 14 3 2 2
95 10 197 8064 918 459 459 14 3 2 2
95 10 198 8064 918 459 459 14 3 2 2
95 10 199 8064 918 459 459 14 3 2 2
95 10 224 8064 918 459 459 14 3 2 2
95 10 228 8064 918 459 459 14 3 2 2
95 10 232 8064 918 459 459 14 3 2 2
95 10 237 8064 918 459 459 14 3 2 2
95 10 240 8064 918 459 459 14 3 2 2
95 10 246 8064 918 459 459 14 3 2 2
95 10 248 8064 918 459 459 14 3 2 2
95 10 255 8064 918 459 459 14 3 2 2
95 10 256 4032 918 459 459 14 3 2 1
95 10 257 8064 918 459 459 14 3 2 2
95 10 258 8064 918 459 459 14 3 2 2
95 10 259 8064 918 459 459 14 3 2 2
95 10 264 8064 918 459 459 14 3 2 2
95 10 265 8064 918 459 459 14 3 2 2
95 10 266 16128 918 459 459 14 3 2 3
95 10 267 16128 918 459 459 14 3 2 3
95 10 272 8064 918 459 459 14 3 2 2
95 10 273 16128 918 459 459 14 3 2 3
95 10 274 8064 918 459 459 14 3 2 2
95 10 275 16128 918 459 459 14 3 2 3
95 10 280 8064 918 459 459 14 3 2 2
95 10 281 16128 918 459 459 14 3 2 3
95 10 282 16128 918 459 459 14 3 2 3
95 10 283 8064 918 459 459 14 3 2 2
95 10 320 4032 918 459 459 14 3 2 1
95 10 322 8064 918 459 459 14 3 2 2
95 10 323 8064 918 459 459 14 3 2 2
95 10 336 8064 918 459 459 14 3 2 2
95 10 338 8064 918 459 459 14 3 2 2
95 10 344 8064 918 459 459 14 3 2 2
95 10 347 8064 918 459 459 14 3 2 2
95 10 384 4032 918 459 459 14 3 2 1
95 10 385 8064 918 459 459 14 3 2 2
95 10 392 8064 918 459 459 14 3 2 2
95 10 393 8064 918 459 459 14 3 2 2
95 10 448 4032 918 459 459 14 3 2 1
95 80 1 8064 918 459 459 14 3 2 1
95 80 2 8064 918 459 459 14 3 2 1
95 80 3 8064 918 459 459 14 3 2 1
95 80 4 8064 918 459 459 14 3 2 1
95 80 5 8064 918 459 459 14 3 2 1
95 80 6 8064 918 459 459 14 3 2 1
95 80 7 8064 918 459 459 14 3 2 1
95 80 8 8064 918 459 459 14 3 2 1
95 80 9 8064 918 459 459 14 3 2 1
95 80 10 16128 918 459 459 14 3 2 2
95 80 11 16128 918 459 459 14 3 2 2
95 80 12 16128 918 459 459 14 3 2 2
95 80 13 16128 918 459 459 14 3 2 2
95 80 14 16128 918 459 459 14 3 2 2
95 80 15 16128 918 459 459 14 3 2 2
95 80 16 8064 918 459 459 14 3 2 1
95 80 17 16128 918 459 459 14 3 2 2
95 80 18 8064 918 459 459 14 3 2 1
95 80 19 16128 918 459 459 14 3 2 2
95 80 20 16128 918 459 459 14 3 2 2
95 80 21 16128 918 459 459 14 3 2 2
95 80 22 16128 918 459 459 14 3 2 2
95 80 23 16128 918 459 459 14 3 2 2
95 80 24 8064 918 459 459 14 3 2 1
95 80 25 16128 918 459 459 14 3 2 2
95 80 26 16128 918 459 459 14 3 2 2
95 80 27 8064 918 459 459 14 3 2 1
95 80 28 16128 918 459 459 14 3 2 2
95 80 29 16128 918 459 459 14 3 2 2
95 80 30 16128 918 459 459 14 3 2 2
95 80 31 16128 918 459 459 14 3 2 2
95 80 32 8064 918 459 459 14 3 2 1
95 80 33 16128 918 459 459 14 3 2 2
95 80 34 16128 918 459 459 14 3 2 2
95 80 35 16128 918 459 459 14 3 2 2
95 80 36 8064 918 459 459 14 3 2 1
95 80 37 16128 918 459 459 14 3 2 2
95 80 38 16128 918 459 459 14 3 2 2
95 80 39 16128 918 459 459 14 3 2 2
95 80 40 8064 918 459 459 14 3 2 1
95 80 41 16128 918 459 459 14 3 2 2
95 80 42 16128 918 459 459 14 3 2 2
95 80 43 16128 918 459 459 14 3 2 2
95 80 44 16128 918 459 459 14 3 2 2
95 80 45 8064 918 459 459 14 3 2 1
95 80 46 16128 918 459 459 14 3 2 2
95 80 47 16128 918 459 459 14 3 2 2
95 80 48 8064 918 459 459 14 3 2 1
95 80 49 16128 918 459 459 14 3 2 2
95 80 50 16128 918 459 459 14 3 2 2
95 80 51 16128 918 459 459 14 3 2 2
95 80 52 16128 918 459 459 14 3 2 2
95 80 53 16128 918 459 459 14 3 2 2
95 80 54 8064 918 459 459 14 3 2 1
95 80 55 16128 918 459 459 14 3 2 2
95 80 56 8064 918 459 459 14 3 2 1
95 80 57 16128 918 459 459 14 3 2 2
95 80 58 16128 918 459 459 14 3 2 2
95 80 59 16128 918 459 459 14 3 2 2
95 80 60 16128 918 459 459 14 3 2 2
95 80 61 16128 918 459 459 14 3 2 2
95 80 62 16128 918 459 459 14 3 2 2
95 80 63 8064 918 459 459 14 3 2 1
95 80 64 4032 918 459 459 14 3 2 1
95 80 66 8064 918 459 459 14 3 2 2
95 80 67 8064 918 459 459 14 3 2 2
95 80 68 8064 918 459 459 14 3 2 2
95 80 69 8064 918 459 459 14 3 2 2
95 80 70 8064 918 459 459 14 3 2 2
95 80 71 8064 918 459 459 14 3 2 2
95 80 80 8064 918 459 459 14 3 2 2
95 80 82 8064 918 459 459 14 3 2 2
95 80 84 16128 918 459 459 14 3 2 3
95 80 85 16128 918 459 459 14 3 2 3
95 80 86 16128 918 459 459 14 3 2 3
95 80 87 16128 918 459 459 14 3 2 3
95 80 88 8064 918 459 459 14 3 2 2
95 80 91 8064 918 459 459 14 3 2 2
95 80 92 16128 918 459 459 14 3 2 3
95 80 93 16128 918 459 459 14 3 2 3
95 80 94 16128 918 459 459 14 3 2 3
95 80 95 16128 918 459 459 14 3 2 3
95 80 96 8064 918 459 459 14 3 2 2
95 80 98 16128 918 459 459 14 3 2 3
95 80 99 16128 918 459 459 14 3 2 3
95 80 100 8064 918 459 459 14 3 2 2
95 80 102 16128 918 459 459 14 3 2 3
95 80 103 16128 918 459 459 14 3 2 3
95 80 104 8064 918 459 459 14 3 2 2
95 80 106 16128 918 459 459 14 3 2 3
95 80 107 16128 918 459 459 14 3 2 3
95 80 109 8064 918 459 459 14 3 2 2
95 80 110 16128 918 459 459 14 3 2 3
95 80 111 16128 918 459 459 14 3 2 3
95 80 112 8064 918 459 459 14 3 2 2
95 80 114 16128 918 459 459 14 3 2 3
95 80 115 16128 918 459 459 14 3 2 3
95 80 116 16128 918 459 459 14 3 2 3
95 80 117 16128 918 459 459 14 3 2 3
95 80 118 8064 918 459 459 14 3 2 2
95 80 120 8064 918 459 459 14 3 2 2
95 80 122 16128 918 459 459 14 3 2 3
95 80 123 16128 918 459 459 14 3 2 3
95 80 124 16128 918 459 459 14 3 2 3
95 80 125 16128 918 459 459 14 3 2 3
95 80 127 8064 918 459 459 14 3 2 2
95 80 128 4032 918 459 459 14 3 2 1
95 80 129 8064 918 459 459 14 3 2 2
95 80 132 8064 918 459 459 14 3 2 2
95 80 133 8064 918 459 459 14 3 2 2
95 80 134 8064 918 459 459 14 3 2 2
95 80 135 8064 918 459 459 14 3 2 2
95 80 136 8064 918 459 459 14 3 2 2
95 80 137 8064 918 459 459 14 3 2 2
95 80 140 16128 918 459 459 14 3 2 3
95 80 141 16128 918 459 459 14 3 2 3
95 80 142 16128 918 459 459 14 3 2 3
95 80 143 16128 918 459 459 14 3 2 3
95 80 160 8064 918 459 459 14 3 2 2
95 80 161 16128 918 459 459 14 3 2 3
95 80 164 8064 918 459 459 14 3 2 2
95 80 165 16128 918 459 459 14 3 2 3
95 80 168 8064 918 459 459 14 3 2 2
95 80 169 16128 918 459 459 14 3 2 3
95 80 172 16128 918 459 459 14 3 2 3
95 80 173 8064 918 459 459 14 3 2 2
95 80 176 8064 918 459 459 14 3 2 2
95 80 177 16128 918 459 459 14 3 2 3
95 80 182 8064 918 459 459 14 3 2 2
95 80 183 16128 918 459 459 14 3 2 3
95 80 184 8064 918 459 459 14 3 2 2
95 80 185 16128 918 459 459 14 3 2 3
95 80 190 16128 918 459 459 14 3 2 3
95 80 191 8064 918 459 459 14 3 2 2
95 80 192 4032 918 459 459 14 3 2 1
95 80 196 8064 918 459 459 14 3 2 2
95 80 197 8064 918 459 459 14 3 2 2
95 80 198 8064 918 459 459 14 3 2 2
95 80 199 8064 918 459 459 14 3 2 2
95 80 224 8064 918 459 459 14 3 2 2
95 80 228 8064 918 459 459 14 3 2 2
95 80 232 8064 918 459 459 14 3 2 2
95 80 237 8064 918 459 459 14 3 2 2
95 80 240 8064 918 459 459 14 3 2 2
95 80 246 8064 918 459 459 14 3 2 2
95 80 248 8064 918 459 459 14 3 2 2
95 80 255 8064 918 459 459 14 3 2 2
95 80 256 4032 918 459 459 14 3 2 1
95 80 257 8064 918 459 459 14 3 2 2
95 80 258 8064 918 459 459 14 3 2 2
95 80 259 8064 918 459 459 14 3 2 2
95 80 264 8064 918 459 459 14 3 2 2
95 80 265 8064 918 459 459 14 3 2 2
95 80 266 16128 918 459 459 14 3 2 3
95 80 267 16128 918 459 459 14 3 2 3
95 80 272 8064 918 459 459 14 3 2 2
95 80 273 16128 918 459 459 14 3 2 3
95 80 274 8064 918 459 459 14 3 2 2
95 80 275 16128 918 459 459 14 3 2 3
95 80 280 8064 918 459 459 14 3 2 2
95 80 281 16128 918 459 459 14 3 2 3
95 80 282 16128 918 459 459 14 3 2 3
95 80 283 8064 918 459 459 14 3 2 2
95 80 320 4032 918 459 459 14 3 2 1
95 80 322 8064 918 459 459 14 3 2 2
95 80 323 8064 918 459 459 14 3 2 2
95 80 336 8064 918 459 459 14 3 2 2
95 80 338 8064 918 459 459 14 3 2 2
95 80 344 8064 918 459 459 14 3 2 2
95 80 347 8064 918 459 459 14 3 2 2
95 80 384 4032 918 459 459 14 3 2 1
95 80 385 8064 918 459 459 14 3 2 2
95 80 392 8064 918 459 459 14 3 2 2
95 80 393 8064 918 459 459 14 3 2 2
95 80 448 4032 918 459 459 14 3 2 1
95 83 1 8064 918 459 459 14 3 2 1
95 83 2 8064 918 459 459 14 3 2 1
95 83 3 8064 918 459 459 14 3 2 1
95 83 4 8064 918 459 459 14 3 2 1
95 83 5 8064 918 459 459 14 3 2 1
95 83 6 8064 918 459 459 14 3 2 1
95 83 7 8064 918 459 459 14 3 2 1
95 83 10 16128 918 459 459 14 3 2 2
95 83 11 16128 918 459 459 14 3 2 2
95 83 12 16128 918 459 459 14 3 2 2
95 83 13 16128 918 459 459 14 3 2 2
95 83 14 16128 918 459 459 14 3 2 2
95 83 15 16128 918 459 459 14 3 2 2
95 83 20 16128 918 459 459 14 3 2 2
95 83 22 16128 918 459 459 14 3 2 2
95 83 23 16128 918 459 459 14 3 2 2
95 83 29 5376 918 459 459 14 3 2 2
95 83 30 16128 918 459 459 14 3 2 2
95 83 31 16128 918 459 459 14 3 2 2
95 83 38 16128 918 459 459 14 3 2 2
95 83 46 5376 918 459 459 14 3 2 2
95 83 50 16128 918 459 459 14 3 2 2
95 83 51 5376 918 459 459 14 3 2 2
95 83 64 1344 918 459 459 14 3 2 1
95 83 66 8064 918 459 459 14 3 2 2
95 83 67 8064 918 459 459 14 3 2 2
95 83 68 8064 918 459 459 14 3 2 2
95 83 69 8064 918 459 459 14 3 2 2
95 83 70 8064 918 459 459 14 3 2 2
95 83 71 8064 918 459 459 14 3 2 2
95 83 84 16128 918 459 459 14 3 2 3
95 83 86 16128 918 459 459 14 3 2 3
95 83 87 16128 918 459 459 14 3 2 3
95 83 93 5376 918 459 459 14 3 2 3
95 83 94 16128 918 459 459 14 3 2 3
95 83 95 16128 918 459 459 14 3 2 3
95 83 102 16128 918 459 459 14 3 2 3
95 83 110 5376 918 459 459 14 3 2 3
95 83 114 16128 918 459 459 14 3 2 3
95 83 115 5376 918 459 459 14 3 2 3
95 83 128 4032 918 459 459 14 3 2 1
95 83 129 8064 918 459 459 14 3 2 2
95 83 132 8064 918 459 459 14 3 2 2
95 83 133 8064 918 459 459 14 3 2 2
95 83 134 8064 918 459 459 14 3 2 2
95 83 135 8064 918 459 459 14 3 2 2
95 83 136 8064 918 459 459 14 3 2 2
95 83 137 8064 918 459 459 14 3 2 2
95 83 140 16128 918 459 459 14 3 2 3
95 83 141 16128 918 459 459 14 3 2 3
95 83 142 16128 918 459 459 14 3 2 3
95 83 143 16128 918 459 459 14 3 2 3
95 83 160 8064 918 459 459 14 3 2 2
95 83 161 16128 918 459 459 14 3 2 3
95 83 164 8064 918 459 459 14 3 2 2
95 83 168 8064 918 459 459 14 3 2 2
95 83 169 16128 918 459 459 14 3 2 3
95 83 184 8064 918 459 459 14 3 2 2
95 83 191 8064 918 459 459 14 3 2 2
95 83 192 4032 918 459 459 14 3 2 1
95 83 197 8064 918 459 459 14 3 2 2
95 83 198 8064 918 459 459 14 3 2 2
95 83 232 8064 918 459 459 14 3 2 2
95 84 1 16128 918 459 459 14 3 3 1
95 84 2 16128 918 459 459 14 3 3 1
95 84 3 16128 918 459 459 14 3 3 1
95 84 4 16128 918 459 459 14 3 3 1
95 84 5 16128 918 459 459 14 3 3 1
95 84 6 16128 918 459 459 14 3 3 1
95 84 7 16128 918 459 459 14 3 3 1
95 84 9 16128 918 459 459 14 3 3 1
95 84 10 16128 918 459 459 14 3 3 2
95 84 11 16128 918 459 459 14 3 3 2
95 84 12 16128 918 459 459 14 3 3 2
95 84 13 16128 918 459 459 14 3 3 2
95 84 14 16128 918 459 459 14 3 3 2
95 84 15 16128 918 459 459 14 3 3 2
95 84 17 16128 918 459 459 14 3 3 2
95 84 18 16128 918 459 459 14 3 3 1
95 84 19 16128 918 459 459 14 3 3 2
95 84 20 16128 918 459 459 14 3 3 2
95 84 21 16128 918 459 459 14 3 3 2
95 84 22 16128 918 459 459 14 3 3 2
95 84 23 16128 918 459 459 14 3 3 2
95 84 25 16128 918 459 459 14 3 3 2
95 84 26 16128 918 459 459 14 3 3 2
95 84 27 16128 918 459 459 14 3 3 1
95 84 28 16128 918 459 459 14 3 3 2
95 84 29 16128 918 459 459 14 3 3 2
95 84 30 16128 918 459 459 14 3 3 2
95 84 31 16128 918 459 459 14 3 3 2
95 84 33 16128 918 459 459 14 3 3 2
95 84 34 16128 918 459 459 14 3 3 2
95 84 35 16128 918 459 459 14 3 3 2
95 84 36 16128 918 459 459 14 3 3 1
95 84 37 16128 918 459 459 14 3 3 2
95 84 38 16128 918 459 459 14 3 3 2
95 84 39 16128 918 459 459 14 3 3 2
95 84 41 16128 918 459 459 14 3 3 2
95 84 42 16128 918 459 459 14 3 3 2
95 84 43 16128 918 459 459 14 3 3 2
95 84 44 16128 918 459 459 14 3 3 2
95 84 45 16128 918 459 459 14 3 3 1
95 84 46 16128 918 459 459 14 3 3 2
95 84 47 16128 918 459 459 14 3 3 2
95 84 49 16128 918 459 459 14 3 3 2
95 84 50 16128 918 459 459 14 3 3 2
95 84 51 16128 918 459 459 14 3 3 2
95 84 52 16128 918 459 459 14 3 3 2
95 84 53 16128 918 459 459 14 3 3 2
95 84 54 16128 918 459 459 14 3 3 1
95 84 55 16128 918 459 459 14 3 3 2
95 84 57 16128 918 459 459 14 3 3 2
95 84 58 16128 918 459 459 14 3 3 2
95 84 59 16128 918 459 459 14 3 3 2
95 84 60 16128 918 459 459 14 3 3 2
95 84 61 16128 918 459 459 14 3 3 2
95 84 62 16128 918 459 459 14 3 3 2
95 84 63 16128 918 459 459 14 3 3 1
95 84 64 5376 918 459 459 14 3 3 1
95 84 66 16128 918 459 459 14 3 3 2
95 84 67 16128 918 459 459 14 3 3 2
95 84 68 16128 918 459 459 14 3 3 2
95 84 69 16128 918 459 459 14 3 3 2
95 84 70 16128 918 459 459 14 3 3 2
95 84 71 16128 918 459 459 14 3 3 2
95 84 82 16128 918 459 459 14 3 3 2
95 84 83 16128 918 459 459 14 3 3 2
95 84 84 16128 918 459 459 14 3 3 3
95 84 85 16128 918 459 459 14 3 3 3
95 84 86 16128 918 459 459 14 3 3 3
95 84 87 16128 918 459 459 14 3 3 3
95 84 90 16128 918 459 459 14 3 3 2
95 84 91 16128 918 459 459 14 3 3 2
95 84 92 16128 918 459 459 14 3 3 3
95 84 93 16128 918 459 459 14 3 3 3
95 84 94 16128 918 459 459 14 3 3 3
95 84 95 16128 918 459 459 14 3 3 3
95 84 98 16128 918 459 459 14 3 3 3
95 84 99 16128 918 459 459 14 3 3 3
95 84 100 16128 918 459 459 14 3 3 2
95 84 101 16128 918 459 459 14 3 3 2
95 84 102 16128 918 459 459 14 3 3 3
95 84 103 16128 918 459 459 14 3 3 3
95 84 106 16128 918 459 459 14 3 3 3
95 84 107 16128 918 459 459 14 3 3 3
95 84 108 16128 918 459 459 14 3 3 2
95 84 109 16128 918 459 459 14 3 3 2
95 84 110 16128 918 459 459 14 3 3 3
95 84 111 16128 918 459 459 14 3 3 3
95 84 114 16128 918 459 459 14 3 3 3
95 84 115 16128 918 459 459 14 3 3 3
95 84 116 16128 918 459 459 14 3 3 3
95 84 117 16128 918 459 459 14 3 3 3
95 84 118 16128 918 459 459 14 3 3 2
95 84 119 16128 918 459 459 14 3 3 2
95 84 122 16128 918 459 459 14 3 3 3
95 84 123 16128 918 459 459 14 3 3 3
95 84 124 16128 918 459 459 14 3 3 3
95 84 125 16128 918 459 459 14 3 3 3
95 84 126 16128 918 459 459 14 3 3 2
95 84 127 16128 918 459 459 14 3 3 2
95 84 128 16128 918 459 459 14 3 3 1
95 84 129 16128 918 459 459 14 3 3 2
95 84 132 16128 918 459 459 14 3 3 2
95 84 133 16128 918 459 459 14 3 3 2
95 84 134 16128 918 459 459 14 3 3 2
95 84 135 16128 918 459 459 14 3 3 2
95 84 136 16128 918 459 459 14 3 3 2
95 84 137 16128 918 459 459 14 3 3 2
95 84 140 16128 918 459 459 14 3 3 3
95 84 141 16128 918 459 459 14 3 3 3
95 84 142 16128 918 459 459 14 3 3 3
95 84 143 16128 918 459 459 14 3 3 3
95 84 160 16128 918 459 459 14 3 3 2
95 84 161 16128 918 459 459 14 3 3 3
95 84 164 16128 918 459 459 14 3 3 2
95 84 165 16128 918 459 459 14 3 3 3
95 84 166 16128 918 459 459 14 3 3 2
95 84 167 16128 918 459 459 14 3 3 3
95 84 168 16128 918 459 459 14 3 3 2
95 84 169 16128 918 459 459 14 3 3 3
95 84 174 5376 918 459 459 14 3 3 3
95 84 176 16128 918 459 459 14 3 3 2
95 84 177 16128 918 459 459 14 3 3 3
95 84 180 16128 918 459 459 14 3 3 2
95 84 181 16128 918 459 459 14 3 3 3
95 84 183 16128 918 459 459 14 3 3 3
95 84 184 16128 918 459 459 14 3 3 2
95 84 185 16128 918 459 459 14 3 3 3
95 84 188 16128 918 459 459 14 3 3 3
95 84 189 16128 918 459 459 14 3 3 2
95 84 191 16128 918 459 459 14 3 3 2
95 84 192 16128 918 459 459 14 3 3 1
95 84 193 16128 918 459 459 14 3 3 2
95 84 196 16128 918 459 459 14 3 3 2
95 84 197 16128 918 459 459 14 3 3 2
95 84 198 16128 918 459 459 14 3 3 2
95 84 200 16128 918 459 459 14 3 3 2
95 84 201 16128 918 459 459 14 3 3 2
95 84 204 16128 918 459 459 14 3 3 3
95 84 205 16128 918 459 459 14 3 3 3
95 84 206 16128 918 459 459 14 3 3 3
95 84 232 16128 918 459 459 14 3 3 2
95 84 233 16128 918 459 459 14 3 3 3
95 84 238 5376 918 459 459 14 3 3 2
95 84 240 16128 918 459 459 14 3 3 2
95 84 241 16128 918 459 459 14 3 3 3
95 84 244 16128 918 459 459 14 3 3 3
95 84 245 16128 918 459 459 14 3 3 2
95 84 248 16128 918 459 459 14 3 3 2
95 84 249 16128 918 459 459 14 3 3 3
95 84 252 16128 918 459 459 14 3 3 2
95 84 253 16128 918 459 459 14 3 3 3
95 84 258 16128 918 459 459 14 3 3 2
95 84 259 16128 918 459 459 14 3 3 2
95 84 262 16128 918 459 459 14 3 3 2
95 84 263 16128 918 459 459 14 3 3 2
95 84 266 16128 918 459 459 14 3 3 3
95 84 267 16128 918 459 459 14 3 3 3
95 84 270 16128 918 459 459 14 3 3 3
95 84 271 16128 918 459 459 14 3 3 3
95 84 306 16128 918 459 459 14 3 3 2
95 84 307 5376 918 459 459 14 3 3 3
95 84 314 16128 918 459 459 14 3 3 3
95 84 318 16128 918 459 459 14 3 3 3
95 84 319 16128 918 459 459 14 3 3 2
95 84 323 16128 918 459 459 14 3 3 2
95 84 326 16128 918 459 459 14 3 3 2
95 84 327 16128 918 459 459 14 3 3 2
95 84 331 16128 918 459 459 14 3 3 3
95 84 334 16128 918 459 459 14 3 3 3
95 84 335 16128 918 459 459 14 3 3 3
95 84 371 5376 918 459 459 14 3 3 2
95 84 404 16128 918 459 459 14 3 3 2
95 84 405 16128 918 459 459 14 3 3 3
95 84 413 5376 918 459 459 14 3 3 2
95 84 477 5376 918 459 459 14 3 3 3
160 1 1 84 918 459 459 14 2 1 1
160 1 2 336 918 459 459 14 2 1 1
160 1 6 168 918 459 459 14 2 1 1
160 1 8 63 918 459 459 14 2 1 1
160 1 10 1008 918 459 459 14 2 1 2
160 1 14 504 918 459 459 14 2 1 2
160 1 16 252 918 459 459 14 2 1 1
160 1 17 504 918 459 459 14 2 1 2
160 1 20 2016 918 459 459 14 2 1 2
160 1 22 1008 918 459 459 14 2 1 2
160 1 48 126 918 459 459 14 2 1 1
160 1 49 252 918 459 459 14 2 1 2
160 1 80 252 918 459 459 14 2 1 2
160 1 84 2016 918 459 459 14 2 1 3
160 1 86 1008 918 459 459 14 2 1 3
160 1 112 126 918 459 459 14 2 1 2
160 1 160 504 918 459 459 14 2 1 2
160 1 161 504 918 459 459 14 2 1 3
160 8 1 336 918 459 459 14 2 1 1
160 8 2 672 912 456 456 14 2 1 1
160 8 4 672 906 453 453 13 2 1 1
160 8 6 672 918 459 459 14 2 1 1
160 8 8 252 918 459 459 14 2 1 1
160 8 10 2016 912 456 456 14 2 1 2
160 8 12 2016 906 453 453 13 2 1 2
160 8 14 2016 918 459 459 14 2 1 2
160 8 16 504 918 459 459 14 2 1 1
160 8 17 1008 918 459 459 14 2 1 2
160 8 20 4032 906 453 453 13 2 1 2
160 8 22 4032 918 459 459 14 2 1 2
160 8 32 504 918 459 459 14 2 1 1
160 8 33 1008 918 459 459 14 2 1 2
160 8 34 4032 912 456 456 14 2 1 2
160 8 48 504 918 459 459 14 2 1 1
160 8 49 1008 918 459 459 14 2 1 2
160 8 80 504 918 459 459 14 2 1 2
160 8 84 4032 906 453 453 13 2 1 3
160 8 86 4032 918 459 459 14 2 1 3
160 8 96 504 918 459 459 14 2 1 2
160 8 98 4032 912 456 456 14 2 1 3
160 8 112 504 918 459 459 14 2 1 2
160 8 160 2016 918 459 459 14 2 1 2
160 8 161 2016 918 459 459 14 2 1 3
160 10 1 1008 918 459 459 14 2 2 1
160 10 2 2016 912 456 456 14 2 2 1
160 10 4 2016 906 453 453 13 2 2 1
160 10 6 2016 918 459 459 14 2 2 1
160 10 8 504 918 459 459 14 2 2 1
160 10 10 4032 912 456 456 14 2 2 2
160 10 12 4032 906 453 453 13 2 2 2
160 10 14 4032 918 459 459 14 2 2 2
160 10 16 1008 918 459 459 14 2 2 1
160 10 17 2016 918 459 459 14 2 2 2
160 10 20 8064 906 453 453 13 2 2 2
160 10 22 8064 918 459 459 14 2 2 2
160 10 32 1008 918 459 459 14 2 2 1
160 10 33 2016 918 459 459 14 2 2 2
160 10 34 8064 912 456 456 14 2 2 2
160 10 48 1008 918 459 459 14 2 2 1
160 10 49 2016 918 459 459 14 2 2 2
160 10 64 252 918 459 459 14 2 2 1
160 10 66 2016 912 456 456 14 2 2 2
160 10 68 2016 906 453 453 13 2 2 2
160 10 70 2016 918 459 459 14 2 2 2
160 10 80 1008 918 459 459 14 2 2 2
160 10 84 8064 906 453 453 13 2 2 3
160 10 86 8064 918 459 459 14 2 2 3
160 10 96 1008 918 459 459 14 2 2 2
160 10 98 8064 912 456 456 14 2 2 3
160 10 112 1008 918 459 459 14 2 2 2
160 10 128 504 918 459 459 14 2 2 1
160 10 129 1008 918 459 459 14 2 2 2
160 10 132 4032 906 453 453 13 2 2 2
160 10 134 4032 918 459 459 14 2 2 2
160 10 136 504 918 459 459 14 2 2 2
160 10 140 4032 906 453 453 13 2 2 3
160 10 142 4032 918 459 459 14 2 2 3
160 10 160 2016 918 459 459 14 2 2 2
160 10 161 2016 918 459 459 14 2 2 3
160 10 176 2016 918 459 459 14 2 2 2
160 10 177 2016 918 459 459 14 2 2 3
160 10 256 504 918 459 459 14 2 2 1
160 10 257 1008 918 459 459 14 2 2 2
160 10 258 4032 912 456 456 14 2 2 2
160 10 264 504 918 459 459 14 2 2 2
160 10 266 4032 912 456 456 14 2 2 3
160 10 272 2016 918 459 459 14 2 2 2
160 10 273 2016 918 459 459 14 2 2 3
160 10 384 504 918 459 459 14 2 2 1
160 10 385 1008 918 459 459 14 2 2 2
160 10 392 504 918 459 459 14 2 2 2
160 72 1 168 918 459 459 14 2 1 1
160 72 2 672 918 459 459 14 2 1 1
160 72 6 336 918 459 459 14 2 1 1
160 72 8 126 918 459 459 14 2 1 1
160 72 10 2016 918 459 459 14 2 1 2
160 72 14 1008 918 459 459 14 2 1 2
160 72 16 504 918 459 459 14 2 1 1
160 72 17 1008 918 459 459 14 2 1 2
160 72 20 4032 918 459 459 14 2 1 2
160 72 22 2016 918 459 459 14 2 1 2
160 72 48 252 918 459 459 14 2 1 1
160 72 49 504 918 459 459 14 2 1 2
160 72 80 504 918 459 459 14 2 1 2
160 72 84 4032 918 459 459 14 2 1 3
160 72 86 2016 918 459 459 14 2 1 3
160 72 112 252 918 459 459 14 2 1 2
160 72 160 1008 918 459 459 14 2 1 2
160 72 161 1008 918 459 459 14 2 1 3
160 74 1 504 918 459 459 14 2 2 1
160 74 2 2016 918 459 459 14 2 2 1
160 74 6 1008 918 459 459 14 2 2 1
160 74 8 252 918 459 459 14 2 2 1
160 74 10 4032 918 459 459 14 2 2 2
160 74 14 2016 918 459 459 14 2 2 2
160 74 16 1008 918 459 459 14 2 2 1
160 74 17 2016 918 459 459 14 2 2 2
160 74 20 8064 918 459 459 14 2 2 2
160 74 22 4032 918 459 459 14 2 2 2
160 74 48 504 918 459 459 14 2 2 1
160 74 49 1008 918 459 459 14 2 2 2
160 74 64 126 918 459 459 14 2 2 1
160 74 66 2016 918 459 459 14 2 2 2
160 74 70 1008 918 459 459 14 2 2 2
160 74 80 1008 918 459 459 14 2 2 2
160 74 84 8064 918 459 459 14 2 2 3
160 74 86 4032 918 459 459 14 2 2 3
160 74 112 504 918 459 459 14 2 2 2
160 74 128 504 918 459 459 14 2 2 1
160 74 129 1008 918 459 459 14 2 2 2
160 74 132 4032 918 459 459 14 2 2 2
160 74 134 2016 918 459 459 14 2 2 2
160 74 136 504 918 459 459 14 2 2 2
160 74 140 4032 918 459 459 14 2 2 3
160 74 142 2016 918 459 459 14 2 2 3
160 74 160 2016 918 459 459 14 2 2 2
160 74 161 2016 918 459 459 14 2 2 3
160 74 176 1008 918 459 459 14 2 2 2
160 74 177 1008 918 459 459 14 2 2 3
160 74 384 252 918 459 459 14 2 2 1
160 74 385 504 918 459 459 14 2 2 2
160 74 392 252 918 459 459 14 2 2 2
160 80 1 2016 918 459 459 14 2 2 1
160 80 2 4032 906 453 453 13 2 2 1
160 80 4 4032 912 456 456 14 2 2 1
160 80 6 4032 918 459 459 14 2 2 1
160 80 9 1008 918 459 459 14 2 2 1
160 80 10 8064 906 453 453 13 2 2 2
160 80 12 8064 912 456 456 14 2 2 2
160 80 14 8064 918 459 459 14 2 2 2
160 80 18 4032 918 459 459 14 2 2 1
160 80 19 8064 918 459 459 14 2 2 2
160 80 20 8064 918 459 459 14 2 2 2
160 80 22 16128 906 453 453 13 2 2 2
160 80 34 8064 918 459 459 14 2 2 2
160 80 38 16128 912 456 456 14 2 2 2
160 80 54 2016 918 459 459 14 2 2 1
160 80 55 4032 918 459 459 14 2 2 2
160 80 64 504 918 459 459 14 2 2 1
160 80 66 4032 906 453 453 13 2 2 2
160 80 68 4032 912 456 456 14 2 2 2
160 80 70 4032 918 459 459 14 2 2 2
160 80 82 4032 918 459 459 14 2 2 2
160 80 84 8064 918 459 459 14 2 2 3
160 80 86 16128 906 453 453 13 2 2 3
160 80 98 8064 918 459 459 14 2 2 3
160 80 102 16128 912 456 456 14 2 2 3
160 80 118 2016 918 459 459 14 2 2 2
160 80 128 2016 918 459 459 14 2 2 1
160 80 129 2016 918 459 459 14 2 2 2
160 80 132 8064 912 456 456 14 2 2 2
160 80 134 8064 918 459 459 14 2 2 2
160 80 136 2016 918 459 459 14 2 2 2
160 80 137 2016 918 459 459 14 2 2 2
160 80 140 8064 912 456 456 14 2 2 3
160 80 142 8064 918 459 459 14 2 2 3
160 80 160 8064 906 453 453 13 2 2 2
160 80 161 8064 906 453 453 13 2 2 3
160 80 164 8064 918 459 459 14 2 2 2
160 80 165 8064 918 459 459 14 2 2 3
160 80 182 4032 918 459 459 14 2 2 2
160 80 183 4032 918 459 459 14 2 2 3
160 80 384 1008 918 459 459 14 2 2 1
160 80 385 2016 918 459 459 14 2 2 2
160 80 393 1008 918 459 459 14 2 2 2
160 84 1 2016 918 459 459 14 2 3 1
160 84 2 4032 906 453 453 13 2 3 1
160 84 4 4032 912 456 456 14 2 3 1
160 84 6 4032 918 459 459 14 2 3 1
160 84 9 1008 918 459 459 14 2 3 1
160 84 10 8064 906 453 453 13 2 3 2
160 84 12 8064 912 456 456 14 2 3 2
160 84 14 8064 918 459 459 14 2 3 2
160 84 18 4032 918 459 459 14 2 3 1
160 84 19 8064 918 459 459 14 2 3 2
160 84 20 8064 918 459 459 14 2 3 2
160 84 22 16128 906 453 453 13 2 3 2
160 84 34 8064 918 459 459 14 2 3 2
160 84 38 16128 912 456 456 14 2 3 2
160 84 54 2016 918 459 459 14 2 3 1
160 84 55 4032 918 459 459 14 2 3 2
160 84 64 504 918 459 459 14 2 3 1
160 84 66 4032 906 453 453 13 2 3 2
160 84 68 4032 912 456 456 14 2 3 2
160 84 70 4032 918 459 459 14 2 3 2
160 84 82 4032 918 459 459 14 2 3 2
160 84 84 8064 918 459 459 14 2 3 3
160 84 86 16128 906 453 453 13 2 3 3
160 84 98 8064 918 459 459 14 2 3 3
160 84 102 16128 912 456 456 14 2 3 3
160 84 118 2016 918 459 459 14 2 3 2
160 84 128 2016 918 459 459 14 2 3 1
160 84 129 2016 918 459 459 14 2 3 2
160 84 132 8064 912 456 456 14 2 3 2
160 84 134 8064 918 459 459 14 2 3 2
160 84 136 2016 918 459 459 14 2 3 2
160 84 137 2016 918 459 459 14 2 3 2
160 84 140 8064 912 456 456 14 2 3 3
160 84 142 8064 918 459 459 14 2 3 3
160 84 160 8064 906 453 453 13 2 3 2
160 84 161 8064 906 453 453 13 2 3 3
160 84 164 8064 918 459 459 14 2 3 2
160 84 165 8064 918 459 459 14 2 3 3
160 84 182 4032 918 459 459 14 2 3 2
160 84 183 4032 918 459 459 14 2 3 3
160 84 384 1008 918 459 459 14 2 3 1
160 84 385 2016 918 459 459 14 2 3 2
160 84 393 1008 918 459 459 14 2 3 2
176 1 1 56 918 459 459 14 2 1 1
176 1 2 336 918 459 459 14 2 1 1
176 1 8 42 918 459 459 14 2 1 1
176 1 10 1008 918 459 459 14 2 1 2
176 1 16 252 918 459 459 14 2 1 1
176 1 17 504 918 459 459 14 2 1 2
176 1 20 2016 918 459 459 14 2 1 2
176 1 80 252 918 459 459 14 2 1 2
176 1 84 2016 918 459 459 14 2 1 3
176 1 160 336 918 459 459 14 2 1 2
176 1 161 336 918 459 459 14 2 1 3
176 8 1 336 918 459 459 14 2 1 1
176 8 2 672 918 459 459 14 2 1 1
176 8 4 672 906 453 453 13 2 1 1
176 8 6 672 918 459 459 14 2 1 1
176 8 8 252 918 459 459 14 2 1 1
176 8 10 2016 918 459 459 14 2 1 2
176 8 12 2016 906 453 453 13 2 1 2
176 8 14 2016 918 459 459 14 2 1 2
176 8 16 504 918 459 459 14 2 1 1
176 8 17 1008 918 459 459 14 2 1 2
176 8 20 4032 906 453 453 13 2 1 2
176 8 22 4032 918 459 459 14 2 1 2
176 8 32 504 918 459 459 14 2 1 1
176 8 33 1008 918 459 459 14 2 1 2
176 8 34 4032 918 459 459 14 2 1 2
176 8 48 504 918 459 459 14 2 1 1
176 8 49 1008 918 459 459 14 2 1 2
176 8 80 504 918 459 459 14 2 1 2
176 8 84 4032 906 453 453 13 2 1 3
176 8 86 4032 918 459 459 14 2 1 3
176 8 96 504 918 459 459 14 2 1 2
176 8 98 4032 918 459 459 14 2 1 3
176 8 112 504 918 459 459 14 2 1 2
176 8 160 2016 918 459 459 14 2 1 2
176 8 161 2016 918 459 459 14 2 1 3
176 10 1 1008 918 459 459 14 2 2 1
176 10 2 2016 918 459 459 14 2 2 1
176 10 4 2016 906 453 453 13 2 2 1
176 10 6 2016 918 459 459 14 2 2 1
176 10 8 504 918 459 459 14 2 2 1
176 10 10 4032 918 459 459 14 2 2 2
176 10 12 4032 906 453 453 13 2 2 2
176 10 14 4032 918 459 459 14 2 2 2
176 10 16 1008 918 459 459 14 2 2 1
176 10 17 2016 918 459 459 14 2 2 2
176 10 20 8064 906 453 453 13 2 2 2
176 10 22 8064 918 459 459 14 2 2 2
176 10 32 1008 918 459 459 14 2 2 1
176 10 33 2016 918 459 459 14 2 2 2
176 10 34 8064 918 459 459 14 2 2 2
176 10 48 1008 918 459 459 14 2 2 1
176 10 49 2016 918 459 459 14 2 2 2
176 10 64 252 918 459 459 14 2 2 1
176 10 66 2016 918 459 459 14 2 2 2
176 10 68 2016 906 453 453 13 2 2 2
176 10 70 2016 918 459 459 14 2 2 2
176 10 80 1008 918 459 459 14 2 2 2
176 10 84 8064 906 453 453 13 2 2 3
176 10 86 8064 918 459 459 14 2 2 3
176 10 96 1008 918 459 459 14 2 2 2
176 10 98 8064 918 459 459 14 2 2 3
176 10 112 1008 918 459 459 14 2 2 2
176 10 128 504 918 459 459 14 2 2 1
176 10 129 1008 918 459 459 14 2 2 2
176 10 132 4032 906 453 453 13 2 2 2
176 10 134 4032 918 459 459 14 2 2 2
176 10 136 504 918 459 459 14 2 2 2
176 10 140 4032 906 453 453 13 2 2 3
176 10 142 4032 918 459 459 14 2 2 3
176 10 160 2016 918 459 459 14 2 2 2
176 10 161 2016 918 459 459 14 2 2 3
176 10 176 2016 918 459 459 14 2 2 2
176 10 177 2016 918 459 459 14 2 2 3
176 10 256 504 918 459 459 14 2 2 1
176 10 257 1008 918 459 459 14 2 2 2
176 10 258 4032 918 459 459 14 2 2 2
176 10 264 504 918 459 459 14 2 2 2
176 10 266 4032 918 459 459 14 2 2 3
176 10 272 2016 918 459 459 14 2 2 2
176 10 273 2016 918 459 459 14 2 2 3
176 10 384 504 918 459 459 14 2 2 1
176 10 385 1008 918 459 459 14 2 2 2
176 10 392 504 918 459 459 14 2 2 2
176 80 1 2016 918 459 459 14 2 2 1
176 80 2 4032 906 453 453 13 2 2 1
176 80 4 4032 918 459 459 14 2 2 1
176 80 6 4032 918 459 459 14 2 2 1
176 80 10 8064 906 453 453 13 2 2 2
176 80 12 8064 918 459 459 14 2 2 2
176 80 14 8064 918 459 459 14 2 2 2
176 80 20 5376 906 453 453 13 2 2 2
176 80 22 16128 918 459 459 14 2 2 2
176 80 38 5376 918 459 459 14 2 2 2
176 80 50 5376 918 459 459 14 2 2 2
176 80 64 336 918 459 459 14 2 2 1
176 80 66 4032 906 453 453 13 2 2 2
176 80 68 4032 918 459 459 14 2 2 2
176 80 70 4032 918 459 459 14 2 2 2
176 80 84 5376 906 453 453 13 2 2 3
176 80 86 16128 918 459 459 14 2 2 3
176 80 102 5376 918 459 459 14 2 2 3
176 80 114 5376 918 459 459 14 2 2 3
176 80 128 2016 918 459 459 14 2 2 1
176 80 129 2016 918 459 459 14 2 2 2
176 80 132 8064 918 459 459 14 2 2 2
176 80 134 8064 918 459 459 14 2 2 2
176 80 136 2016 918 459 459 14 2 2 2
176 80 137 2016 918 459 459 14 2 2 2
176 80 140 8064 918 459 459 14 2 2 3
176 80 142 8064 918 459 459 14 2 2 3
176 80 160 8064 906 453 453 13 2 2 2
176 80 161 8064 906 453 453 13 2 2 3
176 84 1 2016 918 459 459 14 2 3 1
176 84 2 4032 906 453 453 13 2 3 1
176 84 4 4032 918 459 459 14 2 3 1
176 84 6 4032 918 459 459 14 2 3 1
176 84 10 8064 906 453 453 13 2 3 2
176 84 12 8064 918 459 459 14 2 3 2
176 84 14 8064 918 459 459 14 2 3 2
176 84 20 5376 906 453 453 13 2 3 2
176 84 22 16128 918 459 459 14 2 3 2
176 84 38 5376 918 459 459 14 2 3 2
176 84 50 5376 918 459 459 14 2 3 2
176 84 64 336 918 459 459 14 2 3 1
176 84 66 4032 906 453 453 13 2 3 2
176 84 68 4032 918 459 459 14 2 3 2
176 84 70 4032 918 459 459 14 2 3 2
176 84 84 5376 906 453 453 13 2 3 3
176 84 86 16128 918 459 459 14 2 3 3
176 84 102 5376 918 459 459 14 2 3 3
176 84 114 5376 918 459 459 14 2 3 3
176 84 128 2016 918 459 459 14 2 3 1
176 84 129 2016 918 459 459 14 2 3 2
176 84 132 8064 918 459 459 14 2 3 2
176 84 134 8064 918 459 459 14 2 3 2
176 84 136 2016 918 459 459 14 2 3 2
176 84 137 2016 918 459 459 14 2 3 2
176 84 140 8064 918 459 459 14 2 3 3
176 84 142 8064 918 459 459 14 2 3 3
176 84 160 8064 906 453 453 13 2 3 2
176 84 161 8064 906 453 453 13 2 3 3
272 1 1 28 918 459 459 14 2 1 1
272 1 2 168 918 459 459 14 2 1 1
272 1 8 21 918 459 459 14 2 1 1
272 1 10 504 918 459 459 14 2 1 2
272 1 16 126 918 459 459 14 2 1 1
272 1 17 252 918 459 459 14 2 1 2
272 1 20 1008 918 459 459 14 2 1 2
272 1 80 126 918 459 459 14 2 1 2
272 1 84 1008 918 459 459 14 2 1 3
272 1 160 168 918 459 459 14 2 1 2
272 1 161 168 918 459 459 14 2 1 3
272 8 1 168 918 459 459 14 2 1 1
272 8 2 672 918 459 459 14 2 1 1
272 8 4 336 918 459 459 14 2 1 1
272 8 8 126 918 459 459 14 2 1 1
272 8 10 2016 918 459 459 14 2 1 2
272 8 12 1008 918 459 459 14 2 1 2
272 8 16 504 918 459 459 14 2 1 1
272 8 17 1008 918 459 459 14 2 1 2
272 8 20 2016 918 459 459 14 2 1 2
272 8 22 4032 918 459 459 14 2 1 2
272 8 32 252 918 459 459 14 2 1 1
272 8 33 504 918 459 459 14 2 1 2
272 8 80 504 918 459 459 14 2 1 2
272 8 84 2016 918 459 459 14 2 1 3
272 8 86 4032 918 459 459 14 2 1 3
272 8 96 252 918 459 459 14 2 1 2
272 8 160 1008 918 459 459 14 2 1 2
272 8 161 1008 918 459 459 14 2 1 3
272 10 1 504 918 459 459 14 2 2 1
272 10 2 2016 918 459 459 14 2 2 1
272 10 4 1008 918 459 459 14 2 2 1
272 10 8 252 918 459 459 14 2 2 1
272 10 10 4032 918 459 459 14 2 2 2
272 10 12 2016 918 459 459 14 2 2 2
272 10 16 1008 918 459 459 14 2 2 1
272 10 17 2016 918 459 459 14 2 2 2
272 10 20 4032 918 459 459 14 2 2 2
272 10 22 8064 918 459 459 14 2 2 2
272 10 32 504 918 459 459 14 2 2 1
272 10 33 1008 918 459 459 14 2 2 2
272 10 64 126 918 459 459 14 2 2 1
272 10 66 2016 918 459 459 14 2 2 2
272 10 68 1008 918 459 459 14 2 2 2
272 10 80 1008 918 459 459 14 2 2 2
272 10 84 4032 918 459 459 14 2 2 3
272 10 86 8064 918 459 459 14 2 2 3
272 10 96 504 918 459 459 14 2 2 2
272 10 128 504 918 459 459 14 2 2 1
272 10 129 1008 918 459 459 14 2 2 2
272 10 132 2016 918 459 459 14 2 2 2
272 10 134 4032 918 459 459 14 2 2 2
272 10 136 504 918 459 459 14 2 2 2
272 10 140 2016 918 459 459 14 2 2 3
272 10 142 4032 918 459 459 14 2 2 3
272 10 160 1008 918 459 459 14 2 2 2
272 10 161 1008 918 459 459 14 2 2 3
272 10 176 2016 918 459 459 14 2 2 2
272 10 177 2016 918 459 459 14 2 2 3
272 10 256 252 918 459 459 14 2 2 1
272 10 257 504 918 459 459 14 2 2 2
272 10 264 252 918 459 459 14 2 2 2
272 80 1 1008 918 459 459 14 2 2 1
272 80 2 2016 918 459 459 14 2 2 1
272 80 4 4032 918 459 459 14 2 2 1
272 80 10 4032 918 459 459 14 2 2 2
272 80 12 8064 918 459 459 14 2 2 2
272 80 20 2688 918 459 459 14 2 2 2
272 80 22 8064 918 459 459 14 2 2 2
272 80 38 5376 918 459 459 14 2 2 2
272 80 64 168 918 459 459 14 2 2 1
272 80 66 2016 918 459 459 14 2 2 2
272 80 68 4032 918 459 459 14 2 2 2
272 80 84 2688 918 459 459 14 2 2 3
272 80 86 8064 918 459 459 14 2 2 3
272 80 102 5376 918 459 459 14 2 2 3
272 80 128 1008 918 459 459 14 2 2 1
272 80 129 1008 918 459 459 14 2 2 2
272 80 132 8064 918 459 459 14 2 2 2
272 80 136 2016 918 459 459 14 2 2 2
272 80 140 8064 918 459 459 14 2 2 3
272 80 160 4032 918 459 459 14 2 2 2
272 80 161 4032 918 459 459 14 2 2 3
272 84 1 1008 918 459 459 14 2 3 1
272 84 2 2016 918 459 459 14 2 3 1
272 84 4 4032 918 459 459 14 2 3 1
272 84 10 4032 918 459 459 14 2 3 2
272 84 12 8064 918 459 459 14 2 3 2
272 84 20 2688 918 459 459 14 2 3 2
272 84 22 8064 918 459 459 14 2 3 2
272 84 38 5376 918 459 459 14 2 3 2
272 84 64 168 918 459 459 14 2 3 1
272 84 66 2016 918 459 459 14 2 3 2
272 84 68 4032 918 459 459 14 2 3 2
272 84 84 2688 918 459 459 14 2 3 3
272 84 86 8064 918 459 459 14 2 3 3
272 84 102 5376 918 459 459 14 2 3 3
272 84 128 1008 918 459 459 14 2 3 1
272 84 129 1008 918 459 459 14 2 3 2
272 84 132 8064 918 459 459 14 2 3 2
272 84 136 2016 918 459 459 14 2 3 2
272 84 140 8064 918 459 459 14 2 3 3
272 84 160 4032 918 459 459 14 2 3 2
272 84 161 4032 918 459 459 14 2 3 3
