# v0 256 rank 1 base e4 900 h3 450 h4 450 koszul 13; columns: al be ga orbit e4 h3 h4 koszul rk(al) rk(be) rk(ga)
1 1 1 4032 894 447 447 13 1 1 1
1 1 2 2016 900 450 450 13 1 1 1
1 1 4 4032 900 450 450 13 1 1 1
1 1 5 4032 894 447 447 13 1 1 1
1 1 8 3024 900 450 450 13 1 1 1
1 1 10 6048 900 450 450 13 1 1 2
1 1 11 12096 894 447 447 13 1 1 2
1 1 12 24192 900 450 450 13 1 1 2
1 1 13 24192 894 447 447 13 1 1 2
1 1 16 1512 900 450 450 13 1 1 1
1 1 20 12096 900 450 450 13 1 1 2
1 1 21 12096 894 447 447 13 1 1 2
1 1 32 3024 900 450 450 13 1 1 1
1 1 33 24192 894 447 447 13 1 1 2
1 1 34 6048 900 450 450 13 1 1 2
1 1 40 3024 900 450 450 13 1 1 1
1 1 42 6048 900 450 450 13 1 1 2
1 1 80 3024 900 450 450 13 1 1 2
1 1 84 24192 900 450 450 13 1 1 3
1 1 85 24192 894 447 447 13 1 1 3
1 1 96 12096 900 450 450 13 1 1 2
1 1 98 12096 900 450 450 13 1 1 3
1 1 99 24192 894 447 447 13 1 1 3
1 1 160 3024 900 450 450 13 1 1 2
1 1 168 3024 900 450 450 13 1 1 2
1 8 1 2016 900 450 450 13 1 1 1
1 8 2 1008 900 450 450 13 1 1 1
1 8 4 2016 900 450 450 13 1 1 1
1 8 5 2016 900 450 450 13 1 1 1
1 8 8 1512 900 450 450 13 1 1 1
1 8 10 3024 900 450 450 13 1 1 2
1 8 11 6048 900 450 450 13 1 1 2
1 8 12 12096 900 450 450 13 1 1 2
1 8 13 12096 900 450 450 13 1 1 2
1 8 16 756 900 450 450 13 1 1 1
1 8 20 6048 900 450 450 13 1 1 2
1 8 21 6048 900 450 450 13 1 1 2
1 8 32 1512 900 450 450 13 1 1 1
1 8 33 12096 900 450 450 13 1 1 2
1 8 34 3024 900 450 450 13 1 1 2
1 8 40 1512 900 450 450 13 1 1 1
1 8 42 3024 900 450 450 13 1 1 2
1 8 80 1512 900 450 450 13 1 1 2
1 8 84 12096 900 450 450 13 1 1 3
1 8 85 12096 900 450 450 13 1 1 3
1 8 96 6048 900 450 450 13 1 1 2
1 8 98 6048 900 450 450 13 1 1 3
1 8 99 12096 900 450 450 13 1 1 3
1 8 160 1512 900 450 450 13 1 1 2
1 8 168 1512 900 450 450 13 1 1 2
1 10 1 6048 900 450 450 13 1 2 1
1 10 2 3024 900 450 450 13 1 2 1
1 10 4 6048 900 450 450 13 1 2 1
1 10 5 6048 900 450 450 13 1 2 1
1 10 8 12096 894 447 447 13 1 2 1
1 10 10 24192 894 447 447 13 1 2 2
1 10 12 48384 894 447 447 13 1 2 2
1 10 16 6048 900 450 450 13 1 2 1
1 10 17 12096 900 450 450 13 1 2 2
1 10 20 12096 900 450 450 13 1 2 2
1 10 21 12096 900 450 450 13 1 2 2
1 10 32 12096 900 450 450 13 1 2 1
1 10 33 48384 900 450 450 13 1 2 2
1 10 34 24192 900 450 450 13 1 2 2
1 10 40 12096 894 447 447 13 1 2 1
1 10 41 48384 894 447 447 13 1 2 2
1 10 42 24192 894 447 447 13 1 2 2
1 10 64 3024 900 450 450 13 1 2 1
1 10 66 3024 900 450 450 13 1 2 2
1 10 67 6048 900 450 450 13 1 2 2
1 10 68 12096 900 450 450 13 1 2 2
1 10 69 12096 900 450 450 13 1 2 2
1 10 80 6048 900 450 450 13 1 2 2
1 10 84 12096 900 450 450 13 1 2 3
1 10 85 12096 900 450 450 13 1 2 3
1 10 88 12096 894 447 447 13 1 2 2
1 10 92 48384 894 447 447 13 1 2 3
1 10 96 24192 900 450 450 13 1 2 2
1 10 98 24192 900 450 450 13 1 2 3
1 10 99 48384 900 450 450 13 1 2 3
1 10 104 24192 894 447 447 13 1 2 2
1 10 106 24192 894 447 447 13 1 2 3
1 10 107 48384 894 447 447 13 1 2 3
1 10 128 1512 900 450 450 13 1 2 1
1 10 132 6048 900 450 450 13 1 2 2
1 10 133 6048 900 450 450 13 1 2 2
1 10 160 12096 900 450 450 13 1 2 2
1 10 168 12096 894 447 447 13 1 2 2
1 10 256 3024 900 450 450 13 1 2 1
1 10 257 12096 900 450 450 13 1 2 2
1 10 258 3024 900 450 450 13 1 2 2
1 10 264 24192 894 447 447 13 1 2 2
1 10 266 24192 894 447 447 13 1 2 3
1 10 272 6048 900 450 450 13 1 2 2
1 10 273 12096 900 450 450 13 1 2 3
1 10 320 3024 900 450 450 13 1 2 1
1 10 322 3024 900 450 450 13 1 2 2
1 10 336 6048 900 450 450 13 1 2 2
1 64 1 4032 900 450 450 13 1 1 1
1 64 2 2016 900 450 450 13 1 1 1
1 64 4 4032 906 453 453 13 1 1 1
1 64 5 4032 906 453 453 13 1 1 1
1 64 8 3024 900 450 450 13 1 1 1
1 64 10 6048 900 450 450 13 1 1 2
1 64 11 12096 900 450 450 13 1 1 2
1 64 12 24192 906 453 453 13 1 1 2
1 64 13 24192 906 453 453 13 1 1 2
1 64 16 1512 900 450 450 13 1 1 1
1 64 20 12096 906 453 453 13 1 1 2
1 64 21 12096 906 453 453 13 1 1 2
1 64 32 3024 906 453 453 13 1 1 1
1 64 33 24192 906 453 453 13 1 1 2
1 64 34 6048 906 453 453 13 1 1 2
1 64 40 3024 906 453 453 13 1 1 1
1 64 42 6048 906 453 453 13 1 1 2
1 64 80 3024 900 450 450 13 1 1 2
1 64 84 24192 906 453 453 13 1 1 3
1 64 85 24192 906 453 453 13 1 1 3
1 64 96 12096 906 453 453 13 1 1 2
1 64 98 12096 906 453 453 13 1 1 3
1 64 99 24192 906 453 453 13 1 1 3
1 64 160 3024 906 453 453 13 1 1 2
1 64 168 3024 906 453 453 13 1 1 2
1 65 1 4032 894 447 447 13 1 1 1
1 65 2 2016 900 450 450 13 1 1 1
1 65 4 4032 906 453 453 13 1 1 1
1 65 5 4032 900 450 450 13 1 1 1
1 65 8 3024 900 450 450 13 1 1 1
1 65 10 6048 900 450 450 13 1 1 2
1 65 11 12096 894 447 447 13 1 1 2
1 65 12 24192 906 453 453 13 1 1 2
1 65 13 24192 900 450 450 13 1 1 2
1 65 16 1512 900 450 450 13 1 1 1
1 65 20 12096 906 453 453 13 1 1 2
1 65 21 12096 900 450 450 13 1 1 2
1 65 32 3024 906 453 453 13 1 1 1
1 65 33 24192 900 450 450 13 1 1 2
1 65 34 6048 906 453 453 13 1 1 2
1 65 40 3024 906 453 453 13 1 1 1
1 65 42 6048 906 453 453 13 1 1 2
1 65 80 3024 900 450 450 13 1 1 2
1 65 84 24192 906 453 453 13 1 1 3
1 65 85 24192 900 450 450 13 1 1 3
1 65 96 12096 906 453 453 13 1 1 2
1 65 98 12096 906 453 453 13 1 1 3
1 65 99 24192 900 450 450 13 1 1 3
1 65 160 3024 906 453 453 13 1 1 2
1 65 168 3024 906 453 453 13 1 1 2
1 66 1 24192 900 450 450 13 1 2 1
1 66 2 12096 900 450 450 13 1 2 1
1 66 4 24192 906 453 453 13 1 2 1
1 66 5 24192 906 453 453 13 1 2 1
1 66 8 24192 894 447 447 13 1 2 1
1 66 9 24192 894 447 447 13 1 2 1
1 66 10 48384 894 447 447 13 1 2 2
1 66 11 48384 894 447 447 13 1 2 2
1 66 12 96768 900 450 450 13 1 2 2
1 66 13 96768 900 450 450 13 1 2 2
1 66 16 12096 900 450 450 13 1 2 1
1 66 17 48384 900 450 450 13 1 2 2
1 66 18 12096 900 450 450 13 1 2 1
1 66 20 48384 906 453 453 13 1 2 2
1 66 21 48384 906 453 453 13 1 2 2
1 66 32 24192 906 453 453 13 1 2 1
1 66 33 96768 906 453 453 13 1 2 2
1 66 34 48384 906 453 453 13 1 2 2
1 66 36 24192 906 453 453 13 1 2 1
1 66 37 96768 906 453 453 13 1 2 2
1 66 38 48384 906 453 453 13 1 2 2
1 66 40 24192 900 450 450 13 1 2 1
1 66 41 96768 900 450 450 13 1 2 2
1 66 42 48384 900 450 450 13 1 2 2
1 66 44 96768 900 450 450 13 1 2 2
1 66 45 24192 900 450 450 13 1 2 1
1 66 47 48384 900 450 450 13 1 2 2
1 66 64 12096 900 450 450 13 1 2 1
1 66 66 12096 900 450 450 13 1 2 2
1 66 67 24192 900 450 450 13 1 2 2
1 66 68 48384 906 453 453 13 1 2 2
1 66 69 48384 906 453 453 13 1 2 2
1 66 80 12096 900 450 450 13 1 2 2
1 66 82 12096 900 450 450 13 1 2 2
1 66 84 48384 906 453 453 13 1 2 3
1 66 85 48384 906 453 453 13 1 2 3
1 66 88 24192 894 447 447 13 1 2 2
1 66 91 24192 894 447 447 13 1 2 2
1 66 92 96768 900 450 450 13 1 2 3
1 66 93 96768 900 450 450 13 1 2 3
1 66 96 48384 906 453 453 13 1 2 2
1 66 98 48384 906 453 453 13 1 2 3
1 66 99 96768 906 453 453 13 1 2 3
1 66 100 48384 906 453 453 13 1 2 2
1 66 102 48384 906 453 453 13 1 2 3
1 66 103 96768 906 453 453 13 1 2 3
1 66 104 48384 900 450 450 13 1 2 2
1 66 106 48384 900 450 450 13 1 2 3
1 66 107 96768 900 450 450 13 1 2 3
1 66 109 48384 900 450 450 13 1 2 2
1 66 110 96768 900 450 450 13 1 2 3
1 66 111 48384 900 450 450 13 1 2 3
1 66 128 6048 900 450 450 13 1 2 1
1 66 132 24192 906 453 453 13 1 2 2
1 66 133 24192 906 453 453 13 1 2 2
1 66 160 24192 906 453 453 13 1 2 2
1 66 164 24192 906 453 453 13 1 2 2
1 66 168 24192 900 450 450 13 1 2 2
1 66 173 24192 900 450 450 13 1 2 2
1 66 256 12096 906 453 453 13 1 2 1
1 66 257 48384 906 453 453 13 1 2 2
1 66 258 12096 906 453 453 13 1 2 2
1 66 264 48384 900 450 450 13 1 2 2
1 66 265 48384 900 450 450 13 1 2 2
1 66 266 48384 900 450 450 13 1 2 3
1 66 267 48384 900 450 450 13 1 2 3
1 66 272 12096 906 453 453 13 1 2 2
1 66 273 48384 906 453 453 13 1 2 3
1 66 274 12096 906 453 453 13 1 2 2
1 66 320 12096 906 453 453 13 1 2 1
1 66 322 12096 906 453 453 13 1 2 2
1 66 336 12096 906 453 453 13 1 2 2
1 66 338 12096 906 453 453 13 1 2 2
1 80 1 12096 900 450 450 13 1 2 1
1 80 2 6048 900 450 450 13 1 2 1
1 80 4 12096 906 453 453 13 1 2 1
1 80 5 12096 906 453 453 13 1 2 1
1 80 8 6048 900 450 450 13 1 2 1
1 80 10 12096 900 450 450 13 1 2 2
1 80 11 24192 900 450 450 13 1 2 2
1 80 12 48384 906 453 453 13 1 2 2
1 80 13 48384 906 453 453 13 1 2 2
1 80 16 3024 900 450 450 13 1 2 1
1 80 20 24192 906 453 453 13 1 2 2
1 80 21 24192 906 453 453 13 1 2 2
1 80 32 6048 906 453 453 13 1 2 1
1 80 33 48384 906 453 453 13 1 2 2
1 80 34 12096 906 453 453 13 1 2 2
1 80 40 6048 906 453 453 13 1 2 1
1 80 42 12096 906 453 453 13 1 2 2
1 80 64 3024 900 450 450 13 1 2 1
1 80 66 6048 900 450 450 13 1 2 2
1 80 67 12096 900 450 450 13 1 2 2
1 80 68 24192 906 453 453 13 1 2 2
1 80 69 24192 906 453 453 13 1 2 2
1 80 80 3024 900 450 450 13 1 2 2
1 80 84 24192 906 453 453 13 1 2 3
1 80 85 24192 906 453 453 13 1 2 3
1 80 88 6048 900 450 450 13 1 2 2
1 80 92 48384 906 453 453 13 1 2 3
1 80 93 48384 906 453 453 13 1 2 3
1 80 96 12096 906 453 453 13 1 2 2
1 80 98 12096 906 453 453 13 1 2 3
1 80 99 48384 906 453 453 13 1 2 3
1 80 104 12096 906 453 453 13 1 2 2
1 80 106 12096 906 453 453 13 1 2 3
1 80 128 1512 900 450 450 13 1 2 1
1 80 132 12096 906 453 453 13 1 2 2
1 80 133 12096 906 453 453 13 1 2 2
1 80 160 6048 906 453 453 13 1 2 2
1 80 168 6048 906 453 453 13 1 2 2
1 80 256 3024 906 453 453 13 1 2 1
1 80 257 24192 906 453 453 13 1 2 2
1 80 258 6048 906 453 453 13 1 2 2
1 80 264 12096 906 453 453 13 1 2 2
1 80 266 12096 906 453 453 13 1 2 3
1 80 267 24192 906 453 453 13 1 2 3
1 80 272 3024 906 453 453 13 1 2 2
1 80 320 3024 906 453 453 13 1 2 1
1 80 322 6048 906 453 453 13 1 2 2
1 80 336 3024 906 453 453 13 1 2 2
1 81 1 12096 894 447 447 13 1 2 1
1 81 2 6048 900 450 450 13 1 2 1
1 81 4 12096 906 453 453 13 1 2 1
1 81 5 12096 900 450 450 13 1 2 1
1 81 8 6048 900 450 450 13 1 2 1
1 81 10 12096 900 450 450 13 1 2 2
1 81 11 24192 894 447 447 13 1 2 2
1 81 12 48384 906 453 453 13 1 2 2
1 81 13 48384 900 450 450 13 1 2 2
1 81 16 3024 900 450 450 13 1 2 1
1 81 20 24192 906 453 453 13 1 2 2
1 81 21 24192 900 450 450 13 1 2 2
1 81 32 6048 906 453 453 13 1 2 1
1 81 33 48384 900 450 450 13 1 2 2
1 81 34 12096 906 453 453 13 1 2 2
1 81 40 6048 906 453 453 13 1 2 1
1 81 42 12096 906 453 453 13 1 2 2
1 81 64 3024 900 450 450 13 1 2 1
1 81 66 6048 900 450 450 13 1 2 2
1 81 67 12096 894 447 447 13 1 2 2
1 81 68 24192 906 453 453 13 1 2 2
1 81 69 24192 900 450 450 13 1 2 2
1 81 80 3024 900 450 450 13 1 2 2
1 81 84 24192 906 453 453 13 1 2 3
1 81 85 24192 900 450 450 13 1 2 3
1 81 88 6048 900 450 450 13 1 2 2
1 81 92 48384 906 453 453 13 1 2 3
1 81 93 48384 900 450 450 13 1 2 3
1 81 96 12096 906 453 453 13 1 2 2
1 81 98 12096 906 453 453 13 1 2 3
1 81 99 48384 900 450 450 13 1 2 3
1 81 104 12096 906 453 453 13 1 2 2
1 81 106 12096 906 453 453 13 1 2 3
1 81 128 1512 900 450 450 13 1 2 1
1 81 132 12096 906 453 453 13 1 2 2
1 81 133 12096 900 450 450 13 1 2 2
1 81 160 6048 906 453 453 13 1 2 2
1 81 168 6048 906 453 453 13 1 2 2
1 81 256 3024 906 453 453 13 1 2 1
1 81 257 24192 900 450 450 13 1 2 2
1 81 258 6048 906 453 453 13 1 2 2
1 81 264 12096 906 453 453 13 1 2 2
1 81 266 12096 906 453 453 13 1 2 3
1 81 267 24192 900 450 450 13 1 2 3
1 81 272 3024 906 453 453 13 1 2 2
1 81 320 3024 906 453 453 13 1 2 1
1 81 322 6048 906 453 453 13 1 2 2
1 81 336 3024 906 453 453 13 1 2 2
1 84 1 24192 900 450 450 13 1 3 1
1 84 2 12096 900 450 450 13 1 3 1
1 84 4 24192 906 453 453 13 1 3 1
1 84 5 24192 906 453 453 13 1 3 1
1 84 8 12096 900 450 450 13 1 3 1
1 84 10 12096 900 450 450 13 1 3 2
1 84 11 24192 900 450 450 13 1 3 2
1 84 12 48384 906 453 453 13 1 3 2
1 84 13 48384 906 453 453 13 1 3 2
1 84 16 6048 900 450 450 13 1 3 1
1 84 20 24192 906 453 453 13 1 3 2
1 84 21 24192 906 453 453 13 1 3 2
1 84 32 12096 906 453 453 13 1 3 1
1 84 33 48384 906 453 453 13 1 3 2
1 84 34 12096 906 453 453 13 1 3 2
1 84 40 12096 906 453 453 13 1 3 1
1 84 42 12096 906 453 453 13 1 3 2
1 84 64 24192 894 447 447 13 1 3 1
1 84 65 24192 894 447 447 13 1 3 1
1 84 66 48384 894 447 447 13 1 3 2
1 84 67 48384 894 447 447 13 1 3 2
1 84 68 96768 900 450 450 13 1 3 2
1 84 69 96768 900 450 450 13 1 3 2
1 84 80 24192 894 447 447 13 1 3 2
1 84 81 24192 894 447 447 13 1 3 2
1 84 84 96768 900 450 450 13 1 3 3
1 84 85 96768 900 450 450 13 1 3 3
1 84 96 48384 900 450 450 13 1 3 2
1 84 97 48384 900 450 450 13 1 3 2
1 84 98 48384 900 450 450 13 1 3 3
1 84 99 48384 900 450 450 13 1 3 3
1 84 128 12096 900 450 450 13 1 3 1
1 84 129 48384 900 450 450 13 1 3 2
1 84 130 12096 900 450 450 13 1 3 1
1 84 132 48384 906 453 453 13 1 3 2
1 84 133 48384 906 453 453 13 1 3 2
1 84 136 12096 900 450 450 13 1 3 2
1 84 138 12096 900 450 450 13 1 3 2
1 84 140 48384 906 453 453 13 1 3 3
1 84 141 48384 906 453 453 13 1 3 3
1 84 160 12096 906 453 453 13 1 3 2
1 84 161 48384 906 453 453 13 1 3 3
1 84 162 12096 906 453 453 13 1 3 2
1 84 168 12096 906 453 453 13 1 3 2
1 84 170 12096 906 453 453 13 1 3 2
1 84 256 24192 906 453 453 13 1 3 1
1 84 257 96768 906 453 453 13 1 3 2
1 84 258 48384 906 453 453 13 1 3 2
1 84 260 24192 906 453 453 13 1 3 1
1 84 261 96768 906 453 453 13 1 3 2
1 84 262 48384 906 453 453 13 1 3 2
1 84 264 48384 906 453 453 13 1 3 2
1 84 266 48384 906 453 453 13 1 3 3
1 84 267 96768 906 453 453 13 1 3 3
1 84 268 48384 906 453 453 13 1 3 2
1 84 270 48384 906 453 453 13 1 3 3
1 84 271 96768 906 453 453 13 1 3 3
1 84 272 24192 906 453 453 13 1 3 2
1 84 276 24192 906 453 453 13 1 3 2
1 84 320 24192 900 450 450 13 1 3 1
1 84 321 96768 900 450 450 13 1 3 2
1 84 322 48384 900 450 450 13 1 3 2
1 84 324 96768 900 450 450 13 1 3 2
1 84 325 24192 900 450 450 13 1 3 1
1 84 327 48384 900 450 450 13 1 3 2
1 84 328 48384 900 450 450 13 1 3 2
1 84 330 48384 900 450 450 13 1 3 3
1 84 331 96768 900 450 450 13 1 3 3
1 84 333 48384 900 450 450 13 1 3 2
1 84 334 96768 900 450 450 13 1 3 3
1 84 335 48384 900 450 450 13 1 3 3
1 84 336 24192 900 450 450 13 1 3 2
1 84 341 24192 900 450 450 13 1 3 2
4 1 1 1008 900 450 450 13 1 1 1
4 1 2 504 900 450 450 13 1 1 1
4 1 4 1008 900 450 450 13 1 1 1
4 1 5 1008 900 450 450 13 1 1 1
4 1 8 756 900 450 450 13 1 1 1
4 1 10 1512 900 450 450 13 1 1 2
4 1 11 3024 900 450 450 13 1 1 2
4 1 12 6048 900 450 450 13 1 1 2
4 1 13 6048 900 450 450 13 1 1 2
4 1 16 378 900 450 450 13 1 1 1
4 1 20 3024 900 450 450 13 1 1 2
4 1 21 3024 900 450 450 13 1 1 2
4 1 32 756 900 450 450 13 1 1 1
4 1 33 6048 900 450 450 13 1 1 2
4 1 34 1512 900 450 450 13 1 1 2
4 1 40 756 900 450 450 13 1 1 1
4 1 42 1512 900 450 450 13 1 1 2
4 1 80 756 900 450 450 13 1 1 2
4 1 84 6048 900 450 450 13 1 1 3
4 1 85 6048 900 450 450 13 1 1 3
4 1 96 3024 900 450 450 13 1 1 2
4 1 98 3024 900 450 450 13 1 1 3
4 1 99 6048 900 450 450 13 1 1 3
4 1 160 756 900 450 450 13 1 1 2
4 1 168 756 900 450 450 13 1 1 2
4 10 1 3024 900 450 450 13 1 2 1
4 10 2 1512 900 450 450 13 1 2 1
4 10 4 3024 900 450 450 13 1 2 1
4 10 5 3024 900 450 450 13 1 2 1
4 10 10 6048 900 450 450 13 1 2 2
4 10 12 24192 900 450 450 13 1 2 2
4 10 20 6048 900 450 450 13 1 2 2
4 10 21 6048 900 450 450 13 1 2 2
4 10 64 504 900 450 450 13 1 2 1
4 10 66 1512 900 450 450 13 1 2 2
4 10 67 3024 900 450 450 13 1 2 2
4 10 68 6048 900 450 450 13 1 2 2
4 10 69 6048 900 450 450 13 1 2 2
4 10 84 6048 900 450 450 13 1 2 3
4 10 85 6048 900 450 450 13 1 2 3
4 10 92 24192 900 450 450 13 1 2 3
4 10 128 252 900 450 450 13 1 2 1
4 10 132 3024 900 450 450 13 1 2 2
4 10 133 3024 900 450 450 13 1 2 2
4 10 256 504 900 450 450 13 1 2 1
4 10 257 6048 900 450 450 13 1 2 2
4 10 258 1512 900 450 450 13 1 2 2
4 10 266 6048 900 450 450 13 1 2 3
4 10 320 504 900 450 450 13 1 2 1
4 10 322 1512 900 450 450 13 1 2 2
4 64 1 1344 878 438 440 13 1 1 1
4 64 2 672 900 450 450 13 1 1 1
4 64 4 1344 900 450 450 13 1 1 1
4 64 5 1344 900 450 450 13 1 1 1
4 64 8 1008 900 450 450 13 1 1 1
4 64 10 2016 900 450 450 13 1 1 2
4 64 11 4032 878 438 440 13 1 1 2
4 64 12 8064 900 450 450 13 1 1 2
4 64 13 8064 900 450 450 13 1 1 2
4 64 16 504 900 450 450 13 1 1 1
4 64 20 4032 900 450 450 13 1 1 2
4 64 21 4032 900 450 450 13 1 1 2
4 64 32 1008 900 450 450 13 1 1 1
4 64 33 8064 888 444 444 13 1 1 2
4 64 34 2016 900 450 450 13 1 1 2
4 64 40 1008 900 450 450 13 1 1 1
4 64 42 2016 900 450 450 13 1 1 2
4 64 80 1008 900 450 450 13 1 1 2
4 64 84 8064 900 450 450 13 1 1 3
4 64 85 8064 900 450 450 13 1 1 3
4 64 96 4032 900 450 450 13 1 1 2
4 64 98 4032 900 450 450 13 1 1 3
4 64 99 8064 888 444 444 13 1 1 3
4 64 160 1008 900 450 450 13 1 1 2
4 64 168 1008 900 450 450 13 1 1 2
4 66 1 12096 878 438 440 13 1 2 1
4 66 2 6048 900 450 450 13 1 2 1
4 66 4 12096 900 450 450 13 1 2 1
4 66 5 12096 900 450 450 13 1 2 1
4 66 8 6048 900 450 450 13 1 2 1
4 66 10 12096 900 450 450 13 1 2 2
4 66 11 24192 878 438 440 13 1 2 2
4 66 12 48384 900 450 450 13 1 2 2
4 66 13 48384 900 450 450 13 1 2 2
4 66 16 3024 900 450 450 13 1 2 1
4 66 20 24192 900 450 450 13 1 2 2
4 66 21 24192 900 450 450 13 1 2 2
4 66 32 6048 900 450 450 13 1 2 1
4 66 33 48384 888 444 444 13 1 2 2
4 66 34 12096 900 450 450 13 1 2 2
4 66 40 6048 900 450 450 13 1 2 1
4 66 42 12096 900 450 450 13 1 2 2
4 66 64 3024 900 450 450 13 1 2 1
4 66 66 6048 900 450 450 13 1 2 2
4 66 67 12096 878 438 440 13 1 2 2
4 66 68 24192 900 450 450 13 1 2 2
4 66 69 24192 900 450 450 13 1 2 2
4 66 80 3024 900 450 450 13 1 2 2
4 66 84 24192 900 450 450 13 1 2 3
4 66 85 24192 900 450 450 13 1 2 3
4 66 88 6048 900 450 450 13 1 2 2
4 66 92 48384 900 450 450 13 1 2 3
4 66 93 48384 900 450 450 13 1 2 3
4 66 96 12096 900 450 450 13 1 2 2
4 66 98 12096 900 450 450 13 1 2 3
4 66 99 48384 888 444 444 13 1 2 3
4 66 104 12096 900 450 450 13 1 2 2
4 66 106 12096 900 450 450 13 1 2 3
4 66 128 1512 900 450 450 13 1 2 1
4 66 132 12096 900 450 450 13 1 2 2
4 66 133 12096 900 450 450 13 1 2 2
4 66 160 6048 900 450 450 13 1 2 2
4 66 168 6048 900 450 450 13 1 2 2
4 66 256 3024 900 450 450 13 1 2 1
4 66 257 24192 888 444 444 13 1 2 2
4 66 258 6048 900 450 450 13 1 2 2
4 66 264 12096 900 450 450 13 1 2 2
4 66 266 12096 900 450 450 13 1 2 3
4 66 267 24192 888 444 444 13 1 2 3
4 66 272 3024 900 450 450 13 1 2 2
4 66 320 3024 900 450 450 13 1 2 1
4 66 322 6048 900 450 450 13 1 2 2
4 66 336 3024 900 450 450 13 1 2 2
4 84 1 8064 878 438 440 13 1 3 1
4 84 2 4032 900 450 450 13 1 3 1
4 84 4 8064 900 450 450 13 1 3 1
4 84 5 8064 900 450 450 13 1 3 1
4 84 8 6048 900 450 450 13 1 3 1
4 84 10 12096 900 450 450 13 1 3 2
4 84 11 24192 878 438 440 13 1 3 2
4 84 12 48384 900 450 450 13 1 3 2
4 84 13 48384 900 450 450 13 1 3 2
4 84 16 3024 900 450 450 13 1 3 1
4 84 20 24192 900 450 450 13 1 3 2
4 84 21 24192 900 450 450 13 1 3 2
4 84 32 6048 900 450 450 13 1 3 1
4 84 33 48384 888 444 444 13 1 3 2
4 84 34 12096 900 450 450 13 1 3 2
4 84 40 6048 900 450 450 13 1 3 1
4 84 42 12096 900 450 450 13 1 3 2
4 84 80 6048 900 450 450 13 1 3 2
4 84 84 48384 900 450 450 13 1 3 3
4 84 85 48384 900 450 450 13 1 3 3
4 84 96 24192 900 450 450 13 1 3 2
4 84 98 24192 900 450 450 13 1 3 3
4 84 99 48384 888 444 444 13 1 3 3
4 84 160 6048 900 450 450 13 1 3 2
4 84 168 6048 900 450 450 13 1 3 2
10 1 1 8064 900 450 450 13 2 1 1
10 1 2 16128 900 450 450 13 2 1 1
10 1 4 8064 900 450 450 13 2 1 1
10 1 5 8064 900 450 450 13 2 1 1
10 1 6 16128 900 450 450 13 2 1 1
10 1 8 6048 900 450 450 13 2 1 1
10 1 10 48384 900 450 450 13 2 1 2
10 1 12 24192 900 450 450 13 2 1 2
10 1 13 24192 900 450 450 13 2 1 2
10 1 14 48384 900 450 450 13 2 1 2
10 1 16 12096 900 450 450 13 2 1 1
10 1 17 24192 900 450 450 13 2 1 2
10 1 20 48384 900 450 450 13 2 1 2
10 1 21 48384 900 450 450 13 2 1 2
10 1 22 48384 900 450 450 13 2 1 2
10 1 23 48384 900 450 450 13 2 1 2
10 1 32 6048 900 450 450 13 2 1 1
10 1 33 24192 900 450 450 13 2 1 2
10 1 34 48384 900 450 450 13 2 1 2
10 1 40 6048 900 450 450 13 2 1 1
10 1 42 48384 900 450 450 13 2 1 2
10 1 48 12096 900 450 450 13 2 1 1
10 1 49 24192 900 450 450 13 2 1 2
10 1 80 12096 900 450 450 13 2 1 2
10 1 84 48384 900 450 450 13 2 1 3
10 1 85 48384 900 450 450 13 2 1 3
10 1 86 96768 900 450 450 13 2 1 3
10 1 96 12096 900 450 450 13 2 1 2
10 1 98 96768 900 450 450 13 2 1 3
10 1 112 12096 900 450 450 13 2 1 2
10 1 160 24192 900 450 450 13 2 1 2
10 1 161 48384 900 450 450 13 2 1 3
10 1 168 24192 900 450 450 13 2 1 2
10 10 1 48384 900 450 450 13 2 2 1
10 10 2 24192 900 450 450 13 2 2 1
10 10 4 24192 900 450 450 13 2 2 1
10 10 5 48384 900 450 450 13 2 2 1
10 10 6 24192 900 450 450 13 2 2 1
10 10 10 48384 900 450 450 13 2 2 2
10 10 11 32256 900 450 450 13 2 2 2
10 10 12 96768 900 450 450 13 2 2 2
10 10 13 96768 900 450 450 13 2 2 2
10 10 14 96768 900 450 450 13 2 2 2
10 10 15 96768 900 450 450 13 2 2 2
10 10 17 16128 900 450 450 13 2 2 2
10 10 20 96768 900 450 450 13 2 2 2
10 10 21 48384 900 450 450 13 2 2 2
10 10 23 48384 900 450 450 13 2 2 2
10 10 64 12096 900 450 450 13 2 2 1
10 10 66 24192 900 450 450 13 2 2 2
10 10 67 48384 900 450 450 13 2 2 2
10 10 68 48384 900 450 450 13 2 2 2
10 10 69 48384 900 450 450 13 2 2 2
10 10 70 48384 900 450 450 13 2 2 2
10 10 71 48384 900 450 450 13 2 2 2
10 10 84 96768 900 450 450 13 2 2 3
10 10 85 48384 900 450 450 13 2 2 3
10 10 87 48384 900 450 450 13 2 2 3
10 10 92 96768 900 450 450 13 2 2 3
10 10 93 96768 900 450 450 13 2 2 3
10 10 94 96768 900 450 450 13 2 2 3
10 10 95 96768 900 450 450 13 2 2 3
10 10 96 24192 900 450 450 13 2 2 2
10 10 104 24192 900 450 450 13 2 2 2
10 10 112 48384 900 450 450 13 2 2 2
10 10 256 4032 900 450 450 13 2 2 1
10 10 257 48384 900 450 450 13 2 2 2
10 10 258 24192 900 450 450 13 2 2 2
10 10 266 48384 900 450 450 13 2 2 3
10 10 267 32256 900 450 450 13 2 2 3
10 10 273 16128 900 450 450 13 2 2 3
10 10 320 12096 900 450 450 13 2 2 1
10 10 322 24192 900 450 450 13 2 2 2
10 10 323 48384 900 450 450 13 2 2 2
10 64 1 8064 900 450 450 13 2 1 1
10 64 4 2688 906 453 453 13 2 1 1
10 64 5 8064 906 453 453 13 2 1 1
10 64 8 6048 900 450 450 13 2 1 1
10 64 10 24192 900 450 450 13 2 1 2
10 64 12 24192 906 453 453 13 2 1 2
10 64 13 24192 906 453 453 13 2 1 2
10 64 14 48384 906 453 453 13 2 1 2
10 64 32 2016 906 453 453 13 2 1 1
10 64 33 24192 906 453 453 13 2 1 2
10 64 40 6048 906 453 453 13 2 1 1
10 64 42 24192 906 453 453 13 2 1 2
10 64 80 4032 900 450 450 13 2 1 2
10 64 84 16128 906 453 453 13 2 1 3
10 64 85 48384 906 453 453 13 2 1 3
10 64 96 12096 906 453 453 13 2 1 2
10 64 98 48384 906 453 453 13 2 1 3
10 64 112 12096 906 453 453 13 2 1 2
10 65 1 8064 900 450 450 13 2 1 1
10 65 2 16128 900 450 450 13 2 1 1
10 65 4 8064 906 453 453 13 2 1 1
10 65 5 8064 906 453 453 13 2 1 1
10 65 6 16128 906 453 453 13 2 1 1
10 65 8 6048 900 450 450 13 2 1 1
10 65 10 48384 900 450 450 13 2 1 2
10 65 12 24192 906 453 453 13 2 1 2
10 65 13 24192 906 453 453 13 2 1 2
10 65 14 48384 906 453 453 13 2 1 2
10 65 16 12096 900 450 450 13 2 1 1
10 65 17 24192 900 450 450 13 2 1 2
10 65 20 48384 906 453 453 13 2 1 2
10 65 21 48384 906 453 453 13 2 1 2
10 65 22 48384 906 453 453 13 2 1 2
10 65 23 48384 906 453 453 13 2 1 2
10 65 32 6048 906 453 453 13 2 1 1
10 65 33 24192 906 453 453 13 2 1 2
10 65 34 48384 906 453 453 13 2 1 2
10 65 40 6048 906 453 453 13 2 1 1
10 65 42 48384 906 453 453 13 2 1 2
10 65 48 12096 906 453 453 13 2 1 1
10 65 49 24192 906 453 453 13 2 1 2
10 65 80 12096 900 450 450 13 2 1 2
10 65 84 48384 906 453 453 13 2 1 3
10 65 85 48384 906 453 453 13 2 1 3
10 65 86 96768 906 453 453 13 2 1 3
10 65 96 12096 906 453 453 13 2 1 2
10 65 98 96768 906 453 453 13 2 1 3
10 65 112 12096 906 453 453 13 2 1 2
10 65 160 24192 906 453 453 13 2 1 2
10 65 161 48384 906 453 453 13 2 1 3
10 65 168 24192 906 453 453 13 2 1 2
10 66 1 24192 900 450 450 13 2 2 1
10 66 2 48384 900 450 450 13 2 2 1
10 66 4 24192 906 453 453 13 2 2 1
10 66 5 24192 906 453 453 13 2 2 1
10 66 6 48384 906 453 453 13 2 2 1
10 66 8 24192 900 450 450 13 2 2 1
10 66 9 24192 900 450 450 13 2 2 1
10 66 10 96768 900 450 450 13 2 2 2
10 66 12 48384 906 453 453 13 2 2 2
10 66 13 48384 906 453 453 13 2 2 2
10 66 14 96768 906 453 453 13 2 2 2
10 66 16 48384 900 450 450 13 2 2 1
10 66 17 96768 900 450 450 13 2 2 2
10 66 18 48384 900 450 450 13 2 2 1
10 66 19 96768 900 450 450 13 2 2 2
10 66 20 96768 906 453 453 13 2 2 2
10 66 21 96768 906 453 453 13 2 2 2
10 66 22 96768 906 453 453 13 2 2 2
10 66 23 96768 906 453 453 13 2 2 2
10 66 32 24192 906 453 453 13 2 2 1
10 66 33 48384 906 453 453 13 2 2 2
10 66 34 96768 906 453 453 13 2 2 2
10 66 36 24192 906 453 453 13 2 2 1
10 66 37 48384 906 453 453 13 2 2 2
10 66 38 96768 906 453 453 13 2 2 2
10 66 40 24192 906 453 453 13 2 2 1
10 66 41 48384 906 453 453 13 2 2 2
10 66 42 96768 906 453 453 13 2 2 2
10 66 44 48384 906 453 453 13 2 2 2
10 66 45 24192 906 453 453 13 2 2 1
10 66 46 96768 906 453 453 13 2 2 2
10 66 48 48384 906 453 453 13 2 2 1
10 66 49 96768 906 453 453 13 2 2 2
10 66 50 96768 906 453 453 13 2 2 2
10 66 51 96768 906 453 453 13 2 2 2
10 66 52 96768 906 453 453 13 2 2 2
10 66 53 96768 906 453 453 13 2 2 2
10 66 54 48384 906 453 453 13 2 2 1
10 66 55 96768 906 453 453 13 2 2 2
10 66 64 12096 900 450 450 13 2 2 1
10 66 66 48384 900 450 450 13 2 2 2
10 66 68 24192 906 453 453 13 2 2 2
10 66 69 24192 906 453 453 13 2 2 2
10 66 70 48384 906 453 453 13 2 2 2
10 66 80 48384 900 450 450 13 2 2 2
10 66 82 48384 900 450 450 13 2 2 2
10 66 84 96768 906 453 453 13 2 2 3
10 66 85 96768 906 453 453 13 2 2 3
10 66 86 96768 906 453 453 13 2 2 3
10 66 87 96768 906 453 453 13 2 2 3
10 66 96 24192 906 453 453 13 2 2 2
10 66 98 96768 906 453 453 13 2 2 3
10 66 100 24192 906 453 453 13 2 2 2
10 66 102 96768 906 453 453 13 2 2 3
10 66 104 24192 906 453 453 13 2 2 2
10 66 106 96768 906 453 453 13 2 2 3
10 66 109 24192 906 453 453 13 2 2 2
10 66 110 96768 906 453 453 13 2 2 3
10 66 112 48384 906 453 453 13 2 2 2
10 66 114 96768 906 453 453 13 2 2 3
10 66 115 96768 906 453 453 13 2 2 3
10 66 116 96768 906 453 453 13 2 2 3
10 66 117 96768 906 453 453 13 2 2 3
10 66 118 48384 906 453 453 13 2 2 2
10 66 128 24192 900 450 450 13 2 2 1
10 66 129 24192 900 450 450 13 2 2 2
10 66 132 48384 906 453 453 13 2 2 2
10 66 133 48384 906 453 453 13 2 2 2
10 66 134 48384 906 453 453 13 2 2 2
10 66 135 48384 906 453 453 13 2 2 2
10 66 136 24192 900 450 450 13 2 2 2
10 66 137 24192 900 450 450 13 2 2 2
10 66 140 48384 906 453 453 13 2 2 3
10 66 141 48384 906 453 453 13 2 2 3
10 66 142 96768 906 453 453 13 2 2 3
10 66 160 48384 906 453 453 13 2 2 2
10 66 161 48384 906 453 453 13 2 2 3
10 66 164 48384 906 453 453 13 2 2 2
10 66 165 48384 906 453 453 13 2 2 3
10 66 168 48384 906 453 453 13 2 2 2
10 66 169 48384 906 453 453 13 2 2 3
10 66 172 48384 906 453 453 13 2 2 3
10 66 173 48384 906 453 453 13 2 2 2
10 66 176 48384 906 453 453 13 2 2 2
10 66 177 96768 906 453 453 13 2 2 3
10 66 182 48384 906 453 453 13 2 2 2
10 66 183 96768 906 453 453 13 2 2 3
10 66 184 48384 906 453 453 13 2 2 2
10 66 191 48384 906 453 453 13 2 2 2
10 66 256 12096 906 453 453 13 2 2 1
10 66 257 24192 906 453 453 13 2 2 2
10 66 258 48384 906 453 453 13 2 2 2
10 66 264 24192 906 453 453 13 2 2 2
10 66 265 24192 906 453 453 13 2 2 2
10 66 266 96768 906 453 453 13 2 2 3
10 66 272 48384 906 453 453 13 2 2 2
10 66 273 96768 906 453 453 13 2 2 3
10 66 274 48384 906 453 453 13 2 2 2
10 66 275 96768 906 453 453 13 2 2 3
10 66 320 12096 906 453 453 13 2 2 1
10 66 322 48384 906 453 453 13 2 2 2
10 66 336 48384 906 453 453 13 2 2 2
10 66 338 48384 906 453 453 13 2 2 2
10 66 384 24192 906 453 453 13 2 2 1
10 66 385 24192 906 453 453 13 2 2 2
10 66 392 24192 906 453 453 13 2 2 2
10 66 393 24192 906 453 453 13 2 2 2
10 74 1 48384 900 450 450 13 2 2 1
10 74 2 48384 900 450 450 13 2 2 1
10 74 3 48384 900 450 450 13 2 2 1
10 74 4 48384 906 453 453 13 2 2 1
10 74 5 48384 906 453 453 13 2 2 1
10 74 6 48384 906 453 453 13 2 2 1
10 74 7 48384 906 453 453 13 2 2 1
10 74 8 24192 900 450 450 13 2 2 1
10 74 10 96768 900 450 450 13 2 2 2
10 74 11 96768 900 450 450 13 2 2 2
10 74 12 96768 906 453 453 13 2 2 2
10 74 13 96768 906 453 453 13 2 2 2
10 74 14 96768 906 453 453 13 2 2 2
10 74 15 96768 906 453 453 13 2 2 2
10 74 16 48384 900 450 450 13 2 2 1
10 74 17 48384 900 450 450 13 2 2 2
10 74 20 96768 906 453 453 13 2 2 2
10 74 21 96768 906 453 453 13 2 2 2
10 74 22 96768 906 453 453 13 2 2 2
10 74 23 96768 906 453 453 13 2 2 2
10 74 25 48384 900 450 450 13 2 2 2
10 74 28 96768 906 453 453 13 2 2 2
10 74 29 96768 906 453 453 13 2 2 2
10 74 30 96768 906 453 453 13 2 2 2
10 74 31 96768 906 453 453 13 2 2 2
10 74 32 24192 906 453 453 13 2 2 1
10 74 33 96768 906 453 453 13 2 2 2
10 74 34 96768 906 453 453 13 2 2 2
10 74 35 96768 906 453 453 13 2 2 2
10 74 40 24192 906 453 453 13 2 2 1
10 74 42 96768 906 453 453 13 2 2 2
10 74 43 96768 906 453 453 13 2 2 2
10 74 48 48384 906 453 453 13 2 2 1
10 74 49 48384 906 453 453 13 2 2 2
10 74 57 48384 906 453 453 13 2 2 2
10 74 64 12096 900 450 450 13 2 2 1
10 74 66 48384 900 450 450 13 2 2 2
10 74 67 48384 900 450 450 13 2 2 2
10 74 68 48384 906 453 453 13 2 2 2
10 74 69 48384 906 453 453 13 2 2 2
10 74 70 48384 906 453 453 13 2 2 2
10 74 71 48384 906 453 453 13 2 2 2
10 74 80 48384 900 450 450 13 2 2 2
10 74 84 96768 906 453 453 13 2 2 3
10 74 85 96768 906 453 453 13 2 2 3
10 74 86 96768 906 453 453 13 2 2 3
10 74 87 96768 906 453 453 13 2 2 3
10 74 92 96768 906 453 453 13 2 2 3
10 74 93 96768 906 453 453 13 2 2 3
10 74 94 96768 906 453 453 13 2 2 3
10 74 95 96768 906 453 453 13 2 2 3
10 74 96 24192 906 453 453 13 2 2 2
10 74 98 96768 906 453 453 13 2 2 3
10 74 99 96768 906 453 453 13 2 2 3
10 74 104 24192 906 453 453 13 2 2 2
10 74 106 96768 906 453 453 13 2 2 3
10 74 107 96768 906 453 453 13 2 2 3
10 74 112 48384 906 453 453 13 2 2 2
10 74 128 24192 900 450 450 13 2 2 1
10 74 129 48384 900 450 450 13 2 2 2
10 74 132 48384 906 453 453 13 2 2 2
10 74 133 48384 906 453 453 13 2 2 2
10 74 134 48384 906 453 453 13 2 2 2
10 74 135 48384 906 453 453 13 2 2 2
10 74 136 24192 900 450 450 13 2 2 2
10 74 140 96768 906 453 453 13 2 2 3
10 74 141 96768 906 453 453 13 2 2 3
10 74 142 96768 906 453 453 13 2 2 3
10 74 143 96768 906 453 453 13 2 2 3
10 74 160 48384 906 453 453 13 2 2 2
10 74 161 96768 906 453 453 13 2 2 3
10 74 164 48384 906 453 453 13 2 2 2
10 74 168 48384 906 453 453 13 2 2 2
10 74 173 48384 906 453 453 13 2 2 2
10 74 176 48384 906 453 453 13 2 2 2
10 74 177 48384 906 453 453 13 2 2 3
10 74 182 48384 906 453 453 13 2 2 2
10 74 184 48384 906 453 453 13 2 2 2
10 74 185 48384 906 453 453 13 2 2 3
10 74 191 48384 906 453 453 13 2 2 2
10 74 256 12096 906 453 453 13 2 2 1
10 74 257 48384 906 453 453 13 2 2 2
10 74 258 48384 906 453 453 13 2 2 2
10 74 259 48384 906 453 453 13 2 2 2
10 74 264 24192 906 453 453 13 2 2 2
10 74 266 96768 906 453 453 13 2 2 3
10 74 267 96768 906 453 453 13 2 2 3
10 74 272 48384 906 453 453 13 2 2 2
10 74 273 48384 906 453 453 13 2 2 3
10 74 281 48384 906 453 453 13 2 2 3
10 74 320 12096 906 453 453 13 2 2 1
10 74 322 48384 906 453 453 13 2 2 2
10 74 323 48384 906 453 453 13 2 2 2
10 74 336 48384 906 453 453 13 2 2 2
10 74 384 24192 906 453 453 13 2 2 1
10 74 385 48384 906 453 453 13 2 2 2
10 74 392 24192 906 453 453 13 2 2 2
10 84 1 48384 900 450 450 13 2 3 1
10 84 4 16128 906 453 453 13 2 3 1
10 84 5 48384 906 453 453 13 2 3 1
10 84 8 96768 900 450 450 13 2 3 1
10 84 9 96768 900 450 450 13 2 3 1
10 84 10 96768 900 450 450 13 2 3 2
10 84 11 96768 900 450 450 13 2 3 2
10 84 12 96768 906 453 453 13 2 3 2
10 84 13 96768 906 453 453 13 2 3 2
10 84 14 96768 906 453 453 13 2 3 2
10 84 15 96768 906 453 453 13 2 3 2
10 84 16 48384 900 450 450 13 2 3 1
10 84 17 96768 900 450 450 13 2 3 2
10 84 18 48384 900 450 450 13 2 3 1
10 84 20 48384 906 453 453 13 2 3 2
10 84 21 96768 906 453 453 13 2 3 2
10 84 22 48384 906 453 453 13 2 3 2
10 84 32 48384 906 453 453 13 2 3 1
10 84 33 96768 906 453 453 13 2 3 2
10 84 34 48384 906 453 453 13 2 3 2
10 84 36 48384 906 453 453 13 2 3 1
10 84 37 96768 906 453 453 13 2 3 2
10 84 38 48384 906 453 453 13 2 3 2
10 84 40 96768 906 453 453 13 2 3 1
10 84 41 96768 906 453 453 13 2 3 2
10 84 42 96768 906 453 453 13 2 3 2
10 84 43 96768 906 453 453 13 2 3 2
10 84 44 96768 906 453 453 13 2 3 2
10 84 45 96768 906 453 453 13 2 3 1
10 84 46 96768 906 453 453 13 2 3 2
10 84 47 96768 906 453 453 13 2 3 2
10 84 48 48384 906 453 453 13 2 3 1
10 84 49 96768 906 453 453 13 2 3 2
10 84 50 48384 906 453 453 13 2 3 2
10 84 52 48384 906 453 453 13 2 3 2
10 84 53 96768 906 453 453 13 2 3 2
10 84 54 48384 906 453 453 13 2 3 1
10 84 80 48384 900 450 450 13 2 3 2
10 84 81 96768 900 450 450 13 2 3 2
10 84 83 48384 900 450 450 13 2 3 2
10 84 84 48384 906 453 453 13 2 3 3
10 84 85 96768 906 453 453 13 2 3 3
10 84 87 48384 906 453 453 13 2 3 3
10 84 88 32256 900 450 450 13 2 3 2
10 84 89 96768 900 450 450 13 2 3 2
10 84 92 32256 906 453 453 13 2 3 3
10 84 93 96768 906 453 453 13 2 3 3
10 84 96 96768 906 453 453 13 2 3 2
10 84 97 96768 906 453 453 13 2 3 2
10 84 98 96768 906 453 453 13 2 3 3
10 84 99 96768 906 453 453 13 2 3 3
10 84 100 96768 906 453 453 13 2 3 2
10 84 101 96768 906 453 453 13 2 3 2
10 84 102 96768 906 453 453 13 2 3 3
10 84 103 96768 906 453 453 13 2 3 3
10 84 104 96768 906 453 453 13 2 3 2
10 84 105 96768 906 453 453 13 2 3 2
10 84 106 96768 906 453 453 13 2 3 3
10 84 107 96768 906 453 453 13 2 3 3
10 84 108 96768 906 453 453 13 2 3 2
10 84 109 96768 906 453 453 13 2 3 2
10 84 110 96768 906 453 453 13 2 3 3
10 84 111 96768 906 453 453 13 2 3 3
10 84 112 96768 906 453 453 13 2 3 2
10 84 113 96768 906 453 453 13 2 3 2
10 84 114 96768 906 453 453 13 2 3 3
10 84 115 96768 906 453 453 13 2 3 3
10 84 116 96768 906 453 453 13 2 3 3
10 84 117 96768 906 453 453 13 2 3 3
10 84 118 96768 906 453 453 13 2 3 2
10 84 119 96768 906 453 453 13 2 3 2
10 84 120 96768 906 453 453 13 2 3 2
10 84 121 96768 906 453 453 13 2 3 2
10 84 122 96768 906 453 453 13 2 3 3
10 84 123 96768 906 453 453 13 2 3 3
10 84 124 96768 906 453 453 13 2 3 3
10 84 125 96768 906 453 453 13 2 3 3
10 84 126 96768 906 453 453 13 2 3 2
10 84 127 96768 906 453 453 13 2 3 2
10 84 136 16128 900 450 450 13 2 3 2
10 84 137 48384 900 450 450 13 2 3 2
10 84 140 16128 906 453 453 13 2 3 3
10 84 141 48384 906 453 453 13 2 3 3
10 84 160 96768 906 453 453 13 2 3 2
10 84 161 96768 906 453 453 13 2 3 3
10 84 162 96768 906 453 453 13 2 3 2
10 84 163 96768 906 453 453 13 2 3 3
10 84 164 96768 906 453 453 13 2 3 2
10 84 165 96768 906 453 453 13 2 3 3
10 84 166 96768 906 453 453 13 2 3 2
10 84 167 96768 906 453 453 13 2 3 3
10 84 168 48384 906 453 453 13 2 3 2
10 84 169 96768 906 453 453 13 2 3 3
10 84 170 48384 906 453 453 13 2 3 2
10 84 172 48384 906 453 453 13 2 3 3
10 84 173 96768 906 453 453 13 2 3 2
10 84 174 48384 906 453 453 13 2 3 3
10 84 184 48384 906 453 453 13 2 3 2
10 84 185 96768 906 453 453 13 2 3 3
10 84 186 48384 906 453 453 13 2 3 2
10 84 188 48384 906 453 453 13 2 3 3
10 84 189 96768 906 453 453 13 2 3 2
10 84 190 48384 906 453 453 13 2 3 3
12 1 1 4032 900 450 450 13 2 1 1
12 1 2 8064 900 450 450 13 2 1 1
12 1 4 4032 900 450 450 13 2 1 1
12 1 5 4032 900 450 450 13 2 1 1
12 1 6 8064 900 450 450 13 2 1 1
12 1 8 3024 900 450 450 13 2 1 1
12 1 10 24192 900 450 450 13 2 1 2
12 1 12 12096 900 450 450 13 2 1 2
12 1 13 12096 900 450 450 13 2 1 2
12 1 14 24192 900 450 450 13 2 1 2
12 1 16 6048 900 450 450 13 2 1 1
12 1 17 12096 900 450 450 13 2 1 2
12 1 20 24192 900 450 450 13 2 1 2
12 1 21 24192 900 450 450 13 2 1 2
12 1 22 24192 900 450 450 13 2 1 2
12 1 23 24192 900 450 450 13 2 1 2
12 1 32 3024 900 450 450 13 2 1 1
12 1 33 12096 900 450 450 13 2 1 2
12 1 34 24192 900 450 450 13 2 1 2
12 1 40 3024 900 450 450 13 2 1 1
12 1 42 24192 900 450 450 13 2 1 2
12 1 48 6048 900 450 450 13 2 1 1
12 1 49 12096 900 450 450 13 2 1 2
12 1 80 6048 900 450 450 13 2 1 2
12 1 84 24192 900 450 450 13 2 1 3
12 1 85 24192 900 450 450 13 2 1 3
12 1 86 48384 900 450 450 13 2 1 3
12 1 96 6048 900 450 450 13 2 1 2
12 1 98 48384 900 450 450 13 2 1 3
12 1 112 6048 900 450 450 13 2 1 2
12 1 160 12096 900 450 450 13 2 1 2
12 1 161 24192 900 450 450 13 2 1 3
12 1 168 12096 900 450 450 13 2 1 2
12 8 1 2016 900 450 450 13 2 1 1
12 8 2 4032 900 450 450 13 2 1 1
12 8 4 2016 900 450 450 13 2 1 1
12 8 5 2016 900 450 450 13 2 1 1
12 8 6 4032 900 450 450 13 2 1 1
12 8 8 1512 900 450 450 13 2 1 1
12 8 10 12096 900 450 450 13 2 1 2
12 8 12 6048 900 450 450 13 2 1 2
12 8 13 6048 900 450 450 13 2 1 2
12 8 14 12096 900 450 450 13 2 1 2
12 8 16 3024 900 450 450 13 2 1 1
12 8 17 6048 900 450 450 13 2 1 2
12 8 20 12096 900 450 450 13 2 1 2
12 8 21 12096 900 450 450 13 2 1 2
12 8 22 12096 900 450 450 13 2 1 2
12 8 23 12096 900 450 450 13 2 1 2
12 8 32 1512 900 450 450 13 2 1 1
12 8 33 6048 900 450 450 13 2 1 2
12 8 34 12096 900 450 450 13 2 1 2
12 8 40 1512 900 450 450 13 2 1 1
12 8 42 12096 900 450 450 13 2 1 2
12 8 48 3024 900 450 450 13 2 1 1
12 8 49 6048 900 450 450 13 2 1 2
12 8 80 3024 900 450 450 13 2 1 2
12 8 84 12096 900 450 450 13 2 1 3
12 8 85 12096 900 450 450 13 2 1 3
12 8 86 24192 900 450 450 13 2 1 3
12 8 96 3024 900 450 450 13 2 1 2
12 8 98 24192 900 450 450 13 2 1 3
12 8 112 3024 900 450 450 13 2 1 2
12 8 160 6048 900 450 450 13 2 1 2
12 8 161 12096 900 450 450 13 2 1 3
12 8 168 6048 900 450 450 13 2 1 2
12 10 1 6048 900 450 450 13 2 2 1
12 10 2 12096 900 450 450 13 2 2 1
12 10 4 6048 900 450 450 13 2 2 1
12 10 5 6048 900 450 450 13 2 2 1
12 10 6 12096 900 450 450 13 2 2 1
12 10 8 12096 900 450 450 13 2 2 1
12 10 10 24192 900 450 450 13 2 2 2
12 10 12 24192 900 450 450 13 2 2 2
12 10 14 24192 900 450 450 13 2 2 2
12 10 16 24192 900 450 450 13 2 2 1
12 10 17 48384 900 450 450 13 2 2 2
12 10 20 48384 900 450 450 13 2 2 2
12 10 21 48384 900 450 450 13 2 2 2
12 10 32 12096 900 450 450 13 2 2 1
12 10 33 24192 900 450 450 13 2 2 2
12 10 34 48384 900 450 450 13 2 2 2
12 10 40 12096 900 450 450 13 2 2 1
12 10 41 24192 900 450 450 13 2 2 2
12 10 42 48384 900 450 450 13 2 2 2
12 10 48 24192 900 450 450 13 2 2 1
12 10 49 48384 900 450 450 13 2 2 2
12 10 50 48384 900 450 450 13 2 2 2
12 10 51 48384 900 450 450 13 2 2 2
12 10 64 3024 900 450 450 13 2 2 1
12 10 66 12096 900 450 450 13 2 2 2
12 10 68 6048 900 450 450 13 2 2 2
12 10 69 6048 900 450 450 13 2 2 2
12 10 70 12096 900 450 450 13 2 2 2
12 10 80 24192 900 450 450 13 2 2 2
12 10 84 48384 900 450 450 13 2 2 3
12 10 85 48384 900 450 450 13 2 2 3
12 10 96 12096 900 450 450 13 2 2 2
12 10 98 48384 900 450 450 13 2 2 3
12 10 104 12096 900 450 450 13 2 2 2
12 10 106 48384 900 450 450 13 2 2 3
12 10 112 24192 900 450 450 13 2 2 2
12 10 114 48384 900 450 450 13 2 2 3
12 10 115 48384 900 450 450 13 2 2 3
12 10 128 6048 900 450 450 13 2 2 1
12 10 129 6048 900 450 450 13 2 2 2
12 10 132 12096 900 450 450 13 2 2 2
12 10 133 12096 900 450 450 13 2 2 2
12 10 134 12096 900 450 450 13 2 2 2
12 10 135 12096 900 450 450 13 2 2 2
12 10 136 12096 900 450 450 13 2 2 2
12 10 140 24192 900 450 450 13 2 2 3
12 10 142 24192 900 450 450 13 2 2 3
12 10 160 24192 900 450 450 13 2 2 2
12 10 161 24192 900 450 450 13 2 2 3
12 10 168 24192 900 450 450 13 2 2 2
12 10 169 24192 900 450 450 13 2 2 3
12 10 176 24192 900 450 450 13 2 2 2
12 10 177 48384 900 450 450 13 2 2 3
12 10 184 24192 900 450 450 13 2 2 2
12 10 256 3024 900 450 450 13 2 2 1
12 10 257 6048 900 450 450 13 2 2 2
12 10 258 12096 900 450 450 13 2 2 2
12 10 264 12096 900 450 450 13 2 2 2
12 10 266 24192 900 450 450 13 2 2 3
12 10 272 24192 900 450 450 13 2 2 2
12 10 273 48384 900 450 450 13 2 2 3
12 10 320 3024 900 450 450 13 2 2 1
12 10 322 12096 900 450 450 13 2 2 2
12 10 336 24192 900 450 450 13 2 2 2
12 10 384 6048 900 450 450 13 2 2 1
12 10 385 6048 900 450 450 13 2 2 2
12 10 392 12096 900 450 450 13 2 2 2
12 64 1 8064 900 450 450 13 2 1 1
12 64 2 8064 900 450 450 13 2 1 1
12 64 3 8064 900 450 450 13 2 1 1
12 64 4 8064 906 453 453 13 2 1 1
12 64 5 8064 906 453 453 13 2 1 1
12 64 6 8064 906 453 453 13 2 1 1
12 64 7 8064 906 453 453 13 2 1 1
12 64 8 6048 900 450 450 13 2 1 1
12 64 10 24192 900 450 450 13 2 1 2
12 64 11 24192 900 450 450 13 2 1 2
12 64 12 24192 906 453 453 13 2 1 2
12 64 13 24192 906 453 453 13 2 1 2
12 64 14 24192 906 453 453 13 2 1 2
12 64 15 24192 906 453 453 13 2 1 2
12 64 16 6048 900 450 450 13 2 1 1
12 64 17 24192 900 450 450 13 2 1 2
12 64 20 24192 906 453 453 13 2 1 2
12 64 21 24192 906 453 453 13 2 1 2
12 64 22 24192 906 453 453 13 2 1 2
12 64 23 24192 906 453 453 13 2 1 2
12 64 24 6048 900 450 450 13 2 1 1
12 64 28 24192 906 453 453 13 2 1 2
12 64 29 24192 906 453 453 13 2 1 2
12 64 30 24192 906 453 453 13 2 1 2
12 64 31 24192 906 453 453 13 2 1 2
12 64 32 6048 906 453 453 13 2 1 1
12 64 33 24192 906 453 453 13 2 1 2
12 64 34 24192 906 453 453 13 2 1 2
12 64 35 24192 906 453 453 13 2 1 2
12 64 40 6048 906 453 453 13 2 1 1
12 64 42 24192 906 453 453 13 2 1 2
12 64 43 24192 906 453 453 13 2 1 2
12 64 48 6048 906 453 453 13 2 1 1
12 64 49 24192 906 453 453 13 2 1 2
12 64 56 6048 906 453 453 13 2 1 1
12 64 80 12096 900 450 450 13 2 1 2
12 64 84 48384 906 453 453 13 2 1 3
12 64 85 48384 906 453 453 13 2 1 3
12 64 86 48384 906 453 453 13 2 1 3
12 64 87 48384 906 453 453 13 2 1 3
12 64 96 12096 906 453 453 13 2 1 2
12 64 98 48384 906 453 453 13 2 1 3
12 64 99 48384 906 453 453 13 2 1 3
12 64 112 12096 906 453 453 13 2 1 2
12 64 160 12096 906 453 453 13 2 1 2
12 64 161 48384 906 453 453 13 2 1 3
12 64 168 12096 906 453 453 13 2 1 2
12 64 224 12096 906 453 453 13 2 1 2
12 64 232 12096 906 453 453 13 2 1 2
12 66 1 48384 900 450 450 13 2 2 1
12 66 2 48384 900 450 450 13 2 2 1
12 66 3 48384 900 450 450 13 2 2 1
12 66 4 48384 906 453 453 13 2 2 1
12 66 5 48384 906 453 453 13 2 2 1
12 66 6 48384 906 453 453 13 2 2 1
12 66 7 48384 906 453 453 13 2 2 1
12 66 8 24192 900 450 450 13 2 2 1
12 66 10 96768 900 450 450 13 2 2 2
12 66 11 96768 900 450 450 13 2 2 2
12 66 12 96768 906 453 453 13 2 2 2
12 66 13 96768 906 453 453 13 2 2 2
12 66 14 96768 906 453 453 13 2 2 2
12 66 15 96768 906 453 453 13 2 2 2
12 66 16 48384 900 450 450 13 2 2 1
12 66 17 48384 900 450 450 13 2 2 2
12 66 20 96768 906 453 453 13 2 2 2
12 66 21 96768 906 453 453 13 2 2 2
12 66 22 96768 906 453 453 13 2 2 2
12 66 23 96768 906 453 453 13 2 2 2
12 66 25 48384 900 450 450 13 2 2 2
12 66 28 96768 906 453 453 13 2 2 2
12 66 29 96768 906 453 453 13 2 2 2
12 66 30 96768 906 453 453 13 2 2 2
12 66 31 96768 906 453 453 13 2 2 2
12 66 32 24192 906 453 453 13 2 2 1
12 66 33 96768 906 453 453 13 2 2 2
12 66 34 96768 906 453 453 13 2 2 2
12 66 35 96768 906 453 453 13 2 2 2
12 66 40 24192 906 453 453 13 2 2 1
12 66 42 96768 906 453 453 13 2 2 2
12 66 43 96768 906 453 453 13 2 2 2
12 66 48 48384 906 453 453 13 2 2 1
12 66 49 48384 906 453 453 13 2 2 2
12 66 57 48384 906 453 453 13 2 2 2
12 66 64 12096 900 450 450 13 2 2 1
12 66 66 48384 900 450 450 13 2 2 2
12 66 67 48384 900 450 450 13 2 2 2
12 66 68 48384 906 453 453 13 2 2 2
12 66 69 48384 906 453 453 13 2 2 2
12 66 70 48384 906 453 453 13 2 2 2
12 66 71 48384 906 453 453 13 2 2 2
12 66 80 48384 900 450 450 13 2 2 2
12 66 84 96768 906 453 453 13 2 2 3
12 66 85 96768 906 453 453 13 2 2 3
12 66 86 96768 906 453 453 13 2 2 3
12 66 87 96768 906 453 453 13 2 2 3
12 66 92 96768 906 453 453 13 2 2 3
12 66 93 96768 906 453 453 13 2 2 3
12 66 94 96768 906 453 453 13 2 2 3
12 66 95 96768 906 453 453 13 2 2 3
12 66 96 24192 906 453 453 13 2 2 2
12 66 98 96768 906 453 453 13 2 2 3
12 66 99 96768 906 453 453 13 2 2 3
12 66 104 24192 906 453 453 13 2 2 2
12 66 106 96768 906 453 453 13 2 2 3
12 66 107 96768 906 453 453 13 2 2 3
12 66 112 48384 906 453 453 13 2 2 2
12 66 128 24192 900 450 450 13 2 2 1
12 66 129 48384 900 450 450 13 2 2 2
12 66 132 48384 906 453 453 13 2 2 2
12 66 133 48384 906 453 453 13 2 2 2
12 66 134 48384 906 453 453 13 2 2 2
12 66 135 48384 906 453 453 13 2 2 2
12 66 136 24192 900 450 450 13 2 2 2
12 66 140 96768 906 453 453 13 2 2 3
12 66 141 96768 906 453 453 13 2 2 3
12 66 142 96768 906 453 453 13 2 2 3
12 66 143 96768 906 453 453 13 2 2 3
12 66 160 48384 906 453 453 13 2 2 2
12 66 161 96768 906 453 453 13 2 2 3
12 66 164 48384 906 453 453 13 2 2 2
12 66 168 48384 906 453 453 13 2 2 2
12 66 173 48384 906 453 453 13 2 2 2
12 66 176 48384 906 453 453 13 2 2 2
12 66 177 48384 906 453 453 13 2 2 3
12 66 182 48384 906 453 453 13 2 2 2
12 66 184 48384 906 453 453 13 2 2 2
12 66 185 48384 906 453 453 13 2 2 3
12 66 191 48384 906 453 453 13 2 2 2
12 66 256 12096 906 453 453 13 2 2 1
12 66 257 48384 906 453 453 13 2 2 2
12 66 258 48384 906 453 453 13 2 2 2
12 66 259 48384 906 453 453 13 2 2 2
12 66 264 24192 906 453 453 13 2 2 2
12 66 266 96768 906 453 453 13 2 2 3
12 66 267 96768 906 453 453 13 2 2 3
12 66 272 48384 906 453 453 13 2 2 2
12 66 273 48384 906 453 453 13 2 2 3
12 66 281 48384 906 453 453 13 2 2 3
12 66 320 12096 906 453 453 13 2 2 1
12 66 322 48384 906 453 453 13 2 2 2
12 66 323 48384 906 453 453 13 2 2 2
12 66 336 48384 906 453 453 13 2 2 2
12 66 384 24192 906 453 453 13 2 2 1
12 66 385 48384 906 453 453 13 2 2 2
12 66 392 24192 906 453 453 13 2 2 2
12 80 1 24192 900 450 450 13 2 2 1
12 80 2 24192 900 450 450 13 2 2 1
12 80 3 24192 900 450 450 13 2 2 1
12 80 4 24192 906 453 453 13 2 2 1
12 80 5 24192 906 453 453 13 2 2 1
12 80 6 24192 906 453 453 13 2 2 1
12 80 7 24192 906 453 453 13 2 2 1
12 80 8 12096 900 450 450 13 2 2 1
12 80 10 48384 900 450 450 13 2 2 2
12 80 11 48384 900 450 450 13 2 2 2
12 80 12 48384 906 453 453 13 2 2 2
12 80 13 48384 906 453 453 13 2 2 2
12 80 14 48384 906 453 453 13 2 2 2
12 80 15 48384 906 453 453 13 2 2 2
12 80 16 12096 900 450 450 13 2 2 1
12 80 17 48384 900 450 450 13 2 2 2
12 80 20 48384 906 453 453 13 2 2 2
12 80 21 48384 906 453 453 13 2 2 2
12 80 22 48384 906 453 453 13 2 2 2
12 80 23 48384 906 453 453 13 2 2 2
12 80 24 12096 900 450 450 13 2 2 1
12 80 28 48384 906 453 453 13 2 2 2
12 80 29 48384 906 453 453 13 2 2 2
12 80 30 48384 906 453 453 13 2 2 2
12 80 31 48384 906 453 453 13 2 2 2
12 80 32 12096 906 453 453 13 2 2 1
12 80 33 48384 906 453 453 13 2 2 2
12 80 34 48384 906 453 453 13 2 2 2
12 80 35 48384 906 453 453 13 2 2 2
12 80 40 12096 906 453 453 13 2 2 1
12 80 42 48384 906 453 453 13 2 2 2
12 80 43 48384 906 453 453 13 2 2 2
12 80 48 12096 906 453 453 13 2 2 1
12 80 49 48384 906 453 453 13 2 2 2
12 80 56 12096 906 453 453 13 2 2 1
12 80 64 6048 900 450 450 13 2 2 1
12 80 66 24192 900 450 450 13 2 2 2
12 80 67 24192 900 450 450 13 2 2 2
12 80 68 24192 906 453 453 13 2 2 2
12 80 69 24192 906 453 453 13 2 2 2
12 80 70 24192 906 453 453 13 2 2 2
12 80 71 24192 906 453 453 13 2 2 2
12 80 80 12096 900 450 450 13 2 2 2
12 80 84 48384 906 453 453 13 2 2 3
12 80 85 48384 906 453 453 13 2 2 3
12 80 86 48384 906 453 453 13 2 2 3
12 80 87 48384 906 453 453 13 2 2 3
12 80 88 12096 900 450 450 13 2 2 2
12 80 92 48384 906 453 453 13 2 2 3
12 80 93 48384 906 453 453 13 2 2 3
12 80 94 48384 906 453 453 13 2 2 3
12 80 95 48384 906 453 453 13 2 2 3
12 80 96 12096 906 453 453 13 2 2 2
12 80 98 48384 906 453 453 13 2 2 3
12 80 99 48384 906 453 453 13 2 2 3
12 80 104 12096 906 453 453 13 2 2 2
12 80 106 48384 906 453 453 13 2 2 3
12 80 107 48384 906 453 453 13 2 2 3
12 80 112 12096 906 453 453 13 2 2 2
12 80 120 12096 906 453 453 13 2 2 2
12 80 128 6048 900 450 450 13 2 2 1
12 80 129 24192 900 450 450 13 2 2 2
12 80 132 24192 906 453 453 13 2 2 2
12 80 133 24192 906 453 453 13 2 2 2
12 80 134 24192 906 453 453 13 2 2 2
12 80 135 24192 906 453 453 13 2 2 2
12 80 136 12096 900 450 450 13 2 2 2
12 80 140 48384 906 453 453 13 2 2 3
12 80 141 48384 906 453 453 13 2 2 3
12 80 142 48384 906 453 453 13 2 2 3
12 80 143 48384 906 453 453 13 2 2 3
12 80 160 12096 906 453 453 13 2 2 2
12 80 161 48384 906 453 453 13 2 2 3
12 80 168 12096 906 453 453 13 2 2 2
12 80 176 12096 906 453 453 13 2 2 2
12 80 177 48384 906 453 453 13 2 2 3
12 80 184 12096 906 453 453 13 2 2 2
12 80 192 6048 900 450 450 13 2 2 1
12 80 196 24192 906 453 453 13 2 2 2
12 80 197 24192 906 453 453 13 2 2 2
12 80 198 24192 906 453 453 13 2 2 2
12 80 199 24192 906 453 453 13 2 2 2
12 80 224 12096 906 453 453 13 2 2 2
12 80 232 12096 906 453 453 13 2 2 2
12 80 240 12096 906 453 453 13 2 2 2
12 80 248 12096 906 453 453 13 2 2 2
12 80 256 6048 906 453 453 13 2 2 1
12 80 257 24192 906 453 453 13 2 2 2
12 80 258 24192 906 453 453 13 2 2 2
12 80 259 24192 906 453 453 13 2 2 2
12 80 264 12096 906 453 453 13 2 2 2
12 80 266 48384 906 453 453 13 2 2 3
12 80 267 48384 906 453 453 13 2 2 3
12 80 272 12096 906 453 453 13 2 2 2
12 80 273 48384 906 453 453 13 2 2 3
12 80 280 12096 906 453 453 13 2 2 2
12 80 320 6048 906 453 453 13 2 2 1
12 80 322 24192 906 453 453 13 2 2 2
12 80 323 24192 906 453 453 13 2 2 2
12 80 336 12096 906 453 453 13 2 2 2
12 80 344 12096 906 453 453 13 2 2 2
12 80 384 6048 906 453 453 13 2 2 1
12 80 385 24192 906 453 453 13 2 2 2
12 80 392 12096 906 453 453 13 2 2 2
12 80 448 6048 906 453 453 13 2 2 1
12 84 1 48384 900 450 450 13 2 3 1
12 84 2 48384 900 450 450 13 2 3 1
12 84 3 48384 900 450 450 13 2 3 1
12 84 4 48384 906 453 453 13 2 3 1
12 84 5 48384 906 453 453 13 2 3 1
12 84 6 48384 906 453 453 13 2 3 1
12 84 7 48384 906 453 453 13 2 3 1
12 84 8 12096 900 450 450 13 2 3 1
12 84 10 48384 900 450 450 13 2 3 2
12 84 11 48384 900 450 450 13 2 3 2
12 84 12 48384 906 453 453 13 2 3 2
12 84 13 48384 906 453 453 13 2 3 2
12 84 14 48384 906 453 453 13 2 3 2
12 84 15 48384 906 453 453 13 2 3 2
12 84 16 24192 900 450 450 13 2 3 1
12 84 17 48384 900 450 450 13 2 3 2
12 84 20 48384 906 453 453 13 2 3 2
12 84 21 48384 906 453 453 13 2 3 2
12 84 22 48384 906 453 453 13 2 3 2
12 84 23 48384 906 453 453 13 2 3 2
12 84 28 48384 906 453 453 13 2 3 2
12 84 29 48384 906 453 453 13 2 3 2
12 84 30 48384 906 453 453 13 2 3 2
12 84 31 48384 906 453 453 13 2 3 2
12 84 32 12096 906 453 453 13 2 3 1
12 84 33 48384 906 453 453 13 2 3 2
12 84 34 48384 906 453 453 13 2 3 2
12 84 35 48384 906 453 453 13 2 3 2
12 84 40 12096 906 453 453 13 2 3 1
12 84 42 48384 906 453 453 13 2 3 2
12 84 43 48384 906 453 453 13 2 3 2
12 84 48 24192 906 453 453 13 2 3 1
12 84 49 48384 906 453 453 13 2 3 2
12 84 64 24192 900 450 450 13 2 3 1
12 84 66 96768 900 450 450 13 2 3 2
12 84 67 96768 900 450 450 13 2 3 2
12 84 68 96768 906 453 453 13 2 3 2
12 84 69 96768 906 453 453 13 2 3 2
12 84 70 96768 906 453 453 13 2 3 2
12 84 71 96768 906 453 453 13 2 3 2
12 84 80 24192 900 450 450 13 2 3 2
12 84 84 96768 906 453 453 13 2 3 3
12 84 85 96768 906 453 453 13 2 3 3
12 84 86 96768 906 453 453 13 2 3 3
12 84 87 96768 906 453 453 13 2 3 3
12 84 96 24192 906 453 453 13 2 3 2
12 84 98 96768 906 453 453 13 2 3 3
12 84 99 96768 906 453 453 13 2 3 3
12 84 112 24192 906 453 453 13 2 3 2
12 84 128 48384 900 450 450 13 2 3 1
12 84 129 48384 900 450 450 13 2 3 2
12 84 132 96768 906 453 453 13 2 3 2
12 84 133 96768 906 453 453 13 2 3 2
12 84 134 96768 906 453 453 13 2 3 2
12 84 135 96768 906 453 453 13 2 3 2
12 84 136 48384 900 450 450 13 2 3 2
12 84 140 96768 906 453 453 13 2 3 3
12 84 141 96768 906 453 453 13 2 3 3
12 84 142 96768 906 453 453 13 2 3 3
12 84 143 96768 906 453 453 13 2 3 3
12 84 160 48384 906 453 453 13 2 3 2
12 84 161 48384 906 453 453 13 2 3 3
12 84 168 48384 906 453 453 13 2 3 2
12 84 193 48384 900 450 450 13 2 3 2
12 84 196 96768 906 453 453 13 2 3 2
12 84 197 96768 906 453 453 13 2 3 2
12 84 198 96768 906 453 453 13 2 3 2
12 84 199 96768 906 453 453 13 2 3 2
12 84 204 96768 906 453 453 13 2 3 3
12 84 205 96768 906 453 453 13 2 3 3
12 84 206 96768 906 453 453 13 2 3 3
12 84 207 96768 906 453 453 13 2 3 3
12 84 225 48384 906 453 453 13 2 3 3
12 84 256 24192 906 453 453 13 2 3 1
12 84 257 96768 906 453 453 13 2 3 2
12 84 258 96768 906 453 453 13 2 3 2
12 84 259 96768 906 453 453 13 2 3 2
12 84 264 24192 906 453 453 13 2 3 2
12 84 266 96768 906 453 453 13 2 3 3
12 84 267 96768 906 453 453 13 2 3 3
12 84 272 48384 906 453 453 13 2 3 2
12 84 273 96768 906 453 453 13 2 3 3
12 84 320 24192 906 453 453 13 2 3 1
12 84 322 96768 906 453 453 13 2 3 2
12 84 323 96768 906 453 453 13 2 3 2
12 84 328 24192 906 453 453 13 2 3 2
12 84 330 96768 906 453 453 13 2 3 3
12 84 331 96768 906 453 453 13 2 3 3
12 84 336 48384 906 453 453 13 2 3 2
12 84 384 48384 906 453 453 13 2 3 1
12 84 385 48384 906 453 453 13 2 3 2
12 84 392 48384 906 453 453 13 2 3 2
12 84 400 48384 906 453 453 13 2 3 2
12 84 401 48384 906 453 453 13 2 3 3
12 84 408 48384 906 453 453 13 2 3 2
12 84 449 48384 906 453 453 13 2 3 2
12 84 465 48384 906 453 453 13 2 3 3
64 1 1 1008 900 450 450 13 1 1 1
64 1 4 1344 878 440 438 13 1 1 1
64 1 8 756 900 450 450 13 1 1 1
64 1 10 3024 900 450 450 13 1 1 2
64 1 12 12096 878 440 438 13 1 1 2
64 1 32 1008 900 450 450 13 1 1 1
64 1 33 6048 900 450 450 13 1 1 2
64 1 80 504 900 450 450 13 1 1 2
64 1 84 8064 878 440 438 13 1 1 3
64 1 96 3024 900 450 450 13 1 1 2
64 1 98 6048 900 450 450 13 1 1 3
64 8 1 504 900 450 450 13 1 1 1
64 8 4 672 900 450 450 13 1 1 1
64 8 8 378 900 450 450 13 1 1 1
64 8 10 1512 900 450 450 13 1 1 2
64 8 12 6048 900 450 450 13 1 1 2
64 8 32 504 900 450 450 13 1 1 1
64 8 33 3024 900 450 450 13 1 1 2
64 8 80 252 900 450 450 13 1 1 2
64 8 84 4032 900 450 450 13 1 1 3
64 8 96 1512 900 450 450 13 1 1 2
64 8 98 3024 900 450 450 13 1 1 3
64 10 1 1512 900 450 450 13 1 2 1
64 10 4 2016 900 450 450 13 1 2 1
64 10 8 3024 900 450 450 13 1 2 1
64 10 10 6048 900 450 450 13 1 2 2
64 10 12 12096 900 450 450 13 1 2 2
64 10 32 4032 878 440 438 13 1 2 1
64 10 33 24192 878 440 438 13 1 2 2
64 10 64 756 900 450 450 13 1 2 1
64 10 66 1512 900 450 450 13 1 2 2
64 10 68 6048 900 450 450 13 1 2 2
64 10 80 3024 900 450 450 13 1 2 2
64 10 84 12096 900 450 450 13 1 2 3
64 10 96 12096 878 440 438 13 1 2 2
64 10 98 24192 878 440 438 13 1 2 3
64 10 256 1008 900 450 450 13 1 2 1
64 10 257 3024 900 450 450 13 1 2 2
64 10 264 6048 900 450 450 13 1 2 2
64 10 266 6048 900 450 450 13 1 2 3
64 64 1 1008 900 450 450 13 1 1 1
64 64 4 1344 900 450 450 13 1 1 1
64 64 8 756 900 450 450 13 1 1 1
64 64 10 3024 900 450 450 13 1 1 2
64 64 12 12096 900 450 450 13 1 1 2
64 64 32 1008 900 450 450 13 1 1 1
64 64 33 6048 900 450 450 13 1 1 2
64 64 80 504 900 450 450 13 1 1 2
64 64 84 8064 900 450 450 13 1 1 3
64 64 96 3024 900 450 450 13 1 1 2
64 64 98 6048 900 450 450 13 1 1 3
64 65 1 1008 900 450 450 13 1 1 1
64 65 4 1344 900 450 450 13 1 1 1
64 65 8 756 900 450 450 13 1 1 1
64 65 10 3024 900 450 450 13 1 1 2
64 65 12 12096 900 450 450 13 1 1 2
64 65 32 1008 900 450 450 13 1 1 1
64 65 33 6048 900 450 450 13 1 1 2
64 65 80 504 900 450 450 13 1 1 2
64 65 84 8064 900 450 450 13 1 1 3
64 65 96 3024 900 450 450 13 1 1 2
64 65 98 6048 900 450 450 13 1 1 3
64 66 1 6048 900 450 450 13 1 2 1
64 66 4 8064 900 450 450 13 1 2 1
64 66 8 6048 900 450 450 13 1 2 1
64 66 9 6048 900 450 450 13 1 2 1
64 66 10 24192 900 450 450 13 1 2 2
64 66 12 48384 900 450 450 13 1 2 2
64 66 32 8064 888 444 444 13 1 2 1
64 66 33 48384 888 444 444 13 1 2 2
64 66 36 8064 900 450 450 13 1 2 1
64 66 37 48384 900 450 450 13 1 2 2
64 66 64 3024 900 450 450 13 1 2 1
64 66 66 6048 900 450 450 13 1 2 2
64 66 68 24192 900 450 450 13 1 2 2
64 66 80 6048 900 450 450 13 1 2 2
64 66 82 6048 900 450 450 13 1 2 2
64 66 84 48384 900 450 450 13 1 2 3
64 66 96 24192 888 444 444 13 1 2 2
64 66 98 48384 888 444 444 13 1 2 3
64 66 100 24192 900 450 450 13 1 2 2
64 66 102 48384 900 450 450 13 1 2 3
64 66 256 4032 900 450 450 13 1 2 1
64 66 257 12096 900 450 450 13 1 2 2
64 66 264 12096 900 450 450 13 1 2 2
64 66 265 12096 900 450 450 13 1 2 2
64 66 266 24192 900 450 450 13 1 2 3
64 80 1 3024 900 450 450 13 1 2 1
64 80 4 4032 900 450 450 13 1 2 1
64 80 8 1512 900 450 450 13 1 2 1
64 80 10 6048 900 450 450 13 1 2 2
64 80 12 24192 900 450 450 13 1 2 2
64 80 32 2016 900 450 450 13 1 2 1
64 80 33 12096 900 450 450 13 1 2 2
64 80 64 756 900 450 450 13 1 2 1
64 80 66 3024 900 450 450 13 1 2 2
64 80 68 12096 900 450 450 13 1 2 2
64 80 80 1512 900 450 450 13 1 2 2
64 80 84 24192 900 450 450 13 1 2 3
64 80 96 6048 900 450 450 13 1 2 2
64 80 98 12096 900 450 450 13 1 2 3
64 80 256 1008 900 450 450 13 1 2 1
64 80 257 6048 900 450 450 13 1 2 2
64 80 264 3024 900 450 450 13 1 2 2
64 80 266 6048 900 450 450 13 1 2 3
64 81 1 3024 900 450 450 13 1 2 1
64 81 4 4032 900 450 450 13 1 2 1
64 81 8 1512 900 450 450 13 1 2 1
64 81 10 6048 900 450 450 13 1 2 2
64 81 12 24192 900 450 450 13 1 2 2
64 81 32 2016 900 450 450 13 1 2 1
64 81 33 12096 900 450 450 13 1 2 2
64 81 64 756 900 450 450 13 1 2 1
64 81 66 3024 900 450 450 13 1 2 2
64 81 68 12096 900 450 450 13 1 2 2
64 81 80 1512 900 450 450 13 1 2 2
64 81 84 24192 900 450 450 13 1 2 3
64 81 96 6048 900 450 450 13 1 2 2
64 81 98 12096 900 450 450 13 1 2 3
64 81 256 1008 900 450 450 13 1 2 1
64 81 257 6048 900 450 450 13 1 2 2
64 81 264 3024 900 450 450 13 1 2 2
64 81 266 6048 900 450 450 13 1 2 3
64 84 1 6048 900 450 450 13 1 3 1
64 84 4 8064 900 450 450 13 1 3 1
64 84 8 3024 900 450 450 13 1 3 1
64 84 10 6048 900 450 450 13 1 3 2
64 84 12 24192 900 450 450 13 1 3 2
64 84 32 4032 900 450 450 13 1 3 1
64 84 33 12096 900 450 450 13 1 3 2
64 84 64 6048 900 450 450 13 1 3 1
64 84 65 6048 900 450 450 13 1 3 1
64 84 66 24192 900 450 450 13 1 3 2
64 84 68 48384 900 450 450 13 1 3 2
64 84 80 6048 900 450 450 13 1 3 2
64 84 81 6048 900 450 450 13 1 3 2
64 84 84 48384 900 450 450 13 1 3 3
64 84 96 12096 900 450 450 13 1 3 2
64 84 97 12096 900 450 450 13 1 3 2
64 84 98 24192 900 450 450 13 1 3 3
64 84 256 8064 888 444 444 13 1 3 1
64 84 257 48384 888 444 444 13 1 3 2
64 84 260 8064 900 450 450 13 1 3 1
64 84 261 48384 900 450 450 13 1 3 2
64 84 264 24192 888 444 444 13 1 3 2
64 84 266 48384 888 444 444 13 1 3 3
64 84 268 24192 900 450 450 13 1 3 2
64 84 270 48384 900 450 450 13 1 3 3
66 1 1 4032 900 450 450 13 2 1 1
66 1 2 2016 900 450 450 13 2 1 1
66 1 4 8064 900 450 450 13 2 1 1
66 1 8 3024 900 450 450 13 2 1 1
66 1 10 6048 900 450 450 13 2 1 2
66 1 11 12096 900 450 450 13 2 1 2
66 1 12 48384 900 450 450 13 2 1 2
66 1 16 1512 900 450 450 13 2 1 1
66 1 20 24192 900 450 450 13 2 1 2
66 1 32 6048 900 450 450 13 2 1 1
66 1 33 24192 900 450 450 13 2 1 2
66 1 34 12096 900 450 450 13 2 1 2
66 1 80 3024 900 450 450 13 2 1 2
66 1 84 48384 900 450 450 13 2 1 3
66 1 96 12096 900 450 450 13 2 1 2
66 1 98 12096 900 450 450 13 2 1 3
66 1 99 24192 900 450 450 13 2 1 3
66 1 160 6048 900 450 450 13 2 1 2
66 8 1 8064 900 450 450 13 2 1 1
66 8 2 4032 900 450 450 13 2 1 1
66 8 4 8064 900 450 450 13 2 1 1
66 8 5 8064 900 450 450 13 2 1 1
66 8 8 6048 900 450 450 13 2 1 1
66 8 10 12096 900 450 450 13 2 1 2
66 8 11 24192 900 450 450 13 2 1 2
66 8 12 48384 900 450 450 13 2 1 2
66 8 13 48384 900 450 450 13 2 1 2
66 8 16 3024 900 450 450 13 2 1 1
66 8 20 24192 900 450 450 13 2 1 2
66 8 21 24192 900 450 450 13 2 1 2
66 8 32 6048 900 450 450 13 2 1 1
66 8 33 48384 900 450 450 13 2 1 2
66 8 34 12096 900 450 450 13 2 1 2
66 8 40 6048 900 450 450 13 2 1 1
66 8 42 12096 900 450 450 13 2 1 2
66 8 80 6048 900 450 450 13 2 1 2
66 8 84 48384 900 450 450 13 2 1 3
66 8 85 48384 900 450 450 13 2 1 3
66 8 96 24192 900 450 450 13 2 1 2
66 8 98 24192 900 450 450 13 2 1 3
66 8 99 48384 900 450 450 13 2 1 3
66 8 160 6048 900 450 450 13 2 1 2
66 8 168 6048 900 450 450 13 2 1 2
66 10 1 24192 900 450 450 13 2 2 1
66 10 2 12096 900 450 450 13 2 2 1
66 10 4 24192 900 450 450 13 2 2 1
66 10 5 24192 900 450 450 13 2 2 1
66 10 8 12096 900 450 450 13 2 2 1
66 10 10 24192 900 450 450 13 2 2 2
66 10 11 48384 900 450 450 13 2 2 2
66 10 12 96768 900 450 450 13 2 2 2
66 10 13 96768 900 450 450 13 2 2 2
66 10 16 6048 900 450 450 13 2 2 1
66 10 20 48384 900 450 450 13 2 2 2
66 10 21 48384 900 450 450 13 2 2 2
66 10 32 24192 900 450 450 13 2 2 1
66 10 33 48384 900 450 450 13 2 2 2
66 10 34 48384 900 450 450 13 2 2 2
66 10 41 48384 900 450 450 13 2 2 2
66 10 64 6048 900 450 450 13 2 2 1
66 10 66 12096 900 450 450 13 2 2 2
66 10 67 24192 900 450 450 13 2 2 2
66 10 68 48384 900 450 450 13 2 2 2
66 10 69 48384 900 450 450 13 2 2 2
66 10 80 6048 900 450 450 13 2 2 2
66 10 84 48384 900 450 450 13 2 2 3
66 10 85 48384 900 450 450 13 2 2 3
66 10 88 12096 900 450 450 13 2 2 2
66 10 92 96768 900 450 450 13 2 2 3
66 10 93 96768 900 450 450 13 2 2 3
66 10 96 48384 900 450 450 13 2 2 2
66 10 98 48384 900 450 450 13 2 2 3
66 10 99 48384 900 450 450 13 2 2 3
66 10 107 48384 900 450 450 13 2 2 3
66 10 128 3024 900 450 450 13 2 2 1
66 10 132 24192 900 450 450 13 2 2 2
66 10 133 24192 900 450 450 13 2 2 2
66 10 160 24192 900 450 450 13 2 2 2
66 10 256 12096 900 450 450 13 2 2 1
66 10 257 48384 900 450 450 13 2 2 2
66 10 258 12096 900 450 450 13 2 2 2
66 10 264 24192 900 450 450 13 2 2 2
66 10 266 24192 900 450 450 13 2 2 3
66 10 267 48384 900 450 450 13 2 2 3
66 10 272 12096 900 450 450 13 2 2 2
66 10 274 12096 900 450 450 13 2 2 2
66 64 1 4032 900 450 450 13 2 1 1
66 64 2 2016 900 450 450 13 2 1 1
66 64 4 8064 906 453 453 13 2 1 1
66 64 8 3024 900 450 450 13 2 1 1
66 64 10 6048 900 450 450 13 2 1 2
66 64 11 12096 900 450 450 13 2 1 2
66 64 12 48384 906 453 453 13 2 1 2
66 64 16 1512 900 450 450 13 2 1 1
66 64 20 24192 906 453 453 13 2 1 2
66 64 32 6048 906 453 453 13 2 1 1
66 64 33 24192 906 453 453 13 2 1 2
66 64 34 12096 906 453 453 13 2 1 2
66 64 80 3024 900 450 450 13 2 1 2
66 64 84 48384 906 453 453 13 2 1 3
66 64 96 12096 906 453 453 13 2 1 2
66 64 98 12096 906 453 453 13 2 1 3
66 64 99 24192 906 453 453 13 2 1 3
66 64 160 6048 906 453 453 13 2 1 2
66 65 1 4032 900 450 450 13 2 1 1
66 65 2 2016 900 450 450 13 2 1 1
66 65 4 8064 906 453 453 13 2 1 1
66 65 8 3024 900 450 450 13 2 1 1
66 65 10 6048 900 450 450 13 2 1 2
66 65 11 12096 900 450 450 13 2 1 2
66 65 12 48384 906 453 453 13 2 1 2
66 65 16 1512 900 450 450 13 2 1 1
66 65 20 24192 906 453 453 13 2 1 2
66 65 32 6048 906 453 453 13 2 1 1
66 65 33 24192 906 453 453 13 2 1 2
66 65 34 12096 906 453 453 13 2 1 2
66 65 80 3024 900 450 450 13 2 1 2
66 65 84 48384 906 453 453 13 2 1 3
66 65 96 12096 906 453 453 13 2 1 2
66 65 98 12096 906 453 453 13 2 1 3
66 65 99 24192 906 453 453 13 2 1 3
66 65 160 6048 906 453 453 13 2 1 2
66 66 1 12096 900 450 450 13 2 2 1
66 66 2 6048 900 450 450 13 2 2 1
66 66 4 24192 906 453 453 13 2 2 1
66 66 8 12096 900 450 450 13 2 2 1
66 66 9 12096 900 450 450 13 2 2 1
66 66 10 24192 900 450 450 13 2 2 2
66 66 11 24192 900 450 450 13 2 2 2
66 66 12 96768 906 453 453 13 2 2 2
66 66 16 6048 900 450 450 13 2 2 1
66 66 17 24192 900 450 450 13 2 2 2
66 66 18 6048 900 450 450 13 2 2 1
66 66 20 48384 906 453 453 13 2 2 2
66 66 32 24192 906 453 453 13 2 2 1
66 66 33 96768 906 453 453 13 2 2 2
66 66 34 48384 906 453 453 13 2 2 2
66 66 36 24192 906 453 453 13 2 2 1
66 66 37 96768 906 453 453 13 2 2 2
66 66 38 48384 906 453 453 13 2 2 2
66 66 64 6048 900 450 450 13 2 2 1
66 66 66 6048 900 450 450 13 2 2 2
66 66 67 12096 900 450 450 13 2 2 2
66 66 68 48384 906 453 453 13 2 2 2
66 66 80 6048 900 450 450 13 2 2 2
66 66 82 6048 900 450 450 13 2 2 2
66 66 84 48384 906 453 453 13 2 2 3
66 66 88 12096 900 450 450 13 2 2 2
66 66 91 12096 900 450 450 13 2 2 2
66 66 92 96768 906 453 453 13 2 2 3
66 66 96 48384 906 453 453 13 2 2 2
66 66 98 48384 906 453 453 13 2 2 3
66 66 99 96768 906 453 453 13 2 2 3
66 66 100 48384 906 453 453 13 2 2 2
66 66 102 48384 906 453 453 13 2 2 3
66 66 103 96768 906 453 453 13 2 2 3
66 66 128 3024 900 450 450 13 2 2 1
66 66 132 24192 906 453 453 13 2 2 2
66 66 160 24192 906 453 453 13 2 2 2
66 66 164 24192 906 453 453 13 2 2 2
66 66 256 12096 906 453 453 13 2 2 1
66 66 257 24192 906 453 453 13 2 2 2
66 66 258 12096 906 453 453 13 2 2 2
66 66 264 24192 906 453 453 13 2 2 2
66 66 265 24192 906 453 453 13 2 2 2
66 66 266 24192 906 453 453 13 2 2 3
66 66 267 24192 906 453 453 13 2 2 3
66 66 272 12096 906 453 453 13 2 2 2
66 66 273 24192 906 453 453 13 2 2 3
66 66 274 12096 906 453 453 13 2 2 2
66 72 1 8064 900 450 450 13 2 1 1
66 72 2 4032 900 450 450 13 2 1 1
66 72 4 8064 906 453 453 13 2 1 1
66 72 5 8064 906 453 453 13 2 1 1
66 72 8 6048 900 450 450 13 2 1 1
66 72 10 12096 900 450 450 13 2 1 2
66 72 11 24192 900 450 450 13 2 1 2
66 72 12 48384 906 453 453 13 2 1 2
66 72 13 48384 906 453 453 13 2 1 2
66 72 16 3024 900 450 450 13 2 1 1
66 72 20 24192 906 453 453 13 2 1 2
66 72 21 24192 906 453 453 13 2 1 2
66 72 32 6048 906 453 453 13 2 1 1
66 72 33 48384 906 453 453 13 2 1 2
66 72 34 12096 906 453 453 13 2 1 2
66 72 40 6048 906 453 453 13 2 1 1
66 72 42 12096 906 453 453 13 2 1 2
66 72 80 6048 900 450 450 13 2 1 2
66 72 84 48384 906 453 453 13 2 1 3
66 72 85 48384 906 453 453 13 2 1 3
66 72 96 24192 906 453 453 13 2 1 2
66 72 98 24192 906 453 453 13 2 1 3
66 72 99 48384 906 453 453 13 2 1 3
66 72 160 6048 906 453 453 13 2 1 2
66 72 168 6048 906 453 453 13 2 1 2
66 74 1 24192 900 450 450 13 2 2 1
66 74 2 12096 900 450 450 13 2 2 1
66 74 4 24192 906 453 453 13 2 2 1
66 74 5 24192 906 453 453 13 2 2 1
66 74 8 12096 900 450 450 13 2 2 1
66 74 10 24192 900 450 450 13 2 2 2
66 74 11 48384 900 450 450 13 2 2 2
66 74 12 96768 906 453 453 13 2 2 2
66 74 13 96768 906 453 453 13 2 2 2
66 74 16 6048 900 450 450 13 2 2 1
66 74 20 48384 906 453 453 13 2 2 2
66 74 21 48384 906 453 453 13 2 2 2
66 74 32 24192 906 453 453 13 2 2 1
66 74 33 48384 906 453 453 13 2 2 2
66 74 34 48384 906 453 453 13 2 2 2
66 74 41 48384 906 453 453 13 2 2 2
66 74 64 6048 900 450 450 13 2 2 1
66 74 66 12096 900 450 450 13 2 2 2
66 74 67 24192 900 450 450 13 2 2 2
66 74 68 48384 906 453 453 13 2 2 2
66 74 69 48384 906 453 453 13 2 2 2
66 74 80 6048 900 450 450 13 2 2 2
66 74 84 48384 906 453 453 13 2 2 3
66 74 85 48384 906 453 453 13 2 2 3
66 74 88 12096 900 450 450 13 2 2 2
66 74 92 96768 906 453 453 13 2 2 3
66 74 93 96768 906 453 453 13 2 2 3
66 74 96 48384 906 453 453 13 2 2 2
66 74 98 48384 906 453 453 13 2 2 3
66 74 99 48384 906 453 453 13 2 2 3
66 74 107 48384 906 453 453 13 2 2 3
66 74 128 3024 900 450 450 13 2 2 1
66 74 132 24192 906 453 453 13 2 2 2
66 74 133 24192 906 453 453 13 2 2 2
66 74 160 24192 906 453 453 13 2 2 2
66 74 256 12096 906 453 453 13 2 2 1
66 74 257 48384 906 453 453 13 2 2 2
66 74 258 12096 906 453 453 13 2 2 2
66 74 264 24192 906 453 453 13 2 2 2
66 74 266 24192 906 453 453 13 2 2 3
66 74 267 48384 906 453 453 13 2 2 3
66 74 272 12096 906 453 453 13 2 2 2
66 74 274 12096 906 453 453 13 2 2 2
66 80 1 24192 900 450 450 13 2 2 1
66 80 2 12096 900 450 450 13 2 2 1
66 80 4 24192 906 453 453 13 2 2 1
66 80 5 24192 906 453 453 13 2 2 1
66 80 8 24192 900 450 450 13 2 2 1
66 80 9 24192 900 450 450 13 2 2 1
66 80 10 48384 900 450 450 13 2 2 2
66 80 11 48384 900 450 450 13 2 2 2
66 80 12 96768 906 453 453 13 2 2 2
66 80 13 96768 906 453 453 13 2 2 2
66 80 16 12096 900 450 450 13 2 2 1
66 80 17 48384 900 450 450 13 2 2 2
66 80 18 12096 900 450 450 13 2 2 1
66 80 20 48384 906 453 453 13 2 2 2
66 80 21 48384 906 453 453 13 2 2 2
66 80 32 24192 906 453 453 13 2 2 1
66 80 33 96768 906 453 453 13 2 2 2
66 80 34 48384 906 453 453 13 2 2 2
66 80 36 24192 906 453 453 13 2 2 1
66 80 37 96768 906 453 453 13 2 2 2
66 80 38 48384 906 453 453 13 2 2 2
66 80 40 24192 906 453 453 13 2 2 1
66 80 41 96768 906 453 453 13 2 2 2
66 80 42 48384 906 453 453 13 2 2 2
66 80 44 96768 906 453 453 13 2 2 2
66 80 45 24192 906 453 453 13 2 2 1
66 80 47 48384 906 453 453 13 2 2 2
66 80 64 12096 900 450 450 13 2 2 1
66 80 66 12096 900 450 450 13 2 2 2
66 80 67 24192 900 450 450 13 2 2 2
66 80 68 48384 906 453 453 13 2 2 2
66 80 69 48384 906 453 453 13 2 2 2
66 80 80 12096 900 450 450 13 2 2 2
66 80 82 12096 900 450 450 13 2 2 2
66 80 84 48384 906 453 453 13 2 2 3
66 80 85 48384 906 453 453 13 2 2 3
66 80 88 24192 900 450 450 13 2 2 2
66 80 91 24192 900 450 450 13 2 2 2
66 80 92 96768 906 453 453 13 2 2 3
66 80 93 96768 906 453 453 13 2 2 3
66 80 96 48384 906 453 453 13 2 2 2
66 80 98 48384 906 453 453 13 2 2 3
66 80 99 96768 906 453 453 13 2 2 3
66 80 100 48384 906 453 453 13 2 2 2
66 80 102 48384 906 453 453 13 2 2 3
66 80 103 96768 906 453 453 13 2 2 3
66 80 104 48384 906 453 453 13 2 2 2
66 80 106 48384 906 453 453 13 2 2 3
66 80 107 96768 906 453 453 13 2 2 3
66 80 109 48384 906 453 453 13 2 2 2
66 80 110 96768 906 453 453 13 2 2 3
66 80 111 48384 906 453 453 13 2 2 3
66 80 128 6048 900 450 450 13 2 2 1
66 80 132 24192 906 453 453 13 2 2 2
66 80 133 24192 906 453 453 13 2 2 2
66 80 160 24192 906 453 453 13 2 2 2
66 80 164 24192 906 453 453 13 2 2 2
66 80 168 24192 906 453 453 13 2 2 2
66 80 173 24192 906 453 453 13 2 2 2
66 80 256 12096 906 453 453 13 2 2 1
66 80 257 48384 906 453 453 13 2 2 2
66 80 258 12096 906 453 453 13 2 2 2
66 80 264 48384 906 453 453 13 2 2 2
66 80 265 48384 906 453 453 13 2 2 2
66 80 266 48384 906 453 453 13 2 2 3
66 80 267 48384 906 453 453 13 2 2 3
66 80 272 12096 906 453 453 13 2 2 2
66 80 273 48384 906 453 453 13 2 2 3
66 80 274 12096 906 453 453 13 2 2 2
66 80 320 12096 906 453 453 13 2 2 1
66 80 322 12096 906 453 453 13 2 2 2
66 80 336 12096 906 453 453 13 2 2 2
66 80 338 12096 906 453 453 13 2 2 2
66 81 1 24192 900 450 450 13 2 2 1
66 81 2 12096 900 450 450 13 2 2 1
66 81 4 24192 906 453 453 13 2 2 1
66 81 5 24192 906 453 453 13 2 2 1
66 81 8 24192 900 450 450 13 2 2 1
66 81 9 24192 900 450 450 13 2 2 1
66 81 10 48384 900 450 450 13 2 2 2
66 81 11 48384 900 450 450 13 2 2 2
66 81 12 96768 906 453 453 13 2 2 2
66 81 13 96768 906 453 453 13 2 2 2
66 81 16 12096 900 450 450 13 2 2 1
66 81 17 48384 900 450 450 13 2 2 2
66 81 18 12096 900 450 450 13 2 2 1
66 81 20 48384 906 453 453 13 2 2 2
66 81 21 48384 906 453 453 13 2 2 2
66 81 32 24192 906 453 453 13 2 2 1
66 81 33 96768 906 453 453 13 2 2 2
66 81 34 48384 906 453 453 13 2 2 2
66 81 36 24192 906 453 453 13 2 2 1
66 81 37 96768 906 453 453 13 2 2 2
66 81 38 48384 906 453 453 13 2 2 2
66 81 40 24192 906 453 453 13 2 2 1
66 81 41 96768 906 453 453 13 2 2 2
66 81 42 48384 906 453 453 13 2 2 2
66 81 44 96768 906 453 453 13 2 2 2
66 81 45 24192 906 453 453 13 2 2 1
66 81 47 48384 906 453 453 13 2 2 2
66 81 64 12096 900 450 450 13 2 2 1
66 81 66 12096 900 450 450 13 2 2 2
66 81 67 24192 900 450 450 13 2 2 2
66 81 68 48384 906 453 453 13 2 2 2
66 81 69 48384 906 453 453 13 2 2 2
66 81 80 12096 900 450 450 13 2 2 2
66 81 82 12096 900 450 450 13 2 2 2
66 81 84 48384 906 453 453 13 2 2 3
66 81 85 48384 906 453 453 13 2 2 3
66 81 88 24192 900 450 450 13 2 2 2
66 81 91 24192 900 450 450 13 2 2 2
66 81 92 96768 906 453 453 13 2 2 3
66 81 93 96768 906 453 453 13 2 2 3
66 81 96 48384 906 453 453 13 2 2 2
66 81 98 48384 906 453 453 13 2 2 3
66 81 99 96768 906 453 453 13 2 2 3
66 81 100 48384 906 453 453 13 2 2 2
66 81 102 48384 906 453 453 13 2 2 3
66 81 103 96768 906 453 453 13 2 2 3
66 81 104 48384 906 453 453 13 2 2 2
66 81 106 48384 906 453 453 13 2 2 3
66 81 107 96768 906 453 453 13 2 2 3
66 81 109 48384 906 453 453 13 2 2 2
66 81 110 96768 906 453 453 13 2 2 3
66 81 111 48384 906 453 453 13 2 2 3
66 81 128 6048 900 450 450 13 2 2 1
66 81 132 24192 906 453 453 13 2 2 2
66 81 133 24192 906 453 453 13 2 2 2
66 81 160 24192 906 453 453 13 2 2 2
66 81 164 24192 906 453 453 13 2 2 2
66 81 168 24192 906 453 453 13 2 2 2
66 81 173 24192 906 453 453 13 2 2 2
66 81 256 12096 906 453 453 13 2 2 1
66 81 257 48384 906 453 453 13 2 2 2
66 81 258 12096 906 453 453 13 2 2 2
66 81 264 48384 906 453 453 13 2 2 2
66 81 265 48384 906 453 453 13 2 2 2
66 81 266 48384 906 453 453 13 2 2 3
66 81 267 48384 906 453 453 13 2 2 3
66 81 272 12096 906 453 453 13 2 2 2
66 81 273 48384 906 453 453 13 2 2 3
66 81 274 12096 906 453 453 13 2 2 2
66 81 320 12096 906 453 453 13 2 2 1
66 81 322 12096 906 453 453 13 2 2 2
66 81 336 12096 906 453 453 13 2 2 2
66 81 338 12096 906 453 453 13 2 2 2
66 84 1 24192 900 450 450 13 2 3 1
66 84 2 12096 900 450 450 13 2 3 1
66 84 4 48384 906 453 453 13 2 3 1
66 84 8 48384 900 450 450 13 2 3 1
66 84 9 48384 900 450 450 13 2 3 1
66 84 10 48384 900 450 450 13 2 3 2
66 84 11 48384 900 450 450 13 2 3 2
66 84 12 96768 906 453 453 13 2 3 2
66 84 13 96768 906 453 453 13 2 3 2
66 84 16 24192 900 450 450 13 2 3 1
66 84 17 48384 900 450 450 13 2 3 2
66 84 18 24192 900 450 450 13 2 3 1
66 84 20 48384 906 453 453 13 2 3 2
66 84 21 48384 906 453 453 13 2 3 2
66 84 32 48384 906 453 453 13 2 3 1
66 84 33 96768 906 453 453 13 2 3 2
66 84 34 48384 906 453 453 13 2 3 2
66 84 36 48384 906 453 453 13 2 3 1
66 84 37 96768 906 453 453 13 2 3 2
66 84 38 48384 906 453 453 13 2 3 2
66 84 40 48384 906 453 453 13 2 3 1
66 84 41 96768 906 453 453 13 2 3 2
66 84 42 48384 906 453 453 13 2 3 2
66 84 44 96768 906 453 453 13 2 3 2
66 84 45 48384 906 453 453 13 2 3 1
66 84 47 48384 906 453 453 13 2 3 2
66 84 64 24192 900 450 450 13 2 3 1
66 84 65 24192 900 450 450 13 2 3 1
66 84 66 24192 900 450 450 13 2 3 2
66 84 67 24192 900 450 450 13 2 3 2
66 84 68 96768 906 453 453 13 2 3 2
66 84 80 24192 900 450 450 13 2 3 2
66 84 81 48384 900 450 450 13 2 3 2
66 84 82 24192 900 450 450 13 2 3 2
66 84 84 96768 906 453 453 13 2 3 3
66 84 88 48384 900 450 450 13 2 3 2
66 84 89 48384 900 450 450 13 2 3 2
66 84 90 48384 900 450 450 13 2 3 2
66 84 91 48384 900 450 450 13 2 3 2
66 84 92 96768 906 453 453 13 2 3 3
66 84 93 96768 906 453 453 13 2 3 3
66 84 96 96768 906 453 453 13 2 3 2
66 84 97 96768 906 453 453 13 2 3 2
66 84 98 96768 906 453 453 13 2 3 3
66 84 99 96768 906 453 453 13 2 3 3
66 84 100 96768 906 453 453 13 2 3 2
66 84 101 96768 906 453 453 13 2 3 2
66 84 102 96768 906 453 453 13 2 3 3
66 84 103 96768 906 453 453 13 2 3 3
66 84 104 96768 906 453 453 13 2 3 2
66 84 105 96768 906 453 453 13 2 3 2
66 84 106 96768 906 453 453 13 2 3 3
66 84 107 96768 906 453 453 13 2 3 3
66 84 108 96768 906 453 453 13 2 3 2
66 84 109 96768 906 453 453 13 2 3 2
66 84 110 96768 906 453 453 13 2 3 3
66 84 111 96768 906 453 453 13 2 3 3
66 84 128 12096 900 450 450 13 2 3 1
66 84 129 24192 900 450 450 13 2 3 2
66 84 130 12096 900 450 450 13 2 3 1
66 84 132 48384 906 453 453 13 2 3 2
66 84 160 48384 906 453 453 13 2 3 2
66 84 161 96768 906 453 453 13 2 3 3
66 84 162 48384 906 453 453 13 2 3 2
66 84 164 48384 906 453 453 13 2 3 2
66 84 165 96768 906 453 453 13 2 3 3
66 84 166 48384 906 453 453 13 2 3 2
66 84 168 48384 906 453 453 13 2 3 2
66 84 169 96768 906 453 453 13 2 3 3
66 84 170 48384 906 453 453 13 2 3 2
66 84 172 96768 906 453 453 13 2 3 3
66 84 173 48384 906 453 453 13 2 3 2
66 84 175 48384 906 453 453 13 2 3 2
66 84 256 48384 906 453 453 13 2 3 1
66 84 257 96768 906 453 453 13 2 3 2
66 84 258 48384 906 453 453 13 2 3 2
66 84 260 48384 906 453 453 13 2 3 1
66 84 261 96768 906 453 453 13 2 3 2
66 84 262 48384 906 453 453 13 2 3 2
66 84 264 48384 906 453 453 13 2 3 2
66 84 265 48384 906 453 453 13 2 3 2
66 84 266 48384 906 453 453 13 2 3 3
66 84 267 48384 906 453 453 13 2 3 3
66 84 268 96768 906 453 453 13 2 3 2
66 84 270 96768 906 453 453 13 2 3 3
66 84 272 48384 906 453 453 13 2 3 2
66 84 273 96768 906 453 453 13 2 3 3
66 84 274 48384 906 453 453 13 2 3 2
66 84 276 48384 906 453 453 13 2 3 2
66 84 277 96768 906 453 453 13 2 3 3
66 84 278 48384 906 453 453 13 2 3 2
66 84 328 48384 906 453 453 13 2 3 2
66 84 329 48384 906 453 453 13 2 3 2
66 84 330 48384 906 453 453 13 2 3 3
66 84 331 48384 906 453 453 13 2 3 3
66 84 332 96768 906 453 453 13 2 3 2
66 84 334 96768 906 453 453 13 2 3 3
68 1 1 2016 900 450 450 13 2 1 1
68 1 2 1008 900 450 450 13 2 1 1
68 1 4 4032 894 447 447 13 2 1 1
68 1 8 1512 900 450 450 13 2 1 1
68 1 10 3024 900 450 450 13 2 1 2
68 1 11 6048 900 450 450 13 2 1 2
68 1 12 24192 894 447 447 13 2 1 2
68 1 16 756 900 450 450 13 2 1 1
68 1 20 12096 894 447 447 13 2 1 2
68 1 32 3024 900 450 450 13 2 1 1
68 1 33 12096 900 450 450 13 2 1 2
68 1 34 6048 900 450 450 13 2 1 2
68 1 80 1512 900 450 450 13 2 1 2
68 1 84 24192 894 447 447 13 2 1 3
68 1 96 6048 900 450 450 13 2 1 2
68 1 98 6048 900 450 450 13 2 1 3
68 1 99 12096 900 450 450 13 2 1 3
68 1 160 3024 900 450 450 13 2 1 2
68 8 1 1008 900 450 450 13 2 1 1
68 8 2 504 900 450 450 13 2 1 1
68 8 4 2016 900 450 450 13 2 1 1
68 8 8 756 900 450 450 13 2 1 1
68 8 10 1512 900 450 450 13 2 1 2
68 8 11 3024 900 450 450 13 2 1 2
68 8 12 12096 900 450 450 13 2 1 2
68 8 16 378 900 450 450 13 2 1 1
68 8 20 6048 900 450 450 13 2 1 2
68 8 32 1512 900 450 450 13 2 1 1
68 8 33 6048 900 450 450 13 2 1 2
68 8 34 3024 900 450 450 13 2 1 2
68 8 80 756 900 450 450 13 2 1 2
68 8 84 12096 900 450 450 13 2 1 3
68 8 96 3024 900 450 450 13 2 1 2
68 8 98 3024 900 450 450 13 2 1 3
68 8 99 6048 900 450 450 13 2 1 3
68 8 160 1512 900 450 450 13 2 1 2
68 10 1 3024 900 450 450 13 2 2 1
68 10 2 1512 900 450 450 13 2 2 1
68 10 4 6048 900 450 450 13 2 2 1
68 10 8 6048 900 450 450 13 2 2 1
68 10 10 12096 900 450 450 13 2 2 2
68 10 12 24192 900 450 450 13 2 2 2
68 10 16 3024 900 450 450 13 2 2 1
68 10 17 6048 900 450 450 13 2 2 2
68 10 20 12096 900 450 450 13 2 2 2
68 10 32 12096 894 447 447 13 2 2 1
68 10 33 48384 894 447 447 13 2 2 2
68 10 34 24192 894 447 447 13 2 2 2
68 10 64 1512 900 450 450 13 2 2 1
68 10 66 1512 900 450 450 13 2 2 2
68 10 67 3024 900 450 450 13 2 2 2
68 10 68 12096 900 450 450 13 2 2 2
68 10 80 3024 900 450 450 13 2 2 2
68 10 84 12096 900 450 450 13 2 2 3
68 10 88 6048 900 450 450 13 2 2 2
68 10 92 24192 900 450 450 13 2 2 3
68 10 96 24192 894 447 447 13 2 2 2
68 10 98 24192 894 447 447 13 2 2 3
68 10 99 48384 894 447 447 13 2 2 3
68 10 128 756 900 450 450 13 2 2 1
68 10 132 6048 900 450 450 13 2 2 2
68 10 160 12096 894 447 447 13 2 2 2
68 10 256 3024 900 450 450 13 2 2 1
68 10 257 6048 900 450 450 13 2 2 2
68 10 258 3024 900 450 450 13 2 2 2
68 10 264 12096 900 450 450 13 2 2 2
68 10 266 12096 900 450 450 13 2 2 3
68 10 272 6048 900 450 450 13 2 2 2
68 10 273 6048 900 450 450 13 2 2 3
68 64 1 4032 894 447 447 13 2 1 1
68 64 2 2016 900 450 450 13 2 1 1
68 64 4 4032 906 453 453 13 2 1 1
68 64 5 4032 906 453 453 13 2 1 1
68 64 8 3024 900 450 450 13 2 1 1
68 64 10 6048 900 450 450 13 2 1 2
68 64 11 12096 894 447 447 13 2 1 2
68 64 12 24192 906 453 453 13 2 1 2
68 64 13 24192 906 453 453 13 2 1 2
68 64 16 1512 900 450 450 13 2 1 1
68 64 20 12096 906 453 453 13 2 1 2
68 64 21 12096 906 453 453 13 2 1 2
68 64 32 3024 900 450 450 13 2 1 1
68 64 33 24192 900 450 450 13 2 1 2
68 64 34 6048 900 450 450 13 2 1 2
68 64 40 3024 900 450 450 13 2 1 1
68 64 42 6048 900 450 450 13 2 1 2
68 64 80 3024 900 450 450 13 2 1 2
68 64 84 24192 906 453 453 13 2 1 3
68 64 85 24192 906 453 453 13 2 1 3
68 64 96 12096 900 450 450 13 2 1 2
68 64 98 12096 900 450 450 13 2 1 3
68 64 99 24192 900 450 450 13 2 1 3
68 64 160 3024 900 450 450 13 2 1 2
68 64 168 3024 900 450 450 13 2 1 2
68 66 1 24192 894 447 447 13 2 2 1
68 66 2 12096 900 450 450 13 2 2 1
68 66 4 24192 906 453 453 13 2 2 1
68 66 5 24192 906 453 453 13 2 2 1
68 66 8 12096 900 450 450 13 2 2 1
68 66 10 24192 900 450 450 13 2 2 2
68 66 11 48384 894 447 447 13 2 2 2
68 66 12 96768 906 453 453 13 2 2 2
68 66 13 96768 906 453 453 13 2 2 2
68 66 16 6048 900 450 450 13 2 2 1
68 66 20 48384 906 453 453 13 2 2 2
68 66 21 48384 906 453 453 13 2 2 2
68 66 32 24192 900 450 450 13 2 2 1
68 66 33 48384 900 450 450 13 2 2 2
68 66 34 48384 900 450 450 13 2 2 2
68 66 41 48384 900 450 450 13 2 2 2
68 66 64 6048 900 450 450 13 2 2 1
68 66 66 12096 900 450 450 13 2 2 2
68 66 67 24192 894 447 447 13 2 2 2
68 66 68 48384 906 453 453 13 2 2 2
68 66 69 48384 906 453 453 13 2 2 2
68 66 80 6048 900 450 450 13 2 2 2
68 66 84 48384 906 453 453 13 2 2 3
68 66 85 48384 906 453 453 13 2 2 3
68 66 88 12096 900 450 450 13 2 2 2
68 66 92 96768 906 453 453 13 2 2 3
68 66 93 96768 906 453 453 13 2 2 3
68 66 96 48384 900 450 450 13 2 2 2
68 66 98 48384 900 450 450 13 2 2 3
68 66 99 48384 900 450 450 13 2 2 3
68 66 107 48384 900 450 450 13 2 2 3
68 66 128 3024 900 450 450 13 2 2 1
68 66 132 24192 906 453 453 13 2 2 2
68 66 133 24192 906 453 453 13 2 2 2
68 66 160 24192 900 450 450 13 2 2 2
68 66 256 12096 900 450 450 13 2 2 1
68 66 257 48384 900 450 450 13 2 2 2
68 66 258 12096 900 450 450 13 2 2 2
68 66 264 24192 900 450 450 13 2 2 2
68 66 266 24192 900 450 450 13 2 2 3
68 66 267 48384 900 450 450 13 2 2 3
68 66 272 12096 900 450 450 13 2 2 2
68 66 274 12096 900 450 450 13 2 2 2
68 80 1 12096 894 447 447 13 2 2 1
68 80 2 6048 900 450 450 13 2 2 1
68 80 4 12096 906 453 453 13 2 2 1
68 80 5 12096 906 453 453 13 2 2 1
68 80 8 6048 900 450 450 13 2 2 1
68 80 10 12096 900 450 450 13 2 2 2
68 80 11 24192 894 447 447 13 2 2 2
68 80 12 48384 906 453 453 13 2 2 2
68 80 13 48384 906 453 453 13 2 2 2
68 80 16 3024 900 450 450 13 2 2 1
68 80 20 24192 906 453 453 13 2 2 2
68 80 21 24192 906 453 453 13 2 2 2
68 80 32 6048 900 450 450 13 2 2 1
68 80 33 48384 900 450 450 13 2 2 2
68 80 34 12096 900 450 450 13 2 2 2
68 80 40 6048 900 450 450 13 2 2 1
68 80 42 12096 900 450 450 13 2 2 2
68 80 64 3024 900 450 450 13 2 2 1
68 80 66 6048 900 450 450 13 2 2 2
68 80 67 12096 894 447 447 13 2 2 2
68 80 68 24192 906 453 453 13 2 2 2
68 80 69 24192 906 453 453 13 2 2 2
68 80 80 3024 900 450 450 13 2 2 2
68 80 84 24192 906 453 453 13 2 2 3
68 80 85 24192 906 453 453 13 2 2 3
68 80 88 6048 900 450 450 13 2 2 2
68 80 92 48384 906 453 453 13 2 2 3
68 80 93 48384 906 453 453 13 2 2 3
68 80 96 12096 900 450 450 13 2 2 2
68 80 98 12096 900 450 450 13 2 2 3
68 80 99 48384 900 450 450 13 2 2 3
68 80 104 12096 900 450 450 13 2 2 2
68 80 106 12096 900 450 450 13 2 2 3
68 80 128 1512 900 450 450 13 2 2 1
68 80 132 12096 906 453 453 13 2 2 2
68 80 133 12096 906 453 453 13 2 2 2
68 80 160 6048 900 450 450 13 2 2 2
68 80 168 6048 900 450 450 13 2 2 2
68 80 256 3024 900 450 450 13 2 2 1
68 80 257 24192 900 450 450 13 2 2 2
68 80 258 6048 900 450 450 13 2 2 2
68 80 264 12096 900 450 450 13 2 2 2
68 80 266 12096 900 450 450 13 2 2 3
68 80 267 24192 900 450 450 13 2 2 3
68 80 272 3024 900 450 450 13 2 2 2
68 80 320 3024 900 450 450 13 2 2 1
68 80 322 6048 900 450 450 13 2 2 2
68 80 336 3024 900 450 450 13 2 2 2
68 84 1 24192 894 447 447 13 2 3 1
68 84 2 12096 900 450 450 13 2 3 1
68 84 4 24192 906 453 453 13 2 3 1
68 84 5 24192 906 453 453 13 2 3 1
68 84 8 6048 900 450 450 13 2 3 1
68 84 10 12096 900 450 450 13 2 3 2
68 84 11 24192 894 447 447 13 2 3 2
68 84 12 48384 906 453 453 13 2 3 2
68 84 13 48384 906 453 453 13 2 3 2
68 84 16 3024 900 450 450 13 2 3 1
68 84 20 24192 906 453 453 13 2 3 2
68 84 21 24192 906 453 453 13 2 3 2
68 84 32 12096 900 450 450 13 2 3 1
68 84 33 48384 900 450 450 13 2 3 2
68 84 34 12096 900 450 450 13 2 3 2
68 84 42 12096 900 450 450 13 2 3 2
68 84 64 12096 900 450 450 13 2 3 1
68 84 66 24192 900 450 450 13 2 3 2
68 84 67 48384 894 447 447 13 2 3 2
68 84 68 96768 906 453 453 13 2 3 2
68 84 69 96768 906 453 453 13 2 3 2
68 84 80 12096 900 450 450 13 2 3 2
68 84 84 96768 906 453 453 13 2 3 3
68 84 85 96768 906 453 453 13 2 3 3
68 84 96 24192 900 450 450 13 2 3 2
68 84 98 24192 900 450 450 13 2 3 3
68 84 99 48384 900 450 450 13 2 3 3
68 84 128 6048 900 450 450 13 2 3 1
68 84 132 48384 906 453 453 13 2 3 2
68 84 133 48384 906 453 453 13 2 3 2
68 84 136 6048 900 450 450 13 2 3 2
68 84 140 48384 906 453 453 13 2 3 3
68 84 141 48384 906 453 453 13 2 3 3
68 84 160 12096 900 450 450 13 2 3 2
68 84 256 24192 900 450 450 13 2 3 1
68 84 257 48384 900 450 450 13 2 3 2
68 84 258 48384 900 450 450 13 2 3 2
68 84 264 48384 900 450 450 13 2 3 2
68 84 266 48384 900 450 450 13 2 3 3
68 84 267 48384 900 450 450 13 2 3 3
68 84 272 24192 900 450 450 13 2 3 2
68 84 321 48384 900 450 450 13 2 3 2
68 84 331 48384 900 450 450 13 2 3 3
69 1 1 4032 894 447 447 13 2 1 1
69 1 2 2016 900 450 450 13 2 1 1
69 1 4 4032 894 447 447 13 2 1 1
69 1 5 4032 900 450 450 13 2 1 1
69 1 8 3024 900 450 450 13 2 1 1
69 1 10 6048 900 450 450 13 2 1 2
69 1 11 12096 894 447 447 13 2 1 2
69 1 12 24192 894 447 447 13 2 1 2
69 1 13 24192 900 450 450 13 2 1 2
69 1 16 1512 900 450 450 13 2 1 1
69 1 20 12096 894 447 447 13 2 1 2
69 1 21 12096 900 450 450 13 2 1 2
69 1 32 3024 900 450 450 13 2 1 1
69 1 33 24192 894 447 447 13 2 1 2
69 1 34 6048 900 450 450 13 2 1 2
69 1 40 3024 900 450 450 13 2 1 1
69 1 42 6048 900 450 450 13 2 1 2
69 1 80 3024 900 450 450 13 2 1 2
69 1 84 24192 894 447 447 13 2 1 3
69 1 85 24192 900 450 450 13 2 1 3
69 1 96 12096 900 450 450 13 2 1 2
69 1 98 12096 900 450 450 13 2 1 3
69 1 99 24192 894 447 447 13 2 1 3
69 1 160 3024 900 450 450 13 2 1 2
69 1 168 3024 900 450 450 13 2 1 2
69 8 1 2016 900 450 450 13 2 1 1
69 8 2 1008 900 450 450 13 2 1 1
69 8 4 2016 900 450 450 13 2 1 1
69 8 5 2016 900 450 450 13 2 1 1
69 8 8 1512 900 450 450 13 2 1 1
69 8 10 3024 900 450 450 13 2 1 2
69 8 11 6048 900 450 450 13 2 1 2
69 8 12 12096 900 450 450 13 2 1 2
69 8 13 12096 900 450 450 13 2 1 2
69 8 16 756 900 450 450 13 2 1 1
69 8 20 6048 900 450 450 13 2 1 2
69 8 21 6048 900 450 450 13 2 1 2
69 8 32 1512 900 450 450 13 2 1 1
69 8 33 12096 900 450 450 13 2 1 2
69 8 34 3024 900 450 450 13 2 1 2
69 8 40 1512 900 450 450 13 2 1 1
69 8 42 3024 900 450 450 13 2 1 2
69 8 80 1512 900 450 450 13 2 1 2
69 8 84 12096 900 450 450 13 2 1 3
69 8 85 12096 900 450 450 13 2 1 3
69 8 96 6048 900 450 450 13 2 1 2
69 8 98 6048 900 450 450 13 2 1 3
69 8 99 12096 900 450 450 13 2 1 3
69 8 160 1512 900 450 450 13 2 1 2
69 8 168 1512 900 450 450 13 2 1 2
69 10 1 6048 900 450 450 13 2 2 1
69 10 2 3024 900 450 450 13 2 2 1
69 10 4 6048 900 450 450 13 2 2 1
69 10 5 6048 900 450 450 13 2 2 1
69 10 8 12096 894 447 447 13 2 2 1
69 10 10 24192 894 447 447 13 2 2 2
69 10 12 48384 894 447 447 13 2 2 2
69 10 16 6048 900 450 450 13 2 2 1
69 10 17 12096 900 450 450 13 2 2 2
69 10 20 12096 900 450 450 13 2 2 2
69 10 21 12096 900 450 450 13 2 2 2
69 10 32 12096 894 447 447 13 2 2 1
69 10 33 48384 894 447 447 13 2 2 2
69 10 34 24192 894 447 447 13 2 2 2
69 10 40 12096 900 450 450 13 2 2 1
69 10 41 48384 900 450 450 13 2 2 2
69 10 42 24192 900 450 450 13 2 2 2
69 10 64 3024 900 450 450 13 2 2 1
69 10 66 3024 900 450 450 13 2 2 2
69 10 67 6048 900 450 450 13 2 2 2
69 10 68 12096 900 450 450 13 2 2 2
69 10 69 12096 900 450 450 13 2 2 2
69 10 80 6048 900 450 450 13 2 2 2
69 10 84 12096 900 450 450 13 2 2 3
69 10 85 12096 900 450 450 13 2 2 3
69 10 88 12096 894 447 447 13 2 2 2
69 10 92 48384 894 447 447 13 2 2 3
69 10 96 24192 894 447 447 13 2 2 2
69 10 98 24192 894 447 447 13 2 2 3
69 10 99 48384 894 447 447 13 2 2 3
69 10 104 24192 900 450 450 13 2 2 2
69 10 106 24192 900 450 450 13 2 2 3
69 10 107 48384 900 450 450 13 2 2 3
69 10 128 1512 900 450 450 13 2 2 1
69 10 132 6048 900 450 450 13 2 2 2
69 10 133 6048 900 450 450 13 2 2 2
69 10 160 12096 894 447 447 13 2 2 2
69 10 168 12096 900 450 450 13 2 2 2
69 10 256 3024 900 450 450 13 2 2 1
69 10 257 12096 900 450 450 13 2 2 2
69 10 258 3024 900 450 450 13 2 2 2
69 10 264 24192 894 447 447 13 2 2 2
69 10 266 24192 894 447 447 13 2 2 3
69 10 272 6048 900 450 450 13 2 2 2
69 10 273 12096 900 450 450 13 2 2 3
69 10 320 3024 900 450 450 13 2 2 1
69 10 322 3024 900 450 450 13 2 2 2
69 10 336 6048 900 450 450 13 2 2 2
69 64 1 4032 894 447 447 13 2 1 1
69 64 2 2016 900 450 450 13 2 1 1
69 64 4 4032 900 450 450 13 2 1 1
69 64 5 4032 906 453 453 13 2 1 1
69 64 8 3024 900 450 450 13 2 1 1
69 64 10 6048 900 450 450 13 2 1 2
69 64 11 12096 894 447 447 13 2 1 2
69 64 12 24192 900 450 450 13 2 1 2
69 64 13 24192 906 453 453 13 2 1 2
69 64 16 1512 900 450 450 13 2 1 1
69 64 20 12096 900 450 450 13 2 1 2
69 64 21 12096 906 453 453 13 2 1 2
69 64 32 3024 906 453 453 13 2 1 1
69 64 33 24192 900 450 450 13 2 1 2
69 64 34 6048 906 453 453 13 2 1 2
69 64 40 3024 906 453 453 13 2 1 1
69 64 42 6048 906 453 453 13 2 1 2
69 64 80 3024 900 450 450 13 2 1 2
69 64 84 24192 900 450 450 13 2 1 3
69 64 85 24192 906 453 453 13 2 1 3
69 64 96 12096 906 453 453 13 2 1 2
69 64 98 12096 906 453 453 13 2 1 3
69 64 99 24192 900 450 450 13 2 1 3
69 64 160 3024 906 453 453 13 2 1 2
69 64 168 3024 906 453 453 13 2 1 2
69 65 1 4032 900 450 450 13 2 1 1
69 65 2 2016 900 450 450 13 2 1 1
69 65 4 4032 906 453 453 13 2 1 1
69 65 5 4032 906 453 453 13 2 1 1
69 65 8 3024 900 450 450 13 2 1 1
69 65 10 6048 900 450 450 13 2 1 2
69 65 11 12096 900 450 450 13 2 1 2
69 65 12 24192 906 453 453 13 2 1 2
69 65 13 24192 906 453 453 13 2 1 2
69 65 16 1512 900 450 450 13 2 1 1
69 65 20 12096 906 453 453 13 2 1 2
69 65 21 12096 906 453 453 13 2 1 2
69 65 32 3024 906 453 453 13 2 1 1
69 65 33 24192 906 453 453 13 2 1 2
69 65 34 6048 906 453 453 13 2 1 2
69 65 40 3024 906 453 453 13 2 1 1
69 65 42 6048 906 453 453 13 2 1 2
69 65 80 3024 900 450 450 13 2 1 2
69 65 84 24192 906 453 453 13 2 1 3
69 65 85 24192 906 453 453 13 2 1 3
69 65 96 12096 906 453 453 13 2 1 2
69 65 98 12096 906 453 453 13 2 1 3
69 65 99 24192 906 453 453 13 2 1 3
69 65 160 3024 906 453 453 13 2 1 2
69 65 168 3024 906 453 453 13 2 1 2
69 66 1 24192 894 447 447 13 2 2 1
69 66 2 12096 900 450 450 13 2 2 1
69 66 4 24192 900 450 450 13 2 2 1
69 66 5 24192 906 453 453 13 2 2 1
69 66 8 24192 894 447 447 13 2 2 1
69 66 9 24192 900 450 450 13 2 2 1
69 66 10 48384 894 447 447 13 2 2 2
69 66 11 48384 900 450 450 13 2 2 2
69 66 12 96768 906 453 453 13 2 2 2
69 66 13 96768 900 450 450 13 2 2 2
69 66 16 12096 900 450 450 13 2 2 1
69 66 17 48384 894 447 447 13 2 2 2
69 66 18 12096 900 450 450 13 2 2 1
69 66 20 48384 900 450 450 13 2 2 2
69 66 21 48384 906 453 453 13 2 2 2
69 66 32 24192 900 450 450 13 2 2 1
69 66 33 96768 906 453 453 13 2 2 2
69 66 34 48384 900 450 450 13 2 2 2
69 66 36 24192 906 453 453 13 2 2 1
69 66 37 96768 900 450 450 13 2 2 2
69 66 38 48384 906 453 453 13 2 2 2
69 66 40 24192 906 453 453 13 2 2 1
69 66 41 96768 900 450 450 13 2 2 2
69 66 42 48384 906 453 453 13 2 2 2
69 66 44 96768 900 450 450 13 2 2 2
69 66 45 24192 906 453 453 13 2 2 1
69 66 47 48384 906 453 453 13 2 2 2
69 66 64 12096 900 450 450 13 2 2 1
69 66 66 12096 900 450 450 13 2 2 2
69 66 67 24192 894 447 447 13 2 2 2
69 66 68 48384 900 450 450 13 2 2 2
69 66 69 48384 906 453 453 13 2 2 2
69 66 80 12096 900 450 450 13 2 2 2
69 66 82 12096 900 450 450 13 2 2 2
69 66 84 48384 900 450 450 13 2 2 3
69 66 85 48384 906 453 453 13 2 2 3
69 66 88 24192 894 447 447 13 2 2 2
69 66 91 24192 900 450 450 13 2 2 2
69 66 92 96768 906 453 453 13 2 2 3
69 66 93 96768 900 450 450 13 2 2 3
69 66 96 48384 900 450 450 13 2 2 2
69 66 98 48384 900 450 450 13 2 2 3
69 66 99 96768 906 453 453 13 2 2 3
69 66 100 48384 906 453 453 13 2 2 2
69 66 102 48384 906 453 453 13 2 2 3
69 66 103 96768 900 450 450 13 2 2 3
69 66 104 48384 906 453 453 13 2 2 2
69 66 106 48384 906 453 453 13 2 2 3
69 66 107 96768 900 450 450 13 2 2 3
69 66 109 48384 906 453 453 13 2 2 2
69 66 110 96768 900 450 450 13 2 2 3
69 66 111 48384 906 453 453 13 2 2 3
69 66 128 6048 900 450 450 13 2 2 1
69 66 132 24192 900 450 450 13 2 2 2
69 66 133 24192 906 453 453 13 2 2 2
69 66 160 24192 900 450 450 13 2 2 2
69 66 164 24192 906 453 453 13 2 2 2
69 66 168 24192 906 453 453 13 2 2 2
69 66 173 24192 906 453 453 13 2 2 2
69 66 256 12096 906 453 453 13 2 2 1
69 66 257 48384 900 450 450 13 2 2 2
69 66 258 12096 906 453 453 13 2 2 2
69 66 264 48384 900 450 450 13 2 2 2
69 66 265 48384 906 453 453 13 2 2 2
69 66 266 48384 900 450 450 13 2 2 3
69 66 267 48384 906 453 453 13 2 2 3
69 66 272 12096 906 453 453 13 2 2 2
69 66 273 48384 900 450 450 13 2 2 3
69 66 274 12096 906 453 453 13 2 2 2
69 66 320 12096 906 453 453 13 2 2 1
69 66 322 12096 906 453 453 13 2 2 2
69 66 336 12096 906 453 453 13 2 2 2
69 66 338 12096 906 453 453 13 2 2 2
69 80 1 12096 894 447 447 13 2 2 1
69 80 2 6048 900 450 450 13 2 2 1
69 80 4 12096 900 450 450 13 2 2 1
69 80 5 12096 906 453 453 13 2 2 1
69 80 8 6048 900 450 450 13 2 2 1
69 80 10 12096 900 450 450 13 2 2 2
69 80 11 24192 894 447 447 13 2 2 2
69 80 12 48384 900 450 450 13 2 2 2
69 80 13 48384 906 453 453 13 2 2 2
69 80 16 3024 900 450 450 13 2 2 1
69 80 20 24192 900 450 450 13 2 2 2
69 80 21 24192 906 453 453 13 2 2 2
69 80 32 6048 906 453 453 13 2 2 1
69 80 33 48384 900 450 450 13 2 2 2
69 80 34 12096 906 453 453 13 2 2 2
69 80 40 6048 906 453 453 13 2 2 1
69 80 42 12096 906 453 453 13 2 2 2
69 80 64 3024 900 450 450 13 2 2 1
69 80 66 6048 900 450 450 13 2 2 2
69 80 67 12096 894 447 447 13 2 2 2
69 80 68 24192 900 450 450 13 2 2 2
69 80 69 24192 906 453 453 13 2 2 2
69 80 80 3024 900 450 450 13 2 2 2
69 80 84 24192 900 450 450 13 2 2 3
69 80 85 24192 906 453 453 13 2 2 3
69 80 88 6048 900 450 450 13 2 2 2
69 80 92 48384 900 450 450 13 2 2 3
69 80 93 48384 906 453 453 13 2 2 3
69 80 96 12096 906 453 453 13 2 2 2
69 80 98 12096 906 453 453 13 2 2 3
69 80 99 48384 900 450 450 13 2 2 3
69 80 104 12096 906 453 453 13 2 2 2
69 80 106 12096 906 453 453 13 2 2 3
69 80 128 1512 900 450 450 13 2 2 1
69 80 132 12096 900 450 450 13 2 2 2
69 80 133 12096 906 453 453 13 2 2 2
69 80 160 6048 906 453 453 13 2 2 2
69 80 168 6048 906 453 453 13 2 2 2
69 80 256 3024 906 453 453 13 2 2 1
69 80 257 24192 900 450 450 13 2 2 2
69 80 258 6048 906 453 453 13 2 2 2
69 80 264 12096 906 453 453 13 2 2 2
69 80 266 12096 906 453 453 13 2 2 3
69 80 267 24192 900 450 450 13 2 2 3
69 80 272 3024 906 453 453 13 2 2 2
69 80 320 3024 906 453 453 13 2 2 1
69 80 322 6048 906 453 453 13 2 2 2
69 80 336 3024 906 453 453 13 2 2 2
69 81 1 12096 900 450 450 13 2 2 1
69 81 2 6048 900 450 450 13 2 2 1
69 81 4 12096 906 453 453 13 2 2 1
69 81 5 12096 906 453 453 13 2 2 1
69 81 8 6048 900 450 450 13 2 2 1
69 81 10 12096 900 450 450 13 2 2 2
69 81 11 24192 900 450 450 13 2 2 2
69 81 12 48384 906 453 453 13 2 2 2
69 81 13 48384 906 453 453 13 2 2 2
69 81 16 3024 900 450 450 13 2 2 1
69 81 20 24192 906 453 453 13 2 2 2
69 81 21 24192 906 453 453 13 2 2 2
69 81 32 6048 906 453 453 13 2 2 1
69 81 33 48384 906 453 453 13 2 2 2
69 81 34 12096 906 453 453 13 2 2 2
69 81 40 6048 906 453 453 13 2 2 1
69 81 42 12096 906 453 453 13 2 2 2
69 81 64 3024 900 450 450 13 2 2 1
69 81 66 6048 900 450 450 13 2 2 2
69 81 67 12096 900 450 450 13 2 2 2
69 81 68 24192 906 453 453 13 2 2 2
69 81 69 24192 906 453 453 13 2 2 2
69 81 80 3024 900 450 450 13 2 2 2
69 81 84 24192 906 453 453 13 2 2 3
69 81 85 24192 906 453 453 13 2 2 3
69 81 88 6048 900 450 450 13 2 2 2
69 81 92 48384 906 453 453 13 2 2 3
69 81 93 48384 906 453 453 13 2 2 3
69 81 96 12096 906 453 453 13 2 2 2
69 81 98 12096 906 453 453 13 2 2 3
69 81 99 48384 906 453 453 13 2 2 3
69 81 104 12096 906 453 453 13 2 2 2
69 81 106 12096 906 453 453 13 2 2 3
69 81 128 1512 900 450 450 13 2 2 1
69 81 132 12096 906 453 453 13 2 2 2
69 81 133 12096 906 453 453 13 2 2 2
69 81 160 6048 906 453 453 13 2 2 2
69 81 168 6048 906 453 453 13 2 2 2
69 81 256 3024 906 453 453 13 2 2 1
69 81 257 24192 906 453 453 13 2 2 2
69 81 258 6048 906 453 453 13 2 2 2
69 81 264 12096 906 453 453 13 2 2 2
69 81 266 12096 906 453 453 13 2 2 3
69 81 267 24192 906 453 453 13 2 2 3
69 81 272 3024 906 453 453 13 2 2 2
69 81 320 3024 906 453 453 13 2 2 1
69 81 322 6048 906 453 453 13 2 2 2
69 81 336 3024 906 453 453 13 2 2 2
69 84 1 24192 894 447 447 13 2 3 1
69 84 2 12096 900 450 450 13 2 3 1
69 84 4 24192 900 450 450 13 2 3 1
69 84 5 24192 906 453 453 13 2 3 1
69 84 8 12096 900 450 450 13 2 3 1
69 84 10 12096 900 450 450 13 2 3 2
69 84 11 24192 894 447 447 13 2 3 2
69 84 12 48384 900 450 450 13 2 3 2
69 84 13 48384 906 453 453 13 2 3 2
69 84 16 6048 900 450 450 13 2 3 1
69 84 20 24192 900 450 450 13 2 3 2
69 84 21 24192 906 453 453 13 2 3 2
69 84 32 12096 906 453 453 13 2 3 1
69 84 33 48384 900 450 450 13 2 3 2
69 84 34 12096 906 453 453 13 2 3 2
69 84 40 12096 906 453 453 13 2 3 1
69 84 42 12096 906 453 453 13 2 3 2
69 84 64 24192 894 447 447 13 2 3 1
69 84 65 24192 900 450 450 13 2 3 1
69 84 66 48384 894 447 447 13 2 3 2
69 84 67 48384 900 450 450 13 2 3 2
69 84 68 96768 906 453 453 13 2 3 2
69 84 69 96768 900 450 450 13 2 3 2
69 84 80 24192 894 447 447 13 2 3 2
69 84 81 24192 900 450 450 13 2 3 2
69 84 84 96768 906 453 453 13 2 3 3
69 84 85 96768 900 450 450 13 2 3 3
69 84 96 48384 900 450 450 13 2 3 2
69 84 97 48384 906 453 453 13 2 3 2
69 84 98 48384 900 450 450 13 2 3 3
69 84 99 48384 906 453 453 13 2 3 3
69 84 128 12096 900 450 450 13 2 3 1
69 84 129 48384 894 447 447 13 2 3 2
69 84 130 12096 900 450 450 13 2 3 1
69 84 132 48384 900 450 450 13 2 3 2
69 84 133 48384 906 453 453 13 2 3 2
69 84 136 12096 900 450 450 13 2 3 2
69 84 138 12096 900 450 450 13 2 3 2
69 84 140 48384 900 450 450 13 2 3 3
69 84 141 48384 906 453 453 13 2 3 3
69 84 160 12096 906 453 453 13 2 3 2
69 84 161 48384 900 450 450 13 2 3 3
69 84 162 12096 906 453 453 13 2 3 2
69 84 168 12096 906 453 453 13 2 3 2
69 84 170 12096 906 453 453 13 2 3 2
69 84 256 24192 900 450 450 13 2 3 1
69 84 257 96768 906 453 453 13 2 3 2
69 84 258 48384 900 450 450 13 2 3 2
69 84 260 24192 906 453 453 13 2 3 1
69 84 261 96768 900 450 450 13 2 3 2
69 84 262 48384 906 453 453 13 2 3 2
69 84 264 48384 900 450 450 13 2 3 2
69 84 266 48384 900 450 450 13 2 3 3
69 84 267 96768 906 453 453 13 2 3 3
69 84 268 48384 906 453 453 13 2 3 2
69 84 270 48384 906 453 453 13 2 3 3
69 84 271 96768 900 450 450 13 2 3 3
69 84 272 24192 900 450 450 13 2 3 2
69 84 276 24192 906 453 453 13 2 3 2
69 84 320 24192 906 453 453 13 2 3 1
69 84 321 96768 900 450 450 13 2 3 2
69 84 322 48384 906 453 453 13 2 3 2
69 84 324 96768 900 450 450 13 2 3 2
69 84 325 24192 906 453 453 13 2 3 1
69 84 327 48384 906 453 453 13 2 3 2
69 84 328 48384 906 453 453 13 2 3 2
69 84 330 48384 906 453 453 13 2 3 3
69 84 331 96768 900 450 450 13 2 3 3
69 84 333 48384 906 453 453 13 2 3 2
69 84 334 96768 900 450 450 13 2 3 3
69 84 335 48384 906 453 453 13 2 3 3
69 84 336 24192 906 453 453 13 2 3 2
69 84 341 24192 906 453 453 13 2 3 2
84 1 1 2016 900 450 450 13 3 1 1
84 1 2 4032 900 450 450 13 3 1 1
84 1 4 8064 900 450 450 13 3 1 1
84 1 8 1512 900 450 450 13 3 1 1
84 1 10 12096 900 450 450 13 3 1 2
84 1 12 24192 900 450 450 13 3 1 2
84 1 16 3024 900 450 450 13 3 1 1
84 1 17 6048 900 450 450 13 3 1 2
84 1 20 48384 900 450 450 13 3 1 2
84 1 32 6048 900 450 450 13 3 1 1
84 1 33 12096 900 450 450 13 3 1 2
84 1 34 24192 900 450 450 13 3 1 2
84 1 80 3024 900 450 450 13 3 1 2
84 1 84 48384 900 450 450 13 3 1 3
84 1 96 6048 900 450 450 13 3 1 2
84 1 98 24192 900 450 450 13 3 1 3
84 1 160 12096 900 450 450 13 3 1 2
84 1 161 12096 900 450 450 13 3 1 3
84 8 1 4032 900 450 450 13 3 1 1
84 8 2 8064 900 450 450 13 3 1 1
84 8 4 8064 900 450 450 13 3 1 1
84 8 6 8064 900 450 450 13 3 1 1
84 8 8 3024 900 450 450 13 3 1 1
84 8 10 24192 900 450 450 13 3 1 2
84 8 12 24192 900 450 450 13 3 1 2
84 8 14 24192 900 450 450 13 3 1 2
84 8 16 6048 900 450 450 13 3 1 1
84 8 17 12096 900 450 450 13 3 1 2
84 8 20 48384 900 450 450 13 3 1 2
84 8 22 48384 900 450 450 13 3 1 2
84 8 32 6048 900 450 450 13 3 1 1
84 8 33 12096 900 450 450 13 3 1 2
84 8 34 48384 900 450 450 13 3 1 2
84 8 48 6048 900 450 450 13 3 1 1
84 8 49 12096 900 450 450 13 3 1 2
84 8 80 6048 900 450 450 13 3 1 2
84 8 84 48384 900 450 450 13 3 1 3
84 8 86 48384 900 450 450 13 3 1 3
84 8 96 6048 900 450 450 13 3 1 2
84 8 98 48384 900 450 450 13 3 1 3
84 8 112 6048 900 450 450 13 3 1 2
84 8 160 24192 900 450 450 13 3 1 2
84 8 161 24192 900 450 450 13 3 1 3
84 10 1 12096 900 450 450 13 3 2 1
84 10 2 24192 900 450 450 13 3 2 1
84 10 4 24192 900 450 450 13 3 2 1
84 10 6 24192 900 450 450 13 3 2 1
84 10 8 6048 900 450 450 13 3 2 1
84 10 10 48384 900 450 450 13 3 2 2
84 10 12 48384 900 450 450 13 3 2 2
84 10 14 48384 900 450 450 13 3 2 2
84 10 16 12096 900 450 450 13 3 2 1
84 10 17 24192 900 450 450 13 3 2 2
84 10 20 96768 900 450 450 13 3 2 2
84 10 22 96768 900 450 450 13 3 2 2
84 10 32 24192 900 450 450 13 3 2 1
84 10 33 48384 900 450 450 13 3 2 2
84 10 34 48384 900 450 450 13 3 2 2
84 10 50 48384 900 450 450 13 3 2 2
84 10 64 3024 900 450 450 13 3 2 1
84 10 66 24192 900 450 450 13 3 2 2
84 10 68 24192 900 450 450 13 3 2 2
84 10 70 24192 900 450 450 13 3 2 2
84 10 80 12096 900 450 450 13 3 2 2
84 10 84 96768 900 450 450 13 3 2 3
84 10 86 96768 900 450 450 13 3 2 3
84 10 96 24192 900 450 450 13 3 2 2
84 10 98 48384 900 450 450 13 3 2 3
84 10 114 48384 900 450 450 13 3 2 3
84 10 128 6048 900 450 450 13 3 2 1
84 10 129 12096 900 450 450 13 3 2 2
84 10 132 48384 900 450 450 13 3 2 2
84 10 134 48384 900 450 450 13 3 2 2
84 10 136 6048 900 450 450 13 3 2 2
84 10 140 48384 900 450 450 13 3 2 3
84 10 142 48384 900 450 450 13 3 2 3
84 10 160 48384 900 450 450 13 3 2 2
84 10 161 48384 900 450 450 13 3 2 3
84 10 256 12096 900 450 450 13 3 2 1
84 10 257 12096 900 450 450 13 3 2 2
84 10 258 48384 900 450 450 13 3 2 2
84 10 264 12096 900 450 450 13 3 2 2
84 10 265 12096 900 450 450 13 3 2 2
84 10 266 48384 900 450 450 13 3 2 3
84 10 272 24192 900 450 450 13 3 2 2
84 10 273 24192 900 450 450 13 3 2 3
84 64 1 8064 900 450 450 13 3 1 1
84 64 2 8064 900 450 450 13 3 1 1
84 64 3 8064 900 450 450 13 3 1 1
84 64 4 16128 906 453 453 13 3 1 1
84 64 5 16128 906 453 453 13 3 1 1
84 64 8 6048 900 450 450 13 3 1 1
84 64 10 24192 900 450 450 13 3 1 2
84 64 11 24192 900 450 450 13 3 1 2
84 64 12 48384 906 453 453 13 3 1 2
84 64 13 48384 906 453 453 13 3 1 2
84 64 16 6048 900 450 450 13 3 1 1
84 64 17 24192 900 450 450 13 3 1 2
84 64 20 48384 906 453 453 13 3 1 2
84 64 21 48384 906 453 453 13 3 1 2
84 64 24 6048 900 450 450 13 3 1 1
84 64 28 48384 906 453 453 13 3 1 2
84 64 29 48384 906 453 453 13 3 1 2
84 64 32 12096 906 453 453 13 3 1 1
84 64 33 48384 906 453 453 13 3 1 2
84 64 34 24192 906 453 453 13 3 1 2
84 64 35 48384 906 453 453 13 3 1 2
84 64 40 12096 906 453 453 13 3 1 1
84 64 42 24192 906 453 453 13 3 1 2
84 64 80 12096 900 450 450 13 3 1 2
84 64 84 96768 906 453 453 13 3 1 3
84 64 85 96768 906 453 453 13 3 1 3
84 64 96 24192 906 453 453 13 3 1 2
84 64 98 48384 906 453 453 13 3 1 3
84 64 99 48384 906 453 453 13 3 1 3
84 64 160 12096 906 453 453 13 3 1 2
84 64 161 48384 906 453 453 13 3 1 3
84 64 168 12096 906 453 453 13 3 1 2
84 64 224 24192 906 453 453 13 3 1 2
84 66 1 24192 900 450 450 13 3 2 1
84 66 2 24192 900 450 450 13 3 2 1
84 66 3 24192 900 450 450 13 3 2 1
84 66 4 48384 906 453 453 13 3 2 1
84 66 5 48384 906 453 453 13 3 2 1
84 66 8 12096 900 450 450 13 3 2 1
84 66 10 48384 900 450 450 13 3 2 2
84 66 11 48384 900 450 450 13 3 2 2
84 66 12 96768 906 453 453 13 3 2 2
84 66 13 96768 906 453 453 13 3 2 2
84 66 16 12096 900 450 450 13 3 2 1
84 66 17 48384 900 450 450 13 3 2 2
84 66 20 96768 906 453 453 13 3 2 2
84 66 21 96768 906 453 453 13 3 2 2
84 66 24 12096 900 450 450 13 3 2 1
84 66 28 96768 906 453 453 13 3 2 2
84 66 29 96768 906 453 453 13 3 2 2
84 66 32 48384 906 453 453 13 3 2 1
84 66 33 48384 906 453 453 13 3 2 2
84 66 34 96768 906 453 453 13 3 2 2
84 66 35 48384 906 453 453 13 3 2 2
84 66 41 48384 906 453 453 13 3 2 2
84 66 43 48384 906 453 453 13 3 2 2
84 66 64 6048 900 450 450 13 3 2 1
84 66 66 24192 900 450 450 13 3 2 2
84 66 67 24192 900 450 450 13 3 2 2
84 66 68 48384 906 453 453 13 3 2 2
84 66 69 48384 906 453 453 13 3 2 2
84 66 80 12096 900 450 450 13 3 2 2
84 66 84 96768 906 453 453 13 3 2 3
84 66 85 96768 906 453 453 13 3 2 3
84 66 88 12096 900 450 450 13 3 2 2
84 66 92 96768 906 453 453 13 3 2 3
84 66 93 96768 906 453 453 13 3 2 3
84 66 96 48384 906 453 453 13 3 2 2
84 66 98 96768 906 453 453 13 3 2 3
84 66 99 48384 906 453 453 13 3 2 3
84 66 107 48384 906 453 453 13 3 2 3
84 66 128 6048 900 450 450 13 3 2 1
84 66 129 24192 900 450 450 13 3 2 2
84 66 132 48384 906 453 453 13 3 2 2
84 66 133 48384 906 453 453 13 3 2 2
84 66 136 12096 900 450 450 13 3 2 2
84 66 140 96768 906 453 453 13 3 2 3
84 66 141 96768 906 453 453 13 3 2 3
84 66 160 48384 906 453 453 13 3 2 2
84 66 161 48384 906 453 453 13 3 2 3
84 66 169 48384 906 453 453 13 3 2 3
84 66 192 6048 900 450 450 13 3 2 1
84 66 196 48384 906 453 453 13 3 2 2
84 66 197 48384 906 453 453 13 3 2 2
84 66 224 48384 906 453 453 13 3 2 2
84 66 256 24192 906 453 453 13 3 2 1
84 66 257 48384 906 453 453 13 3 2 2
84 66 258 24192 906 453 453 13 3 2 2
84 66 259 48384 906 453 453 13 3 2 2
84 66 264 24192 906 453 453 13 3 2 2
84 66 266 48384 906 453 453 13 3 2 3
84 66 267 48384 906 453 453 13 3 2 3
84 66 272 24192 906 453 453 13 3 2 2
84 66 273 48384 906 453 453 13 3 2 3
84 66 274 24192 906 453 453 13 3 2 2
84 66 280 24192 906 453 453 13 3 2 2
84 80 1 48384 900 450 450 13 3 2 1
84 80 2 48384 900 450 450 13 3 2 1
84 80 3 48384 900 450 450 13 3 2 1
84 80 4 48384 906 453 453 13 3 2 1
84 80 5 48384 906 453 453 13 3 2 1
84 80 6 48384 906 453 453 13 3 2 1
84 80 7 48384 906 453 453 13 3 2 1
84 80 8 24192 900 450 450 13 3 2 1
84 80 10 96768 900 450 450 13 3 2 2
84 80 11 96768 900 450 450 13 3 2 2
84 80 12 96768 906 453 453 13 3 2 2
84 80 13 96768 906 453 453 13 3 2 2
84 80 14 96768 906 453 453 13 3 2 2
84 80 15 96768 906 453 453 13 3 2 2
84 80 16 48384 900 450 450 13 3 2 1
84 80 17 48384 900 450 450 13 3 2 2
84 80 20 96768 906 453 453 13 3 2 2
84 80 21 96768 906 453 453 13 3 2 2
84 80 22 96768 906 453 453 13 3 2 2
84 80 23 96768 906 453 453 13 3 2 2
84 80 25 48384 900 450 450 13 3 2 2
84 80 28 96768 906 453 453 13 3 2 2
84 80 29 96768 906 453 453 13 3 2 2
84 80 30 96768 906 453 453 13 3 2 2
84 80 31 96768 906 453 453 13 3 2 2
84 80 32 24192 906 453 453 13 3 2 1
84 80 33 96768 906 453 453 13 3 2 2
84 80 34 96768 906 453 453 13 3 2 2
84 80 35 96768 906 453 453 13 3 2 2
84 80 40 24192 906 453 453 13 3 2 1
84 80 42 96768 906 453 453 13 3 2 2
84 80 43 96768 906 453 453 13 3 2 2
84 80 48 48384 906 453 453 13 3 2 1
84 80 49 48384 906 453 453 13 3 2 2
84 80 57 48384 906 453 453 13 3 2 2
84 80 64 12096 900 450 450 13 3 2 1
84 80 66 48384 900 450 450 13 3 2 2
84 80 67 48384 900 450 450 13 3 2 2
84 80 68 48384 906 453 453 13 3 2 2
84 80 69 48384 906 453 453 13 3 2 2
84 80 70 48384 906 453 453 13 3 2 2
84 80 71 48384 906 453 453 13 3 2 2
84 80 80 48384 900 450 450 13 3 2 2
84 80 84 96768 906 453 453 13 3 2 3
84 80 85 96768 906 453 453 13 3 2 3
84 80 86 96768 906 453 453 13 3 2 3
84 80 87 96768 906 453 453 13 3 2 3
84 80 92 96768 906 453 453 13 3 2 3
84 80 93 96768 906 453 453 13 3 2 3
84 80 94 96768 906 453 453 13 3 2 3
84 80 95 96768 906 453 453 13 3 2 3
84 80 96 24192 906 453 453 13 3 2 2
84 80 98 96768 906 453 453 13 3 2 3
84 80 99 96768 906 453 453 13 3 2 3
84 80 104 24192 906 453 453 13 3 2 2
84 80 106 96768 906 453 453 13 3 2 3
84 80 107 96768 906 453 453 13 3 2 3
84 80 112 48384 906 453 453 13 3 2 2
84 80 128 24192 900 450 450 13 3 2 1
84 80 129 48384 900 450 450 13 3 2 2
84 80 132 48384 906 453 453 13 3 2 2
84 80 133 48384 906 453 453 13 3 2 2
84 80 134 48384 906 453 453 13 3 2 2
84 80 135 48384 906 453 453 13 3 2 2
84 80 136 24192 900 450 450 13 3 2 2
84 80 140 96768 906 453 453 13 3 2 3
84 80 141 96768 906 453 453 13 3 2 3
84 80 142 96768 906 453 453 13 3 2 3
84 80 143 96768 906 453 453 13 3 2 3
84 80 160 48384 906 453 453 13 3 2 2
84 80 161 96768 906 453 453 13 3 2 3
84 80 164 48384 906 453 453 13 3 2 2
84 80 168 48384 906 453 453 13 3 2 2
84 80 173 48384 906 453 453 13 3 2 2
84 80 176 48384 906 453 453 13 3 2 2
84 80 177 48384 906 453 453 13 3 2 3
84 80 182 48384 906 453 453 13 3 2 2
84 80 184 48384 906 453 453 13 3 2 2
84 80 185 48384 906 453 453 13 3 2 3
84 80 191 48384 906 453 453 13 3 2 2
84 80 256 12096 906 453 453 13 3 2 1
84 80 257 48384 906 453 453 13 3 2 2
84 80 258 48384 906 453 453 13 3 2 2
84 80 259 48384 906 453 453 13 3 2 2
84 80 264 24192 906 453 453 13 3 2 2
84 80 266 96768 906 453 453 13 3 2 3
84 80 267 96768 906 453 453 13 3 2 3
84 80 272 48384 906 453 453 13 3 2 2
84 80 273 48384 906 453 453 13 3 2 3
84 80 281 48384 906 453 453 13 3 2 3
84 80 320 12096 906 453 453 13 3 2 1
84 80 322 48384 906 453 453 13 3 2 2
84 80 323 48384 906 453 453 13 3 2 2
84 80 336 48384 906 453 453 13 3 2 2
84 80 384 24192 906 453 453 13 3 2 1
84 80 385 48384 906 453 453 13 3 2 2
84 80 392 24192 906 453 453 13 3 2 2
84 84 1 48384 900 450 450 13 3 3 1
84 84 2 48384 900 450 450 13 3 3 1
84 84 3 48384 900 450 450 13 3 3 1
84 84 4 96768 906 453 453 13 3 3 1
84 84 5 96768 906 453 453 13 3 3 1
84 84 8 24192 900 450 450 13 3 3 1
84 84 10 96768 900 450 450 13 3 3 2
84 84 11 96768 900 450 450 13 3 3 2
84 84 12 96768 906 453 453 13 3 3 2
84 84 13 96768 906 453 453 13 3 3 2
84 84 14 96768 906 453 453 13 3 3 2
84 84 15 96768 906 453 453 13 3 3 2
84 84 16 48384 900 450 450 13 3 3 1
84 84 17 48384 900 450 450 13 3 3 2
84 84 20 96768 906 453 453 13 3 3 2
84 84 21 96768 906 453 453 13 3 3 2
84 84 22 96768 906 453 453 13 3 3 2
84 84 23 96768 906 453 453 13 3 3 2
84 84 25 48384 900 450 450 13 3 3 2
84 84 28 96768 906 453 453 13 3 3 2
84 84 29 96768 906 453 453 13 3 3 2
84 84 30 96768 906 453 453 13 3 3 2
84 84 31 96768 906 453 453 13 3 3 2
84 84 32 48384 906 453 453 13 3 3 1
84 84 33 96768 906 453 453 13 3 3 2
84 84 34 96768 906 453 453 13 3 3 2
84 84 35 96768 906 453 453 13 3 3 2
84 84 42 96768 906 453 453 13 3 3 2
84 84 43 96768 906 453 453 13 3 3 2
84 84 48 48384 906 453 453 13 3 3 1
84 84 49 48384 906 453 453 13 3 3 2
84 84 57 48384 906 453 453 13 3 3 2
84 84 64 12096 900 450 450 13 3 3 1
84 84 66 48384 900 450 450 13 3 3 2
84 84 67 48384 900 450 450 13 3 3 2
84 84 68 96768 906 453 453 13 3 3 2
84 84 69 96768 906 453 453 13 3 3 2
84 84 80 48384 900 450 450 13 3 3 2
84 84 84 96768 906 453 453 13 3 3 3
84 84 85 96768 906 453 453 13 3 3 3
84 84 86 96768 906 453 453 13 3 3 3
84 84 87 96768 906 453 453 13 3 3 3
84 84 92 96768 906 453 453 13 3 3 3
84 84 93 96768 906 453 453 13 3 3 3
84 84 94 96768 906 453 453 13 3 3 3
84 84 95 96768 906 453 453 13 3 3 3
84 84 96 48384 906 453 453 13 3 3 2
84 84 98 96768 906 453 453 13 3 3 3
84 84 99 96768 906 453 453 13 3 3 3
84 84 106 96768 906 453 453 13 3 3 3
84 84 107 96768 906 453 453 13 3 3 3
84 84 112 48384 906 453 453 13 3 3 2
84 84 128 24192 900 450 450 13 3 3 1
84 84 129 48384 900 450 450 13 3 3 2
84 84 132 96768 906 453 453 13 3 3 2
84 84 133 96768 906 453 453 13 3 3 2
84 84 136 24192 900 450 450 13 3 3 2
84 84 140 96768 906 453 453 13 3 3 3
84 84 141 96768 906 453 453 13 3 3 3
84 84 142 96768 906 453 453 13 3 3 3
84 84 143 96768 906 453 453 13 3 3 3
84 84 160 96768 906 453 453 13 3 3 2
84 84 161 48384 906 453 453 13 3 3 3
84 84 164 96768 906 453 453 13 3 3 2
84 84 169 48384 906 453 453 13 3 3 3
84 84 173 96768 906 453 453 13 3 3 2
84 84 176 96768 906 453 453 13 3 3 2
84 84 177 96768 906 453 453 13 3 3 3
84 84 256 48384 906 453 453 13 3 3 1
84 84 257 48384 906 453 453 13 3 3 2
84 84 258 96768 906 453 453 13 3 3 2
84 84 259 48384 906 453 453 13 3 3 2
84 84 264 48384 906 453 453 13 3 3 2
84 84 266 48384 906 453 453 13 3 3 3
84 84 267 96768 906 453 453 13 3 3 3
84 84 272 48384 906 453 453 13 3 3 2
84 84 273 12096 906 453 453 13 3 3 3
84 84 281 24192 906 453 453 13 3 3 3
84 84 321 48384 906 453 453 13 3 3 2
84 84 323 48384 906 453 453 13 3 3 2
84 84 330 48384 906 453 453 13 3 3 3
84 84 337 12096 906 453 453 13 3 3 3
84 84 400 48384 906 453 453 13 3 3 2
84 84 401 24192 906 453 453 13 3 3 3
84 84 409 24192 906 453 453 13 3 3 3
85 1 1 16128 900 450 450 13 3 1 1
85 1 2 8064 900 450 450 13 3 1 1
85 1 4 16128 900 450 450 13 3 1 1
85 1 5 8064 900 450 450 13 3 1 1
85 1 7 8064 900 450 450 13 3 1 1
85 1 8 12096 900 450 450 13 3 1 1
85 1 10 24192 900 450 450 13 3 1 2
85 1 11 48384 900 450 450 13 3 1 2
85 1 12 48384 900 450 450 13 3 1 2
85 1 13 48384 900 450 450 13 3 1 2
85 1 14 48384 900 450 450 13 3 1 2
85 1 15 48384 900 450 450 13 3 1 2
85 1 16 6048 900 450 450 13 3 1 1
85 1 20 48384 900 450 450 13 3 1 2
85 1 21 24192 900 450 450 13 3 1 2
85 1 23 24192 900 450 450 13 3 1 2
85 1 32 12096 900 450 450 13 3 1 1
85 1 33 48384 900 450 450 13 3 1 2
85 1 34 24192 900 450 450 13 3 1 2
85 1 35 48384 900 450 450 13 3 1 2
85 1 40 6048 900 450 450 13 3 1 1
85 1 42 24192 900 450 450 13 3 1 2
85 1 56 6048 900 450 450 13 3 1 1
85 1 80 12096 900 450 450 13 3 1 2
85 1 84 96768 900 450 450 13 3 1 3
85 1 85 48384 900 450 450 13 3 1 3
85 1 87 48384 900 450 450 13 3 1 3
85 1 96 24192 900 450 450 13 3 1 2
85 1 98 48384 900 450 450 13 3 1 3
85 1 99 96768 900 450 450 13 3 1 3
85 1 112 24192 900 450 450 13 3 1 2
85 1 160 12096 900 450 450 13 3 1 2
85 1 168 12096 900 450 450 13 3 1 2
85 10 1 24192 900 450 450 13 3 2 1
85 10 2 48384 900 450 450 13 3 2 1
85 10 4 24192 900 450 450 13 3 2 1
85 10 5 24192 900 450 450 13 3 2 1
85 10 6 48384 900 450 450 13 3 2 1
85 10 10 16128 900 450 450 13 3 2 2
85 10 11 48384 900 450 450 13 3 2 2
85 10 12 96768 900 450 450 13 3 2 2
85 10 14 48384 900 450 450 13 3 2 2
85 10 15 48384 900 450 450 13 3 2 2
85 10 19 32256 900 450 450 13 3 2 2
85 10 20 96768 900 450 450 13 3 2 2
85 10 21 96768 900 450 450 13 3 2 2
85 10 22 96768 900 450 450 13 3 2 2
85 10 23 96768 900 450 450 13 3 2 2
85 10 64 12096 900 450 450 13 3 2 1
85 10 66 48384 900 450 450 13 3 2 2
85 10 68 24192 900 450 450 13 3 2 2
85 10 69 24192 900 450 450 13 3 2 2
85 10 70 48384 900 450 450 13 3 2 2
85 10 80 24192 900 450 450 13 3 2 2
85 10 84 96768 900 450 450 13 3 2 3
85 10 85 96768 900 450 450 13 3 2 3
85 10 86 96768 900 450 450 13 3 2 3
85 10 87 96768 900 450 450 13 3 2 3
85 10 96 48384 900 450 450 13 3 2 2
85 10 98 48384 900 450 450 13 3 2 3
85 10 104 48384 900 450 450 13 3 2 2
85 10 106 96768 900 450 450 13 3 2 3
85 10 112 48384 900 450 450 13 3 2 2
85 10 114 48384 900 450 450 13 3 2 3
85 10 118 48384 900 450 450 13 3 2 2
85 10 256 12096 900 450 450 13 3 2 1
85 10 257 24192 900 450 450 13 3 2 2
85 10 258 48384 900 450 450 13 3 2 2
85 10 264 48384 900 450 450 13 3 2 2
85 10 266 16128 900 450 450 13 3 2 3
85 10 267 48384 900 450 450 13 3 2 3
85 10 272 24192 900 450 450 13 3 2 2
85 10 275 32256 900 450 450 13 3 2 3
85 10 320 4032 900 450 450 13 3 2 1
85 64 1 16128 900 450 450 13 3 1 1
85 64 2 8064 900 450 450 13 3 1 1
85 64 4 16128 906 453 453 13 3 1 1
85 64 5 8064 906 453 453 13 3 1 1
85 64 7 8064 906 453 453 13 3 1 1
85 64 8 12096 900 450 450 13 3 1 1
85 64 10 24192 900 450 450 13 3 1 2
85 64 11 48384 900 450 450 13 3 1 2
85 64 12 48384 906 453 453 13 3 1 2
85 64 13 48384 906 453 453 13 3 1 2
85 64 14 48384 906 453 453 13 3 1 2
85 64 15 48384 906 453 453 13 3 1 2
85 64 16 6048 900 450 450 13 3 1 1
85 64 20 48384 906 453 453 13 3 1 2
85 64 21 24192 906 453 453 13 3 1 2
85 64 23 24192 906 453 453 13 3 1 2
85 64 32 12096 906 453 453 13 3 1 1
85 64 33 48384 906 453 453 13 3 1 2
85 64 34 24192 906 453 453 13 3 1 2
85 64 35 48384 906 453 453 13 3 1 2
85 64 40 6048 906 453 453 13 3 1 1
85 64 42 24192 906 453 453 13 3 1 2
85 64 56 6048 906 453 453 13 3 1 1
85 64 80 12096 900 450 450 13 3 1 2
85 64 84 96768 906 453 453 13 3 1 3
85 64 85 48384 906 453 453 13 3 1 3
85 64 87 48384 906 453 453 13 3 1 3
85 64 96 24192 906 453 453 13 3 1 2
85 64 98 48384 906 453 453 13 3 1 3
85 64 99 96768 906 453 453 13 3 1 3
85 64 112 24192 906 453 453 13 3 1 2
85 64 160 12096 906 453 453 13 3 1 2
85 64 168 12096 906 453 453 13 3 1 2
85 65 1 8064 900 450 450 13 3 1 1
85 65 4 8064 906 453 453 13 3 1 1
85 65 5 2688 906 453 453 13 3 1 1
85 65 8 6048 900 450 450 13 3 1 1
85 65 10 24192 900 450 450 13 3 1 2
85 65 12 24192 906 453 453 13 3 1 2
85 65 13 24192 906 453 453 13 3 1 2
85 65 14 48384 906 453 453 13 3 1 2
85 65 32 6048 906 453 453 13 3 1 1
85 65 33 24192 906 453 453 13 3 1 2
85 65 34 24192 906 453 453 13 3 1 2
85 65 40 2016 906 453 453 13 3 1 1
85 65 80 4032 900 450 450 13 3 1 2
85 65 84 48384 906 453 453 13 3 1 3
85 65 85 16128 906 453 453 13 3 1 3
85 65 96 12096 906 453 453 13 3 1 2
85 65 98 48384 906 453 453 13 3 1 3
85 65 112 12096 906 453 453 13 3 1 2
85 66 1 48384 900 450 450 13 3 2 1
85 66 2 24192 900 450 450 13 3 2 1
85 66 4 48384 906 453 453 13 3 2 1
85 66 5 24192 906 453 453 13 3 2 1
85 66 7 24192 906 453 453 13 3 2 1
85 66 8 48384 900 450 450 13 3 2 1
85 66 9 48384 900 450 450 13 3 2 1
85 66 10 96768 900 450 450 13 3 2 2
85 66 11 96768 900 450 450 13 3 2 2
85 66 12 96768 906 453 453 13 3 2 2
85 66 13 96768 906 453 453 13 3 2 2
85 66 14 96768 906 453 453 13 3 2 2
85 66 15 96768 906 453 453 13 3 2 2
85 66 16 24192 900 450 450 13 3 2 1
85 66 17 96768 900 450 450 13 3 2 2
85 66 18 24192 900 450 450 13 3 2 1
85 66 20 96768 906 453 453 13 3 2 2
85 66 21 48384 906 453 453 13 3 2 2
85 66 23 48384 906 453 453 13 3 2 2
85 66 32 48384 906 453 453 13 3 2 1
85 66 33 96768 906 453 453 13 3 2 2
85 66 34 96768 906 453 453 13 3 2 2
85 66 35 96768 906 453 453 13 3 2 2
85 66 36 48384 906 453 453 13 3 2 1
85 66 37 96768 906 453 453 13 3 2 2
85 66 38 96768 906 453 453 13 3 2 2
85 66 39 96768 906 453 453 13 3 2 2
85 66 40 24192 906 453 453 13 3 2 1
85 66 41 96768 906 453 453 13 3 2 2
85 66 42 48384 906 453 453 13 3 2 2
85 66 44 96768 906 453 453 13 3 2 2
85 66 45 24192 906 453 453 13 3 2 1
85 66 47 48384 906 453 453 13 3 2 2
85 66 56 24192 906 453 453 13 3 2 1
85 66 57 96768 906 453 453 13 3 2 2
85 66 58 48384 906 453 453 13 3 2 2
85 66 60 96768 906 453 453 13 3 2 2
85 66 61 48384 906 453 453 13 3 2 2
85 66 63 24192 906 453 453 13 3 2 1
85 66 64 24192 900 450 450 13 3 2 1
85 66 66 24192 900 450 450 13 3 2 2
85 66 67 48384 900 450 450 13 3 2 2
85 66 68 48384 906 453 453 13 3 2 2
85 66 69 48384 906 453 453 13 3 2 2
85 66 70 48384 906 453 453 13 3 2 2
85 66 71 48384 906 453 453 13 3 2 2
85 66 80 24192 900 450 450 13 3 2 2
85 66 82 24192 900 450 450 13 3 2 2
85 66 84 96768 906 453 453 13 3 2 3
85 66 85 48384 906 453 453 13 3 2 3
85 66 87 48384 906 453 453 13 3 2 3
85 66 88 48384 900 450 450 13 3 2 2
85 66 91 48384 900 450 450 13 3 2 2
85 66 92 96768 906 453 453 13 3 2 3
85 66 93 96768 906 453 453 13 3 2 3
85 66 94 96768 906 453 453 13 3 2 3
85 66 95 96768 906 453 453 13 3 2 3
85 66 96 48384 906 453 453 13 3 2 2
85 66 98 96768 906 453 453 13 3 2 3
85 66 99 96768 906 453 453 13 3 2 3
85 66 100 48384 906 453 453 13 3 2 2
85 66 102 96768 906 453 453 13 3 2 3
85 66 103 96768 906 453 453 13 3 2 3
85 66 104 48384 906 453 453 13 3 2 2
85 66 106 48384 906 453 453 13 3 2 3
85 66 107 96768 906 453 453 13 3 2 3
85 66 109 48384 906 453 453 13 3 2 2
85 66 110 96768 906 453 453 13 3 2 3
85 66 111 48384 906 453 453 13 3 2 3
85 66 112 48384 906 453 453 13 3 2 2
85 66 115 96768 906 453 453 13 3 2 3
85 66 117 96768 906 453 453 13 3 2 3
85 66 118 48384 906 453 453 13 3 2 2
85 66 120 48384 906 453 453 13 3 2 2
85 66 122 48384 906 453 453 13 3 2 3
85 66 123 96768 906 453 453 13 3 2 3
85 66 124 96768 906 453 453 13 3 2 3
85 66 125 48384 906 453 453 13 3 2 3
85 66 127 48384 906 453 453 13 3 2 2
85 66 128 12096 900 450 450 13 3 2 1
85 66 132 48384 906 453 453 13 3 2 2
85 66 133 24192 906 453 453 13 3 2 2
85 66 135 24192 906 453 453 13 3 2 2
85 66 160 48384 906 453 453 13 3 2 2
85 66 164 48384 906 453 453 13 3 2 2
85 66 168 24192 906 453 453 13 3 2 2
85 66 173 24192 906 453 453 13 3 2 2
85 66 184 24192 906 453 453 13 3 2 2
85 66 191 24192 906 453 453 13 3 2 2
85 66 256 24192 906 453 453 13 3 2 1
85 66 257 48384 906 453 453 13 3 2 2
85 66 258 24192 906 453 453 13 3 2 2
85 66 259 48384 906 453 453 13 3 2 2
85 66 264 48384 906 453 453 13 3 2 2
85 66 265 48384 906 453 453 13 3 2 2
85 66 266 96768 906 453 453 13 3 2 3
85 66 267 96768 906 453 453 13 3 2 3
85 66 272 24192 906 453 453 13 3 2 2
85 66 273 96768 906 453 453 13 3 2 3
85 66 274 24192 906 453 453 13 3 2 2
85 66 280 48384 906 453 453 13 3 2 2
85 66 283 48384 906 453 453 13 3 2 2
85 66 320 12096 906 453 453 13 3 2 1
85 66 322 24192 906 453 453 13 3 2 2
85 66 336 24192 906 453 453 13 3 2 2
85 66 338 24192 906 453 453 13 3 2 2
85 66 448 12096 906 453 453 13 3 2 1
85 74 1 48384 900 450 450 13 3 2 1
85 74 2 48384 900 450 450 13 3 2 1
85 74 3 48384 900 450 450 13 3 2 1
85 74 4 48384 906 453 453 13 3 2 1
85 74 5 48384 906 453 453 13 3 2 1
85 74 6 48384 906 453 453 13 3 2 1
85 74 7 48384 906 453 453 13 3 2 1
85 74 8 48384 900 450 450 13 3 2 1
85 74 10 48384 900 450 450 13 3 2 2
85 74 11 96768 900 450 450 13 3 2 2
85 74 12 96768 906 453 453 13 3 2 2
85 74 13 96768 906 453 453 13 3 2 2
85 74 14 96768 906 453 453 13 3 2 2
85 74 15 96768 906 453 453 13 3 2 2
85 74 16 24192 900 450 450 13 3 2 1
85 74 19 96768 900 450 450 13 3 2 2
85 74 20 96768 906 453 453 13 3 2 2
85 74 21 96768 906 453 453 13 3 2 2
85 74 22 96768 906 453 453 13 3 2 2
85 74 23 96768 906 453 453 13 3 2 2
85 74 26 48384 900 450 450 13 3 2 2
85 74 28 96768 906 453 453 13 3 2 2
85 74 29 96768 906 453 453 13 3 2 2
85 74 30 96768 906 453 453 13 3 2 2
85 74 31 96768 906 453 453 13 3 2 2
85 74 32 48384 906 453 453 13 3 2 1
85 74 33 96768 906 453 453 13 3 2 2
85 74 34 48384 906 453 453 13 3 2 2
85 74 35 96768 906 453 453 13 3 2 2
85 74 40 24192 906 453 453 13 3 2 1
85 74 41 96768 906 453 453 13 3 2 2
85 74 42 96768 906 453 453 13 3 2 2
85 74 49 96768 906 453 453 13 3 2 2
85 74 50 48384 906 453 453 13 3 2 2
85 74 56 24192 906 453 453 13 3 2 1
85 74 64 24192 900 450 450 13 3 2 1
85 74 66 48384 900 450 450 13 3 2 2
85 74 67 48384 900 450 450 13 3 2 2
85 74 68 48384 906 453 453 13 3 2 2
85 74 69 48384 906 453 453 13 3 2 2
85 74 70 48384 906 453 453 13 3 2 2
85 74 71 48384 906 453 453 13 3 2 2
85 74 80 24192 900 450 450 13 3 2 2
85 74 84 96768 906 453 453 13 3 2 3
85 74 85 96768 906 453 453 13 3 2 3
85 74 86 96768 906 453 453 13 3 2 3
85 74 87 96768 906 453 453 13 3 2 3
85 74 88 48384 900 450 450 13 3 2 2
85 74 91 48384 900 450 450 13 3 2 2
85 74 92 96768 906 453 453 13 3 2 3
85 74 93 96768 906 453 453 13 3 2 3
85 74 94 96768 906 453 453 13 3 2 3
85 74 95 96768 906 453 453 13 3 2 3
85 74 96 48384 906 453 453 13 3 2 2
85 74 98 48384 906 453 453 13 3 2 3
85 74 99 96768 906 453 453 13 3 2 3
85 74 100 48384 906 453 453 13 3 2 2
85 74 103 96768 906 453 453 13 3 2 3
85 74 104 48384 906 453 453 13 3 2 2
85 74 106 96768 906 453 453 13 3 2 3
85 74 107 96768 906 453 453 13 3 2 3
85 74 109 48384 906 453 453 13 3 2 2
85 74 110 96768 906 453 453 13 3 2 3
85 74 112 48384 906 453 453 13 3 2 2
85 74 114 48384 906 453 453 13 3 2 3
85 74 115 96768 906 453 453 13 3 2 3
85 74 117 96768 906 453 453 13 3 2 3
85 74 118 48384 906 453 453 13 3 2 2
85 74 120 48384 906 453 453 13 3 2 2
85 74 123 96768 906 453 453 13 3 2 3
85 74 124 96768 906 453 453 13 3 2 3
85 74 127 48384 906 453 453 13 3 2 2
85 74 128 12096 900 450 450 13 3 2 1
85 74 132 48384 906 453 453 13 3 2 2
85 74 133 48384 906 453 453 13 3 2 2
85 74 134 48384 906 453 453 13 3 2 2
85 74 135 48384 906 453 453 13 3 2 2
85 74 160 48384 906 453 453 13 3 2 2
85 74 168 24192 906 453 453 13 3 2 2
85 74 184 24192 906 453 453 13 3 2 2
85 74 256 24192 906 453 453 13 3 2 1
85 74 257 48384 906 453 453 13 3 2 2
85 74 258 48384 906 453 453 13 3 2 2
85 74 259 48384 906 453 453 13 3 2 2
85 74 264 48384 906 453 453 13 3 2 2
85 74 265 48384 906 453 453 13 3 2 2
85 74 266 48384 906 453 453 13 3 2 3
85 74 267 96768 906 453 453 13 3 2 3
85 74 272 24192 906 453 453 13 3 2 2
85 74 275 96768 906 453 453 13 3 2 3
85 74 280 48384 906 453 453 13 3 2 2
85 74 282 48384 906 453 453 13 3 2 3
85 74 283 48384 906 453 453 13 3 2 2
85 74 320 12096 906 453 453 13 3 2 1
85 74 322 48384 906 453 453 13 3 2 2
85 74 336 24192 906 453 453 13 3 2 2
85 74 448 12096 906 453 453 13 3 2 1
85 84 1 96768 900 450 450 13 3 3 1
85 84 2 48384 900 450 450 13 3 3 1
85 84 4 96768 906 453 453 13 3 3 1
85 84 5 48384 906 453 453 13 3 3 1
85 84 7 48384 906 453 453 13 3 3 1
85 84 8 48384 900 450 450 13 3 3 1
85 84 10 96768 900 450 450 13 3 3 2
85 84 11 96768 900 450 450 13 3 3 2
85 84 12 96768 906 453 453 13 3 3 2
85 84 13 96768 906 453 453 13 3 3 2
85 84 14 96768 906 453 453 13 3 3 2
85 84 15 96768 906 453 453 13 3 3 2
85 84 16 96768 900 450 450 13 3 3 1
85 84 17 48384 900 450 450 13 3 3 2
85 84 20 96768 906 453 453 13 3 3 2
85 84 21 96768 906 453 453 13 3 3 2
85 84 22 96768 906 453 453 13 3 3 2
85 84 23 96768 906 453 453 13 3 3 2
85 84 25 48384 900 450 450 13 3 3 2
85 84 28 96768 906 453 453 13 3 3 2
85 84 29 96768 906 453 453 13 3 3 2
85 84 30 96768 906 453 453 13 3 3 2
85 84 31 96768 906 453 453 13 3 3 2
85 84 32 48384 906 453 453 13 3 3 1
85 84 33 96768 906 453 453 13 3 3 2
85 84 34 96768 906 453 453 13 3 3 2
85 84 35 96768 906 453 453 13 3 3 2
85 84 40 48384 906 453 453 13 3 3 1
85 84 42 96768 906 453 453 13 3 3 2
85 84 43 96768 906 453 453 13 3 3 2
85 84 48 96768 906 453 453 13 3 3 1
85 84 49 48384 906 453 453 13 3 3 2
85 84 57 48384 906 453 453 13 3 3 2
85 84 65 48384 900 450 450 13 3 3 1
85 84 66 96768 900 450 450 13 3 3 2
85 84 67 96768 900 450 450 13 3 3 2
85 84 68 96768 906 453 453 13 3 3 2
85 84 69 96768 906 453 453 13 3 3 2
85 84 70 96768 906 453 453 13 3 3 2
85 84 71 96768 906 453 453 13 3 3 2
85 84 80 16128 900 450 450 13 3 3 2
85 84 84 96768 906 453 453 13 3 3 3
85 84 85 48384 906 453 453 13 3 3 3
85 84 87 48384 906 453 453 13 3 3 3
85 84 88 48384 900 450 450 13 3 3 2
85 84 92 96768 906 453 453 13 3 3 3
85 84 93 96768 906 453 453 13 3 3 3
85 84 94 96768 906 453 453 13 3 3 3
85 84 95 96768 906 453 453 13 3 3 3
85 84 96 96768 906 453 453 13 3 3 2
85 84 97 48384 906 453 453 13 3 3 2
85 84 98 96768 906 453 453 13 3 3 3
85 84 99 96768 906 453 453 13 3 3 3
85 84 105 48384 906 453 453 13 3 3 2
85 84 106 96768 906 453 453 13 3 3 3
85 84 107 96768 906 453 453 13 3 3 3
85 84 112 48384 906 453 453 13 3 3 2
85 84 113 96768 906 453 453 13 3 3 2
85 84 120 48384 906 453 453 13 3 3 2
85 84 129 96768 900 450 450 13 3 3 2
85 84 132 96768 906 453 453 13 3 3 2
85 84 133 48384 906 453 453 13 3 3 2
85 84 135 48384 906 453 453 13 3 3 2
85 84 152 32256 900 450 450 13 3 3 2
85 84 156 96768 906 453 453 13 3 3 3
85 84 157 96768 906 453 453 13 3 3 3
85 84 158 96768 906 453 453 13 3 3 3
85 84 159 96768 906 453 453 13 3 3 3
85 84 160 96768 906 453 453 13 3 3 2
85 84 161 96768 906 453 453 13 3 3 3
85 84 162 96768 906 453 453 13 3 3 2
85 84 163 96768 906 453 453 13 3 3 3
85 84 165 48384 906 453 453 13 3 3 3
85 84 168 96768 906 453 453 13 3 3 2
85 84 169 96768 906 453 453 13 3 3 3
85 84 170 96768 906 453 453 13 3 3 2
85 84 171 96768 906 453 453 13 3 3 3
85 84 172 96768 906 453 453 13 3 3 3
85 84 176 96768 906 453 453 13 3 3 2
85 84 177 96768 906 453 453 13 3 3 3
85 84 178 96768 906 453 453 13 3 3 2
85 84 179 96768 906 453 453 13 3 3 3
85 84 184 96768 906 453 453 13 3 3 2
85 84 185 96768 906 453 453 13 3 3 3
85 84 186 96768 906 453 453 13 3 3 2
85 84 187 96768 906 453 453 13 3 3 3
85 84 190 48384 906 453 453 13 3 3 3
85 84 260 48384 906 453 453 13 3 3 1
85 84 261 96768 906 453 453 13 3 3 2
85 84 262 96768 906 453 453 13 3 3 2
85 84 263 96768 906 453 453 13 3 3 2
85 84 268 48384 906 453 453 13 3 3 2
85 84 270 48384 906 453 453 13 3 3 3
85 84 271 96768 906 453 453 13 3 3 3
85 84 277 16128 906 453 453 13 3 3 3
85 84 285 48384 906 453 453 13 3 3 3
85 84 324 96768 906 453 453 13 3 3 2
85 84 325 16128 906 453 453 13 3 3 1
85 84 333 48384 906 453 453 13 3 3 2
85 84 335 96768 906 453 453 13 3 3 3
85 84 340 48384 906 453 453 13 3 3 3
85 84 397 32256 906 453 453 13 3 3 3
85 84 399 96768 906 453 453 13 3 3 2
256 1 1 252 900 450 450 13 1 1 1
256 1 4 336 900 450 450 13 1 1 1
256 1 8 189 900 450 450 13 1 1 1
256 1 10 756 900 450 450 13 1 1 2
256 1 12 3024 900 450 450 13 1 1 2
256 1 32 252 900 450 450 13 1 1 1
256 1 33 1512 900 450 450 13 1 1 2
256 1 80 126 900 450 450 13 1 1 2
256 1 84 2016 900 450 450 13 1 1 3
256 1 96 756 900 450 450 13 1 1 2
256 1 98 1512 900 450 450 13 1 1 3
256 10 1 756 900 450 450 13 1 2 1
256 10 4 1008 900 450 450 13 1 2 1
256 10 10 1008 900 450 450 13 1 2 2
256 10 12 6048 900 450 450 13 1 2 2
256 10 64 126 900 450 450 13 1 2 1
256 10 66 756 900 450 450 13 1 2 2
256 10 68 3024 900 450 450 13 1 2 2
256 10 84 6048 900 450 450 13 1 2 3
256 10 256 168 900 450 450 13 1 2 1
256 10 257 1512 900 450 450 13 1 2 2
256 10 266 1008 900 450 450 13 1 2 3
256 64 1 336 900 450 450 13 1 1 1
256 64 4 448 900 450 450 13 1 1 1
256 64 8 252 900 450 450 13 1 1 1
256 64 10 1008 900 450 450 13 1 1 2
256 64 12 4032 900 450 450 13 1 1 2
256 64 32 336 900 450 450 13 1 1 1
256 64 33 2016 900 450 450 13 1 1 2
256 64 80 168 900 450 450 13 1 1 2
256 64 84 2688 900 450 450 13 1 1 3
256 64 96 1008 900 450 450 13 1 1 2
256 64 98 2016 900 450 450 13 1 1 3
256 66 1 3024 900 450 450 13 1 2 1
256 66 4 4032 900 450 450 13 1 2 1
256 66 8 1512 900 450 450 13 1 2 1
256 66 10 6048 900 450 450 13 1 2 2
256 66 12 24192 900 450 450 13 1 2 2
256 66 32 2016 900 450 450 13 1 2 1
256 66 33 12096 900 450 450 13 1 2 2
256 66 64 756 900 450 450 13 1 2 1
256 66 66 3024 900 450 450 13 1 2 2
256 66 68 12096 900 450 450 13 1 2 2
256 66 80 1512 900 450 450 13 1 2 2
256 66 84 24192 900 450 450 13 1 2 3
256 66 96 6048 900 450 450 13 1 2 2
256 66 98 12096 900 450 450 13 1 2 3
256 66 256 1008 900 450 450 13 1 2 1
256 66 257 6048 900 450 450 13 1 2 2
256 66 264 3024 900 450 450 13 1 2 2
256 66 266 6048 900 450 450 13 1 2 3
256 84 1 2016 900 450 450 13 1 3 1
256 84 4 2688 900 450 450 13 1 3 1
256 84 8 1512 900 450 450 13 1 3 1
256 84 10 6048 900 450 450 13 1 3 2
256 84 12 24192 900 450 450 13 1 3 2
256 84 32 2016 900 450 450 13 1 3 1
256 84 33 12096 900 450 450 13 1 3 2
256 84 80 1008 900 450 450 13 1 3 2
256 84 84 16128 900 450 450 13 1 3 3
256 84 96 6048 900 450 450 13 1 3 2
256 84 98 12096 900 450 450 13 1 3 3
