c parsed 31941 variables, 126117 clauses
c hydra_satsuma: structure analysis (xor stage)…
c hydra_satsuma: xor stage: 16038 XOR(s), 729 var(s) GE-forced — ignored in certified mode (1550.4ms)
c hydra_satsuma: no Cook shape -> satsuma-iter+kissat (docker) budget=14397s
c hydra_satsuma: satsuma-iter+kissat time 6s / budget 14397s
c hydra_satsuma: satsuma-iter+kissat time 11s / budget 14397s
c hydra_satsuma: satsuma-iter+kissat time 16s / budget 14397s
c hydra_satsuma: satsuma-iter+kissat time 21s / budget 14397s
c hydra_satsuma: satsuma-iter+kissat time 26s / budget 14397s
c hydra_satsuma: satsuma-iter+kissat time 31s / budget 14397s
c hydra_satsuma: satsuma-iter+kissat time 36s / budget 14397s
c hydra_satsuma: satsuma-iter+kissat time 41s / budget 14397s
c hydra_satsuma: satsuma-iter+kissat time 46s / budget 14397s
c hydra_satsuma: satsuma-iter+kissat time 51s / budget 14397s
c hydra_satsuma: satsuma-iter+kissat time 57s / budget 14397s
c hydra_satsuma: satsuma-iter+kissat time 62s / budget 14397s
c hydra_satsuma: satsuma-iter+kissat time 67s / budget 14397s
c hydra_satsuma: satsuma-iter+kissat time 72s / budget 14397s
c hydra_satsuma: satsuma-iter+kissat time 77s / budget 14397s
c hydra_satsuma: satsuma-iter+kissat time 82s / budget 14397s
c hydra_satsuma: satsuma-iter+kissat time 87s / budget 14397s
c hydra_satsuma: satsuma-iter+kissat time 92s / budget 14397s
c hydra_satsuma: satsuma-iter+kissat time 97s / budget 14397s
c hydra_satsuma: satsuma-iter+kissat time 102s / budget 14397s
c hydra_satsuma: satsuma-iter+kissat time 107s / budget 14397s
c hydra_satsuma: satsuma-iter+kissat time 112s / budget 14397s
c hydra_satsuma: satsuma-iter+kissat time 117s / budget 14397s
c hydra_satsuma: satsuma-iter+kissat time 122s / budget 14397s
c hydra_satsuma: satsuma-iter+kissat time 127s / budget 14397s
c hydra_satsuma: satsuma-iter+kissat time 132s / budget 14397s
c hydra_satsuma: satsuma-iter+kissat time 137s / budget 14397s
c hydra_satsuma: satsuma-iter+kissat time 142s / budget 14397s
c hydra_satsuma: satsuma-iter+kissat time 147s / budget 14397s
c hydra_satsuma: satsuma-iter+kissat time 152s / budget 14397s
c hydra_satsuma: satsuma-iter+kissat time 157s / budget 14397s
c hydra_satsuma: satsuma-iter+kissat time 162s / budget 14397s
c hydra_satsuma: satsuma-iter+kissat time 167s / budget 14397s
c hydra_satsuma: satsuma-iter+kissat time 172s / budget 14397s
c hydra_satsuma: satsuma-iter+kissat time 177s / budget 14397s
c hydra_satsuma: satsuma-iter+kissat time 182s / budget 14397s
c hydra_satsuma: satsuma-iter+kissat time 187s / budget 14397s
c hydra_satsuma: satsuma-iter+kissat time 192s / budget 14397s
c hydra_satsuma: satsuma-iter+kissat time 198s / budget 14397s
c hydra_satsuma: satsuma-iter+kissat time 203s / budget 14397s
c hydra_satsuma: satsuma-iter+kissat time 208s / budget 14397s
c hydra_satsuma: satsuma-iter+kissat time 213s / budget 14397s
c hydra_satsuma: satsuma-iter+kissat time 218s / budget 14397s
c hydra_satsuma: satsuma-iter+kissat time 223s / budget 14397s
c hydra_satsuma: satsuma-iter+kissat time 228s / budget 14397s
c hydra_satsuma: satsuma-iter+kissat time 233s / budget 14397s
c hydra_satsuma: satsuma-iter+kissat time 238s / budget 14397s
c hydra_satsuma: satsuma-iter+kissat time 243s / budget 14397s
c hydra_satsuma: satsuma-iter+kissat time 248s / budget 14397s
c hydra_satsuma: satsuma-iter+kissat time 253s / budget 14397s
c hydra_satsuma: satsuma-iter+kissat time 258s / budget 14397s
c hydra_satsuma: satsuma-iter+kissat time 263s / budget 14397s
c hydra_satsuma: satsuma-iter+kissat time 268s / budget 14397s
c hydra_satsuma: satsuma-iter+kissat time 273s / budget 14397s
c hydra_satsuma: satsuma-iter+kissat time 278s / budget 14397s
c hydra_satsuma: satsuma-iter+kissat time 283s / budget 14397s
c hydra_satsuma: satsuma-iter+kissat time 288s / budget 14397s
c hydra_satsuma: satsuma-iter+kissat time 293s / budget 14397s
c hydra_satsuma: satsuma-iter+kissat time 298s / budget 14397s
c hydra_satsuma: satsuma-iter+kissat time 303s / budget 14397s
c hydra_satsuma: satsuma-iter+kissat time 309s / budget 14397s
c hydra_satsuma: satsuma-iter+kissat time 314s / budget 14397s
c hydra_satsuma: satsuma-iter+kissat time 319s / budget 14397s
c hydra_satsuma: satsuma-iter+kissat time 324s / budget 14397s
c hydra_satsuma: satsuma-iter+kissat time 329s / budget 14397s
c hydra_satsuma: satsuma-iter+kissat time 334s / budget 14397s
c hydra_satsuma: satsuma-iter+kissat time 339s / budget 14397s
c hydra_satsuma: satsuma-iter+kissat time 344s / budget 14397s
c hydra_satsuma: satsuma-iter+kissat time 349s / budget 14397s
c hydra_satsuma: satsuma-iter+kissat time 354s / budget 14397s
c hydra_satsuma: satsuma-iter+kissat time 359s / budget 14397s
c hydra_satsuma: satsuma-iter+kissat time 364s / budget 14397s
c hydra_satsuma: satsuma-iter+kissat time 369s / budget 14397s
c hydra_satsuma: satsuma-iter+kissat time 374s / budget 14397s
c hydra_satsuma: satsuma-iter+kissat time 379s / budget 14397s
c hydra_satsuma: satsuma-iter+kissat time 384s / budget 14397s
c hydra_satsuma: satsuma-iter+kissat time 389s / budget 14397s
c hydra_satsuma: satsuma-iter+kissat time 394s / budget 14397s
c hydra_satsuma: satsuma-iter+kissat time 399s / budget 14397s
c hydra_satsuma: satsuma-iter+kissat time 404s / budget 14397s
c hydra_satsuma: satsuma-iter+kissat time 409s / budget 14397s
c hydra_satsuma: satsuma-iter+kissat time 414s / budget 14397s
c hydra_satsuma: satsuma-iter+kissat time 419s / budget 14397s
c hydra_satsuma: satsuma-iter+kissat time 424s / budget 14397s
c hydra_satsuma: satsuma-iter+kissat time 430s / budget 14397s
c hydra_satsuma: satsuma-iter+kissat time 435s / budget 14397s
c hydra_satsuma: satsuma-iter+kissat time 440s / budget 14397s
c hydra_satsuma: satsuma-iter+kissat time 445s / budget 14397s
c hydra_satsuma: satsuma-iter+kissat time 450s / budget 14397s
c hydra_satsuma: satsuma-iter+kissat time 455s / budget 14397s
c hydra_satsuma: satsuma-iter+kissat time 460s / budget 14397s
c hydra_satsuma: satsuma-iter+kissat time 465s / budget 14397s
c hydra_satsuma: satsuma-iter+kissat time 470s / budget 14397s
c hydra_satsuma: satsuma-iter+kissat time 475s / budget 14397s
c hydra_satsuma: satsuma-iter+kissat time 480s / budget 14397s
c hydra_satsuma: satsuma-iter+kissat time 485s / budget 14397s
c hydra_satsuma: satsuma-iter+kissat time 490s / budget 14397s
c hydra_satsuma: satsuma-iter+kissat time 495s / budget 14397s
c hydra_satsuma: satsuma-iter+kissat time 500s / budget 14397s
c hydra_satsuma: satsuma-iter+kissat time 505s / budget 14397s
c hydra_satsuma: satsuma-iter+kissat time 510s / budget 14397s
c hydra_satsuma: satsuma-iter+kissat time 515s / budget 14397s
c hydra_satsuma: satsuma-iter+kissat time 520s / budget 14397s
c hydra_satsuma: satsuma-iter+kissat time 525s / budget 14397s
c hydra_satsuma: satsuma-iter+kissat time 530s / budget 14397s
c hydra_satsuma: satsuma-iter+kissat time 535s / budget 14397s
c hydra_satsuma: satsuma-iter+kissat time 540s / budget 14397s
c hydra_satsuma: satsuma-iter+kissat time 546s / budget 14397s
c hydra_satsuma: satsuma-iter+kissat time 551s / budget 14397s
c hydra_satsuma: satsuma-iter+kissat time 556s / budget 14397s
c hydra_satsuma: satsuma-iter+kissat time 561s / budget 14397s
c hydra_satsuma: satsuma-iter+kissat time 566s / budget 14397s
c hydra_satsuma: satsuma-iter+kissat time 571s / budget 14397s
c hydra_satsuma: satsuma-iter+kissat time 576s / budget 14397s
c hydra_satsuma: satsuma-iter+kissat time 581s / budget 14397s
c hydra_satsuma: satsuma-iter+kissat time 586s / budget 14397s
c hydra_satsuma: satsuma-iter+kissat time 591s / budget 14397s
c hydra_satsuma: satsuma-iter+kissat time 596s / budget 14397s
c hydra_satsuma: satsuma-iter+kissat time 601s / budget 14397s
c hydra_satsuma: satsuma-iter+kissat time 606s / budget 14397s
c hydra_satsuma: satsuma-iter+kissat time 611s / budget 14397s
c hydra_satsuma: satsuma-iter+kissat time 616s / budget 14397s
c hydra_satsuma: satsuma-iter+kissat time 621s / budget 14397s
c hydra_satsuma: satsuma-iter+kissat time 626s / budget 14397s
c hydra_satsuma: satsuma-iter+kissat time 631s / budget 14397s
c hydra_satsuma: satsuma-iter+kissat time 636s / budget 14397s
c hydra_satsuma: satsuma-iter+kissat time 641s / budget 14397s
c hydra_satsuma: satsuma-iter+kissat time 646s / budget 14397s
c hydra_satsuma: satsuma-iter+kissat time 651s / budget 14397s
c hydra_satsuma: satsuma-iter+kissat time 656s / budget 14397s
c hydra_satsuma: satsuma-iter+kissat time 661s / budget 14397s
c hydra_satsuma: satsuma-iter+kissat time 667s / budget 14397s
c hydra_satsuma: satsuma-iter+kissat time 672s / budget 14397s
c hydra_satsuma: satsuma-iter+kissat time 677s / budget 14397s
c hydra_satsuma: satsuma-iter+kissat time 682s / budget 14397s
c hydra_satsuma: satsuma-iter+kissat time 687s / budget 14397s
c hydra_satsuma: satsuma-iter+kissat time 692s / budget 14397s
c hydra_satsuma: satsuma-iter+kissat time 697s / budget 14397s
c hydra_satsuma: satsuma-iter+kissat time 702s / budget 14397s
c hydra_satsuma: satsuma-iter+kissat time 707s / budget 14397s
c hydra_satsuma: satsuma-iter+kissat time 712s / budget 14397s
c hydra_satsuma: satsuma-iter+kissat time 717s / budget 14397s
c hydra_satsuma: satsuma-iter+kissat time 722s / budget 14397s
c hydra_satsuma: satsuma-iter+kissat time 727s / budget 14397s
c hydra_satsuma: satsuma-iter+kissat time 732s / budget 14397s
c hydra_satsuma: satsuma-iter+kissat time 737s / budget 14397s
c hydra_satsuma: satsuma-iter+kissat time 742s / budget 14397s
c hydra_satsuma: satsuma-iter+kissat time 747s / budget 14397s
c hydra_satsuma: satsuma-iter+kissat time 752s / budget 14397s
c hydra_satsuma: satsuma-iter+kissat time 757s / budget 14397s
c hydra_satsuma: satsuma-iter+kissat time 762s / budget 14397s
c hydra_satsuma: satsuma-iter+kissat time 767s / budget 14397s
c hydra_satsuma: satsuma-iter+kissat time 772s / budget 14397s
c hydra_satsuma: satsuma-iter+kissat time 777s / budget 14397s
c hydra_satsuma: satsuma-iter+kissat time 782s / budget 14397s
c hydra_satsuma: satsuma-iter+kissat time 787s / budget 14397s
c hydra_satsuma: satsuma-iter+kissat time 793s / budget 14397s
c hydra_satsuma: satsuma-iter+kissat time 798s / budget 14397s
c hydra_satsuma: satsuma-iter+kissat time 803s / budget 14397s
c hydra_satsuma: satsuma-iter+kissat time 808s / budget 14397s
c hydra_satsuma: satsuma-iter+kissat time 813s / budget 14397s
c hydra_satsuma: satsuma-iter+kissat time 818s / budget 14397s
c hydra_satsuma: satsuma-iter+kissat time 823s / budget 14397s
c hydra_satsuma: satsuma-iter+kissat time 828s / budget 14397s
c hydra_satsuma: satsuma-iter+kissat time 833s / budget 14397s
c hydra_satsuma: satsuma-iter+kissat time 838s / budget 14397s
c hydra_satsuma: satsuma-iter+kissat time 843s / budget 14397s
c hydra_satsuma: satsuma-iter+kissat time 848s / budget 14397s
c hydra_satsuma: satsuma-iter+kissat time 853s / budget 14397s
c hydra_satsuma: satsuma-iter+kissat time 858s / budget 14397s
c hydra_satsuma: satsuma-iter+kissat time 863s / budget 14397s
c hydra_satsuma: satsuma-iter+kissat time 868s / budget 14397s
c hydra_satsuma: satsuma-iter+kissat time 873s / budget 14397s
c hydra_satsuma: satsuma-iter+kissat time 878s / budget 14397s
c hydra_satsuma: satsuma-iter+kissat time 883s / budget 14397s
c hydra_satsuma: satsuma-iter+kissat time 888s / budget 14397s
c hydra_satsuma: satsuma-iter+kissat time 893s / budget 14397s
c hydra_satsuma: satsuma-iter+kissat time 898s / budget 14397s
c hydra_satsuma: satsuma-iter+kissat time 903s / budget 14397s
c hydra_satsuma: satsuma-iter+kissat time 908s / budget 14397s
c hydra_satsuma: satsuma-iter+kissat time 913s / budget 14397s
c hydra_satsuma: satsuma-iter+kissat time 919s / budget 14397s
c hydra_satsuma: satsuma-iter+kissat time 924s / budget 14397s
c hydra_satsuma: satsuma-iter+kissat time 929s / budget 14397s
c hydra_satsuma: satsuma-iter+kissat time 934s / budget 14397s
c hydra_satsuma: satsuma-iter+kissat time 939s / budget 14397s
c hydra_satsuma: satsuma-iter+kissat time 944s / budget 14397s
c hydra_satsuma: satsuma-iter+kissat time 949s / budget 14397s
c hydra_satsuma: satsuma-iter+kissat time 954s / budget 14397s
c hydra_satsuma: satsuma-iter+kissat time 959s / budget 14397s
c hydra_satsuma: satsuma-iter+kissat time 964s / budget 14397s
c hydra_satsuma: satsuma-iter+kissat time 969s / budget 14397s
c hydra_satsuma: satsuma-iter+kissat time 974s / budget 14397s
c hydra_satsuma: satsuma-iter+kissat time 979s / budget 14397s
c hydra_satsuma: satsuma-iter+kissat time 984s / budget 14397s
c hydra_satsuma: satsuma-iter+kissat time 989s / budget 14397s
c hydra_satsuma: satsuma-iter+kissat time 994s / budget 14397s
c hydra_satsuma: satsuma-iter+kissat time 999s / budget 14397s
c hydra_satsuma: satsuma-iter+kissat time 1004s / budget 14397s
c hydra_satsuma: satsuma-iter+kissat time 1009s / budget 14397s
c hydra_satsuma: satsuma-iter+kissat time 1014s / budget 14397s
c hydra_satsuma: satsuma-iter+kissat time 1019s / budget 14397s
c hydra_satsuma: satsuma-iter+kissat time 1024s / budget 14397s
c hydra_satsuma: satsuma-iter+kissat time 1029s / budget 14397s
c hydra_satsuma: satsuma-iter+kissat time 1034s / budget 14397s
c hydra_satsuma: satsuma-iter+kissat time 1040s / budget 14397s
c hydra_satsuma: satsuma-iter+kissat time 1045s / budget 14397s
c hydra_satsuma: satsuma-iter+kissat time 1050s / budget 14397s
c hydra_satsuma: satsuma-iter+kissat time 1055s / budget 14397s
c hydra_satsuma: satsuma-iter+kissat time 1060s / budget 14397s
c hydra_satsuma: satsuma-iter+kissat time 1065s / budget 14397s
c hydra_satsuma: satsuma-iter+kissat time 1070s / budget 14397s
c hydra_satsuma: satsuma-iter+kissat time 1075s / budget 14397s
c hydra_satsuma: satsuma-iter+kissat time 1080s / budget 14397s
c hydra_satsuma: satsuma-iter+kissat time 1085s / budget 14397s
c hydra_satsuma: satsuma-iter+kissat time 1090s / budget 14397s
c hydra_satsuma: satsuma-iter+kissat time 1095s / budget 14397s
c hydra_satsuma: satsuma-iter+kissat time 1100s / budget 14397s
c hydra_satsuma: satsuma-iter+kissat time 1105s / budget 14397s
c hydra_satsuma: satsuma-iter+kissat time 1110s / budget 14397s
c hydra_satsuma: satsuma-iter+kissat time 1115s / budget 14397s
c hydra_satsuma: satsuma-iter+kissat time 1120s / budget 14397s
c hydra_satsuma: satsuma-iter+kissat time 1125s / budget 14397s
c hydra_satsuma: satsuma-iter+kissat time 1130s / budget 14397s
c hydra_satsuma: satsuma-iter+kissat time 1135s / budget 14397s
c hydra_satsuma: satsuma-iter+kissat time 1140s / budget 14397s
c hydra_satsuma: satsuma-iter+kissat time 1145s / budget 14397s
c hydra_satsuma: satsuma-iter+kissat time 1150s / budget 14397s
c hydra_satsuma: satsuma-iter+kissat time 1155s / budget 14397s
c hydra_satsuma: satsuma-iter+kissat time 1160s / budget 14397s
c hydra_satsuma: satsuma-iter+kissat time 1166s / budget 14397s
c hydra_satsuma: satsuma-iter+kissat time 1171s / budget 14397s
c hydra_satsuma: satsuma-iter+kissat time 1176s / budget 14397s
c hydra_satsuma: satsuma-iter+kissat time 1181s / budget 14397s
c hydra_satsuma: satsuma-iter+kissat time 1186s / budget 14397s
c hydra_satsuma: satsuma-iter+kissat time 1191s / budget 14397s
c hydra_satsuma: satsuma-iter+kissat time 1196s / budget 14397s
c hydra_satsuma: satsuma-iter+kissat time 1201s / budget 14397s
c hydra_satsuma: satsuma-iter+kissat time 1206s / budget 14397s
c hydra_satsuma: satsuma-iter+kissat time 1211s / budget 14397s
c hydra_satsuma: satsuma-iter+kissat time 1216s / budget 14397s
c hydra_satsuma: satsuma-iter+kissat time 1221s / budget 14397s
c hydra_satsuma: satsuma-iter+kissat time 1226s / budget 14397s
c hydra_satsuma: satsuma-iter+kissat time 1231s / budget 14397s
c hydra_satsuma: satsuma-iter+kissat time 1236s / budget 14397s
c hydra_satsuma: satsuma-iter+kissat time 1241s / budget 14397s
c hydra_satsuma: satsuma-iter+kissat time 1246s / budget 14397s
c hydra_satsuma: satsuma-iter+kissat time 1251s / budget 14397s
c hydra_satsuma: satsuma-iter+kissat time 1256s / budget 14397s
c hydra_satsuma: satsuma-iter+kissat time 1261s / budget 14397s
c hydra_satsuma: satsuma-iter+kissat time 1266s / budget 14397s
c hydra_satsuma: satsuma-iter+kissat time 1271s / budget 14397s
c hydra_satsuma: satsuma-iter+kissat time 1276s / budget 14397s
c hydra_satsuma: satsuma-iter+kissat time 1281s / budget 14397s
c hydra_satsuma: satsuma-iter+kissat time 1286s / budget 14397s
c hydra_satsuma: satsuma-iter+kissat time 1292s / budget 14397s
c hydra_satsuma: satsuma-iter+kissat time 1297s / budget 14397s
c hydra_satsuma: satsuma-iter+kissat time 1302s / budget 14397s
c hydra_satsuma: satsuma-iter+kissat time 1307s / budget 14397s
c hydra_satsuma: satsuma-iter+kissat time 1312s / budget 14397s
c hydra_satsuma: satsuma-iter+kissat time 1317s / budget 14397s
c hydra_satsuma: satsuma-iter+kissat time 1322s / budget 14397s
c hydra_satsuma: satsuma-iter+kissat time 1327s / budget 14397s
c hydra_satsuma: satsuma-iter+kissat time 1332s / budget 14397s
c hydra_satsuma: satsuma-iter+kissat time 1337s / budget 14397s
c hydra_satsuma: satsuma-iter+kissat time 1342s / budget 14397s
c hydra_satsuma: satsuma-iter+kissat time 1347s / budget 14397s
c hydra_satsuma: satsuma-iter+kissat time 1352s / budget 14397s
c hydra_satsuma: satsuma-iter+kissat time 1357s / budget 14397s
c hydra_satsuma: satsuma-iter+kissat time 1362s / budget 14397s
c hydra_satsuma: satsuma-iter+kissat time 1367s / budget 14397s
c hydra_satsuma: satsuma-iter+kissat time 1372s / budget 14397s
c hydra_satsuma: satsuma-iter+kissat time 1377s / budget 14397s
c hydra_satsuma: satsuma-iter+kissat time 1382s / budget 14397s
c hydra_satsuma: satsuma-iter+kissat time 1387s / budget 14397s
c hydra_satsuma: satsuma-iter+kissat time 1392s / budget 14397s
c hydra_satsuma: satsuma-iter+kissat time 1397s / budget 14397s
c hydra_satsuma: satsuma-iter+kissat time 1402s / budget 14397s
c hydra_satsuma: satsuma-iter+kissat time 1407s / budget 14397s
c hydra_satsuma: satsuma-iter+kissat time 1412s / budget 14397s
c hydra_satsuma: satsuma-iter+kissat time 1418s / budget 14397s
c hydra_satsuma: satsuma-iter+kissat time 1423s / budget 14397s
c hydra_satsuma: satsuma-iter+kissat time 1428s / budget 14397s
c hydra_satsuma: satsuma-iter+kissat time 1433s / budget 14397s
c hydra_satsuma: satsuma-iter+kissat time 1438s / budget 14397s
c hydra_satsuma: satsuma-iter+kissat time 1443s / budget 14397s
c hydra_satsuma: satsuma-iter+kissat time 1448s / budget 14397s
c hydra_satsuma: satsuma-iter+kissat time 1453s / budget 14397s
c hydra_satsuma: satsuma-iter+kissat time 1458s / budget 14397s
c hydra_satsuma: satsuma-iter+kissat time 1463s / budget 14397s
c hydra_satsuma: satsuma-iter+kissat time 1468s / budget 14397s
c hydra_satsuma: satsuma-iter+kissat time 1473s / budget 14397s
c hydra_satsuma: satsuma-iter+kissat time 1478s / budget 14397s
c hydra_satsuma: satsuma-iter+kissat time 1483s / budget 14397s
c hydra_satsuma: satsuma-iter+kissat time 1488s / budget 14397s
c hydra_satsuma: satsuma-iter+kissat time 1493s / budget 14397s
c hydra_satsuma: satsuma-iter+kissat time 1498s / budget 14397s
c hydra_satsuma: satsuma-iter+kissat time 1503s / budget 14397s
c hydra_satsuma: satsuma-iter+kissat time 1508s / budget 14397s
c hydra_satsuma: satsuma-iter+kissat time 1513s / budget 14397s
c hydra_satsuma: satsuma-iter+kissat time 1519s / budget 14397s
c hydra_satsuma: satsuma-iter+kissat time 1524s / budget 14397s
c hydra_satsuma: satsuma-iter+kissat time 1529s / budget 14397s
c hydra_satsuma: satsuma-iter+kissat time 1534s / budget 14397s
c hydra_satsuma: satsuma-iter+kissat time 1539s / budget 14397s
c hydra_satsuma: satsuma-iter+kissat time 1544s / budget 14397s
c hydra_satsuma: satsuma-iter+kissat time 1549s / budget 14397s
c hydra_satsuma: satsuma-iter+kissat time 1554s / budget 14397s
c hydra_satsuma: satsuma-iter+kissat time 1559s / budget 14397s
c hydra_satsuma: satsuma-iter+kissat time 1564s / budget 14397s
c hydra_satsuma: satsuma-iter+kissat time 1569s / budget 14397s
c hydra_satsuma: satsuma-iter+kissat time 1574s / budget 14397s
c hydra_satsuma: satsuma-iter+kissat time 1579s / budget 14397s
c hydra_satsuma: satsuma-iter+kissat time 1584s / budget 14397s
c hydra_satsuma: satsuma-iter+kissat time 1589s / budget 14397s
c hydra_satsuma: satsuma-iter+kissat time 1594s / budget 14397s
c hydra_satsuma: satsuma-iter+kissat time 1599s / budget 14397s
c hydra_satsuma: satsuma-iter+kissat time 1604s / budget 14397s
c hydra_satsuma: satsuma-iter+kissat time 1610s / budget 14397s
c hydra_satsuma: satsuma-iter+kissat time 1615s / budget 14397s
c hydra_satsuma: satsuma-iter+kissat time 1620s / budget 14397s
c hydra_satsuma: satsuma-iter+kissat time 1625s / budget 14397s
c hydra_satsuma: satsuma-iter+kissat time 1630s / budget 14397s
c hydra_satsuma: satsuma-iter+kissat time 1635s / budget 14397s
c hydra_satsuma: satsuma-iter+kissat time 1640s / budget 14397s
c hydra_satsuma: satsuma-iter+kissat time 1645s / budget 14397s
c hydra_satsuma: satsuma-iter+kissat time 1650s / budget 14397s
c hydra_satsuma: satsuma-iter+kissat time 1655s / budget 14397s
c hydra_satsuma: satsuma-iter+kissat time 1660s / budget 14397s
c hydra_satsuma: satsuma-iter+kissat time 1665s / budget 14397s
c hydra_satsuma: satsuma-iter+kissat time 1670s / budget 14397s
c hydra_satsuma: satsuma-iter+kissat time 1675s / budget 14397s
c hydra_satsuma: satsuma-iter+kissat time 1680s / budget 14397s
c hydra_satsuma: satsuma-iter+kissat time 1685s / budget 14397s
c hydra_satsuma: satsuma-iter+kissat time 1690s / budget 14397s
c hydra_satsuma: satsuma-iter+kissat time 1696s / budget 14397s
c hydra_satsuma: satsuma-iter+kissat time 1701s / budget 14397s
c hydra_satsuma: satsuma-iter+kissat time 1706s / budget 14397s
c hydra_satsuma: satsuma-iter+kissat time 1711s / budget 14397s
c hydra_satsuma: satsuma-iter+kissat time 1716s / budget 14397s
c hydra_satsuma: satsuma-iter+kissat time 1721s / budget 14397s
c hydra_satsuma: satsuma-iter+kissat time 1726s / budget 14397s
c hydra_satsuma: satsuma-iter+kissat time 1731s / budget 14397s
c hydra_satsuma: satsuma-iter+kissat time 1736s / budget 14397s
c hydra_satsuma: satsuma-iter+kissat time 1741s / budget 14397s
c hydra_satsuma: satsuma-iter+kissat time 1746s / budget 14397s
c hydra_satsuma: satsuma-iter+kissat time 1751s / budget 14397s
c hydra_satsuma: satsuma-iter+kissat time 1756s / budget 14397s
c hydra_satsuma: satsuma-iter+kissat time 1761s / budget 14397s
c hydra_satsuma: satsuma-iter+kissat time 1766s / budget 14397s
c hydra_satsuma: satsuma-iter+kissat time 1771s / budget 14397s
c hydra_satsuma: satsuma-iter+kissat time 1777s / budget 14397s
c hydra_satsuma: satsuma-iter+kissat time 1782s / budget 14397s
c hydra_satsuma: satsuma-iter+kissat time 1787s / budget 14397s
c hydra_satsuma: satsuma-iter+kissat time 1792s / budget 14397s
c hydra_satsuma: satsuma-iter+kissat time 1797s / budget 14397s
c hydra_satsuma: satsuma-iter+kissat time 1802s / budget 14397s
c hydra_satsuma: satsuma-iter+kissat time 1807s / budget 14397s
c hydra_satsuma: satsuma-iter+kissat time 1812s / budget 14397s
c hydra_satsuma: satsuma-iter+kissat time 1817s / budget 14397s
c hydra_satsuma: satsuma-iter+kissat time 1822s / budget 14397s
c hydra_satsuma: satsuma-iter+kissat time 1827s / budget 14397s
c hydra_satsuma: satsuma-iter+kissat time 1832s / budget 14397s
c hydra_satsuma: satsuma-iter+kissat time 1837s / budget 14397s
c hydra_satsuma: satsuma-iter+kissat time 1842s / budget 14397s
c hydra_satsuma: satsuma-iter+kissat time 1847s / budget 14397s
c hydra_satsuma: satsuma-iter+kissat time 1853s / budget 14397s
c hydra_satsuma: satsuma-iter+kissat time 1858s / budget 14397s
c hydra_satsuma: satsuma-iter+kissat time 1863s / budget 14397s
c hydra_satsuma: satsuma-iter+kissat time 1868s / budget 14397s
c hydra_satsuma: satsuma-iter+kissat time 1873s / budget 14397s
c hydra_satsuma: satsuma-iter+kissat time 1878s / budget 14397s
c hydra_satsuma: satsuma-iter+kissat time 1883s / budget 14397s
c hydra_satsuma: satsuma-iter+kissat time 1888s / budget 14397s
c hydra_satsuma: satsuma-iter+kissat time 1893s / budget 14397s
c hydra_satsuma: satsuma-iter+kissat time 1898s / budget 14397s
c hydra_satsuma: satsuma-iter+kissat time 1903s / budget 14397s
c hydra_satsuma: satsuma-iter+kissat time 1908s / budget 14397s
c hydra_satsuma: satsuma-iter+kissat time 1914s / budget 14397s
c hydra_satsuma: satsuma-iter+kissat time 1919s / budget 14397s
c hydra_satsuma: satsuma-iter+kissat time 1924s / budget 14397s
c hydra_satsuma: satsuma-iter+kissat time 1929s / budget 14397s
c hydra_satsuma: satsuma-iter+kissat time 1934s / budget 14397s
c hydra_satsuma: satsuma-iter+kissat time 1939s / budget 14397s
c hydra_satsuma: satsuma-iter+kissat time 1944s / budget 14397s
c hydra_satsuma: satsuma-iter+kissat time 1949s / budget 14397s
c hydra_satsuma: satsuma-iter+kissat time 1954s / budget 14397s
c hydra_satsuma: satsuma-iter+kissat time 1959s / budget 14397s
c hydra_satsuma: satsuma-iter+kissat time 1964s / budget 14397s
c hydra_satsuma: satsuma-iter+kissat time 1969s / budget 14397s
c hydra_satsuma: satsuma-iter+kissat time 1974s / budget 14397s
c hydra_satsuma: satsuma-iter+kissat time 1980s / budget 14397s
c hydra_satsuma: satsuma-iter+kissat time 1985s / budget 14397s
c hydra_satsuma: satsuma-iter+kissat time 1990s / budget 14397s
c hydra_satsuma: satsuma-iter+kissat time 1995s / budget 14397s
c hydra_satsuma: satsuma-iter+kissat time 2000s / budget 14397s
c hydra_satsuma: satsuma-iter+kissat time 2005s / budget 14397s
c hydra_satsuma: satsuma-iter+kissat time 2010s / budget 14397s
c hydra_satsuma: satsuma-iter+kissat time 2015s / budget 14397s
c hydra_satsuma: satsuma-iter+kissat time 2020s / budget 14397s
c hydra_satsuma: satsuma-iter+kissat time 2025s / budget 14397s
c hydra_satsuma: satsuma-iter+kissat time 2030s / budget 14397s
c hydra_satsuma: satsuma-iter+kissat time 2036s / budget 14397s
c hydra_satsuma: satsuma-iter+kissat time 2041s / budget 14397s
c hydra_satsuma: satsuma-iter+kissat time 2046s / budget 14397s
c hydra_satsuma: satsuma-iter+kissat time 2051s / budget 14397s
c hydra_satsuma: satsuma-iter+kissat time 2056s / budget 14397s
c hydra_satsuma: satsuma-iter+kissat time 2061s / budget 14397s
c hydra_satsuma: satsuma-iter+kissat time 2066s / budget 14397s
c hydra_satsuma: satsuma-iter+kissat time 2071s / budget 14397s
c hydra_satsuma: satsuma-iter+kissat time 2076s / budget 14397s
c hydra_satsuma: satsuma-iter+kissat time 2081s / budget 14397s
c hydra_satsuma: satsuma-iter+kissat time 2086s / budget 14397s
c hydra_satsuma: satsuma-iter+kissat time 2091s / budget 14397s
c hydra_satsuma: satsuma-iter+kissat time 2096s / budget 14397s
c hydra_satsuma: satsuma-iter+kissat time 2101s / budget 14397s
c hydra_satsuma: satsuma-iter+kissat time 2107s / budget 14397s
c hydra_satsuma: satsuma-iter+kissat time 2112s / budget 14397s
c hydra_satsuma: satsuma-iter+kissat time 2117s / budget 14397s
c hydra_satsuma: satsuma-iter+kissat time 2122s / budget 14397s
c hydra_satsuma: satsuma-iter+kissat time 2127s / budget 14397s
c hydra_satsuma: satsuma-iter+kissat time 2132s / budget 14397s
c hydra_satsuma: satsuma-iter+kissat time 2137s / budget 14397s
c hydra_satsuma: satsuma-iter+kissat time 2142s / budget 14397s
c hydra_satsuma: satsuma-iter+kissat time 2147s / budget 14397s
c hydra_satsuma: satsuma-iter+kissat time 2152s / budget 14397s
c hydra_satsuma: satsuma-iter+kissat time 2157s / budget 14397s
c hydra_satsuma: satsuma-iter+kissat time 2162s / budget 14397s
c hydra_satsuma: satsuma-iter+kissat time 2168s / budget 14397s
c hydra_satsuma: satsuma-iter+kissat time 2173s / budget 14397s
c hydra_satsuma: satsuma-iter+kissat time 2178s / budget 14397s
c hydra_satsuma: satsuma-iter+kissat time 2183s / budget 14397s
c hydra_satsuma: satsuma-iter+kissat time 2188s / budget 14397s
c hydra_satsuma: satsuma-iter+kissat time 2193s / budget 14397s
c hydra_satsuma: satsuma-iter+kissat time 2198s / budget 14397s
c hydra_satsuma: satsuma-iter+kissat time 2203s / budget 14397s
c hydra_satsuma: satsuma-iter+kissat time 2208s / budget 14397s
c hydra_satsuma: satsuma-iter+kissat time 2213s / budget 14397s
c hydra_satsuma: satsuma-iter+kissat time 2218s / budget 14397s
c hydra_satsuma: satsuma-iter+kissat time 2223s / budget 14397s
c hydra_satsuma: satsuma-iter+kissat time 2228s / budget 14397s
c hydra_satsuma: satsuma-iter+kissat time 2234s / budget 14397s
c hydra_satsuma: satsuma-iter+kissat time 2239s / budget 14397s
c hydra_satsuma: satsuma-iter+kissat time 2244s / budget 14397s
c hydra_satsuma: satsuma-iter+kissat time 2249s / budget 14397s
c hydra_satsuma: satsuma-iter+kissat time 2254s / budget 14397s
c hydra_satsuma: satsuma-iter+kissat time 2259s / budget 14397s
c hydra_satsuma: satsuma-iter+kissat time 2264s / budget 14397s
c hydra_satsuma: satsuma-iter+kissat time 2269s / budget 14397s
c hydra_satsuma: satsuma-iter+kissat time 2274s / budget 14397s
c hydra_satsuma: satsuma-iter+kissat time 2279s / budget 14397s
c hydra_satsuma: satsuma-iter+kissat time 2284s / budget 14397s
c hydra_satsuma: satsuma-iter+kissat time 2290s / budget 14397s
c hydra_satsuma: satsuma-iter+kissat time 2295s / budget 14397s
c hydra_satsuma: satsuma-iter+kissat time 2300s / budget 14397s
c hydra_satsuma: satsuma-iter+kissat time 2305s / budget 14397s
c hydra_satsuma: satsuma-iter+kissat time 2310s / budget 14397s
c hydra_satsuma: satsuma-iter+kissat time 2315s / budget 14397s
c hydra_satsuma: satsuma-iter+kissat time 2320s / budget 14397s
c hydra_satsuma: satsuma-iter+kissat time 2325s / budget 14397s
c hydra_satsuma: satsuma-iter+kissat time 2330s / budget 14397s
c hydra_satsuma: satsuma-iter+kissat time 2335s / budget 14397s
c hydra_satsuma: satsuma-iter+kissat time 2340s / budget 14397s
c hydra_satsuma: satsuma-iter+kissat time 2345s / budget 14397s
c hydra_satsuma: satsuma-iter+kissat time 2350s / budget 14397s
c hydra_satsuma: satsuma-iter+kissat time 2356s / budget 14397s
c hydra_satsuma: satsuma-iter+kissat time 2361s / budget 14397s
c hydra_satsuma: satsuma-iter+kissat time 2366s / budget 14397s
c hydra_satsuma: satsuma-iter+kissat time 2371s / budget 14397s
c hydra_satsuma: satsuma-iter+kissat time 2376s / budget 14397s
c hydra_satsuma: satsuma-iter+kissat time 2381s / budget 14397s
c hydra_satsuma: satsuma-iter+kissat time 2386s / budget 14397s
c hydra_satsuma: satsuma-iter+kissat time 2391s / budget 14397s
c hydra_satsuma: satsuma-iter+kissat time 2396s / budget 14397s
c hydra_satsuma: satsuma-iter+kissat time 2401s / budget 14397s
c hydra_satsuma: satsuma-iter+kissat time 2406s / budget 14397s
c hydra_satsuma: satsuma-iter+kissat time 2411s / budget 14397s
c hydra_satsuma: satsuma-iter+kissat time 2417s / budget 14397s
c hydra_satsuma: satsuma-iter+kissat time 2422s / budget 14397s
c hydra_satsuma: satsuma-iter+kissat time 2427s / budget 14397s
c hydra_satsuma: satsuma-iter+kissat time 2432s / budget 14397s
c hydra_satsuma: satsuma-iter+kissat time 2437s / budget 14397s
c hydra_satsuma: satsuma-iter+kissat time 2442s / budget 14397s
c hydra_satsuma: satsuma-iter+kissat time 2447s / budget 14397s
c hydra_satsuma: satsuma-iter+kissat time 2452s / budget 14397s
c hydra_satsuma: satsuma-iter+kissat time 2457s / budget 14397s
c hydra_satsuma: satsuma-iter+kissat time 2462s / budget 14397s
c hydra_satsuma: satsuma-iter+kissat time 2467s / budget 14397s
c hydra_satsuma: satsuma-iter+kissat time 2472s / budget 14397s
c hydra_satsuma: satsuma-iter+kissat time 2478s / budget 14397s
c hydra_satsuma: satsuma-iter+kissat time 2483s / budget 14397s
c hydra_satsuma: satsuma-iter+kissat time 2488s / budget 14397s
c hydra_satsuma: satsuma-iter+kissat time 2493s / budget 14397s
c hydra_satsuma: satsuma-iter+kissat time 2498s / budget 14397s
c hydra_satsuma: satsuma-iter+kissat time 2503s / budget 14397s
c hydra_satsuma: satsuma-iter+kissat time 2508s / budget 14397s
c hydra_satsuma: satsuma-iter+kissat time 2513s / budget 14397s
c hydra_satsuma: satsuma-iter+kissat time 2518s / budget 14397s
c hydra_satsuma: satsuma-iter+kissat time 2523s / budget 14397s
c hydra_satsuma: satsuma-iter+kissat time 2528s / budget 14397s
c hydra_satsuma: satsuma-iter+kissat time 2533s / budget 14397s
c hydra_satsuma: satsuma-iter+kissat time 2539s / budget 14397s
c hydra_satsuma: satsuma-iter+kissat time 2544s / budget 14397s
c hydra_satsuma: satsuma-iter+kissat time 2549s / budget 14397s
c hydra_satsuma: satsuma-iter+kissat time 2554s / budget 14397s
c hydra_satsuma: satsuma-iter+kissat time 2559s / budget 14397s
c hydra_satsuma: satsuma-iter+kissat time 2564s / budget 14397s
c hydra_satsuma: satsuma-iter+kissat time 2569s / budget 14397s
c hydra_satsuma: satsuma-iter+kissat time 2574s / budget 14397s
c hydra_satsuma: satsuma-iter+kissat time 2579s / budget 14397s
c hydra_satsuma: satsuma-iter+kissat time 2584s / budget 14397s
c hydra_satsuma: satsuma-iter+kissat time 2589s / budget 14397s
c hydra_satsuma: satsuma-iter+kissat time 2594s / budget 14397s
c hydra_satsuma: satsuma-iter+kissat time 2599s / budget 14397s
c hydra_satsuma: satsuma-iter+kissat time 2605s / budget 14397s
c hydra_satsuma: satsuma-iter+kissat time 2610s / budget 14397s
c hydra_satsuma: satsuma-iter+kissat time 2615s / budget 14397s
c hydra_satsuma: satsuma-iter+kissat time 2620s / budget 14397s
c hydra_satsuma: satsuma-iter+kissat time 2625s / budget 14397s
c hydra_satsuma: satsuma-iter+kissat time 2630s / budget 14397s
c hydra_satsuma: satsuma-iter+kissat time 2635s / budget 14397s
c hydra_satsuma: satsuma-iter+kissat time 2640s / budget 14397s
c hydra_satsuma: satsuma-iter+kissat time 2645s / budget 14397s
c hydra_satsuma: satsuma-iter+kissat time 2650s / budget 14397s
c hydra_satsuma: satsuma-iter+kissat time 2655s / budget 14397s
c hydra_satsuma: satsuma-iter+kissat time 2660s / budget 14397s
c hydra_satsuma: satsuma-iter+kissat time 2666s / budget 14397s
c hydra_satsuma: satsuma-iter+kissat time 2671s / budget 14397s
c hydra_satsuma: satsuma-iter+kissat time 2676s / budget 14397s
c hydra_satsuma: satsuma-iter+kissat time 2681s / budget 14397s
c hydra_satsuma: satsuma-iter+kissat time 2686s / budget 14397s
c hydra_satsuma: satsuma-iter+kissat time 2691s / budget 14397s
c hydra_satsuma: satsuma-iter+kissat time 2696s / budget 14397s
c hydra_satsuma: satsuma-iter+kissat time 2701s / budget 14397s
c hydra_satsuma: satsuma-iter+kissat time 2706s / budget 14397s
c hydra_satsuma: satsuma-iter+kissat time 2711s / budget 14397s
c hydra_satsuma: satsuma-iter+kissat time 2716s / budget 14397s
c hydra_satsuma: satsuma-iter+kissat time 2721s / budget 14397s
c hydra_satsuma: satsuma-iter+kissat time 2726s / budget 14397s
c hydra_satsuma: satsuma-iter+kissat time 2732s / budget 14397s
c hydra_satsuma: satsuma-iter+kissat time 2737s / budget 14397s
c hydra_satsuma: satsuma-iter+kissat time 2742s / budget 14397s
c hydra_satsuma: satsuma-iter+kissat time 2747s / budget 14397s
c hydra_satsuma: satsuma-iter+kissat time 2752s / budget 14397s
c hydra_satsuma: satsuma-iter+kissat time 2757s / budget 14397s
c hydra_satsuma: satsuma-iter+kissat time 2762s / budget 14397s
c hydra_satsuma: satsuma-iter+kissat time 2767s / budget 14397s
c hydra_satsuma: satsuma-iter+kissat time 2772s / budget 14397s
c hydra_satsuma: satsuma-iter+kissat time 2777s / budget 14397s
c hydra_satsuma: satsuma-iter+kissat time 2782s / budget 14397s
c hydra_satsuma: satsuma-iter+kissat time 2787s / budget 14397s
c hydra_satsuma: satsuma-iter+kissat time 2793s / budget 14397s
c hydra_satsuma: satsuma-iter+kissat time 2798s / budget 14397s
c hydra_satsuma: satsuma-iter+kissat time 2803s / budget 14397s
c hydra_satsuma: satsuma-iter+kissat time 2808s / budget 14397s
c hydra_satsuma: satsuma-iter+kissat time 2813s / budget 14397s
c hydra_satsuma: satsuma-iter+kissat time 2818s / budget 14397s
c hydra_satsuma: satsuma-iter+kissat time 2823s / budget 14397s
c hydra_satsuma: satsuma-iter+kissat time 2828s / budget 14397s
c hydra_satsuma: satsuma-iter+kissat time 2833s / budget 14397s
c hydra_satsuma: satsuma-iter+kissat time 2838s / budget 14397s
c hydra_satsuma: satsuma-iter+kissat time 2843s / budget 14397s
c hydra_satsuma: satsuma-iter+kissat time 2848s / budget 14397s
c hydra_satsuma: satsuma-iter+kissat time 2854s / budget 14397s
c hydra_satsuma: satsuma-iter+kissat time 2859s / budget 14397s
c hydra_satsuma: satsuma-iter+kissat time 2864s / budget 14397s
c hydra_satsuma: satsuma-iter+kissat time 2869s / budget 14397s
c hydra_satsuma: satsuma-iter+kissat time 2874s / budget 14397s
c hydra_satsuma: satsuma-iter+kissat time 2879s / budget 14397s
c hydra_satsuma: satsuma-iter+kissat time 2884s / budget 14397s
c hydra_satsuma: satsuma-iter+kissat time 2889s / budget 14397s
c hydra_satsuma: satsuma-iter+kissat time 2894s / budget 14397s
c hydra_satsuma: satsuma-iter+kissat time 2899s / budget 14397s
c hydra_satsuma: satsuma-iter+kissat time 2904s / budget 14397s
c hydra_satsuma: satsuma-iter+kissat time 2909s / budget 14397s
c hydra_satsuma: satsuma-iter+kissat time 2914s / budget 14397s
c hydra_satsuma: satsuma-iter+kissat time 2920s / budget 14397s
c hydra_satsuma: satsuma-iter+kissat time 2925s / budget 14397s
c hydra_satsuma: satsuma-iter+kissat time 2930s / budget 14397s
c hydra_satsuma: satsuma-iter+kissat time 2935s / budget 14397s
c hydra_satsuma: satsuma-iter+kissat time 2940s / budget 14397s
c hydra_satsuma: satsuma-iter+kissat time 2945s / budget 14397s
c hydra_satsuma: satsuma-iter+kissat time 2950s / budget 14397s
c hydra_satsuma: satsuma-iter+kissat time 2955s / budget 14397s
c hydra_satsuma: satsuma-iter+kissat time 2960s / budget 14397s
c hydra_satsuma: satsuma-iter+kissat time 2965s / budget 14397s
c hydra_satsuma: satsuma-iter+kissat time 2970s / budget 14397s
c hydra_satsuma: satsuma-iter+kissat time 2975s / budget 14397s
c hydra_satsuma: satsuma-iter+kissat time 2980s / budget 14397s
c hydra_satsuma: satsuma-iter+kissat time 2986s / budget 14397s
c hydra_satsuma: satsuma-iter+kissat time 2991s / budget 14397s
c hydra_satsuma: satsuma-iter+kissat time 2996s / budget 14397s
c hydra_satsuma: satsuma-iter+kissat time 3001s / budget 14397s
c hydra_satsuma: satsuma-iter+kissat time 3006s / budget 14397s
c hydra_satsuma: satsuma-iter+kissat time 3011s / budget 14397s
c hydra_satsuma: satsuma-iter+kissat time 3016s / budget 14397s
c hydra_satsuma: satsuma-iter+kissat time 3021s / budget 14397s
c hydra_satsuma: satsuma-iter+kissat time 3026s / budget 14397s
c hydra_satsuma: satsuma-iter+kissat time 3031s / budget 14397s
c hydra_satsuma: satsuma-iter+kissat time 3036s / budget 14397s
c hydra_satsuma: satsuma-iter+kissat time 3041s / budget 14397s
c hydra_satsuma: satsuma-iter+kissat time 3047s / budget 14397s
c hydra_satsuma: satsuma-iter+kissat time 3052s / budget 14397s
c hydra_satsuma: satsuma-iter+kissat time 3057s / budget 14397s
c hydra_satsuma: satsuma-iter+kissat time 3062s / budget 14397s
c hydra_satsuma: satsuma-iter+kissat time 3067s / budget 14397s
c hydra_satsuma: satsuma-iter+kissat time 3072s / budget 14397s
c hydra_satsuma: satsuma-iter+kissat time 3077s / budget 14397s
c hydra_satsuma: satsuma-iter+kissat time 3082s / budget 14397s
c hydra_satsuma: satsuma-iter+kissat time 3087s / budget 14397s
c hydra_satsuma: satsuma-iter+kissat time 3092s / budget 14397s
c hydra_satsuma: satsuma-iter+kissat time 3097s / budget 14397s
c hydra_satsuma: satsuma-iter+kissat time 3102s / budget 14397s
c hydra_satsuma: satsuma-iter+kissat time 3107s / budget 14397s
c hydra_satsuma: satsuma-iter+kissat time 3113s / budget 14397s
c hydra_satsuma: satsuma-iter+kissat time 3118s / budget 14397s
c hydra_satsuma: satsuma-iter+kissat time 3123s / budget 14397s
c hydra_satsuma: satsuma-iter+kissat time 3128s / budget 14397s
c hydra_satsuma: satsuma-iter+kissat time 3133s / budget 14397s
c hydra_satsuma: satsuma-iter+kissat time 3138s / budget 14397s
c hydra_satsuma: satsuma-iter+kissat time 3143s / budget 14397s
c hydra_satsuma: satsuma-iter+kissat time 3148s / budget 14397s
c hydra_satsuma: satsuma-iter+kissat time 3153s / budget 14397s
c hydra_satsuma: satsuma-iter+kissat time 3158s / budget 14397s
c hydra_satsuma: satsuma-iter+kissat time 3163s / budget 14397s
c hydra_satsuma: satsuma-iter+kissat time 3168s / budget 14397s
c hydra_satsuma: satsuma-iter+kissat time 3174s / budget 14397s
c hydra_satsuma: satsuma-iter+kissat time 3179s / budget 14397s
c hydra_satsuma: satsuma-iter+kissat time 3184s / budget 14397s
c hydra_satsuma: satsuma-iter+kissat time 3189s / budget 14397s
c hydra_satsuma: satsuma-iter+kissat time 3194s / budget 14397s
c hydra_satsuma: satsuma-iter+kissat time 3199s / budget 14397s
c hydra_satsuma: satsuma-iter+kissat time 3204s / budget 14397s
c hydra_satsuma: satsuma-iter+kissat time 3209s / budget 14397s
c hydra_satsuma: satsuma-iter+kissat time 3214s / budget 14397s
c hydra_satsuma: satsuma-iter+kissat time 3219s / budget 14397s
c hydra_satsuma: satsuma-iter+kissat time 3224s / budget 14397s
c hydra_satsuma: satsuma-iter+kissat time 3229s / budget 14397s
c hydra_satsuma: satsuma-iter+kissat time 3234s / budget 14397s
c hydra_satsuma: satsuma-iter+kissat time 3240s / budget 14397s
c hydra_satsuma: satsuma-iter+kissat time 3245s / budget 14397s
c hydra_satsuma: satsuma-iter+kissat time 3250s / budget 14397s
c hydra_satsuma: satsuma-iter+kissat time 3255s / budget 14397s
c hydra_satsuma: satsuma-iter+kissat time 3260s / budget 14397s
c hydra_satsuma: satsuma-iter+kissat time 3265s / budget 14397s
c hydra_satsuma: satsuma-iter+kissat time 3270s / budget 14397s
c hydra_satsuma: satsuma-iter+kissat time 3275s / budget 14397s
c hydra_satsuma: satsuma-iter+kissat time 3280s / budget 14397s
c hydra_satsuma: satsuma-iter+kissat time 3285s / budget 14397s
c hydra_satsuma: satsuma-iter+kissat time 3290s / budget 14397s
c hydra_satsuma: satsuma-iter+kissat time 3295s / budget 14397s
c hydra_satsuma: satsuma-iter+kissat time 3301s / budget 14397s
c hydra_satsuma: satsuma-iter+kissat time 3306s / budget 14397s
c hydra_satsuma: satsuma-iter+kissat time 3311s / budget 14397s
c hydra_satsuma: satsuma-iter+kissat time 3316s / budget 14397s
c hydra_satsuma: satsuma-iter+kissat time 3321s / budget 14397s
c hydra_satsuma: satsuma-iter+kissat time 3326s / budget 14397s
c hydra_satsuma: satsuma-iter+kissat time 3331s / budget 14397s
c hydra_satsuma: satsuma-iter+kissat time 3336s / budget 14397s
c hydra_satsuma: satsuma-iter+kissat time 3341s / budget 14397s
c hydra_satsuma: satsuma-iter+kissat time 3346s / budget 14397s
c hydra_satsuma: satsuma-iter+kissat time 3351s / budget 14397s
c hydra_satsuma: satsuma-iter+kissat time 3356s / budget 14397s
c hydra_satsuma: satsuma-iter+kissat time 3362s / budget 14397s
c hydra_satsuma: satsuma-iter+kissat time 3367s / budget 14397s
c hydra_satsuma: satsuma-iter+kissat time 3372s / budget 14397s
c hydra_satsuma: satsuma-iter+kissat time 3377s / budget 14397s
c hydra_satsuma: satsuma-iter+kissat time 3382s / budget 14397s
c hydra_satsuma: satsuma-iter+kissat time 3387s / budget 14397s
c hydra_satsuma: satsuma-iter+kissat time 3392s / budget 14397s
c hydra_satsuma: satsuma-iter+kissat time 3397s / budget 14397s
c hydra_satsuma: satsuma-iter+kissat time 3402s / budget 14397s
c hydra_satsuma: satsuma-iter+kissat time 3407s / budget 14397s
c hydra_satsuma: satsuma-iter+kissat time 3412s / budget 14397s
c hydra_satsuma: satsuma-iter+kissat time 3417s / budget 14397s
c hydra_satsuma: satsuma-iter+kissat time 3423s / budget 14397s
c hydra_satsuma: satsuma-iter+kissat time 3428s / budget 14397s
c hydra_satsuma: satsuma-iter+kissat time 3433s / budget 14397s
c hydra_satsuma: satsuma-iter+kissat time 3438s / budget 14397s
c hydra_satsuma: satsuma-iter+kissat time 3443s / budget 14397s
c hydra_satsuma: satsuma-iter+kissat time 3448s / budget 14397s
c hydra_satsuma: satsuma-iter+kissat time 3453s / budget 14397s
c hydra_satsuma: satsuma-iter+kissat time 3458s / budget 14397s
c hydra_satsuma: satsuma-iter+kissat time 3463s / budget 14397s
c hydra_satsuma: satsuma-iter+kissat time 3468s / budget 14397s
c hydra_satsuma: satsuma-iter+kissat time 3473s / budget 14397s
c hydra_satsuma: satsuma-iter+kissat time 3479s / budget 14397s
c hydra_satsuma: satsuma-iter+kissat time 3484s / budget 14397s
c hydra_satsuma: satsuma-iter+kissat time 3489s / budget 14397s
c hydra_satsuma: satsuma-iter+kissat time 3494s / budget 14397s
c hydra_satsuma: satsuma-iter+kissat time 3499s / budget 14397s
c hydra_satsuma: satsuma-iter+kissat time 3504s / budget 14397s
c hydra_satsuma: satsuma-iter+kissat time 3509s / budget 14397s
c hydra_satsuma: satsuma-iter+kissat time 3514s / budget 14397s
c hydra_satsuma: satsuma-iter+kissat time 3519s / budget 14397s
c hydra_satsuma: satsuma-iter+kissat time 3524s / budget 14397s
c hydra_satsuma: satsuma-iter+kissat time 3529s / budget 14397s
c hydra_satsuma: satsuma-iter+kissat time 3534s / budget 14397s
c hydra_satsuma: satsuma-iter+kissat time 3539s / budget 14397s
c hydra_satsuma: satsuma-iter+kissat time 3544s / budget 14397s
c hydra_satsuma: satsuma-iter+kissat time 3550s / budget 14397s
c hydra_satsuma: satsuma-iter+kissat time 3555s / budget 14397s
c hydra_satsuma: satsuma-iter+kissat time 3560s / budget 14397s
c hydra_satsuma: satsuma-iter+kissat time 3565s / budget 14397s
c hydra_satsuma: satsuma-iter+kissat time 3570s / budget 14397s
c hydra_satsuma: satsuma-iter+kissat time 3575s / budget 14397s
c hydra_satsuma: satsuma-iter+kissat time 3580s / budget 14397s
c hydra_satsuma: satsuma-iter+kissat time 3585s / budget 14397s
c hydra_satsuma: satsuma-iter+kissat time 3590s / budget 14397s
c hydra_satsuma: satsuma-iter+kissat time 3595s / budget 14397s
c hydra_satsuma: satsuma-iter+kissat time 3600s / budget 14397s
c hydra_satsuma: satsuma-iter+kissat time 3605s / budget 14397s
c hydra_satsuma: satsuma-iter+kissat time 3610s / budget 14397s
c hydra_satsuma: satsuma-iter+kissat time 3616s / budget 14397s
c hydra_satsuma: satsuma-iter+kissat time 3621s / budget 14397s
c hydra_satsuma: satsuma-iter+kissat time 3626s / budget 14397s
c hydra_satsuma: satsuma-iter+kissat time 3631s / budget 14397s
c hydra_satsuma: satsuma-iter+kissat time 3636s / budget 14397s
c hydra_satsuma: satsuma-iter+kissat time 3641s / budget 14397s
c hydra_satsuma: satsuma-iter+kissat time 3646s / budget 14397s
c hydra_satsuma: satsuma-iter+kissat time 3651s / budget 14397s
c hydra_satsuma: satsuma-iter+kissat time 3656s / budget 14397s
c hydra_satsuma: satsuma-iter+kissat time 3661s / budget 14397s
c hydra_satsuma: satsuma-iter+kissat time 3666s / budget 14397s
c hydra_satsuma: satsuma-iter+kissat time 3671s / budget 14397s
c hydra_satsuma: satsuma-iter+kissat time 3676s / budget 14397s
c hydra_satsuma: satsuma-iter+kissat time 3682s / budget 14397s
c hydra_satsuma: satsuma-iter+kissat time 3687s / budget 14397s
c hydra_satsuma: satsuma-iter+kissat time 3692s / budget 14397s
c hydra_satsuma: satsuma-iter+kissat time 3697s / budget 14397s
c hydra_satsuma: satsuma-iter+kissat time 3702s / budget 14397s
c hydra_satsuma: satsuma-iter+kissat time 3707s / budget 14397s
c hydra_satsuma: satsuma-iter+kissat time 3712s / budget 14397s
c hydra_satsuma: satsuma-iter+kissat time 3717s / budget 14397s
c hydra_satsuma: satsuma-iter+kissat time 3722s / budget 14397s
c hydra_satsuma: satsuma-iter+kissat time 3727s / budget 14397s
c hydra_satsuma: satsuma-iter+kissat time 3732s / budget 14397s
c hydra_satsuma: satsuma-iter+kissat time 3737s / budget 14397s
c hydra_satsuma: satsuma-iter+kissat time 3743s / budget 14397s
c hydra_satsuma: satsuma-iter+kissat time 3748s / budget 14397s
c hydra_satsuma: satsuma-iter+kissat time 3753s / budget 14397s
c hydra_satsuma: satsuma-iter+kissat time 3758s / budget 14397s
c hydra_satsuma: satsuma-iter+kissat time 3763s / budget 14397s
c hydra_satsuma: satsuma-iter+kissat time 3768s / budget 14397s
c hydra_satsuma: satsuma-iter+kissat time 3773s / budget 14397s
c hydra_satsuma: satsuma-iter+kissat time 3778s / budget 14397s
c hydra_satsuma: satsuma-iter+kissat time 3783s / budget 14397s
c hydra_satsuma: satsuma-iter+kissat time 3788s / budget 14397s
c hydra_satsuma: satsuma-iter+kissat time 3793s / budget 14397s
c hydra_satsuma: satsuma-iter+kissat time 3798s / budget 14397s
c hydra_satsuma: satsuma-iter+kissat time 3804s / budget 14397s
c hydra_satsuma: satsuma-iter+kissat time 3809s / budget 14397s
c hydra_satsuma: satsuma-iter+kissat time 3814s / budget 14397s
c hydra_satsuma: satsuma-iter+kissat time 3819s / budget 14397s
c hydra_satsuma: satsuma-iter+kissat time 3824s / budget 14397s
c hydra_satsuma: satsuma-iter+kissat time 3829s / budget 14397s
c hydra_satsuma: satsuma-iter+kissat time 3834s / budget 14397s
c hydra_satsuma: satsuma-iter+kissat time 3839s / budget 14397s
c hydra_satsuma: satsuma-iter+kissat time 3844s / budget 14397s
c hydra_satsuma: satsuma-iter+kissat time 3849s / budget 14397s
c hydra_satsuma: satsuma-iter+kissat time 3854s / budget 14397s
c hydra_satsuma: satsuma-iter+kissat time 3859s / budget 14397s
c hydra_satsuma: satsuma-iter+kissat time 3864s / budget 14397s
c hydra_satsuma: satsuma-iter+kissat time 3870s / budget 14397s
c hydra_satsuma: satsuma-iter+kissat time 3875s / budget 14397s
c hydra_satsuma: satsuma-iter+kissat time 3880s / budget 14397s
c hydra_satsuma: satsuma-iter+kissat time 3885s / budget 14397s
c hydra_satsuma: satsuma-iter+kissat time 3890s / budget 14397s
c hydra_satsuma: satsuma-iter+kissat time 3895s / budget 14397s
c hydra_satsuma: satsuma-iter+kissat time 3900s / budget 14397s
c hydra_satsuma: satsuma-iter+kissat time 3905s / budget 14397s
c hydra_satsuma: satsuma-iter+kissat time 3910s / budget 14397s
c hydra_satsuma: satsuma-iter+kissat time 3915s / budget 14397s
c hydra_satsuma: satsuma-iter+kissat time 3920s / budget 14397s
c hydra_satsuma: satsuma-iter+kissat time 3925s / budget 14397s
c hydra_satsuma: satsuma-iter+kissat time 3931s / budget 14397s
c hydra_satsuma: satsuma-iter+kissat time 3936s / budget 14397s
c hydra_satsuma: satsuma-iter+kissat time 3941s / budget 14397s
c hydra_satsuma: satsuma-iter+kissat time 3946s / budget 14397s
c hydra_satsuma: satsuma-iter+kissat time 3951s / budget 14397s
c hydra_satsuma: satsuma-iter+kissat time 3956s / budget 14397s
c hydra_satsuma: satsuma-iter+kissat time 3961s / budget 14397s
c hydra_satsuma: satsuma-iter+kissat time 3966s / budget 14397s
c hydra_satsuma: satsuma-iter+kissat time 3971s / budget 14397s
c hydra_satsuma: satsuma-iter+kissat time 3976s / budget 14397s
c hydra_satsuma: satsuma-iter+kissat time 3981s / budget 14397s
c hydra_satsuma: satsuma-iter+kissat time 3986s / budget 14397s
c hydra_satsuma: satsuma-iter+kissat time 3992s / budget 14397s
c hydra_satsuma: satsuma-iter+kissat time 3997s / budget 14397s
c hydra_satsuma: satsuma-iter+kissat time 4002s / budget 14397s
c hydra_satsuma: satsuma-iter+kissat time 4007s / budget 14397s
c hydra_satsuma: satsuma-iter+kissat time 4012s / budget 14397s
c hydra_satsuma: satsuma-iter+kissat time 4017s / budget 14397s
c hydra_satsuma: satsuma-iter+kissat time 4022s / budget 14397s
c hydra_satsuma: satsuma-iter+kissat time 4027s / budget 14397s
c hydra_satsuma: satsuma-iter+kissat time 4032s / budget 14397s
c hydra_satsuma: satsuma-iter+kissat time 4037s / budget 14397s
c hydra_satsuma: satsuma-iter+kissat time 4042s / budget 14397s
c hydra_satsuma: satsuma-iter+kissat time 4048s / budget 14397s
c hydra_satsuma: satsuma-iter+kissat time 4053s / budget 14397s
c hydra_satsuma: satsuma-iter+kissat time 4058s / budget 14397s
c hydra_satsuma: satsuma-iter+kissat time 4063s / budget 14397s
c hydra_satsuma: satsuma-iter+kissat time 4068s / budget 14397s
c hydra_satsuma: satsuma-iter+kissat time 4073s / budget 14397s
c hydra_satsuma: satsuma-iter+kissat time 4078s / budget 14397s
c hydra_satsuma: satsuma-iter+kissat time 4083s / budget 14397s
c hydra_satsuma: satsuma-iter+kissat time 4088s / budget 14397s
c hydra_satsuma: satsuma-iter+kissat time 4093s / budget 14397s
c hydra_satsuma: satsuma-iter+kissat time 4098s / budget 14397s
c hydra_satsuma: satsuma-iter+kissat time 4103s / budget 14397s
c hydra_satsuma: satsuma-iter+kissat time 4108s / budget 14397s
c hydra_satsuma: satsuma-iter+kissat time 4114s / budget 14397s
c hydra_satsuma: satsuma-iter+kissat time 4119s / budget 14397s
c hydra_satsuma: satsuma-iter+kissat time 4124s / budget 14397s
c hydra_satsuma: satsuma-iter+kissat time 4129s / budget 14397s
c hydra_satsuma: satsuma-iter+kissat time 4134s / budget 14397s
c hydra_satsuma: satsuma-iter+kissat time 4139s / budget 14397s
c hydra_satsuma: satsuma-iter+kissat time 4144s / budget 14397s
c hydra_satsuma: satsuma-iter+kissat time 4149s / budget 14397s
c hydra_satsuma: satsuma-iter+kissat time 4154s / budget 14397s
c hydra_satsuma: satsuma-iter+kissat time 4159s / budget 14397s
c hydra_satsuma: satsuma-iter+kissat time 4164s / budget 14397s
c hydra_satsuma: satsuma-iter+kissat time 4169s / budget 14397s
c hydra_satsuma: satsuma-iter+kissat time 4174s / budget 14397s
c hydra_satsuma: satsuma-iter+kissat time 4180s / budget 14397s
c hydra_satsuma: satsuma-iter+kissat time 4185s / budget 14397s
c hydra_satsuma: satsuma-iter+kissat time 4190s / budget 14397s
c hydra_satsuma: satsuma-iter+kissat time 4195s / budget 14397s
c hydra_satsuma: satsuma-iter+kissat time 4200s / budget 14397s
c hydra_satsuma: satsuma-iter+kissat time 4205s / budget 14397s
c hydra_satsuma: satsuma-iter+kissat time 4210s / budget 14397s
c hydra_satsuma: satsuma-iter+kissat time 4215s / budget 14397s
c hydra_satsuma: satsuma-iter+kissat time 4220s / budget 14397s
c hydra_satsuma: satsuma-iter+kissat time 4225s / budget 14397s
c hydra_satsuma: satsuma-iter+kissat time 4230s / budget 14397s
c hydra_satsuma: satsuma-iter+kissat time 4235s / budget 14397s
c hydra_satsuma: satsuma-iter+kissat time 4240s / budget 14397s
c hydra_satsuma: satsuma-iter+kissat time 4246s / budget 14397s
c hydra_satsuma: satsuma-iter+kissat time 4251s / budget 14397s
c hydra_satsuma: satsuma-iter+kissat time 4256s / budget 14397s
c hydra_satsuma: satsuma-iter+kissat time 4261s / budget 14397s
c hydra_satsuma: satsuma-iter+kissat time 4266s / budget 14397s
c hydra_satsuma: satsuma-iter+kissat time 4271s / budget 14397s
c hydra_satsuma: satsuma-iter+kissat time 4276s / budget 14397s
c hydra_satsuma: satsuma-iter+kissat time 4281s / budget 14397s
c hydra_satsuma: satsuma-iter+kissat time 4286s / budget 14397s
c hydra_satsuma: satsuma-iter+kissat time 4291s / budget 14397s
c hydra_satsuma: satsuma-iter+kissat time 4296s / budget 14397s
c hydra_satsuma: satsuma-iter+kissat time 4301s / budget 14397s
c hydra_satsuma: satsuma-iter+kissat time 4307s / budget 14397s
c hydra_satsuma: satsuma-iter+kissat time 4312s / budget 14397s
c hydra_satsuma: satsuma-iter+kissat time 4317s / budget 14397s
c hydra_satsuma: satsuma-iter+kissat time 4322s / budget 14397s
c hydra_satsuma: satsuma-iter+kissat time 4327s / budget 14397s
c hydra_satsuma: satsuma-iter+kissat time 4332s / budget 14397s
c hydra_satsuma: satsuma-iter+kissat time 4337s / budget 14397s
c hydra_satsuma: satsuma-iter+kissat time 4342s / budget 14397s
c hydra_satsuma: satsuma-iter+kissat time 4347s / budget 14397s
c hydra_satsuma: satsuma-iter+kissat time 4352s / budget 14397s
c hydra_satsuma: satsuma-iter+kissat time 4357s / budget 14397s
c hydra_satsuma: satsuma-iter+kissat time 4362s / budget 14397s
c hydra_satsuma: satsuma-iter+kissat time 4367s / budget 14397s
c hydra_satsuma: satsuma-iter+kissat time 4373s / budget 14397s
c hydra_satsuma: satsuma-iter+kissat time 4378s / budget 14397s
c hydra_satsuma: satsuma-iter+kissat time 4383s / budget 14397s
c hydra_satsuma: satsuma-iter+kissat time 4388s / budget 14397s
c hydra_satsuma: satsuma-iter+kissat time 4393s / budget 14397s
c hydra_satsuma: satsuma-iter+kissat time 4398s / budget 14397s
c hydra_satsuma: satsuma-iter+kissat time 4403s / budget 14397s
c hydra_satsuma: satsuma-iter+kissat time 4408s / budget 14397s
c hydra_satsuma: satsuma-iter+kissat time 4413s / budget 14397s
c hydra_satsuma: satsuma-iter+kissat time 4418s / budget 14397s
c hydra_satsuma: satsuma-iter+kissat time 4423s / budget 14397s
c hydra_satsuma: satsuma-iter+kissat time 4428s / budget 14397s
c hydra_satsuma: satsuma-iter+kissat time 4434s / budget 14397s
c hydra_satsuma: satsuma-iter+kissat time 4439s / budget 14397s
c hydra_satsuma: satsuma-iter+kissat time 4444s / budget 14397s
c hydra_satsuma: satsuma-iter+kissat time 4449s / budget 14397s
c hydra_satsuma: satsuma-iter+kissat time 4454s / budget 14397s
c hydra_satsuma: satsuma-iter+kissat time 4459s / budget 14397s
c hydra_satsuma: satsuma-iter+kissat time 4464s / budget 14397s
c hydra_satsuma: satsuma-iter+kissat time 4469s / budget 14397s
c hydra_satsuma: satsuma-iter+kissat time 4474s / budget 14397s
c hydra_satsuma: satsuma-iter+kissat time 4479s / budget 14397s
c hydra_satsuma: satsuma-iter+kissat time 4484s / budget 14397s
c hydra_satsuma: satsuma-iter+kissat time 4489s / budget 14397s
c hydra_satsuma: satsuma-iter+kissat time 4494s / budget 14397s
c hydra_satsuma: satsuma-iter+kissat time 4500s / budget 14397s
c hydra_satsuma: satsuma-iter+kissat time 4505s / budget 14397s
c hydra_satsuma: satsuma-iter+kissat time 4510s / budget 14397s
c hydra_satsuma: satsuma-iter+kissat time 4515s / budget 14397s
c hydra_satsuma: satsuma-iter+kissat time 4520s / budget 14397s
c hydra_satsuma: satsuma-iter+kissat time 4525s / budget 14397s
c hydra_satsuma: satsuma-iter+kissat time 4530s / budget 14397s
c hydra_satsuma: satsuma-iter+kissat time 4535s / budget 14397s
c hydra_satsuma: satsuma-iter+kissat time 4540s / budget 14397s
c hydra_satsuma: satsuma-iter+kissat time 4545s / budget 14397s
c hydra_satsuma: satsuma-iter+kissat time 4550s / budget 14397s
c hydra_satsuma: satsuma-iter+kissat time 4555s / budget 14397s
c hydra_satsuma: satsuma-iter+kissat time 4561s / budget 14397s
c hydra_satsuma: satsuma-iter+kissat time 4566s / budget 14397s
c hydra_satsuma: satsuma-iter+kissat time 4571s / budget 14397s
c hydra_satsuma: satsuma-iter+kissat time 4576s / budget 14397s
c hydra_satsuma: satsuma-iter+kissat time 4581s / budget 14397s
c hydra_satsuma: satsuma-iter+kissat time 4586s / budget 14397s
c hydra_satsuma: satsuma-iter+kissat time 4591s / budget 14397s
c hydra_satsuma: satsuma-iter+kissat time 4596s / budget 14397s
c hydra_satsuma: satsuma-iter+kissat time 4601s / budget 14397s
c hydra_satsuma: satsuma-iter+kissat time 4606s / budget 14397s
c hydra_satsuma: satsuma-iter+kissat time 4611s / budget 14397s
c hydra_satsuma: satsuma-iter+kissat time 4616s / budget 14397s
c hydra_satsuma: satsuma-iter+kissat time 4622s / budget 14397s
c hydra_satsuma: satsuma-iter+kissat time 4627s / budget 14397s
c hydra_satsuma: satsuma-iter+kissat time 4632s / budget 14397s
c hydra_satsuma: satsuma-iter+kissat time 4637s / budget 14397s
c hydra_satsuma: satsuma-iter+kissat time 4642s / budget 14397s
c hydra_satsuma: satsuma-iter+kissat time 4647s / budget 14397s
c hydra_satsuma: satsuma-iter+kissat time 4652s / budget 14397s
c hydra_satsuma: satsuma-iter+kissat time 4657s / budget 14397s
c hydra_satsuma: satsuma-iter+kissat time 4662s / budget 14397s
c hydra_satsuma: satsuma-iter+kissat time 4667s / budget 14397s
c hydra_satsuma: satsuma-iter+kissat time 4672s / budget 14397s
c hydra_satsuma: satsuma-iter+kissat time 4677s / budget 14397s
c hydra_satsuma: satsuma-iter+kissat time 4683s / budget 14397s
c hydra_satsuma: satsuma-iter+kissat time 4688s / budget 14397s
c hydra_satsuma: satsuma-iter+kissat time 4693s / budget 14397s
c hydra_satsuma: satsuma-iter+kissat time 4698s / budget 14397s
c hydra_satsuma: satsuma-iter+kissat time 4703s / budget 14397s
c hydra_satsuma: satsuma-iter+kissat time 4708s / budget 14397s
c hydra_satsuma: satsuma-iter+kissat time 4713s / budget 14397s
c hydra_satsuma: satsuma-iter+kissat time 4718s / budget 14397s
c hydra_satsuma: satsuma-iter+kissat time 4723s / budget 14397s
c hydra_satsuma: satsuma-iter+kissat time 4728s / budget 14397s
c hydra_satsuma: satsuma-iter+kissat time 4733s / budget 14397s
c hydra_satsuma: satsuma-iter+kissat time 4738s / budget 14397s
c hydra_satsuma: satsuma-iter+kissat time 4744s / budget 14397s
c hydra_satsuma: satsuma-iter+kissat time 4749s / budget 14397s
c hydra_satsuma: satsuma-iter+kissat time 4754s / budget 14397s
c hydra_satsuma: satsuma-iter+kissat time 4759s / budget 14397s
c hydra_satsuma: satsuma-iter+kissat time 4764s / budget 14397s
c hydra_satsuma: satsuma-iter+kissat time 4769s / budget 14397s
c hydra_satsuma: satsuma-iter+kissat time 4774s / budget 14397s
c hydra_satsuma: satsuma-iter+kissat time 4779s / budget 14397s
c hydra_satsuma: satsuma-iter+kissat time 4784s / budget 14397s
c hydra_satsuma: satsuma-iter+kissat time 4789s / budget 14397s
c hydra_satsuma: satsuma-iter+kissat time 4794s / budget 14397s
c hydra_satsuma: satsuma-iter+kissat time 4799s / budget 14397s
c hydra_satsuma: satsuma-iter+kissat time 4804s / budget 14397s
c hydra_satsuma: satsuma-iter+kissat time 4810s / budget 14397s
c hydra_satsuma: satsuma-iter+kissat time 4815s / budget 14397s
c hydra_satsuma: satsuma-iter+kissat time 4820s / budget 14397s
c hydra_satsuma: satsuma-iter+kissat time 4825s / budget 14397s
c hydra_satsuma: satsuma-iter+kissat time 4830s / budget 14397s
c hydra_satsuma: satsuma-iter+kissat time 4835s / budget 14397s
c hydra_satsuma: satsuma-iter+kissat time 4840s / budget 14397s
c hydra_satsuma: satsuma-iter+kissat time 4845s / budget 14397s
c hydra_satsuma: satsuma-iter+kissat time 4850s / budget 14397s
c hydra_satsuma: satsuma-iter+kissat time 4855s / budget 14397s
c hydra_satsuma: satsuma-iter+kissat time 4860s / budget 14397s
c hydra_satsuma: satsuma-iter+kissat time 4865s / budget 14397s
c hydra_satsuma: satsuma-iter+kissat time 4871s / budget 14397s
c hydra_satsuma: satsuma-iter+kissat time 4876s / budget 14397s
c hydra_satsuma: satsuma-iter+kissat time 4881s / budget 14397s
c hydra_satsuma: satsuma-iter+kissat time 4886s / budget 14397s
c hydra_satsuma: satsuma-iter+kissat time 4891s / budget 14397s
c hydra_satsuma: satsuma-iter+kissat time 4896s / budget 14397s
c hydra_satsuma: satsuma-iter+kissat time 4901s / budget 14397s
c hydra_satsuma: satsuma-iter+kissat time 4906s / budget 14397s
c hydra_satsuma: satsuma-iter+kissat time 4911s / budget 14397s
c hydra_satsuma: satsuma-iter+kissat time 4916s / budget 14397s
c hydra_satsuma: satsuma-iter+kissat time 4921s / budget 14397s
c hydra_satsuma: satsuma-iter+kissat time 4926s / budget 14397s
c hydra_satsuma: satsuma-iter+kissat time 4931s / budget 14397s
c hydra_satsuma: satsuma-iter+kissat time 4937s / budget 14397s
c hydra_satsuma: satsuma-iter+kissat time 4942s / budget 14397s
c hydra_satsuma: satsuma-iter+kissat time 4947s / budget 14397s
c hydra_satsuma: satsuma-iter+kissat time 4952s / budget 14397s
c hydra_satsuma: satsuma-iter+kissat time 4957s / budget 14397s
c hydra_satsuma: satsuma-iter+kissat time 4962s / budget 14397s
c hydra_satsuma: satsuma-iter+kissat time 4967s / budget 14397s
c hydra_satsuma: satsuma-iter+kissat time 4972s / budget 14397s
c hydra_satsuma: satsuma-iter+kissat time 4977s / budget 14397s
c hydra_satsuma: satsuma-iter+kissat time 4982s / budget 14397s
c hydra_satsuma: satsuma-iter+kissat time 4987s / budget 14397s
c hydra_satsuma: satsuma-iter+kissat time 4992s / budget 14397s
c hydra_satsuma: satsuma-iter+kissat time 4998s / budget 14397s
c hydra_satsuma: satsuma-iter+kissat time 5003s / budget 14397s
c hydra_satsuma: satsuma-iter+kissat time 5008s / budget 14397s
c hydra_satsuma: satsuma-iter+kissat time 5013s / budget 14397s
c hydra_satsuma: satsuma-iter+kissat time 5018s / budget 14397s
c hydra_satsuma: satsuma-iter+kissat time 5023s / budget 14397s
c hydra_satsuma: satsuma-iter+kissat time 5028s / budget 14397s
c hydra_satsuma: satsuma-iter+kissat time 5033s / budget 14397s
c hydra_satsuma: satsuma-iter+kissat time 5038s / budget 14397s
c hydra_satsuma: satsuma-iter+kissat time 5043s / budget 14397s
c hydra_satsuma: satsuma-iter+kissat time 5048s / budget 14397s
c hydra_satsuma: satsuma-iter+kissat time 5054s / budget 14397s
c hydra_satsuma: satsuma-iter+kissat time 5059s / budget 14397s
c hydra_satsuma: satsuma-iter+kissat time 5064s / budget 14397s
c hydra_satsuma: satsuma-iter+kissat time 5069s / budget 14397s
c hydra_satsuma: satsuma-iter+kissat time 5074s / budget 14397s
c hydra_satsuma: satsuma-iter+kissat time 5079s / budget 14397s
c hydra_satsuma: satsuma-iter+kissat time 5084s / budget 14397s
c hydra_satsuma: satsuma-iter+kissat time 5089s / budget 14397s
c hydra_satsuma: satsuma-iter+kissat time 5094s / budget 14397s
c hydra_satsuma: satsuma-iter+kissat time 5099s / budget 14397s
c hydra_satsuma: satsuma-iter+kissat time 5104s / budget 14397s
c hydra_satsuma: satsuma-iter+kissat time 5109s / budget 14397s
c hydra_satsuma: satsuma-iter+kissat time 5115s / budget 14397s
c hydra_satsuma: satsuma-iter+kissat time 5120s / budget 14397s
c hydra_satsuma: satsuma-iter+kissat time 5125s / budget 14397s
c hydra_satsuma: satsuma-iter+kissat time 5130s / budget 14397s
c hydra_satsuma: satsuma-iter+kissat time 5135s / budget 14397s
c hydra_satsuma: satsuma-iter+kissat time 5140s / budget 14397s
c hydra_satsuma: satsuma-iter+kissat time 5145s / budget 14397s
c hydra_satsuma: satsuma-iter+kissat time 5150s / budget 14397s
c hydra_satsuma: satsuma-iter+kissat time 5155s / budget 14397s
c hydra_satsuma: satsuma-iter+kissat time 5160s / budget 14397s
c hydra_satsuma: satsuma-iter+kissat time 5165s / budget 14397s
c hydra_satsuma: satsuma-iter+kissat time 5170s / budget 14397s
c hydra_satsuma: satsuma-iter+kissat time 5175s / budget 14397s
c hydra_satsuma: satsuma-iter+kissat time 5181s / budget 14397s
c hydra_satsuma: satsuma-iter+kissat time 5186s / budget 14397s
c hydra_satsuma: satsuma-iter+kissat time 5191s / budget 14397s
c hydra_satsuma: satsuma-iter+kissat time 5196s / budget 14397s
c hydra_satsuma: satsuma-iter+kissat time 5201s / budget 14397s
c hydra_satsuma: satsuma-iter+kissat time 5206s / budget 14397s
c hydra_satsuma: satsuma-iter+kissat time 5211s / budget 14397s
c hydra_satsuma: satsuma-iter+kissat time 5216s / budget 14397s
c hydra_satsuma: satsuma-iter+kissat time 5221s / budget 14397s
c hydra_satsuma: satsuma-iter+kissat time 5226s / budget 14397s
c hydra_satsuma: satsuma-iter+kissat time 5231s / budget 14397s
c hydra_satsuma: satsuma-iter+kissat time 5236s / budget 14397s
c hydra_satsuma: satsuma-iter+kissat time 5241s / budget 14397s
c hydra_satsuma: satsuma-iter+kissat time 5246s / budget 14397s
c hydra_satsuma: satsuma-iter+kissat time 5252s / budget 14397s
c hydra_satsuma: satsuma-iter+kissat time 5257s / budget 14397s
c hydra_satsuma: satsuma-iter+kissat time 5262s / budget 14397s
c hydra_satsuma: satsuma-iter+kissat time 5267s / budget 14397s
c hydra_satsuma: satsuma-iter+kissat time 5272s / budget 14397s
c hydra_satsuma: satsuma-iter+kissat time 5277s / budget 14397s
c hydra_satsuma: satsuma-iter+kissat time 5282s / budget 14397s
c hydra_satsuma: satsuma-iter+kissat time 5287s / budget 14397s
c hydra_satsuma: satsuma-iter+kissat time 5292s / budget 14397s
c hydra_satsuma: satsuma-iter+kissat time 5297s / budget 14397s
c hydra_satsuma: satsuma-iter+kissat time 5302s / budget 14397s
c hydra_satsuma: satsuma-iter+kissat time 5307s / budget 14397s
c hydra_satsuma: satsuma-iter+kissat time 5312s / budget 14397s
c hydra_satsuma: satsuma-iter+kissat time 5318s / budget 14397s
c hydra_satsuma: satsuma-iter+kissat time 5323s / budget 14397s
c hydra_satsuma: satsuma-iter+kissat time 5328s / budget 14397s
c hydra_satsuma: satsuma-iter+kissat time 5333s / budget 14397s
c hydra_satsuma: satsuma-iter+kissat time 5338s / budget 14397s
c hydra_satsuma: satsuma-iter+kissat time 5343s / budget 14397s
c hydra_satsuma: satsuma-iter+kissat time 5348s / budget 14397s
c hydra_satsuma: satsuma-iter+kissat time 5353s / budget 14397s
c hydra_satsuma: satsuma-iter+kissat time 5358s / budget 14397s
c hydra_satsuma: satsuma-iter+kissat time 5363s / budget 14397s
c hydra_satsuma: satsuma-iter+kissat time 5368s / budget 14397s
c hydra_satsuma: satsuma-iter+kissat time 5373s / budget 14397s
c hydra_satsuma: satsuma-iter+kissat time 5378s / budget 14397s
c hydra_satsuma: satsuma-iter+kissat time 5384s / budget 14397s
c hydra_satsuma: satsuma-iter+kissat time 5389s / budget 14397s
c hydra_satsuma: satsuma-iter+kissat time 5394s / budget 14397s
c hydra_satsuma: satsuma-iter+kissat time 5399s / budget 14397s
c hydra_satsuma: satsuma-iter+kissat time 5404s / budget 14397s
c hydra_satsuma: satsuma-iter+kissat time 5409s / budget 14397s
c hydra_satsuma: satsuma-iter+kissat time 5414s / budget 14397s
c hydra_satsuma: satsuma-iter+kissat time 5419s / budget 14397s
c hydra_satsuma: satsuma-iter+kissat time 5424s / budget 14397s
c hydra_satsuma: satsuma-iter+kissat time 5429s / budget 14397s
c hydra_satsuma: satsuma-iter+kissat time 5434s / budget 14397s
c hydra_satsuma: satsuma-iter+kissat time 5439s / budget 14397s
c hydra_satsuma: satsuma-iter+kissat time 5444s / budget 14397s
c hydra_satsuma: satsuma-iter+kissat time 5450s / budget 14397s
c hydra_satsuma: satsuma-iter+kissat time 5455s / budget 14397s
c hydra_satsuma: satsuma-iter+kissat time 5460s / budget 14397s
c hydra_satsuma: satsuma-iter+kissat time 5465s / budget 14397s
c hydra_satsuma: satsuma-iter+kissat time 5470s / budget 14397s
c hydra_satsuma: satsuma-iter+kissat time 5475s / budget 14397s
c hydra_satsuma: satsuma-iter+kissat time 5480s / budget 14397s
c hydra_satsuma: satsuma-iter+kissat time 5485s / budget 14397s
c hydra_satsuma: satsuma-iter+kissat time 5490s / budget 14397s
c hydra_satsuma: satsuma-iter+kissat time 5495s / budget 14397s
c hydra_satsuma: satsuma-iter+kissat time 5500s / budget 14397s
c hydra_satsuma: satsuma-iter+kissat time 5505s / budget 14397s
c hydra_satsuma: satsuma-iter+kissat time 5511s / budget 14397s
c hydra_satsuma: satsuma-iter+kissat time 5516s / budget 14397s
c hydra_satsuma: satsuma-iter+kissat time 5521s / budget 14397s
c hydra_satsuma: satsuma-iter+kissat time 5526s / budget 14397s
c hydra_satsuma: satsuma-iter+kissat time 5531s / budget 14397s
c hydra_satsuma: satsuma-iter+kissat time 5536s / budget 14397s
c hydra_satsuma: satsuma-iter+kissat time 5541s / budget 14397s
c hydra_satsuma: satsuma-iter+kissat time 5546s / budget 14397s
c hydra_satsuma: satsuma-iter+kissat time 5551s / budget 14397s
c hydra_satsuma: satsuma-iter+kissat time 5556s / budget 14397s
c hydra_satsuma: satsuma-iter+kissat time 5561s / budget 14397s
c hydra_satsuma: satsuma-iter+kissat time 5566s / budget 14397s
c hydra_satsuma: satsuma-iter+kissat time 5572s / budget 14397s
c hydra_satsuma: satsuma-iter+kissat time 5577s / budget 14397s
c hydra_satsuma: satsuma-iter+kissat time 5582s / budget 14397s
c hydra_satsuma: satsuma-iter+kissat time 5587s / budget 14397s
c hydra_satsuma: satsuma-iter+kissat time 5592s / budget 14397s
c hydra_satsuma: satsuma-iter+kissat time 5597s / budget 14397s
c hydra_satsuma: satsuma-iter+kissat time 5602s / budget 14397s
c hydra_satsuma: satsuma-iter+kissat time 5607s / budget 14397s
c hydra_satsuma: satsuma-iter+kissat time 5612s / budget 14397s
c hydra_satsuma: satsuma-iter+kissat time 5617s / budget 14397s
c hydra_satsuma: satsuma-iter+kissat time 5622s / budget 14397s
c hydra_satsuma: satsuma-iter+kissat time 5627s / budget 14397s
c hydra_satsuma: satsuma-iter+kissat time 5633s / budget 14397s
c hydra_satsuma: satsuma-iter+kissat time 5638s / budget 14397s
c hydra_satsuma: satsuma-iter+kissat time 5643s / budget 14397s
c hydra_satsuma: satsuma-iter+kissat time 5648s / budget 14397s
c hydra_satsuma: satsuma-iter+kissat time 5653s / budget 14397s
c hydra_satsuma: satsuma-iter+kissat time 5658s / budget 14397s
c hydra_satsuma: satsuma-iter+kissat time 5663s / budget 14397s
c hydra_satsuma: satsuma-iter+kissat time 5668s / budget 14397s
c hydra_satsuma: satsuma-iter+kissat time 5673s / budget 14397s
c hydra_satsuma: satsuma-iter+kissat time 5678s / budget 14397s
c hydra_satsuma: satsuma-iter+kissat time 5683s / budget 14397s
c hydra_satsuma: satsuma-iter+kissat time 5688s / budget 14397s
c hydra_satsuma: satsuma-iter+kissat time 5694s / budget 14397s
c hydra_satsuma: satsuma-iter+kissat time 5699s / budget 14397s
c hydra_satsuma: satsuma-iter+kissat time 5704s / budget 14397s
c hydra_satsuma: satsuma-iter+kissat time 5709s / budget 14397s
c hydra_satsuma: satsuma-iter+kissat time 5714s / budget 14397s
c hydra_satsuma: satsuma-iter+kissat time 5719s / budget 14397s
c hydra_satsuma: satsuma-iter+kissat time 5724s / budget 14397s
c hydra_satsuma: satsuma-iter+kissat time 5729s / budget 14397s
c hydra_satsuma: satsuma-iter+kissat time 5734s / budget 14397s
c hydra_satsuma: satsuma-iter+kissat time 5739s / budget 14397s
c hydra_satsuma: satsuma-iter+kissat time 5744s / budget 14397s
c hydra_satsuma: satsuma-iter+kissat time 5749s / budget 14397s
c hydra_satsuma: satsuma-iter+kissat time 5755s / budget 14397s
c hydra_satsuma: satsuma-iter+kissat time 5760s / budget 14397s
c hydra_satsuma: satsuma-iter+kissat time 5765s / budget 14397s
c hydra_satsuma: satsuma-iter+kissat time 5770s / budget 14397s
c hydra_satsuma: satsuma-iter+kissat time 5775s / budget 14397s
c hydra_satsuma: satsuma-iter+kissat time 5780s / budget 14397s
c hydra_satsuma: satsuma-iter+kissat time 5785s / budget 14397s
c hydra_satsuma: satsuma-iter+kissat time 5790s / budget 14397s
c hydra_satsuma: satsuma-iter+kissat time 5795s / budget 14397s
c hydra_satsuma: satsuma-iter+kissat time 5800s / budget 14397s
c hydra_satsuma: satsuma-iter+kissat time 5805s / budget 14397s
c hydra_satsuma: satsuma-iter+kissat time 5810s / budget 14397s
c hydra_satsuma: satsuma-iter+kissat time 5815s / budget 14397s
c hydra_satsuma: satsuma-iter+kissat time 5821s / budget 14397s
c hydra_satsuma: satsuma-iter+kissat time 5826s / budget 14397s
c hydra_satsuma: satsuma-iter+kissat time 5831s / budget 14397s
c hydra_satsuma: satsuma-iter+kissat time 5836s / budget 14397s
c hydra_satsuma: satsuma-iter+kissat time 5841s / budget 14397s
c hydra_satsuma: satsuma-iter+kissat time 5846s / budget 14397s
c hydra_satsuma: satsuma-iter+kissat time 5851s / budget 14397s
c hydra_satsuma: satsuma-iter+kissat time 5856s / budget 14397s
c hydra_satsuma: satsuma-iter+kissat time 5861s / budget 14397s
c hydra_satsuma: satsuma-iter+kissat time 5866s / budget 14397s
c hydra_satsuma: satsuma-iter+kissat time 5871s / budget 14397s
c hydra_satsuma: satsuma-iter+kissat time 5876s / budget 14397s
c hydra_satsuma: satsuma-iter+kissat time 5882s / budget 14397s
c hydra_satsuma: satsuma-iter+kissat time 5887s / budget 14397s
c hydra_satsuma: satsuma-iter+kissat time 5892s / budget 14397s
c hydra_satsuma: satsuma-iter+kissat time 5897s / budget 14397s
c hydra_satsuma: satsuma-iter+kissat time 5902s / budget 14397s
c hydra_satsuma: satsuma-iter+kissat time 5907s / budget 14397s
c hydra_satsuma: satsuma-iter+kissat time 5912s / budget 14397s
c hydra_satsuma: satsuma-iter+kissat time 5917s / budget 14397s
c hydra_satsuma: satsuma-iter+kissat time 5922s / budget 14397s
c hydra_satsuma: satsuma-iter+kissat time 5927s / budget 14397s
c hydra_satsuma: satsuma-iter+kissat time 5932s / budget 14397s
c hydra_satsuma: satsuma-iter+kissat time 5937s / budget 14397s
c hydra_satsuma: satsuma-iter+kissat time 5943s / budget 14397s
c hydra_satsuma: satsuma-iter+kissat time 5948s / budget 14397s
c hydra_satsuma: satsuma-iter+kissat time 5953s / budget 14397s
c hydra_satsuma: satsuma-iter+kissat time 5958s / budget 14397s
c hydra_satsuma: satsuma-iter+kissat time 5963s / budget 14397s
c hydra_satsuma: satsuma-iter+kissat time 5968s / budget 14397s
c hydra_satsuma: satsuma-iter+kissat time 5973s / budget 14397s
c hydra_satsuma: satsuma-iter+kissat time 5978s / budget 14397s
c hydra_satsuma: satsuma-iter+kissat time 5983s / budget 14397s
c hydra_satsuma: satsuma-iter+kissat time 5988s / budget 14397s
c hydra_satsuma: satsuma-iter+kissat time 5993s / budget 14397s
c hydra_satsuma: satsuma-iter+kissat time 5998s / budget 14397s
c hydra_satsuma: satsuma-iter+kissat time 6003s / budget 14397s
c hydra_satsuma: satsuma-iter+kissat time 6009s / budget 14397s
c hydra_satsuma: satsuma-iter+kissat time 6014s / budget 14397s
c hydra_satsuma: satsuma-iter+kissat time 6019s / budget 14397s
c hydra_satsuma: satsuma-iter+kissat time 6024s / budget 14397s
c hydra_satsuma: satsuma-iter+kissat time 6029s / budget 14397s
c hydra_satsuma: satsuma-iter+kissat time 6034s / budget 14397s
c hydra_satsuma: satsuma-iter+kissat time 6039s / budget 14397s
c hydra_satsuma: satsuma-iter+kissat time 6044s / budget 14397s
c hydra_satsuma: satsuma-iter+kissat time 6049s / budget 14397s
c hydra_satsuma: satsuma-iter+kissat time 6054s / budget 14397s
c hydra_satsuma: satsuma-iter+kissat time 6059s / budget 14397s
c hydra_satsuma: satsuma-iter+kissat time 6064s / budget 14397s
c hydra_satsuma: satsuma-iter+kissat time 6070s / budget 14397s
c hydra_satsuma: satsuma-iter+kissat time 6075s / budget 14397s
c hydra_satsuma: satsuma-iter+kissat time 6080s / budget 14397s
c hydra_satsuma: satsuma-iter+kissat time 6085s / budget 14397s
c hydra_satsuma: satsuma-iter+kissat time 6090s / budget 14397s
c hydra_satsuma: satsuma-iter+kissat time 6095s / budget 14397s
c hydra_satsuma: satsuma-iter+kissat time 6100s / budget 14397s
c hydra_satsuma: satsuma-iter+kissat time 6105s / budget 14397s
c hydra_satsuma: satsuma-iter+kissat time 6110s / budget 14397s
c hydra_satsuma: satsuma-iter+kissat time 6115s / budget 14397s
c hydra_satsuma: satsuma-iter+kissat time 6120s / budget 14397s
c hydra_satsuma: satsuma-iter+kissat time 6125s / budget 14397s
c hydra_satsuma: satsuma-iter+kissat time 6131s / budget 14397s
c hydra_satsuma: satsuma-iter+kissat time 6136s / budget 14397s
c hydra_satsuma: satsuma-iter+kissat time 6141s / budget 14397s
c hydra_satsuma: satsuma-iter+kissat time 6146s / budget 14397s
c hydra_satsuma: satsuma-iter+kissat time 6151s / budget 14397s
c hydra_satsuma: satsuma-iter+kissat time 6156s / budget 14397s
c hydra_satsuma: satsuma-iter+kissat time 6161s / budget 14397s
c hydra_satsuma: satsuma-iter+kissat time 6166s / budget 14397s
c hydra_satsuma: satsuma-iter+kissat time 6171s / budget 14397s
c hydra_satsuma: satsuma-iter+kissat time 6176s / budget 14397s
c hydra_satsuma: satsuma-iter+kissat time 6181s / budget 14397s
c hydra_satsuma: satsuma-iter+kissat time 6186s / budget 14397s
c hydra_satsuma: satsuma-iter+kissat time 6191s / budget 14397s
c hydra_satsuma: satsuma-iter+kissat time 6197s / budget 14397s
c hydra_satsuma: satsuma-iter+kissat time 6202s / budget 14397s
c hydra_satsuma: satsuma-iter+kissat time 6207s / budget 14397s
c hydra_satsuma: satsuma-iter+kissat time 6212s / budget 14397s
c hydra_satsuma: satsuma-iter+kissat time 6217s / budget 14397s
c hydra_satsuma: satsuma-iter+kissat time 6222s / budget 14397s
c hydra_satsuma: satsuma-iter+kissat time 6227s / budget 14397s
c hydra_satsuma: satsuma-iter+kissat time 6232s / budget 14397s
c hydra_satsuma: satsuma-iter+kissat time 6237s / budget 14397s
c hydra_satsuma: satsuma-iter+kissat time 6242s / budget 14397s
c hydra_satsuma: satsuma-iter+kissat time 6247s / budget 14397s
c hydra_satsuma: satsuma-iter+kissat time 6253s / budget 14397s
c hydra_satsuma: satsuma-iter+kissat time 6258s / budget 14397s
c hydra_satsuma: satsuma-iter+kissat time 6263s / budget 14397s
c hydra_satsuma: satsuma-iter+kissat time 6268s / budget 14397s
c hydra_satsuma: satsuma-iter+kissat time 6273s / budget 14397s
c hydra_satsuma: satsuma-iter+kissat time 6278s / budget 14397s
c hydra_satsuma: satsuma-iter+kissat time 6283s / budget 14397s
c hydra_satsuma: satsuma-iter+kissat time 6288s / budget 14397s
c hydra_satsuma: satsuma-iter+kissat time 6293s / budget 14397s
c hydra_satsuma: satsuma-iter+kissat time 6298s / budget 14397s
c hydra_satsuma: satsuma-iter+kissat time 6303s / budget 14397s
c hydra_satsuma: satsuma-iter+kissat time 6308s / budget 14397s
c hydra_satsuma: satsuma-iter+kissat time 6313s / budget 14397s
c hydra_satsuma: satsuma-iter+kissat time 6319s / budget 14397s
c hydra_satsuma: satsuma-iter+kissat time 6324s / budget 14397s
c hydra_satsuma: satsuma-iter+kissat time 6329s / budget 14397s
c hydra_satsuma: satsuma-iter+kissat time 6334s / budget 14397s
c hydra_satsuma: satsuma-iter+kissat time 6339s / budget 14397s
c hydra_satsuma: satsuma-iter+kissat time 6344s / budget 14397s
c hydra_satsuma: satsuma-iter+kissat time 6349s / budget 14397s
c hydra_satsuma: satsuma-iter+kissat time 6354s / budget 14397s
c hydra_satsuma: satsuma-iter+kissat time 6359s / budget 14397s
c hydra_satsuma: satsuma-iter+kissat time 6364s / budget 14397s
c hydra_satsuma: satsuma-iter+kissat time 6369s / budget 14397s
c hydra_satsuma: satsuma-iter+kissat time 6374s / budget 14397s
c hydra_satsuma: satsuma-iter+kissat time 6380s / budget 14397s
c hydra_satsuma: satsuma-iter+kissat time 6385s / budget 14397s
c hydra_satsuma: satsuma-iter+kissat time 6390s / budget 14397s
c hydra_satsuma: satsuma-iter+kissat time 6395s / budget 14397s
c hydra_satsuma: satsuma-iter+kissat time 6400s / budget 14397s
c hydra_satsuma: satsuma-iter+kissat time 6405s / budget 14397s
c hydra_satsuma: satsuma-iter+kissat time 6410s / budget 14397s
c hydra_satsuma: satsuma-iter+kissat time 6415s / budget 14397s
c hydra_satsuma: satsuma-iter+kissat time 6420s / budget 14397s
c hydra_satsuma: satsuma-iter+kissat time 6425s / budget 14397s
c hydra_satsuma: satsuma-iter+kissat time 6430s / budget 14397s
c hydra_satsuma: satsuma-iter+kissat time 6435s / budget 14397s
c hydra_satsuma: satsuma-iter+kissat time 6441s / budget 14397s
c hydra_satsuma: satsuma-iter+kissat time 6446s / budget 14397s
c hydra_satsuma: satsuma-iter+kissat time 6451s / budget 14397s
c hydra_satsuma: satsuma-iter+kissat time 6456s / budget 14397s
c hydra_satsuma: satsuma-iter+kissat time 6461s / budget 14397s
c hydra_satsuma: satsuma-iter+kissat time 6466s / budget 14397s
c hydra_satsuma: satsuma-iter+kissat time 6471s / budget 14397s
c hydra_satsuma: satsuma-iter+kissat time 6476s / budget 14397s
c hydra_satsuma: satsuma-iter+kissat time 6481s / budget 14397s
c hydra_satsuma: satsuma-iter+kissat time 6486s / budget 14397s
c hydra_satsuma: satsuma-iter+kissat time 6491s / budget 14397s
c hydra_satsuma: satsuma-iter+kissat time 6496s / budget 14397s
c hydra_satsuma: satsuma-iter+kissat time 6502s / budget 14397s
c hydra_satsuma: satsuma-iter+kissat time 6507s / budget 14397s
c hydra_satsuma: satsuma-iter+kissat time 6512s / budget 14397s
c hydra_satsuma: satsuma-iter+kissat time 6517s / budget 14397s
c hydra_satsuma: satsuma-iter+kissat time 6522s / budget 14397s
c hydra_satsuma: satsuma-iter+kissat time 6527s / budget 14397s
c hydra_satsuma: satsuma-iter+kissat time 6532s / budget 14397s
c hydra_satsuma: satsuma-iter+kissat time 6537s / budget 14397s
c hydra_satsuma: satsuma-iter+kissat time 6542s / budget 14397s
c hydra_satsuma: satsuma-iter+kissat time 6547s / budget 14397s
c hydra_satsuma: satsuma-iter+kissat time 6552s / budget 14397s
c hydra_satsuma: satsuma-iter+kissat time 6557s / budget 14397s
c hydra_satsuma: satsuma-iter+kissat time 6562s / budget 14397s
c hydra_satsuma: satsuma-iter+kissat time 6568s / budget 14397s
c hydra_satsuma: satsuma-iter+kissat time 6573s / budget 14397s
c hydra_satsuma: satsuma-iter+kissat time 6578s / budget 14397s
c hydra_satsuma: satsuma-iter+kissat time 6583s / budget 14397s
c hydra_satsuma: satsuma-iter+kissat time 6588s / budget 14397s
c hydra_satsuma: satsuma-iter+kissat time 6593s / budget 14397s
c hydra_satsuma: satsuma-iter+kissat time 6598s / budget 14397s
c hydra_satsuma: satsuma-iter+kissat time 6603s / budget 14397s
c hydra_satsuma: satsuma-iter+kissat time 6608s / budget 14397s
c hydra_satsuma: satsuma-iter+kissat time 6613s / budget 14397s
c hydra_satsuma: satsuma-iter+kissat time 6618s / budget 14397s
c hydra_satsuma: satsuma-iter+kissat time 6623s / budget 14397s
c hydra_satsuma: satsuma-iter+kissat time 6628s / budget 14397s
c hydra_satsuma: satsuma-iter+kissat time 6634s / budget 14397s
c hydra_satsuma: satsuma-iter+kissat time 6639s / budget 14397s
c hydra_satsuma: satsuma-iter+kissat time 6644s / budget 14397s
c hydra_satsuma: satsuma-iter+kissat time 6649s / budget 14397s
c hydra_satsuma: satsuma-iter+kissat time 6654s / budget 14397s
c hydra_satsuma: satsuma-iter+kissat time 6659s / budget 14397s
c hydra_satsuma: satsuma-iter+kissat time 6664s / budget 14397s
c hydra_satsuma: satsuma-iter+kissat time 6669s / budget 14397s
c hydra_satsuma: satsuma-iter+kissat time 6674s / budget 14397s
c hydra_satsuma: satsuma-iter+kissat time 6679s / budget 14397s
c hydra_satsuma: satsuma-iter+kissat time 6684s / budget 14397s
c hydra_satsuma: satsuma-iter+kissat time 6689s / budget 14397s
c hydra_satsuma: satsuma-iter+kissat time 6694s / budget 14397s
c hydra_satsuma: satsuma-iter+kissat time 6700s / budget 14397s
c hydra_satsuma: satsuma-iter+kissat time 6705s / budget 14397s
c hydra_satsuma: satsuma-iter+kissat time 6710s / budget 14397s
c hydra_satsuma: satsuma-iter+kissat time 6715s / budget 14397s
c hydra_satsuma: satsuma-iter+kissat time 6720s / budget 14397s
c hydra_satsuma: satsuma-iter+kissat time 6725s / budget 14397s
c hydra_satsuma: satsuma-iter+kissat time 6730s / budget 14397s
c hydra_satsuma: satsuma-iter+kissat time 6735s / budget 14397s
c hydra_satsuma: satsuma-iter+kissat time 6740s / budget 14397s
c hydra_satsuma: satsuma-iter+kissat time 6745s / budget 14397s
c hydra_satsuma: satsuma-iter+kissat time 6750s / budget 14397s
c hydra_satsuma: satsuma-iter+kissat time 6755s / budget 14397s
c hydra_satsuma: satsuma-iter+kissat time 6761s / budget 14397s
c hydra_satsuma: satsuma-iter+kissat time 6766s / budget 14397s
c hydra_satsuma: satsuma-iter+kissat time 6771s / budget 14397s
c hydra_satsuma: satsuma-iter+kissat time 6776s / budget 14397s
c hydra_satsuma: satsuma-iter+kissat time 6781s / budget 14397s
c hydra_satsuma: satsuma-iter+kissat time 6786s / budget 14397s
c hydra_satsuma: satsuma-iter+kissat time 6791s / budget 14397s
c hydra_satsuma: satsuma-iter+kissat time 6796s / budget 14397s
c hydra_satsuma: satsuma-iter+kissat time 6801s / budget 14397s
c hydra_satsuma: satsuma-iter+kissat time 6806s / budget 14397s
c hydra_satsuma: satsuma-iter+kissat time 6811s / budget 14397s
c hydra_satsuma: satsuma-iter+kissat time 6816s / budget 14397s
c hydra_satsuma: satsuma-iter+kissat time 6822s / budget 14397s
c hydra_satsuma: satsuma-iter+kissat time 6827s / budget 14397s
c hydra_satsuma: satsuma-iter+kissat time 6832s / budget 14397s
c hydra_satsuma: satsuma-iter+kissat time 6837s / budget 14397s
c hydra_satsuma: satsuma-iter+kissat time 6842s / budget 14397s
c hydra_satsuma: satsuma-iter+kissat time 6847s / budget 14397s
c hydra_satsuma: satsuma-iter+kissat time 6852s / budget 14397s
c hydra_satsuma: satsuma-iter+kissat time 6857s / budget 14397s
c hydra_satsuma: satsuma-iter+kissat time 6862s / budget 14397s
c hydra_satsuma: satsuma-iter+kissat time 6867s / budget 14397s
c hydra_satsuma: satsuma-iter+kissat time 6872s / budget 14397s
c hydra_satsuma: satsuma-iter+kissat time 6877s / budget 14397s
c hydra_satsuma: satsuma-iter+kissat time 6883s / budget 14397s
c hydra_satsuma: satsuma-iter+kissat time 6888s / budget 14397s
c hydra_satsuma: satsuma-iter+kissat time 6893s / budget 14397s
c hydra_satsuma: satsuma-iter+kissat time 6898s / budget 14397s
c hydra_satsuma: satsuma-iter+kissat time 6903s / budget 14397s
c hydra_satsuma: satsuma-iter+kissat time 6908s / budget 14397s
c hydra_satsuma: satsuma-iter+kissat time 6913s / budget 14397s
c hydra_satsuma: satsuma-iter+kissat time 6918s / budget 14397s
c hydra_satsuma: satsuma-iter+kissat time 6923s / budget 14397s
c hydra_satsuma: satsuma-iter+kissat time 6928s / budget 14397s
c hydra_satsuma: satsuma-iter+kissat time 6933s / budget 14397s
c hydra_satsuma: satsuma-iter+kissat time 6938s / budget 14397s
c hydra_satsuma: satsuma-iter+kissat time 6943s / budget 14397s
c hydra_satsuma: satsuma-iter+kissat time 6949s / budget 14397s
c hydra_satsuma: satsuma-iter+kissat time 6954s / budget 14397s
c hydra_satsuma: satsuma-iter+kissat time 6959s / budget 14397s
c hydra_satsuma: satsuma-iter+kissat time 6964s / budget 14397s
c hydra_satsuma: satsuma-iter+kissat time 6969s / budget 14397s
c hydra_satsuma: satsuma-iter+kissat time 6974s / budget 14397s
c hydra_satsuma: satsuma-iter+kissat time 6979s / budget 14397s
c hydra_satsuma: satsuma-iter+kissat time 6984s / budget 14397s
c hydra_satsuma: satsuma-iter+kissat time 6989s / budget 14397s
c hydra_satsuma: satsuma-iter+kissat time 6994s / budget 14397s
c hydra_satsuma: satsuma-iter+kissat time 6999s / budget 14397s
c hydra_satsuma: satsuma-iter+kissat time 7005s / budget 14397s
c hydra_satsuma: satsuma-iter+kissat time 7010s / budget 14397s
c hydra_satsuma: satsuma-iter+kissat time 7015s / budget 14397s
c hydra_satsuma: satsuma-iter+kissat time 7020s / budget 14397s
c hydra_satsuma: satsuma-iter+kissat time 7025s / budget 14397s
c hydra_satsuma: satsuma-iter+kissat time 7030s / budget 14397s
c hydra_satsuma: satsuma-iter+kissat time 7035s / budget 14397s
c hydra_satsuma: satsuma-iter+kissat time 7040s / budget 14397s
c hydra_satsuma: satsuma-iter+kissat time 7045s / budget 14397s
c hydra_satsuma: satsuma-iter+kissat time 7050s / budget 14397s
c hydra_satsuma: satsuma-iter+kissat time 7055s / budget 14397s
c hydra_satsuma: satsuma-iter+kissat time 7060s / budget 14397s
c hydra_satsuma: satsuma-iter+kissat time 7066s / budget 14397s
c hydra_satsuma: satsuma-iter+kissat time 7071s / budget 14397s
c hydra_satsuma: satsuma-iter+kissat time 7076s / budget 14397s
c hydra_satsuma: satsuma-iter+kissat time 7081s / budget 14397s
c hydra_satsuma: satsuma-iter+kissat time 7086s / budget 14397s
c hydra_satsuma: satsuma-iter+kissat time 7091s / budget 14397s
c hydra_satsuma: satsuma-iter+kissat time 7096s / budget 14397s
c hydra_satsuma: satsuma-iter+kissat time 7101s / budget 14397s
c hydra_satsuma: satsuma-iter+kissat time 7106s / budget 14397s
c hydra_satsuma: satsuma-iter+kissat time 7111s / budget 14397s
c hydra_satsuma: satsuma-iter+kissat time 7116s / budget 14397s
c hydra_satsuma: satsuma-iter+kissat time 7121s / budget 14397s
c hydra_satsuma: satsuma-iter+kissat time 7126s / budget 14397s
c hydra_satsuma: satsuma-iter+kissat time 7132s / budget 14397s
c hydra_satsuma: satsuma-iter+kissat time 7137s / budget 14397s
c hydra_satsuma: satsuma-iter+kissat time 7142s / budget 14397s
c hydra_satsuma: satsuma-iter+kissat time 7147s / budget 14397s
c hydra_satsuma: satsuma-iter+kissat time 7152s / budget 14397s
c hydra_satsuma: satsuma-iter+kissat time 7157s / budget 14397s
c hydra_satsuma: satsuma-iter+kissat time 7162s / budget 14397s
c hydra_satsuma: satsuma-iter+kissat time 7167s / budget 14397s
c hydra_satsuma: satsuma-iter+kissat time 7172s / budget 14397s
c hydra_satsuma: satsuma-iter+kissat time 7177s / budget 14397s
c hydra_satsuma: satsuma-iter+kissat time 7182s / budget 14397s
c hydra_satsuma: satsuma-iter+kissat time 7187s / budget 14397s
c hydra_satsuma: satsuma-iter+kissat time 7192s / budget 14397s
c hydra_satsuma: satsuma-iter+kissat time 7197s / budget 14397s
c hydra_satsuma: satsuma-iter+kissat time 7203s / budget 14397s
c hydra_satsuma: satsuma-iter+kissat time 7208s / budget 14397s
c hydra_satsuma: satsuma-iter+kissat time 7213s / budget 14397s
c hydra_satsuma: satsuma-iter+kissat time 7218s / budget 14397s
c hydra_satsuma: satsuma-iter+kissat time 7223s / budget 14397s
c hydra_satsuma: satsuma-iter+kissat time 7228s / budget 14397s
c hydra_satsuma: satsuma-iter+kissat time 7233s / budget 14397s
c hydra_satsuma: satsuma-iter+kissat time 7238s / budget 14397s
c hydra_satsuma: satsuma-iter+kissat time 7243s / budget 14397s
c hydra_satsuma: satsuma-iter+kissat time 7248s / budget 14397s
c hydra_satsuma: satsuma-iter+kissat time 7253s / budget 14397s
c hydra_satsuma: satsuma-iter+kissat time 7258s / budget 14397s
c hydra_satsuma: satsuma-iter+kissat time 7264s / budget 14397s
c hydra_satsuma: satsuma-iter+kissat time 7269s / budget 14397s
c hydra_satsuma: satsuma-iter+kissat time 7274s / budget 14397s
c hydra_satsuma: satsuma-iter+kissat time 7279s / budget 14397s
c hydra_satsuma: satsuma-iter+kissat time 7284s / budget 14397s
c hydra_satsuma: satsuma-iter+kissat time 7289s / budget 14397s
c hydra_satsuma: satsuma-iter+kissat time 7294s / budget 14397s
c hydra_satsuma: satsuma-iter+kissat time 7299s / budget 14397s
c hydra_satsuma: satsuma-iter+kissat time 7304s / budget 14397s
c hydra_satsuma: satsuma-iter+kissat time 7309s / budget 14397s
c hydra_satsuma: satsuma-iter+kissat time 7314s / budget 14397s
c hydra_satsuma: satsuma-iter+kissat time 7319s / budget 14397s
c hydra_satsuma: satsuma-iter+kissat time 7325s / budget 14397s
c hydra_satsuma: satsuma-iter+kissat time 7330s / budget 14397s
c hydra_satsuma: satsuma-iter+kissat time 7335s / budget 14397s
c hydra_satsuma: satsuma-iter+kissat time 7340s / budget 14397s
c hydra_satsuma: satsuma-iter+kissat time 7345s / budget 14397s
c hydra_satsuma: satsuma-iter+kissat time 7350s / budget 14397s
c hydra_satsuma: satsuma-iter+kissat time 7355s / budget 14397s
c hydra_satsuma: satsuma-iter+kissat time 7360s / budget 14397s
c hydra_satsuma: satsuma-iter+kissat time 7365s / budget 14397s
c hydra_satsuma: satsuma-iter+kissat time 7370s / budget 14397s
c hydra_satsuma: satsuma-iter+kissat time 7375s / budget 14397s
c hydra_satsuma: satsuma-iter+kissat time 7380s / budget 14397s
c hydra_satsuma: satsuma-iter+kissat time 7385s / budget 14397s
c hydra_satsuma: satsuma-iter+kissat time 7391s / budget 14397s
c hydra_satsuma: satsuma-iter+kissat time 7396s / budget 14397s
c hydra_satsuma: satsuma-iter+kissat time 7401s / budget 14397s
c hydra_satsuma: satsuma-iter+kissat time 7406s / budget 14397s
c hydra_satsuma: satsuma-iter+kissat time 7411s / budget 14397s
c hydra_satsuma: satsuma-iter+kissat time 7416s / budget 14397s
c hydra_satsuma: satsuma-iter+kissat time 7421s / budget 14397s
c hydra_satsuma: satsuma-iter+kissat time 7426s / budget 14397s
c hydra_satsuma: satsuma-iter+kissat time 7431s / budget 14397s
c hydra_satsuma: satsuma-iter+kissat time 7436s / budget 14397s
c hydra_satsuma: satsuma-iter+kissat time 7441s / budget 14397s
c hydra_satsuma: satsuma-iter+kissat time 7447s / budget 14397s
c hydra_satsuma: satsuma-iter+kissat time 7452s / budget 14397s
c hydra_satsuma: satsuma-iter+kissat time 7457s / budget 14397s
c hydra_satsuma: satsuma-iter+kissat time 7462s / budget 14397s
c hydra_satsuma: satsuma-iter+kissat time 7467s / budget 14397s
c hydra_satsuma: satsuma-iter+kissat time 7472s / budget 14397s
c hydra_satsuma: satsuma-iter+kissat time 7477s / budget 14397s
c hydra_satsuma: satsuma-iter+kissat time 7482s / budget 14397s
c hydra_satsuma: satsuma-iter+kissat time 7487s / budget 14397s
c hydra_satsuma: satsuma-iter+kissat time 7492s / budget 14397s
c hydra_satsuma: satsuma-iter+kissat time 7497s / budget 14397s
c hydra_satsuma: satsuma-iter+kissat time 7502s / budget 14397s
c hydra_satsuma: satsuma-iter+kissat time 7507s / budget 14397s
c hydra_satsuma: satsuma-iter+kissat time 7513s / budget 14397s
c hydra_satsuma: satsuma-iter+kissat time 7518s / budget 14397s
c hydra_satsuma: satsuma-iter+kissat time 7523s / budget 14397s
c hydra_satsuma: satsuma-iter+kissat time 7528s / budget 14397s
c hydra_satsuma: satsuma-iter+kissat time 7533s / budget 14397s
c hydra_satsuma: satsuma-iter+kissat time 7538s / budget 14397s
c hydra_satsuma: satsuma-iter+kissat time 7543s / budget 14397s
c hydra_satsuma: satsuma-iter+kissat time 7548s / budget 14397s
c hydra_satsuma: satsuma-iter+kissat time 7553s / budget 14397s
c hydra_satsuma: satsuma-iter+kissat time 7558s / budget 14397s
c hydra_satsuma: satsuma-iter+kissat time 7563s / budget 14397s
c hydra_satsuma: satsuma-iter+kissat time 7568s / budget 14397s
c hydra_satsuma: satsuma-iter+kissat time 7574s / budget 14397s
c hydra_satsuma: satsuma-iter+kissat time 7579s / budget 14397s
c hydra_satsuma: satsuma-iter+kissat time 7584s / budget 14397s
c hydra_satsuma: satsuma-iter+kissat time 7589s / budget 14397s
c hydra_satsuma: satsuma-iter+kissat time 7594s / budget 14397s
c hydra_satsuma: satsuma-iter+kissat time 7599s / budget 14397s
c hydra_satsuma: satsuma-iter+kissat time 7604s / budget 14397s
c hydra_satsuma: satsuma-iter+kissat time 7609s / budget 14397s
c hydra_satsuma: satsuma-iter+kissat time 7614s / budget 14397s
c hydra_satsuma: satsuma-iter+kissat time 7619s / budget 14397s
c hydra_satsuma: satsuma-iter+kissat time 7624s / budget 14397s
c hydra_satsuma: satsuma-iter+kissat time 7630s / budget 14397s
c hydra_satsuma: satsuma-iter+kissat time 7635s / budget 14397s
c hydra_satsuma: satsuma-iter+kissat time 7640s / budget 14397s
c hydra_satsuma: satsuma-iter+kissat time 7645s / budget 14397s
c hydra_satsuma: satsuma-iter+kissat time 7650s / budget 14397s
c hydra_satsuma: satsuma-iter+kissat time 7655s / budget 14397s
c hydra_satsuma: satsuma-iter+kissat time 7660s / budget 14397s
c hydra_satsuma: satsuma-iter+kissat time 7665s / budget 14397s
c hydra_satsuma: satsuma-iter+kissat time 7670s / budget 14397s
c hydra_satsuma: satsuma-iter+kissat time 7675s / budget 14397s
c hydra_satsuma: satsuma-iter+kissat time 7680s / budget 14397s
c hydra_satsuma: satsuma-iter+kissat time 7685s / budget 14397s
c hydra_satsuma: satsuma-iter+kissat time 7691s / budget 14397s
c hydra_satsuma: satsuma-iter+kissat time 7696s / budget 14397s
c hydra_satsuma: satsuma-iter+kissat time 7701s / budget 14397s
c hydra_satsuma: satsuma-iter+kissat time 7706s / budget 14397s
c hydra_satsuma: satsuma-iter+kissat time 7711s / budget 14397s
c hydra_satsuma: satsuma-iter+kissat time 7716s / budget 14397s
c hydra_satsuma: satsuma-iter+kissat time 7721s / budget 14397s
c hydra_satsuma: satsuma-iter+kissat time 7726s / budget 14397s
c hydra_satsuma: satsuma-iter+kissat time 7731s / budget 14397s
c hydra_satsuma: satsuma-iter+kissat time 7736s / budget 14397s
c hydra_satsuma: satsuma-iter+kissat time 7741s / budget 14397s
c hydra_satsuma: satsuma-iter+kissat time 7747s / budget 14397s
c hydra_satsuma: satsuma-iter+kissat time 7752s / budget 14397s
c hydra_satsuma: satsuma-iter+kissat time 7757s / budget 14397s
c hydra_satsuma: satsuma-iter+kissat time 7762s / budget 14397s
c hydra_satsuma: satsuma-iter+kissat time 7767s / budget 14397s
c hydra_satsuma: satsuma-iter+kissat time 7772s / budget 14397s
c hydra_satsuma: satsuma-iter+kissat time 7777s / budget 14397s
c hydra_satsuma: satsuma-iter+kissat time 7782s / budget 14397s
c hydra_satsuma: satsuma-iter+kissat time 7787s / budget 14397s
c hydra_satsuma: satsuma-iter+kissat time 7792s / budget 14397s
c hydra_satsuma: satsuma-iter+kissat time 7797s / budget 14397s
c hydra_satsuma: satsuma-iter+kissat time 7802s / budget 14397s
c hydra_satsuma: satsuma-iter+kissat time 7807s / budget 14397s
c hydra_satsuma: satsuma-iter+kissat time 7813s / budget 14397s
c hydra_satsuma: satsuma-iter+kissat time 7818s / budget 14397s
c hydra_satsuma: satsuma-iter+kissat time 7823s / budget 14397s
c hydra_satsuma: satsuma-iter+kissat time 7828s / budget 14397s
c hydra_satsuma: satsuma-iter+kissat time 7833s / budget 14397s
c hydra_satsuma: satsuma-iter+kissat time 7838s / budget 14397s
c hydra_satsuma: satsuma-iter+kissat time 7843s / budget 14397s
c hydra_satsuma: satsuma-iter+kissat time 7848s / budget 14397s
c hydra_satsuma: satsuma-iter+kissat time 7853s / budget 14397s
c hydra_satsuma: satsuma-iter+kissat time 7858s / budget 14397s
c hydra_satsuma: satsuma-iter+kissat time 7863s / budget 14397s
c hydra_satsuma: satsuma-iter+kissat time 7868s / budget 14397s
c hydra_satsuma: satsuma-iter+kissat time 7874s / budget 14397s
c hydra_satsuma: satsuma-iter+kissat time 7879s / budget 14397s
c hydra_satsuma: satsuma-iter+kissat time 7884s / budget 14397s
c hydra_satsuma: satsuma-iter+kissat time 7889s / budget 14397s
c hydra_satsuma: satsuma-iter+kissat time 7894s / budget 14397s
c hydra_satsuma: satsuma-iter+kissat time 7899s / budget 14397s
c hydra_satsuma: satsuma-iter+kissat time 7904s / budget 14397s
c hydra_satsuma: satsuma-iter+kissat time 7909s / budget 14397s
c hydra_satsuma: satsuma-iter+kissat time 7914s / budget 14397s
c hydra_satsuma: satsuma-iter+kissat time 7919s / budget 14397s
c hydra_satsuma: satsuma-iter+kissat time 7924s / budget 14397s
c hydra_satsuma: satsuma-iter+kissat time 7929s / budget 14397s
c hydra_satsuma: satsuma-iter+kissat time 7935s / budget 14397s
c hydra_satsuma: satsuma-iter+kissat time 7940s / budget 14397s
c hydra_satsuma: satsuma-iter+kissat time 7945s / budget 14397s
c hydra_satsuma: satsuma-iter+kissat time 7950s / budget 14397s
c hydra_satsuma: satsuma-iter+kissat time 7955s / budget 14397s
c hydra_satsuma: satsuma-iter+kissat time 7960s / budget 14397s
c hydra_satsuma: satsuma-iter+kissat time 7965s / budget 14397s
c hydra_satsuma: satsuma-iter+kissat time 7970s / budget 14397s
c hydra_satsuma: satsuma-iter+kissat time 7975s / budget 14397s
c hydra_satsuma: satsuma-iter+kissat time 7980s / budget 14397s
c hydra_satsuma: satsuma-iter+kissat time 7985s / budget 14397s
c hydra_satsuma: satsuma-iter+kissat time 7991s / budget 14397s
c hydra_satsuma: satsuma-iter+kissat time 7996s / budget 14397s
c hydra_satsuma: satsuma-iter+kissat time 8001s / budget 14397s
c hydra_satsuma: satsuma-iter+kissat time 8006s / budget 14397s
c hydra_satsuma: satsuma-iter+kissat time 8011s / budget 14397s
c hydra_satsuma: satsuma-iter+kissat time 8016s / budget 14397s
c hydra_satsuma: satsuma-iter+kissat time 8021s / budget 14397s
c hydra_satsuma: satsuma-iter+kissat time 8026s / budget 14397s
c hydra_satsuma: satsuma-iter+kissat time 8031s / budget 14397s
c hydra_satsuma: satsuma-iter+kissat time 8036s / budget 14397s
c hydra_satsuma: satsuma-iter+kissat time 8041s / budget 14397s
c hydra_satsuma: satsuma-iter+kissat time 8046s / budget 14397s
c hydra_satsuma: satsuma-iter+kissat time 8052s / budget 14397s
c hydra_satsuma: satsuma-iter+kissat time 8057s / budget 14397s
c hydra_satsuma: satsuma-iter+kissat time 8062s / budget 14397s
c hydra_satsuma: satsuma-iter+kissat time 8067s / budget 14397s
c hydra_satsuma: satsuma-iter+kissat time 8072s / budget 14397s
c hydra_satsuma: satsuma-iter+kissat time 8077s / budget 14397s
c hydra_satsuma: satsuma-iter+kissat time 8082s / budget 14397s
c hydra_satsuma: satsuma-iter+kissat time 8087s / budget 14397s
c hydra_satsuma: satsuma-iter+kissat time 8092s / budget 14397s
c hydra_satsuma: satsuma-iter+kissat time 8097s / budget 14397s
c hydra_satsuma: satsuma-iter+kissat time 8102s / budget 14397s
c hydra_satsuma: satsuma-iter+kissat time 8107s / budget 14397s
c hydra_satsuma: satsuma-iter+kissat time 8113s / budget 14397s
c hydra_satsuma: satsuma-iter+kissat time 8118s / budget 14397s
c hydra_satsuma: satsuma-iter+kissat time 8123s / budget 14397s
c hydra_satsuma: satsuma-iter+kissat time 8128s / budget 14397s
c hydra_satsuma: satsuma-iter+kissat time 8133s / budget 14397s
c hydra_satsuma: satsuma-iter+kissat time 8138s / budget 14397s
c hydra_satsuma: satsuma-iter+kissat time 8143s / budget 14397s
c hydra_satsuma: satsuma-iter+kissat time 8148s / budget 14397s
c hydra_satsuma: satsuma-iter+kissat time 8153s / budget 14397s
c hydra_satsuma: satsuma-iter+kissat time 8158s / budget 14397s
c hydra_satsuma: satsuma-iter+kissat time 8163s / budget 14397s
c hydra_satsuma: satsuma-iter+kissat time 8168s / budget 14397s
c hydra_satsuma: satsuma-iter+kissat time 8174s / budget 14397s
c hydra_satsuma: satsuma-iter+kissat time 8179s / budget 14397s
c hydra_satsuma: satsuma-iter+kissat time 8184s / budget 14397s
c hydra_satsuma: satsuma-iter+kissat time 8189s / budget 14397s
c hydra_satsuma: satsuma-iter+kissat time 8194s / budget 14397s
c hydra_satsuma: satsuma-iter+kissat time 8199s / budget 14397s
c hydra_satsuma: satsuma-iter+kissat time 8204s / budget 14397s
c hydra_satsuma: satsuma-iter+kissat time 8209s / budget 14397s
c hydra_satsuma: satsuma-iter+kissat time 8214s / budget 14397s
c hydra_satsuma: satsuma-iter+kissat time 8219s / budget 14397s
c hydra_satsuma: satsuma-iter+kissat time 8224s / budget 14397s
c hydra_satsuma: satsuma-iter+kissat time 8229s / budget 14397s
c hydra_satsuma: satsuma-iter+kissat time 8235s / budget 14397s
c hydra_satsuma: satsuma-iter+kissat time 8240s / budget 14397s
c hydra_satsuma: satsuma-iter+kissat time 8245s / budget 14397s
c hydra_satsuma: satsuma-iter+kissat time 8250s / budget 14397s
c hydra_satsuma: satsuma-iter+kissat time 8255s / budget 14397s
c hydra_satsuma: satsuma-iter+kissat time 8260s / budget 14397s
c hydra_satsuma: satsuma-iter+kissat time 8265s / budget 14397s
c hydra_satsuma: satsuma-iter+kissat time 8270s / budget 14397s
c hydra_satsuma: satsuma-iter+kissat time 8275s / budget 14397s
c hydra_satsuma: satsuma-iter+kissat time 8280s / budget 14397s
c hydra_satsuma: satsuma-iter+kissat time 8285s / budget 14397s
c hydra_satsuma: satsuma-iter+kissat time 8290s / budget 14397s
c hydra_satsuma: satsuma-iter+kissat time 8295s / budget 14397s
c hydra_satsuma: satsuma-iter+kissat time 8301s / budget 14397s
c hydra_satsuma: satsuma-iter+kissat time 8306s / budget 14397s
c hydra_satsuma: satsuma-iter+kissat time 8311s / budget 14397s
c hydra_satsuma: satsuma-iter+kissat time 8316s / budget 14397s
c hydra_satsuma: satsuma-iter+kissat time 8321s / budget 14397s
c hydra_satsuma: satsuma-iter+kissat time 8326s / budget 14397s
c hydra_satsuma: satsuma-iter+kissat time 8331s / budget 14397s
c hydra_satsuma: satsuma-iter+kissat time 8336s / budget 14397s
c hydra_satsuma: satsuma-iter+kissat time 8341s / budget 14397s
c hydra_satsuma: satsuma-iter+kissat time 8346s / budget 14397s
c hydra_satsuma: satsuma-iter+kissat time 8351s / budget 14397s
c hydra_satsuma: satsuma-iter+kissat time 8356s / budget 14397s
c hydra_satsuma: satsuma-iter+kissat time 8361s / budget 14397s
c hydra_satsuma: satsuma-iter+kissat time 8367s / budget 14397s
c hydra_satsuma: satsuma-iter+kissat time 8372s / budget 14397s
c hydra_satsuma: satsuma-iter+kissat time 8377s / budget 14397s
c hydra_satsuma: satsuma-iter+kissat time 8382s / budget 14397s
c hydra_satsuma: satsuma-iter+kissat time 8387s / budget 14397s
c hydra_satsuma: satsuma-iter+kissat time 8392s / budget 14397s
c hydra_satsuma: satsuma-iter+kissat time 8397s / budget 14397s
c hydra_satsuma: satsuma-iter+kissat time 8402s / budget 14397s
c hydra_satsuma: satsuma-iter+kissat time 8407s / budget 14397s
c hydra_satsuma: satsuma-iter+kissat time 8412s / budget 14397s
c hydra_satsuma: satsuma-iter+kissat time 8417s / budget 14397s
c hydra_satsuma: satsuma-iter+kissat time 8422s / budget 14397s
c hydra_satsuma: satsuma-iter+kissat time 8428s / budget 14397s
c hydra_satsuma: satsuma-iter+kissat time 8433s / budget 14397s
c hydra_satsuma: satsuma-iter+kissat time 8438s / budget 14397s
c hydra_satsuma: satsuma-iter+kissat time 8443s / budget 14397s
c hydra_satsuma: satsuma-iter+kissat time 8448s / budget 14397s
c hydra_satsuma: satsuma-iter+kissat time 8453s / budget 14397s
c hydra_satsuma: satsuma-iter+kissat time 8458s / budget 14397s
c hydra_satsuma: satsuma-iter+kissat time 8463s / budget 14397s
c hydra_satsuma: satsuma-iter+kissat time 8468s / budget 14397s
c hydra_satsuma: satsuma-iter+kissat time 8473s / budget 14397s
c hydra_satsuma: satsuma-iter+kissat time 8478s / budget 14397s
c hydra_satsuma: satsuma-iter+kissat time 8483s / budget 14397s
c hydra_satsuma: satsuma-iter+kissat time 8488s / budget 14397s
c hydra_satsuma: satsuma-iter+kissat time 8494s / budget 14397s
c hydra_satsuma: satsuma-iter+kissat time 8499s / budget 14397s
c hydra_satsuma: satsuma-iter+kissat time 8504s / budget 14397s
c hydra_satsuma: satsuma-iter+kissat time 8509s / budget 14397s
c hydra_satsuma: satsuma-iter+kissat time 8514s / budget 14397s
c hydra_satsuma: satsuma-iter+kissat time 8519s / budget 14397s
c hydra_satsuma: satsuma-iter+kissat time 8524s / budget 14397s
c hydra_satsuma: satsuma-iter+kissat time 8529s / budget 14397s
c hydra_satsuma: satsuma-iter+kissat time 8534s / budget 14397s
c hydra_satsuma: satsuma-iter+kissat time 8539s / budget 14397s
c hydra_satsuma: satsuma-iter+kissat time 8544s / budget 14397s
c hydra_satsuma: satsuma-iter+kissat time 8549s / budget 14397s
c hydra_satsuma: satsuma-iter+kissat time 8555s / budget 14397s
c hydra_satsuma: satsuma-iter+kissat time 8560s / budget 14397s
c hydra_satsuma: satsuma-iter+kissat time 8565s / budget 14397s
c hydra_satsuma: satsuma-iter+kissat time 8570s / budget 14397s
c hydra_satsuma: satsuma-iter+kissat time 8575s / budget 14397s
c hydra_satsuma: satsuma-iter+kissat time 8580s / budget 14397s
c hydra_satsuma: satsuma-iter+kissat time 8585s / budget 14397s
c hydra_satsuma: satsuma-iter+kissat time 8590s / budget 14397s
c hydra_satsuma: satsuma-iter+kissat time 8595s / budget 14397s
c hydra_satsuma: satsuma-iter+kissat time 8600s / budget 14397s
c hydra_satsuma: satsuma-iter+kissat time 8605s / budget 14397s
c hydra_satsuma: satsuma-iter+kissat time 8610s / budget 14397s
c hydra_satsuma: satsuma-iter+kissat time 8616s / budget 14397s
c hydra_satsuma: satsuma-iter+kissat time 8621s / budget 14397s
c hydra_satsuma: satsuma-iter+kissat time 8626s / budget 14397s
c hydra_satsuma: satsuma-iter+kissat time 8631s / budget 14397s
c hydra_satsuma: satsuma-iter+kissat time 8636s / budget 14397s
c hydra_satsuma: satsuma-iter+kissat time 8641s / budget 14397s
c hydra_satsuma: satsuma-iter+kissat time 8646s / budget 14397s
c hydra_satsuma: satsuma-iter+kissat time 8651s / budget 14397s
c hydra_satsuma: satsuma-iter+kissat time 8656s / budget 14397s
c hydra_satsuma: satsuma-iter+kissat time 8661s / budget 14397s
c hydra_satsuma: satsuma-iter+kissat time 8666s / budget 14397s
c hydra_satsuma: satsuma-iter+kissat time 8671s / budget 14397s
c hydra_satsuma: satsuma-iter+kissat time 8676s / budget 14397s
c hydra_satsuma: satsuma-iter+kissat time 8682s / budget 14397s
c hydra_satsuma: satsuma-iter+kissat time 8687s / budget 14397s
c hydra_satsuma: satsuma-iter+kissat time 8692s / budget 14397s
c hydra_satsuma: satsuma-iter+kissat time 8697s / budget 14397s
c hydra_satsuma: satsuma-iter+kissat time 8702s / budget 14397s
c hydra_satsuma: satsuma-iter+kissat time 8707s / budget 14397s
c hydra_satsuma: satsuma-iter+kissat time 8712s / budget 14397s
c hydra_satsuma: satsuma-iter+kissat time 8717s / budget 14397s
c hydra_satsuma: satsuma-iter+kissat time 8722s / budget 14397s
c hydra_satsuma: satsuma-iter+kissat time 8727s / budget 14397s
c hydra_satsuma: satsuma-iter+kissat time 8732s / budget 14397s
c hydra_satsuma: satsuma-iter+kissat time 8737s / budget 14397s
c hydra_satsuma: satsuma-iter+kissat time 8743s / budget 14397s
c hydra_satsuma: satsuma-iter+kissat time 8748s / budget 14397s
c hydra_satsuma: satsuma-iter+kissat time 8753s / budget 14397s
c hydra_satsuma: satsuma-iter+kissat time 8758s / budget 14397s
c hydra_satsuma: satsuma-iter+kissat time 8763s / budget 14397s
c hydra_satsuma: satsuma-iter+kissat time 8768s / budget 14397s
c hydra_satsuma: satsuma-iter+kissat time 8773s / budget 14397s
c hydra_satsuma: satsuma-iter+kissat time 8778s / budget 14397s
c hydra_satsuma: satsuma-iter+kissat time 8783s / budget 14397s
c hydra_satsuma: satsuma-iter+kissat time 8788s / budget 14397s
c hydra_satsuma: satsuma-iter+kissat time 8793s / budget 14397s
c hydra_satsuma: satsuma-iter+kissat time 8798s / budget 14397s
c hydra_satsuma: satsuma-iter+kissat time 8804s / budget 14397s
c hydra_satsuma: satsuma-iter+kissat time 8809s / budget 14397s
c hydra_satsuma: satsuma-iter+kissat time 8814s / budget 14397s
c hydra_satsuma: satsuma-iter+kissat time 8819s / budget 14397s
c hydra_satsuma: satsuma-iter+kissat time 8824s / budget 14397s
c hydra_satsuma: satsuma-iter+kissat time 8829s / budget 14397s
c hydra_satsuma: satsuma-iter+kissat time 8834s / budget 14397s
c hydra_satsuma: satsuma-iter+kissat time 8839s / budget 14397s
c hydra_satsuma: satsuma-iter+kissat time 8844s / budget 14397s
c hydra_satsuma: satsuma-iter+kissat time 8849s / budget 14397s
c hydra_satsuma: satsuma-iter+kissat time 8854s / budget 14397s
c hydra_satsuma: satsuma-iter+kissat time 8859s / budget 14397s
c hydra_satsuma: satsuma-iter+kissat time 8865s / budget 14397s
c hydra_satsuma: satsuma-iter+kissat time 8870s / budget 14397s
c hydra_satsuma: satsuma-iter+kissat time 8875s / budget 14397s
c hydra_satsuma: satsuma-iter+kissat time 8880s / budget 14397s
c hydra_satsuma: satsuma-iter+kissat time 8885s / budget 14397s
c hydra_satsuma: satsuma-iter+kissat time 8890s / budget 14397s
c hydra_satsuma: satsuma-iter+kissat time 8895s / budget 14397s
c hydra_satsuma: satsuma-iter+kissat time 8900s / budget 14397s
c hydra_satsuma: satsuma-iter+kissat time 8905s / budget 14397s
c hydra_satsuma: satsuma-iter+kissat time 8910s / budget 14397s
c hydra_satsuma: satsuma-iter+kissat time 8915s / budget 14397s
c hydra_satsuma: satsuma-iter+kissat time 8920s / budget 14397s
c hydra_satsuma: satsuma-iter+kissat time 8926s / budget 14397s
c hydra_satsuma: satsuma-iter+kissat time 8931s / budget 14397s
c hydra_satsuma: satsuma-iter+kissat time 8936s / budget 14397s
c hydra_satsuma: satsuma-iter+kissat time 8941s / budget 14397s
c hydra_satsuma: satsuma-iter+kissat time 8946s / budget 14397s
c hydra_satsuma: satsuma-iter+kissat time 8951s / budget 14397s
c hydra_satsuma: satsuma-iter+kissat time 8956s / budget 14397s
c hydra_satsuma: satsuma-iter+kissat time 8961s / budget 14397s
c hydra_satsuma: satsuma-iter+kissat time 8966s / budget 14397s
c hydra_satsuma: satsuma-iter+kissat time 8971s / budget 14397s
c hydra_satsuma: satsuma-iter+kissat time 8976s / budget 14397s
c hydra_satsuma: satsuma-iter+kissat time 8981s / budget 14397s
c hydra_satsuma: satsuma-iter+kissat time 8986s / budget 14397s
c hydra_satsuma: satsuma-iter+kissat time 8991s / budget 14397s
c hydra_satsuma: satsuma-iter+kissat time 8996s / budget 14397s
c hydra_satsuma: satsuma-iter+kissat time 9001s / budget 14397s
c hydra_satsuma: satsuma-iter+kissat time 9007s / budget 14397s
c hydra_satsuma: satsuma-iter+kissat time 9012s / budget 14397s
c hydra_satsuma: satsuma-iter+kissat time 9017s / budget 14397s
c hydra_satsuma: satsuma-iter+kissat time 9022s / budget 14397s
c hydra_satsuma: satsuma-iter+kissat time 9027s / budget 14397s
c hydra_satsuma: satsuma-iter+kissat time 9032s / budget 14397s
c hydra_satsuma: satsuma-iter+kissat time 9037s / budget 14397s
c hydra_satsuma: satsuma-iter+kissat time 9042s / budget 14397s
c hydra_satsuma: satsuma-iter+kissat time 9047s / budget 14397s
c hydra_satsuma: satsuma-iter+kissat time 9052s / budget 14397s
c hydra_satsuma: satsuma-iter+kissat time 9057s / budget 14397s
c hydra_satsuma: satsuma-iter+kissat time 9062s / budget 14397s
c hydra_satsuma: satsuma-iter+kissat time 9067s / budget 14397s
c hydra_satsuma: satsuma-iter+kissat time 9072s / budget 14397s
c hydra_satsuma: satsuma-iter+kissat time 9077s / budget 14397s
c hydra_satsuma: satsuma-iter+kissat time 9082s / budget 14397s
c hydra_satsuma: satsuma-iter+kissat time 9087s / budget 14397s
c hydra_satsuma: satsuma-iter+kissat time 9093s / budget 14397s
c hydra_satsuma: satsuma-iter+kissat time 9098s / budget 14397s
c hydra_satsuma: satsuma-iter+kissat time 9103s / budget 14397s
c hydra_satsuma: satsuma-iter+kissat time 9108s / budget 14397s
c hydra_satsuma: satsuma-iter+kissat time 9113s / budget 14397s
c hydra_satsuma: satsuma-iter+kissat time 9118s / budget 14397s
c hydra_satsuma: satsuma-iter+kissat time 9123s / budget 14397s
c hydra_satsuma: satsuma-iter+kissat time 9128s / budget 14397s
c hydra_satsuma: satsuma-iter+kissat time 9133s / budget 14397s
c hydra_satsuma: satsuma-iter+kissat time 9138s / budget 14397s
c hydra_satsuma: satsuma-iter+kissat time 9143s / budget 14397s
c hydra_satsuma: satsuma-iter+kissat time 9148s / budget 14397s
c hydra_satsuma: satsuma-iter+kissat time 9153s / budget 14397s
c hydra_satsuma: satsuma-iter+kissat time 9158s / budget 14397s
c hydra_satsuma: satsuma-iter+kissat time 9163s / budget 14397s
c hydra_satsuma: satsuma-iter+kissat time 9168s / budget 14397s
c hydra_satsuma: satsuma-iter+kissat time 9173s / budget 14397s
c hydra_satsuma: satsuma-iter+kissat time 9178s / budget 14397s
c hydra_satsuma: satsuma-iter+kissat time 9184s / budget 14397s
c hydra_satsuma: satsuma-iter+kissat time 9189s / budget 14397s
c hydra_satsuma: satsuma-iter+kissat time 9194s / budget 14397s
c hydra_satsuma: satsuma-iter+kissat time 9199s / budget 14397s
c hydra_satsuma: satsuma-iter+kissat time 9204s / budget 14397s
c hydra_satsuma: satsuma-iter+kissat time 9209s / budget 14397s
c hydra_satsuma: satsuma-iter+kissat time 9214s / budget 14397s
c hydra_satsuma: satsuma-iter+kissat time 9219s / budget 14397s
c hydra_satsuma: satsuma-iter+kissat time 9224s / budget 14397s
c hydra_satsuma: satsuma-iter+kissat time 9229s / budget 14397s
c hydra_satsuma: satsuma-iter+kissat time 9234s / budget 14397s
c hydra_satsuma: satsuma-iter+kissat time 9239s / budget 14397s
c hydra_satsuma: satsuma-iter+kissat time 9244s / budget 14397s
c hydra_satsuma: satsuma-iter+kissat time 9249s / budget 14397s
c hydra_satsuma: satsuma-iter+kissat time 9254s / budget 14397s
c hydra_satsuma: satsuma-iter+kissat time 9259s / budget 14397s
c hydra_satsuma: satsuma-iter+kissat time 9265s / budget 14397s
c hydra_satsuma: satsuma-iter+kissat time 9270s / budget 14397s
c hydra_satsuma: satsuma-iter+kissat time 9275s / budget 14397s
c hydra_satsuma: satsuma-iter+kissat time 9280s / budget 14397s
c hydra_satsuma: satsuma-iter+kissat time 9285s / budget 14397s
c hydra_satsuma: satsuma-iter+kissat time 9290s / budget 14397s
c hydra_satsuma: satsuma-iter+kissat time 9295s / budget 14397s
c hydra_satsuma: satsuma-iter+kissat time 9300s / budget 14397s
c hydra_satsuma: satsuma-iter+kissat time 9305s / budget 14397s
c hydra_satsuma: satsuma-iter+kissat time 9310s / budget 14397s
c hydra_satsuma: satsuma-iter+kissat time 9315s / budget 14397s
c hydra_satsuma: satsuma-iter+kissat time 9320s / budget 14397s
c hydra_satsuma: satsuma-iter+kissat time 9325s / budget 14397s
c hydra_satsuma: satsuma-iter+kissat time 9330s / budget 14397s
c hydra_satsuma: satsuma-iter+kissat time 9335s / budget 14397s
c hydra_satsuma: satsuma-iter+kissat time 9340s / budget 14397s
c hydra_satsuma: satsuma-iter+kissat time 9345s / budget 14397s
c hydra_satsuma: satsuma-iter+kissat time 9351s / budget 14397s
c hydra_satsuma: satsuma-iter+kissat time 9356s / budget 14397s
c hydra_satsuma: satsuma-iter+kissat time 9361s / budget 14397s
c hydra_satsuma: satsuma-iter+kissat time 9366s / budget 14397s
c hydra_satsuma: satsuma-iter+kissat time 9371s / budget 14397s
c hydra_satsuma: satsuma-iter+kissat time 9376s / budget 14397s
c hydra_satsuma: satsuma-iter+kissat time 9381s / budget 14397s
c hydra_satsuma: satsuma-iter+kissat time 9386s / budget 14397s
c hydra_satsuma: satsuma-iter+kissat time 9391s / budget 14397s
c hydra_satsuma: satsuma-iter+kissat time 9396s / budget 14397s
c hydra_satsuma: satsuma-iter+kissat time 9401s / budget 14397s
c hydra_satsuma: satsuma-iter+kissat time 9406s / budget 14397s
c hydra_satsuma: satsuma-iter+kissat time 9411s / budget 14397s
c hydra_satsuma: satsuma-iter+kissat time 9416s / budget 14397s
c hydra_satsuma: satsuma-iter+kissat time 9421s / budget 14397s
c hydra_satsuma: satsuma-iter+kissat time 9426s / budget 14397s
c hydra_satsuma: satsuma-iter+kissat time 9431s / budget 14397s
c hydra_satsuma: satsuma-iter+kissat time 9437s / budget 14397s
c hydra_satsuma: satsuma-iter+kissat time 9442s / budget 14397s
c hydra_satsuma: satsuma-iter+kissat time 9447s / budget 14397s
c hydra_satsuma: satsuma-iter+kissat time 9452s / budget 14397s
c hydra_satsuma: satsuma-iter+kissat time 9457s / budget 14397s
c hydra_satsuma: satsuma-iter+kissat time 9462s / budget 14397s
c hydra_satsuma: satsuma-iter+kissat time 9467s / budget 14397s
c hydra_satsuma: satsuma-iter+kissat time 9472s / budget 14397s
c hydra_satsuma: satsuma-iter+kissat time 9477s / budget 14397s
c hydra_satsuma: satsuma-iter+kissat time 9482s / budget 14397s
c hydra_satsuma: satsuma-iter+kissat time 9487s / budget 14397s
c hydra_satsuma: satsuma-iter+kissat time 9492s / budget 14397s
c hydra_satsuma: satsuma-iter+kissat time 9497s / budget 14397s
c hydra_satsuma: satsuma-iter+kissat time 9502s / budget 14397s
c hydra_satsuma: satsuma-iter+kissat time 9507s / budget 14397s
c hydra_satsuma: satsuma-iter+kissat time 9512s / budget 14397s
c hydra_satsuma: satsuma-iter+kissat time 9518s / budget 14397s
c hydra_satsuma: satsuma-iter+kissat time 9523s / budget 14397s
c hydra_satsuma: satsuma-iter+kissat time 9528s / budget 14397s
c hydra_satsuma: satsuma-iter+kissat time 9533s / budget 14397s
c hydra_satsuma: satsuma-iter+kissat time 9538s / budget 14397s
c hydra_satsuma: satsuma-iter+kissat time 9543s / budget 14397s
c hydra_satsuma: satsuma-iter+kissat time 9548s / budget 14397s
c hydra_satsuma: satsuma-iter+kissat time 9553s / budget 14397s
c hydra_satsuma: satsuma-iter+kissat time 9558s / budget 14397s
c hydra_satsuma: satsuma-iter+kissat time 9563s / budget 14397s
c hydra_satsuma: satsuma-iter+kissat time 9568s / budget 14397s
c hydra_satsuma: satsuma-iter+kissat time 9573s / budget 14397s
c hydra_satsuma: satsuma-iter+kissat time 9578s / budget 14397s
c hydra_satsuma: satsuma-iter+kissat time 9583s / budget 14397s
c hydra_satsuma: satsuma-iter+kissat time 9588s / budget 14397s
c hydra_satsuma: satsuma-iter+kissat time 9593s / budget 14397s
c hydra_satsuma: satsuma-iter+kissat time 9598s / budget 14397s
c hydra_satsuma: satsuma-iter+kissat time 9604s / budget 14397s
c hydra_satsuma: satsuma-iter+kissat time 9609s / budget 14397s
c hydra_satsuma: satsuma-iter+kissat time 9614s / budget 14397s
c hydra_satsuma: satsuma-iter+kissat time 9619s / budget 14397s
c hydra_satsuma: satsuma-iter+kissat time 9624s / budget 14397s
c hydra_satsuma: satsuma-iter+kissat time 9629s / budget 14397s
c hydra_satsuma: satsuma-iter+kissat time 9634s / budget 14397s
c hydra_satsuma: satsuma-iter+kissat time 9639s / budget 14397s
c hydra_satsuma: satsuma-iter+kissat time 9644s / budget 14397s
c hydra_satsuma: satsuma-iter+kissat time 9649s / budget 14397s
c hydra_satsuma: satsuma-iter+kissat time 9654s / budget 14397s
c hydra_satsuma: satsuma-iter+kissat time 9659s / budget 14397s
c hydra_satsuma: satsuma-iter+kissat time 9664s / budget 14397s
c hydra_satsuma: satsuma-iter+kissat time 9669s / budget 14397s
c hydra_satsuma: satsuma-iter+kissat time 9674s / budget 14397s
c hydra_satsuma: satsuma-iter+kissat time 9680s / budget 14397s
c hydra_satsuma: satsuma-iter+kissat time 9685s / budget 14397s
c hydra_satsuma: satsuma-iter+kissat time 9690s / budget 14397s
c hydra_satsuma: satsuma-iter+kissat time 9695s / budget 14397s
c hydra_satsuma: satsuma-iter+kissat time 9700s / budget 14397s
c hydra_satsuma: satsuma-iter+kissat time 9705s / budget 14397s
c hydra_satsuma: satsuma-iter+kissat time 9710s / budget 14397s
c hydra_satsuma: satsuma-iter+kissat time 9715s / budget 14397s
c hydra_satsuma: satsuma-iter+kissat time 9720s / budget 14397s
c hydra_satsuma: satsuma-iter+kissat time 9725s / budget 14397s
c hydra_satsuma: satsuma-iter+kissat time 9730s / budget 14397s
c hydra_satsuma: satsuma-iter+kissat time 9735s / budget 14397s
c hydra_satsuma: satsuma-iter+kissat time 9740s / budget 14397s
c hydra_satsuma: satsuma-iter+kissat time 9745s / budget 14397s
c hydra_satsuma: satsuma-iter+kissat time 9750s / budget 14397s
c hydra_satsuma: satsuma-iter+kissat time 9755s / budget 14397s
c hydra_satsuma: satsuma-iter+kissat time 9761s / budget 14397s
c hydra_satsuma: satsuma-iter+kissat time 9766s / budget 14397s
c hydra_satsuma: satsuma-iter+kissat time 9771s / budget 14397s
c hydra_satsuma: satsuma-iter+kissat time 9776s / budget 14397s
c hydra_satsuma: satsuma-iter+kissat time 9781s / budget 14397s
c hydra_satsuma: satsuma-iter+kissat time 9786s / budget 14397s
c hydra_satsuma: satsuma-iter+kissat time 9791s / budget 14397s
c hydra_satsuma: satsuma-iter+kissat time 9796s / budget 14397s
c hydra_satsuma: satsuma-iter+kissat time 9801s / budget 14397s
c hydra_satsuma: satsuma-iter+kissat time 9806s / budget 14397s
c hydra_satsuma: satsuma-iter+kissat time 9811s / budget 14397s
c hydra_satsuma: satsuma-iter+kissat time 9816s / budget 14397s
c hydra_satsuma: satsuma-iter+kissat time 9821s / budget 14397s
c hydra_satsuma: satsuma-iter+kissat time 9826s / budget 14397s
c hydra_satsuma: satsuma-iter+kissat time 9831s / budget 14397s
c hydra_satsuma: satsuma-iter+kissat time 9836s / budget 14397s
c hydra_satsuma: satsuma-iter+kissat time 9841s / budget 14397s
c hydra_satsuma: satsuma-iter+kissat time 9847s / budget 14397s
c hydra_satsuma: satsuma-iter+kissat time 9852s / budget 14397s
c hydra_satsuma: satsuma-iter+kissat time 9857s / budget 14397s
c hydra_satsuma: satsuma-iter+kissat time 9862s / budget 14397s
c hydra_satsuma: satsuma-iter+kissat time 9867s / budget 14397s
c hydra_satsuma: satsuma-iter+kissat time 9872s / budget 14397s
c hydra_satsuma: satsuma-iter+kissat time 9877s / budget 14397s
c hydra_satsuma: satsuma-iter+kissat time 9882s / budget 14397s
c hydra_satsuma: satsuma-iter+kissat time 9887s / budget 14397s
c hydra_satsuma: satsuma-iter+kissat time 9892s / budget 14397s
c hydra_satsuma: satsuma-iter+kissat time 9897s / budget 14397s
c hydra_satsuma: satsuma-iter+kissat time 9902s / budget 14397s
c hydra_satsuma: satsuma-iter+kissat time 9907s / budget 14397s
c hydra_satsuma: satsuma-iter+kissat time 9912s / budget 14397s
c hydra_satsuma: satsuma-iter+kissat time 9917s / budget 14397s
c hydra_satsuma: satsuma-iter+kissat time 9923s / budget 14397s
c hydra_satsuma: satsuma-iter+kissat time 9928s / budget 14397s
c hydra_satsuma: satsuma-iter+kissat time 9933s / budget 14397s
c hydra_satsuma: satsuma-iter+kissat time 9938s / budget 14397s
c hydra_satsuma: satsuma-iter+kissat time 9943s / budget 14397s
c hydra_satsuma: satsuma-iter+kissat time 9948s / budget 14397s
c hydra_satsuma: satsuma-iter+kissat time 9953s / budget 14397s
c hydra_satsuma: satsuma-iter+kissat time 9958s / budget 14397s
c hydra_satsuma: satsuma-iter+kissat time 9963s / budget 14397s
c hydra_satsuma: satsuma-iter+kissat time 9968s / budget 14397s
c hydra_satsuma: satsuma-iter+kissat time 9973s / budget 14397s
c hydra_satsuma: satsuma-iter+kissat time 9978s / budget 14397s
c hydra_satsuma: satsuma-iter+kissat time 9983s / budget 14397s
c hydra_satsuma: satsuma-iter+kissat time 9988s / budget 14397s
c hydra_satsuma: satsuma-iter+kissat time 9993s / budget 14397s
c hydra_satsuma: satsuma-iter+kissat time 9998s / budget 14397s
c hydra_satsuma: satsuma-iter+kissat time 10003s / budget 14397s
c hydra_satsuma: satsuma-iter+kissat time 10009s / budget 14397s
c hydra_satsuma: satsuma-iter+kissat time 10014s / budget 14397s
c hydra_satsuma: satsuma-iter+kissat time 10019s / budget 14397s
c hydra_satsuma: satsuma-iter+kissat time 10024s / budget 14397s
c hydra_satsuma: satsuma-iter+kissat time 10029s / budget 14397s
c hydra_satsuma: satsuma-iter+kissat time 10034s / budget 14397s
c hydra_satsuma: satsuma-iter+kissat time 10039s / budget 14397s
c hydra_satsuma: satsuma-iter+kissat time 10044s / budget 14397s
c hydra_satsuma: satsuma-iter+kissat time 10049s / budget 14397s
c hydra_satsuma: satsuma-iter+kissat time 10054s / budget 14397s
c hydra_satsuma: satsuma-iter+kissat time 10059s / budget 14397s
c hydra_satsuma: satsuma-iter+kissat time 10064s / budget 14397s
c hydra_satsuma: satsuma-iter+kissat time 10069s / budget 14397s
c hydra_satsuma: satsuma-iter+kissat time 10074s / budget 14397s
c hydra_satsuma: satsuma-iter+kissat time 10079s / budget 14397s
c hydra_satsuma: satsuma-iter+kissat time 10084s / budget 14397s
c hydra_satsuma: satsuma-iter+kissat time 10090s / budget 14397s
c hydra_satsuma: satsuma-iter+kissat time 10095s / budget 14397s
c hydra_satsuma: satsuma-iter+kissat time 10100s / budget 14397s
c hydra_satsuma: satsuma-iter+kissat time 10105s / budget 14397s
c hydra_satsuma: satsuma-iter+kissat time 10110s / budget 14397s
c hydra_satsuma: satsuma-iter+kissat time 10115s / budget 14397s
c hydra_satsuma: satsuma-iter+kissat time 10120s / budget 14397s
c hydra_satsuma: satsuma-iter+kissat time 10125s / budget 14397s
c hydra_satsuma: satsuma-iter+kissat time 10130s / budget 14397s
c hydra_satsuma: satsuma-iter+kissat time 10135s / budget 14397s
c hydra_satsuma: satsuma-iter+kissat time 10140s / budget 14397s
c hydra_satsuma: satsuma-iter+kissat time 10145s / budget 14397s
c hydra_satsuma: satsuma-iter+kissat time 10150s / budget 14397s
c hydra_satsuma: satsuma-iter+kissat time 10155s / budget 14397s
c hydra_satsuma: satsuma-iter+kissat time 10160s / budget 14397s
c hydra_satsuma: satsuma-iter+kissat time 10165s / budget 14397s
c hydra_satsuma: satsuma-iter+kissat time 10170s / budget 14397s
c hydra_satsuma: satsuma-iter+kissat time 10176s / budget 14397s
c hydra_satsuma: satsuma-iter+kissat time 10181s / budget 14397s
c hydra_satsuma: satsuma-iter+kissat time 10186s / budget 14397s
c hydra_satsuma: satsuma-iter+kissat time 10191s / budget 14397s
c hydra_satsuma: satsuma-iter+kissat time 10196s / budget 14397s
c hydra_satsuma: satsuma-iter+kissat time 10201s / budget 14397s
c hydra_satsuma: satsuma-iter+kissat time 10206s / budget 14397s
c hydra_satsuma: satsuma-iter+kissat time 10211s / budget 14397s
c hydra_satsuma: satsuma-iter+kissat time 10216s / budget 14397s
c hydra_satsuma: satsuma-iter+kissat time 10221s / budget 14397s
c hydra_satsuma: satsuma-iter+kissat time 10226s / budget 14397s
c hydra_satsuma: satsuma-iter+kissat time 10231s / budget 14397s
c hydra_satsuma: satsuma-iter+kissat time 10236s / budget 14397s
c hydra_satsuma: satsuma-iter+kissat time 10241s / budget 14397s
c hydra_satsuma: satsuma-iter+kissat time 10246s / budget 14397s
c hydra_satsuma: satsuma-iter+kissat time 10252s / budget 14397s
c hydra_satsuma: satsuma-iter+kissat time 10257s / budget 14397s
c hydra_satsuma: satsuma-iter+kissat time 10262s / budget 14397s
c hydra_satsuma: satsuma-iter+kissat time 10267s / budget 14397s
c hydra_satsuma: satsuma-iter+kissat time 10272s / budget 14397s
c hydra_satsuma: satsuma-iter+kissat time 10277s / budget 14397s
c hydra_satsuma: satsuma-iter+kissat time 10282s / budget 14397s
c hydra_satsuma: satsuma-iter+kissat time 10287s / budget 14397s
c hydra_satsuma: satsuma-iter+kissat time 10292s / budget 14397s
c hydra_satsuma: satsuma-iter+kissat time 10297s / budget 14397s
c hydra_satsuma: satsuma-iter+kissat time 10302s / budget 14397s
c hydra_satsuma: satsuma-iter+kissat time 10307s / budget 14397s
c hydra_satsuma: satsuma-iter+kissat time 10312s / budget 14397s
c hydra_satsuma: satsuma-iter+kissat time 10317s / budget 14397s
c hydra_satsuma: satsuma-iter+kissat time 10322s / budget 14397s
c hydra_satsuma: satsuma-iter+kissat time 10327s / budget 14397s
c hydra_satsuma: satsuma-iter+kissat time 10333s / budget 14397s
c hydra_satsuma: satsuma-iter+kissat time 10338s / budget 14397s
c hydra_satsuma: satsuma-iter+kissat time 10343s / budget 14397s
c hydra_satsuma: satsuma-iter+kissat time 10348s / budget 14397s
c hydra_satsuma: satsuma-iter+kissat time 10353s / budget 14397s
c hydra_satsuma: satsuma-iter+kissat time 10358s / budget 14397s
c hydra_satsuma: satsuma-iter+kissat time 10363s / budget 14397s
c hydra_satsuma: satsuma-iter+kissat time 10368s / budget 14397s
c hydra_satsuma: satsuma-iter+kissat time 10373s / budget 14397s
c hydra_satsuma: satsuma-iter+kissat time 10378s / budget 14397s
c hydra_satsuma: satsuma-iter+kissat time 10383s / budget 14397s
c hydra_satsuma: satsuma-iter+kissat time 10388s / budget 14397s
c hydra_satsuma: satsuma-iter+kissat time 10393s / budget 14397s
c hydra_satsuma: satsuma-iter+kissat time 10398s / budget 14397s
c hydra_satsuma: satsuma-iter+kissat time 10403s / budget 14397s
c hydra_satsuma: satsuma-iter+kissat time 10408s / budget 14397s
c hydra_satsuma: satsuma-iter+kissat time 10414s / budget 14397s
c hydra_satsuma: satsuma-iter+kissat time 10419s / budget 14397s
c hydra_satsuma: satsuma-iter+kissat time 10424s / budget 14397s
c hydra_satsuma: satsuma-iter+kissat time 10429s / budget 14397s
c hydra_satsuma: satsuma-iter+kissat time 10434s / budget 14397s
c hydra_satsuma: satsuma-iter+kissat time 10439s / budget 14397s
c hydra_satsuma: satsuma-iter+kissat time 10444s / budget 14397s
c hydra_satsuma: satsuma-iter+kissat time 10449s / budget 14397s
c hydra_satsuma: satsuma-iter+kissat time 10454s / budget 14397s
c hydra_satsuma: satsuma-iter+kissat time 10459s / budget 14397s
c hydra_satsuma: satsuma-iter+kissat time 10464s / budget 14397s
c hydra_satsuma: satsuma-iter+kissat time 10469s / budget 14397s
c hydra_satsuma: satsuma-iter+kissat time 10474s / budget 14397s
c hydra_satsuma: satsuma-iter+kissat time 10479s / budget 14397s
c hydra_satsuma: satsuma-iter+kissat time 10484s / budget 14397s
c hydra_satsuma: satsuma-iter+kissat time 10489s / budget 14397s
c hydra_satsuma: satsuma-iter+kissat time 10495s / budget 14397s
c hydra_satsuma: satsuma-iter+kissat time 10500s / budget 14397s
c hydra_satsuma: satsuma-iter+kissat time 10505s / budget 14397s
c hydra_satsuma: satsuma-iter+kissat time 10510s / budget 14397s
c hydra_satsuma: satsuma-iter+kissat time 10515s / budget 14397s
c hydra_satsuma: satsuma-iter+kissat time 10520s / budget 14397s
c hydra_satsuma: satsuma-iter+kissat time 10525s / budget 14397s
c hydra_satsuma: satsuma-iter+kissat time 10530s / budget 14397s
c hydra_satsuma: satsuma-iter+kissat time 10535s / budget 14397s
c hydra_satsuma: satsuma-iter+kissat time 10540s / budget 14397s
c hydra_satsuma: satsuma-iter+kissat time 10545s / budget 14397s
c hydra_satsuma: satsuma-iter+kissat time 10550s / budget 14397s
c hydra_satsuma: satsuma-iter+kissat time 10555s / budget 14397s
c hydra_satsuma: satsuma-iter+kissat time 10560s / budget 14397s
c hydra_satsuma: satsuma-iter+kissat time 10565s / budget 14397s
c hydra_satsuma: satsuma-iter+kissat time 10570s / budget 14397s
c hydra_satsuma: satsuma-iter+kissat time 10576s / budget 14397s
c hydra_satsuma: satsuma-iter+kissat time 10581s / budget 14397s
c hydra_satsuma: satsuma-iter+kissat time 10586s / budget 14397s
c hydra_satsuma: satsuma-iter+kissat time 10591s / budget 14397s
c hydra_satsuma: satsuma-iter+kissat time 10596s / budget 14397s
c hydra_satsuma: satsuma-iter+kissat time 10601s / budget 14397s
c hydra_satsuma: satsuma-iter+kissat time 10606s / budget 14397s
c hydra_satsuma: satsuma-iter+kissat time 10611s / budget 14397s
c hydra_satsuma: satsuma-iter+kissat time 10616s / budget 14397s
c hydra_satsuma: satsuma-iter+kissat time 10621s / budget 14397s
c hydra_satsuma: satsuma-iter+kissat time 10626s / budget 14397s
c hydra_satsuma: satsuma-iter+kissat time 10631s / budget 14397s
c hydra_satsuma: satsuma-iter+kissat time 10636s / budget 14397s
c hydra_satsuma: satsuma-iter+kissat time 10641s / budget 14397s
c hydra_satsuma: satsuma-iter+kissat time 10646s / budget 14397s
c hydra_satsuma: satsuma-iter+kissat time 10652s / budget 14397s
c hydra_satsuma: satsuma-iter+kissat time 10657s / budget 14397s
c hydra_satsuma: satsuma-iter+kissat time 10662s / budget 14397s
c hydra_satsuma: satsuma-iter+kissat time 10667s / budget 14397s
c hydra_satsuma: satsuma-iter+kissat time 10672s / budget 14397s
c hydra_satsuma: satsuma-iter+kissat time 10677s / budget 14397s
c hydra_satsuma: satsuma-iter+kissat time 10682s / budget 14397s
c hydra_satsuma: satsuma-iter+kissat time 10687s / budget 14397s
c hydra_satsuma: satsuma-iter+kissat time 10692s / budget 14397s
c hydra_satsuma: satsuma-iter+kissat time 10697s / budget 14397s
c hydra_satsuma: satsuma-iter+kissat time 10702s / budget 14397s
c hydra_satsuma: satsuma-iter+kissat time 10707s / budget 14397s
c hydra_satsuma: satsuma-iter+kissat time 10712s / budget 14397s
c hydra_satsuma: satsuma-iter+kissat time 10717s / budget 14397s
c hydra_satsuma: satsuma-iter+kissat time 10722s / budget 14397s
c hydra_satsuma: satsuma-iter+kissat time 10727s / budget 14397s
c hydra_satsuma: satsuma-iter+kissat time 10733s / budget 14397s
c hydra_satsuma: satsuma-iter+kissat time 10738s / budget 14397s
c hydra_satsuma: satsuma-iter+kissat time 10743s / budget 14397s
c hydra_satsuma: satsuma-iter+kissat time 10748s / budget 14397s
c hydra_satsuma: satsuma-iter+kissat time 10753s / budget 14397s
c hydra_satsuma: satsuma-iter+kissat time 10758s / budget 14397s
c hydra_satsuma: satsuma-iter+kissat time 10763s / budget 14397s
c hydra_satsuma: satsuma-iter+kissat time 10768s / budget 14397s
c hydra_satsuma: satsuma-iter+kissat time 10773s / budget 14397s
c hydra_satsuma: satsuma-iter+kissat time 10778s / budget 14397s
c hydra_satsuma: satsuma-iter+kissat time 10783s / budget 14397s
c hydra_satsuma: satsuma-iter+kissat time 10788s / budget 14397s
c hydra_satsuma: satsuma-iter+kissat time 10793s / budget 14397s
c hydra_satsuma: satsuma-iter+kissat time 10798s / budget 14397s
c hydra_satsuma: satsuma-iter+kissat time 10803s / budget 14397s
c hydra_satsuma: satsuma-iter+kissat time 10808s / budget 14397s
c hydra_satsuma: satsuma-iter+kissat time 10813s / budget 14397s
c hydra_satsuma: satsuma-iter+kissat time 10819s / budget 14397s
c hydra_satsuma: satsuma-iter+kissat time 10824s / budget 14397s
c hydra_satsuma: satsuma-iter+kissat time 10829s / budget 14397s
c hydra_satsuma: satsuma-iter+kissat time 10834s / budget 14397s
c hydra_satsuma: satsuma-iter+kissat time 10839s / budget 14397s
c hydra_satsuma: satsuma-iter+kissat time 10844s / budget 14397s
c hydra_satsuma: satsuma-iter+kissat time 10849s / budget 14397s
c hydra_satsuma: satsuma-iter+kissat time 10854s / budget 14397s
c hydra_satsuma: satsuma-iter+kissat time 10859s / budget 14397s
c hydra_satsuma: satsuma-iter+kissat time 10864s / budget 14397s
c hydra_satsuma: satsuma-iter+kissat time 10869s / budget 14397s
c hydra_satsuma: satsuma-iter+kissat time 10874s / budget 14397s
c hydra_satsuma: satsuma-iter+kissat time 10879s / budget 14397s
c hydra_satsuma: satsuma-iter+kissat time 10884s / budget 14397s
c hydra_satsuma: satsuma-iter+kissat time 10889s / budget 14397s
c hydra_satsuma: satsuma-iter+kissat time 10894s / budget 14397s
c hydra_satsuma: satsuma-iter+kissat time 10900s / budget 14397s
c hydra_satsuma: satsuma-iter+kissat time 10905s / budget 14397s
c hydra_satsuma: satsuma-iter+kissat time 10910s / budget 14397s
c hydra_satsuma: satsuma-iter+kissat time 10915s / budget 14397s
c hydra_satsuma: satsuma-iter+kissat time 10920s / budget 14397s
c hydra_satsuma: satsuma-iter+kissat time 10925s / budget 14397s
c hydra_satsuma: satsuma-iter+kissat time 10930s / budget 14397s
c hydra_satsuma: satsuma-iter+kissat time 10935s / budget 14397s
c hydra_satsuma: satsuma-iter+kissat time 10940s / budget 14397s
c hydra_satsuma: satsuma-iter+kissat time 10945s / budget 14397s
c hydra_satsuma: satsuma-iter+kissat time 10950s / budget 14397s
c hydra_satsuma: satsuma-iter+kissat time 10955s / budget 14397s
c hydra_satsuma: satsuma-iter+kissat time 10960s / budget 14397s
c hydra_satsuma: satsuma-iter+kissat time 10965s / budget 14397s
c hydra_satsuma: satsuma-iter+kissat time 10970s / budget 14397s
c hydra_satsuma: satsuma-iter+kissat time 10975s / budget 14397s
c hydra_satsuma: satsuma-iter+kissat time 10981s / budget 14397s
c hydra_satsuma: satsuma-iter+kissat time 10986s / budget 14397s
c hydra_satsuma: satsuma-iter+kissat time 10991s / budget 14397s
c hydra_satsuma: satsuma-iter+kissat time 10996s / budget 14397s
c hydra_satsuma: satsuma-iter+kissat time 11001s / budget 14397s
c hydra_satsuma: satsuma-iter+kissat time 11006s / budget 14397s
c hydra_satsuma: satsuma-iter+kissat time 11011s / budget 14397s
c hydra_satsuma: satsuma-iter+kissat time 11016s / budget 14397s
c hydra_satsuma: satsuma-iter+kissat time 11021s / budget 14397s
c hydra_satsuma: satsuma-iter+kissat time 11026s / budget 14397s
c hydra_satsuma: satsuma-iter+kissat time 11031s / budget 14397s
c hydra_satsuma: satsuma-iter+kissat time 11036s / budget 14397s
c hydra_satsuma: satsuma-iter+kissat time 11041s / budget 14397s
c hydra_satsuma: satsuma-iter+kissat time 11046s / budget 14397s
c hydra_satsuma: satsuma-iter+kissat time 11051s / budget 14397s
c hydra_satsuma: satsuma-iter+kissat time 11056s / budget 14397s
c hydra_satsuma: satsuma-iter+kissat time 11061s / budget 14397s
c hydra_satsuma: satsuma-iter+kissat time 11067s / budget 14397s
c hydra_satsuma: satsuma-iter+kissat time 11072s / budget 14397s
c hydra_satsuma: satsuma-iter+kissat time 11077s / budget 14397s
c hydra_satsuma: satsuma-iter+kissat time 11082s / budget 14397s
c hydra_satsuma: satsuma-iter+kissat time 11087s / budget 14397s
c hydra_satsuma: satsuma-iter+kissat time 11092s / budget 14397s
c hydra_satsuma: satsuma-iter+kissat time 11097s / budget 14397s
c hydra_satsuma: satsuma-iter+kissat time 11102s / budget 14397s
c hydra_satsuma: satsuma-iter+kissat time 11107s / budget 14397s
c hydra_satsuma: satsuma-iter+kissat time 11112s / budget 14397s
c hydra_satsuma: satsuma-iter+kissat time 11117s / budget 14397s
c hydra_satsuma: satsuma-iter+kissat time 11122s / budget 14397s
c hydra_satsuma: satsuma-iter+kissat time 11127s / budget 14397s
c hydra_satsuma: satsuma-iter+kissat time 11132s / budget 14397s
c hydra_satsuma: satsuma-iter+kissat time 11137s / budget 14397s
c hydra_satsuma: satsuma-iter+kissat time 11143s / budget 14397s
c hydra_satsuma: satsuma-iter+kissat time 11148s / budget 14397s
c hydra_satsuma: satsuma-iter+kissat time 11153s / budget 14397s
c hydra_satsuma: satsuma-iter+kissat time 11158s / budget 14397s
c hydra_satsuma: satsuma-iter+kissat time 11163s / budget 14397s
c hydra_satsuma: satsuma-iter+kissat time 11168s / budget 14397s
c hydra_satsuma: satsuma-iter+kissat time 11173s / budget 14397s
c hydra_satsuma: satsuma-iter+kissat time 11178s / budget 14397s
c hydra_satsuma: satsuma-iter+kissat time 11183s / budget 14397s
c hydra_satsuma: satsuma-iter+kissat time 11188s / budget 14397s
c hydra_satsuma: satsuma-iter+kissat time 11193s / budget 14397s
c hydra_satsuma: satsuma-iter+kissat time 11198s / budget 14397s
c hydra_satsuma: satsuma-iter+kissat time 11203s / budget 14397s
c hydra_satsuma: satsuma-iter+kissat time 11208s / budget 14397s
c hydra_satsuma: satsuma-iter+kissat time 11213s / budget 14397s
c hydra_satsuma: satsuma-iter+kissat time 11218s / budget 14397s
c hydra_satsuma: satsuma-iter+kissat time 11224s / budget 14397s
c hydra_satsuma: satsuma-iter+kissat time 11229s / budget 14397s
c hydra_satsuma: satsuma-iter+kissat time 11234s / budget 14397s
c hydra_satsuma: satsuma-iter+kissat time 11239s / budget 14397s
c hydra_satsuma: satsuma-iter+kissat time 11244s / budget 14397s
c hydra_satsuma: satsuma-iter+kissat time 11249s / budget 14397s
c hydra_satsuma: satsuma-iter+kissat time 11254s / budget 14397s
c hydra_satsuma: satsuma-iter+kissat time 11259s / budget 14397s
c hydra_satsuma: satsuma-iter+kissat time 11264s / budget 14397s
c hydra_satsuma: satsuma-iter+kissat time 11269s / budget 14397s
c hydra_satsuma: satsuma-iter+kissat time 11274s / budget 14397s
c hydra_satsuma: satsuma-iter+kissat time 11279s / budget 14397s
c hydra_satsuma: satsuma-iter+kissat time 11284s / budget 14397s
c hydra_satsuma: satsuma-iter+kissat time 11289s / budget 14397s
c hydra_satsuma: satsuma-iter+kissat time 11294s / budget 14397s
c hydra_satsuma: satsuma-iter+kissat time 11299s / budget 14397s
c hydra_satsuma: satsuma-iter+kissat time 11305s / budget 14397s
c hydra_satsuma: satsuma-iter+kissat time 11310s / budget 14397s
c hydra_satsuma: satsuma-iter+kissat time 11315s / budget 14397s
c hydra_satsuma: satsuma-iter+kissat time 11320s / budget 14397s
c hydra_satsuma: satsuma-iter+kissat time 11325s / budget 14397s
c hydra_satsuma: satsuma-iter+kissat time 11330s / budget 14397s
c hydra_satsuma: satsuma-iter+kissat time 11335s / budget 14397s
c hydra_satsuma: satsuma-iter+kissat time 11340s / budget 14397s
c hydra_satsuma: satsuma-iter+kissat time 11345s / budget 14397s
c hydra_satsuma: satsuma-iter+kissat time 11350s / budget 14397s
c hydra_satsuma: satsuma-iter+kissat time 11355s / budget 14397s
c hydra_satsuma: satsuma-iter+kissat time 11360s / budget 14397s
c hydra_satsuma: satsuma-iter+kissat time 11365s / budget 14397s
c hydra_satsuma: satsuma-iter+kissat time 11370s / budget 14397s
c hydra_satsuma: satsuma-iter+kissat time 11375s / budget 14397s
c hydra_satsuma: satsuma-iter+kissat time 11380s / budget 14397s
c hydra_satsuma: satsuma-iter+kissat time 11386s / budget 14397s
c hydra_satsuma: satsuma-iter+kissat time 11391s / budget 14397s
c hydra_satsuma: satsuma-iter+kissat time 11396s / budget 14397s
c hydra_satsuma: satsuma-iter+kissat time 11401s / budget 14397s
c hydra_satsuma: satsuma-iter+kissat time 11406s / budget 14397s
c hydra_satsuma: satsuma-iter+kissat time 11411s / budget 14397s
c hydra_satsuma: satsuma-iter+kissat time 11416s / budget 14397s
c hydra_satsuma: satsuma-iter+kissat time 11421s / budget 14397s
c hydra_satsuma: satsuma-iter+kissat time 11426s / budget 14397s
c hydra_satsuma: satsuma-iter+kissat time 11431s / budget 14397s
c hydra_satsuma: satsuma-iter+kissat time 11436s / budget 14397s
c hydra_satsuma: satsuma-iter+kissat time 11441s / budget 14397s
c hydra_satsuma: satsuma-iter+kissat time 11446s / budget 14397s
c hydra_satsuma: satsuma-iter+kissat time 11451s / budget 14397s
c hydra_satsuma: satsuma-iter+kissat time 11456s / budget 14397s
c hydra_satsuma: satsuma-iter+kissat time 11461s / budget 14397s
c hydra_satsuma: satsuma-iter+kissat time 11467s / budget 14397s
c hydra_satsuma: satsuma-iter+kissat time 11472s / budget 14397s
c hydra_satsuma: satsuma-iter+kissat time 11477s / budget 14397s
c hydra_satsuma: satsuma-iter+kissat time 11482s / budget 14397s
c hydra_satsuma: satsuma-iter+kissat time 11487s / budget 14397s
c hydra_satsuma: satsuma-iter+kissat time 11492s / budget 14397s
c hydra_satsuma: satsuma-iter+kissat time 11497s / budget 14397s
c hydra_satsuma: satsuma-iter+kissat time 11502s / budget 14397s
c hydra_satsuma: satsuma-iter+kissat time 11507s / budget 14397s
c hydra_satsuma: satsuma-iter+kissat time 11512s / budget 14397s
c hydra_satsuma: satsuma-iter+kissat time 11517s / budget 14397s
c hydra_satsuma: satsuma-iter+kissat time 11522s / budget 14397s
c hydra_satsuma: satsuma-iter+kissat time 11527s / budget 14397s
c hydra_satsuma: satsuma-iter+kissat time 11532s / budget 14397s
c hydra_satsuma: satsuma-iter+kissat time 11538s / budget 14397s
c hydra_satsuma: satsuma-iter+kissat time 11543s / budget 14397s
c hydra_satsuma: satsuma-iter+kissat time 11548s / budget 14397s
c hydra_satsuma: satsuma-iter+kissat time 11553s / budget 14397s
c hydra_satsuma: satsuma-iter+kissat time 11558s / budget 14397s
c hydra_satsuma: satsuma-iter+kissat time 11563s / budget 14397s
c hydra_satsuma: satsuma-iter+kissat time 11568s / budget 14397s
c hydra_satsuma: satsuma-iter+kissat time 11573s / budget 14397s
c hydra_satsuma: satsuma-iter+kissat time 11578s / budget 14397s
c hydra_satsuma: satsuma-iter+kissat time 11583s / budget 14397s
c hydra_satsuma: satsuma-iter+kissat time 11588s / budget 14397s
c hydra_satsuma: satsuma-iter+kissat time 11593s / budget 14397s
c hydra_satsuma: satsuma-iter+kissat time 11598s / budget 14397s
c hydra_satsuma: satsuma-iter+kissat time 11603s / budget 14397s
c hydra_satsuma: satsuma-iter+kissat time 11608s / budget 14397s
c hydra_satsuma: satsuma-iter+kissat time 11614s / budget 14397s
c hydra_satsuma: satsuma-iter+kissat time 11619s / budget 14397s
c hydra_satsuma: satsuma-iter+kissat time 11624s / budget 14397s
c hydra_satsuma: satsuma-iter+kissat time 11629s / budget 14397s
c hydra_satsuma: satsuma-iter+kissat time 11634s / budget 14397s
c hydra_satsuma: satsuma-iter+kissat time 11639s / budget 14397s
c hydra_satsuma: satsuma-iter+kissat time 11644s / budget 14397s
c hydra_satsuma: satsuma-iter+kissat time 11649s / budget 14397s
c hydra_satsuma: satsuma-iter+kissat time 11654s / budget 14397s
c hydra_satsuma: satsuma-iter+kissat time 11659s / budget 14397s
c hydra_satsuma: satsuma-iter+kissat time 11664s / budget 14397s
c hydra_satsuma: satsuma-iter+kissat time 11669s / budget 14397s
c hydra_satsuma: satsuma-iter+kissat time 11674s / budget 14397s
c hydra_satsuma: satsuma-iter+kissat time 11679s / budget 14397s
c hydra_satsuma: satsuma-iter+kissat time 11684s / budget 14397s
c hydra_satsuma: satsuma-iter+kissat time 11689s / budget 14397s
c hydra_satsuma: satsuma-iter+kissat time 11695s / budget 14397s
c hydra_satsuma: satsuma-iter+kissat time 11700s / budget 14397s
c hydra_satsuma: satsuma-iter+kissat time 11705s / budget 14397s
c hydra_satsuma: satsuma-iter+kissat time 11710s / budget 14397s
c hydra_satsuma: satsuma-iter+kissat time 11715s / budget 14397s
c hydra_satsuma: satsuma-iter+kissat time 11720s / budget 14397s
c hydra_satsuma: satsuma-iter+kissat time 11725s / budget 14397s
c hydra_satsuma: satsuma-iter+kissat time 11730s / budget 14397s
c hydra_satsuma: satsuma-iter+kissat time 11735s / budget 14397s
c hydra_satsuma: satsuma-iter+kissat time 11740s / budget 14397s
c hydra_satsuma: satsuma-iter+kissat time 11745s / budget 14397s
c hydra_satsuma: satsuma-iter+kissat time 11750s / budget 14397s
c hydra_satsuma: satsuma-iter+kissat time 11755s / budget 14397s
c hydra_satsuma: satsuma-iter+kissat time 11760s / budget 14397s
c hydra_satsuma: satsuma-iter+kissat time 11765s / budget 14397s
c hydra_satsuma: satsuma-iter+kissat time 11770s / budget 14397s
c hydra_satsuma: satsuma-iter+kissat time 11776s / budget 14397s
c hydra_satsuma: satsuma-iter+kissat time 11781s / budget 14397s
c hydra_satsuma: satsuma-iter+kissat time 11786s / budget 14397s
c hydra_satsuma: satsuma-iter+kissat time 11791s / budget 14397s
c hydra_satsuma: satsuma-iter+kissat time 11796s / budget 14397s
c hydra_satsuma: satsuma-iter+kissat time 11801s / budget 14397s
c hydra_satsuma: satsuma-iter+kissat time 11806s / budget 14397s
c hydra_satsuma: satsuma-iter+kissat time 11811s / budget 14397s
c hydra_satsuma: satsuma-iter+kissat time 11816s / budget 14397s
c hydra_satsuma: satsuma-iter+kissat time 11821s / budget 14397s
c hydra_satsuma: satsuma-iter+kissat time 11826s / budget 14397s
c hydra_satsuma: satsuma-iter+kissat time 11831s / budget 14397s
c hydra_satsuma: satsuma-iter+kissat time 11836s / budget 14397s
c hydra_satsuma: satsuma-iter+kissat time 11841s / budget 14397s
c hydra_satsuma: satsuma-iter+kissat time 11846s / budget 14397s
c hydra_satsuma: satsuma-iter+kissat time 11851s / budget 14397s
c hydra_satsuma: satsuma-iter+kissat time 11856s / budget 14397s
c hydra_satsuma: satsuma-iter+kissat time 11862s / budget 14397s
c hydra_satsuma: satsuma-iter+kissat time 11867s / budget 14397s
c hydra_satsuma: satsuma-iter+kissat time 11872s / budget 14397s
c hydra_satsuma: satsuma-iter+kissat time 11877s / budget 14397s
c hydra_satsuma: satsuma-iter+kissat time 11882s / budget 14397s
c hydra_satsuma: satsuma-iter+kissat time 11887s / budget 14397s
c hydra_satsuma: satsuma-iter+kissat time 11892s / budget 14397s
c hydra_satsuma: satsuma-iter+kissat time 11897s / budget 14397s
c hydra_satsuma: satsuma-iter+kissat time 11902s / budget 14397s
c hydra_satsuma: satsuma-iter+kissat time 11907s / budget 14397s
c hydra_satsuma: satsuma-iter+kissat time 11912s / budget 14397s
c hydra_satsuma: satsuma-iter+kissat time 11917s / budget 14397s
c hydra_satsuma: satsuma-iter+kissat time 11922s / budget 14397s
c hydra_satsuma: satsuma-iter+kissat time 11927s / budget 14397s
c hydra_satsuma: satsuma-iter+kissat time 11932s / budget 14397s
c hydra_satsuma: satsuma-iter+kissat time 11938s / budget 14397s
c hydra_satsuma: satsuma-iter+kissat time 11943s / budget 14397s
c hydra_satsuma: satsuma-iter+kissat time 11948s / budget 14397s
c hydra_satsuma: satsuma-iter+kissat time 11953s / budget 14397s
c hydra_satsuma: satsuma-iter+kissat time 11958s / budget 14397s
c hydra_satsuma: satsuma-iter+kissat time 11963s / budget 14397s
c hydra_satsuma: satsuma-iter+kissat time 11968s / budget 14397s
c hydra_satsuma: satsuma-iter+kissat time 11973s / budget 14397s
c hydra_satsuma: satsuma-iter+kissat time 11978s / budget 14397s
c hydra_satsuma: satsuma-iter+kissat time 11983s / budget 14397s
c hydra_satsuma: satsuma-iter+kissat time 11988s / budget 14397s
c hydra_satsuma: satsuma-iter+kissat time 11993s / budget 14397s
c hydra_satsuma: satsuma-iter+kissat time 11998s / budget 14397s
c hydra_satsuma: satsuma-iter+kissat time 12003s / budget 14397s
c hydra_satsuma: satsuma-iter+kissat time 12008s / budget 14397s
c hydra_satsuma: satsuma-iter+kissat time 12013s / budget 14397s
c hydra_satsuma: satsuma-iter+kissat time 12018s / budget 14397s
c hydra_satsuma: satsuma-iter+kissat time 12023s / budget 14397s
c hydra_satsuma: satsuma-iter+kissat time 12029s / budget 14397s
c hydra_satsuma: satsuma-iter+kissat time 12034s / budget 14397s
c hydra_satsuma: satsuma-iter+kissat time 12039s / budget 14397s
c hydra_satsuma: satsuma-iter+kissat time 12044s / budget 14397s
c hydra_satsuma: satsuma-iter+kissat time 12049s / budget 14397s
c hydra_satsuma: satsuma-iter+kissat time 12054s / budget 14397s
c hydra_satsuma: satsuma-iter+kissat time 12059s / budget 14397s
c hydra_satsuma: satsuma-iter+kissat time 12064s / budget 14397s
c hydra_satsuma: satsuma-iter+kissat time 12069s / budget 14397s
c hydra_satsuma: satsuma-iter+kissat time 12074s / budget 14397s
c hydra_satsuma: satsuma-iter+kissat time 12079s / budget 14397s
c hydra_satsuma: satsuma-iter+kissat time 12084s / budget 14397s
c hydra_satsuma: satsuma-iter+kissat time 12089s / budget 14397s
c hydra_satsuma: satsuma-iter+kissat time 12094s / budget 14397s
c hydra_satsuma: satsuma-iter+kissat time 12099s / budget 14397s
c hydra_satsuma: satsuma-iter+kissat time 12104s / budget 14397s
c hydra_satsuma: satsuma-iter+kissat time 12110s / budget 14397s
c hydra_satsuma: satsuma-iter+kissat time 12115s / budget 14397s
c hydra_satsuma: satsuma-iter+kissat time 12120s / budget 14397s
c hydra_satsuma: satsuma-iter+kissat time 12125s / budget 14397s
c hydra_satsuma: satsuma-iter+kissat time 12130s / budget 14397s
c hydra_satsuma: satsuma-iter+kissat time 12135s / budget 14397s
c hydra_satsuma: satsuma-iter+kissat time 12140s / budget 14397s
c hydra_satsuma: satsuma-iter+kissat time 12145s / budget 14397s
c hydra_satsuma: satsuma-iter+kissat time 12150s / budget 14397s
c hydra_satsuma: satsuma-iter+kissat time 12155s / budget 14397s
c hydra_satsuma: satsuma-iter+kissat time 12160s / budget 14397s
c hydra_satsuma: satsuma-iter+kissat time 12165s / budget 14397s
c hydra_satsuma: satsuma-iter+kissat time 12170s / budget 14397s
c hydra_satsuma: satsuma-iter+kissat time 12175s / budget 14397s
c hydra_satsuma: satsuma-iter+kissat time 12180s / budget 14397s
c hydra_satsuma: satsuma-iter+kissat time 12185s / budget 14397s
c hydra_satsuma: satsuma-iter+kissat time 12190s / budget 14397s
c hydra_satsuma: satsuma-iter+kissat time 12196s / budget 14397s
c hydra_satsuma: satsuma-iter+kissat time 12201s / budget 14397s
c hydra_satsuma: satsuma-iter+kissat time 12206s / budget 14397s
c hydra_satsuma: satsuma-iter+kissat time 12211s / budget 14397s
c hydra_satsuma: satsuma-iter+kissat time 12216s / budget 14397s
c hydra_satsuma: satsuma-iter+kissat time 12221s / budget 14397s
c hydra_satsuma: satsuma-iter+kissat time 12226s / budget 14397s
c hydra_satsuma: satsuma-iter+kissat time 12231s / budget 14397s
c hydra_satsuma: satsuma-iter+kissat time 12236s / budget 14397s
c hydra_satsuma: satsuma-iter+kissat time 12241s / budget 14397s
c hydra_satsuma: satsuma-iter+kissat time 12246s / budget 14397s
c hydra_satsuma: satsuma-iter+kissat time 12251s / budget 14397s
c hydra_satsuma: satsuma-iter+kissat time 12256s / budget 14397s
c hydra_satsuma: satsuma-iter+kissat time 12261s / budget 14397s
c hydra_satsuma: satsuma-iter+kissat time 12266s / budget 14397s
c hydra_satsuma: satsuma-iter+kissat time 12271s / budget 14397s
c hydra_satsuma: satsuma-iter+kissat time 12277s / budget 14397s
c hydra_satsuma: satsuma-iter+kissat time 12282s / budget 14397s
c hydra_satsuma: satsuma-iter+kissat time 12287s / budget 14397s
c hydra_satsuma: satsuma-iter+kissat time 12292s / budget 14397s
c hydra_satsuma: satsuma-iter+kissat time 12297s / budget 14397s
c hydra_satsuma: satsuma-iter+kissat time 12302s / budget 14397s
c hydra_satsuma: satsuma-iter+kissat time 12307s / budget 14397s
c hydra_satsuma: satsuma-iter+kissat time 12312s / budget 14397s
c hydra_satsuma: satsuma-iter+kissat time 12317s / budget 14397s
c hydra_satsuma: satsuma-iter+kissat time 12322s / budget 14397s
c hydra_satsuma: satsuma-iter+kissat time 12327s / budget 14397s
c hydra_satsuma: satsuma-iter+kissat time 12332s / budget 14397s
c hydra_satsuma: satsuma-iter+kissat time 12337s / budget 14397s
c hydra_satsuma: satsuma-iter+kissat time 12342s / budget 14397s
c hydra_satsuma: satsuma-iter+kissat time 12347s / budget 14397s
c hydra_satsuma: satsuma-iter+kissat time 12353s / budget 14397s
c hydra_satsuma: satsuma-iter+kissat time 12358s / budget 14397s
c hydra_satsuma: satsuma-iter+kissat time 12363s / budget 14397s
c hydra_satsuma: satsuma-iter+kissat time 12368s / budget 14397s
c hydra_satsuma: satsuma-iter+kissat time 12373s / budget 14397s
c hydra_satsuma: satsuma-iter+kissat time 12378s / budget 14397s
c hydra_satsuma: satsuma-iter+kissat time 12383s / budget 14397s
c hydra_satsuma: satsuma-iter+kissat time 12388s / budget 14397s
c hydra_satsuma: satsuma-iter+kissat time 12393s / budget 14397s
c hydra_satsuma: satsuma-iter+kissat time 12398s / budget 14397s
c hydra_satsuma: satsuma-iter+kissat time 12403s / budget 14397s
c hydra_satsuma: satsuma-iter+kissat time 12408s / budget 14397s
c hydra_satsuma: satsuma-iter+kissat time 12413s / budget 14397s
c hydra_satsuma: satsuma-iter+kissat time 12419s / budget 14397s
c hydra_satsuma: satsuma-iter+kissat time 12424s / budget 14397s
c hydra_satsuma: satsuma-iter+kissat time 12429s / budget 14397s
c hydra_satsuma: satsuma-iter+kissat time 12434s / budget 14397s
c hydra_satsuma: satsuma-iter+kissat time 12439s / budget 14397s
c hydra_satsuma: satsuma-iter+kissat time 12444s / budget 14397s
c hydra_satsuma: satsuma-iter+kissat time 12449s / budget 14397s
c hydra_satsuma: satsuma-iter+kissat time 12454s / budget 14397s
c hydra_satsuma: satsuma-iter+kissat time 12459s / budget 14397s
c hydra_satsuma: satsuma-iter+kissat time 12464s / budget 14397s
c hydra_satsuma: satsuma-iter+kissat time 12469s / budget 14397s
c hydra_satsuma: satsuma-iter+kissat time 12474s / budget 14397s
c hydra_satsuma: satsuma-iter+kissat time 12479s / budget 14397s
c hydra_satsuma: satsuma-iter+kissat time 12485s / budget 14397s
c hydra_satsuma: satsuma-iter+kissat time 12490s / budget 14397s
c hydra_satsuma: satsuma-iter+kissat time 12495s / budget 14397s
c hydra_satsuma: satsuma-iter+kissat time 12500s / budget 14397s
c hydra_satsuma: satsuma-iter+kissat time 12505s / budget 14397s
c hydra_satsuma: satsuma-iter+kissat time 12510s / budget 14397s
c hydra_satsuma: satsuma-iter+kissat time 12515s / budget 14397s
c hydra_satsuma: satsuma-iter+kissat time 12520s / budget 14397s
c hydra_satsuma: satsuma-iter+kissat time 12525s / budget 14397s
c hydra_satsuma: satsuma-iter+kissat time 12530s / budget 14397s
c hydra_satsuma: satsuma-iter+kissat time 12535s / budget 14397s
c hydra_satsuma: satsuma-iter+kissat time 12540s / budget 14397s
c hydra_satsuma: satsuma-iter+kissat time 12545s / budget 14397s
c hydra_satsuma: satsuma-iter+kissat time 12551s / budget 14397s
c hydra_satsuma: satsuma-iter+kissat time 12556s / budget 14397s
c hydra_satsuma: satsuma-iter+kissat time 12561s / budget 14397s
c hydra_satsuma: satsuma-iter+kissat time 12566s / budget 14397s
c hydra_satsuma: satsuma-iter+kissat time 12571s / budget 14397s
c hydra_satsuma: satsuma-iter+kissat time 12576s / budget 14397s
c hydra_satsuma: satsuma-iter+kissat time 12581s / budget 14397s
c hydra_satsuma: satsuma-iter+kissat time 12586s / budget 14397s
c hydra_satsuma: satsuma-iter+kissat time 12591s / budget 14397s
c hydra_satsuma: satsuma-iter+kissat time 12596s / budget 14397s
c hydra_satsuma: satsuma-iter+kissat time 12601s / budget 14397s
c hydra_satsuma: satsuma-iter+kissat time 12606s / budget 14397s
c hydra_satsuma: satsuma-iter+kissat time 12612s / budget 14397s
c hydra_satsuma: satsuma-iter+kissat time 12617s / budget 14397s
c hydra_satsuma: satsuma-iter+kissat time 12622s / budget 14397s
c hydra_satsuma: satsuma-iter+kissat time 12627s / budget 14397s
c hydra_satsuma: satsuma-iter+kissat time 12632s / budget 14397s
c hydra_satsuma: satsuma-iter+kissat time 12637s / budget 14397s
c hydra_satsuma: satsuma-iter+kissat time 12642s / budget 14397s
c hydra_satsuma: satsuma-iter+kissat time 12647s / budget 14397s
c hydra_satsuma: satsuma-iter+kissat time 12652s / budget 14397s
c hydra_satsuma: satsuma-iter+kissat time 12657s / budget 14397s
c hydra_satsuma: satsuma-iter+kissat time 12662s / budget 14397s
c hydra_satsuma: satsuma-iter+kissat time 12667s / budget 14397s
c hydra_satsuma: satsuma-iter+kissat time 12672s / budget 14397s
c hydra_satsuma: satsuma-iter+kissat time 12678s / budget 14397s
c hydra_satsuma: satsuma-iter+kissat time 12683s / budget 14397s
c hydra_satsuma: satsuma-iter+kissat time 12688s / budget 14397s
c hydra_satsuma: satsuma-iter+kissat time 12693s / budget 14397s
c hydra_satsuma: satsuma-iter+kissat time 12698s / budget 14397s
c hydra_satsuma: satsuma-iter+kissat time 12703s / budget 14397s
c hydra_satsuma: satsuma-iter+kissat time 12708s / budget 14397s
c hydra_satsuma: satsuma-iter+kissat time 12713s / budget 14397s
c hydra_satsuma: satsuma-iter+kissat time 12718s / budget 14397s
c hydra_satsuma: satsuma-iter+kissat time 12723s / budget 14397s
c hydra_satsuma: satsuma-iter+kissat time 12728s / budget 14397s
c hydra_satsuma: satsuma-iter+kissat time 12733s / budget 14397s
c hydra_satsuma: satsuma-iter+kissat time 12739s / budget 14397s
c hydra_satsuma: satsuma-iter+kissat time 12744s / budget 14397s
c hydra_satsuma: satsuma-iter+kissat time 12749s / budget 14397s
c hydra_satsuma: satsuma-iter+kissat time 12754s / budget 14397s
c hydra_satsuma: satsuma-iter+kissat time 12759s / budget 14397s
c hydra_satsuma: satsuma-iter+kissat time 12764s / budget 14397s
c hydra_satsuma: satsuma-iter+kissat time 12769s / budget 14397s
c hydra_satsuma: satsuma-iter+kissat time 12774s / budget 14397s
c hydra_satsuma: satsuma-iter+kissat time 12779s / budget 14397s
c hydra_satsuma: satsuma-iter+kissat time 12784s / budget 14397s
c hydra_satsuma: satsuma-iter+kissat time 12789s / budget 14397s
c hydra_satsuma: satsuma-iter+kissat time 12795s / budget 14397s
c hydra_satsuma: satsuma-iter+kissat time 12800s / budget 14397s
c hydra_satsuma: satsuma-iter+kissat time 12805s / budget 14397s
c hydra_satsuma: satsuma-iter+kissat time 12810s / budget 14397s
c hydra_satsuma: satsuma-iter+kissat time 12815s / budget 14397s
c hydra_satsuma: satsuma-iter+kissat time 12820s / budget 14397s
c hydra_satsuma: satsuma-iter+kissat time 12825s / budget 14397s
c hydra_satsuma: satsuma-iter+kissat time 12830s / budget 14397s
c hydra_satsuma: satsuma-iter+kissat time 12835s / budget 14397s
c hydra_satsuma: satsuma-iter+kissat time 12840s / budget 14397s
c hydra_satsuma: satsuma-iter+kissat time 12845s / budget 14397s
c hydra_satsuma: satsuma-iter+kissat time 12850s / budget 14397s
c hydra_satsuma: satsuma-iter+kissat time 12856s / budget 14397s
c hydra_satsuma: satsuma-iter+kissat time 12861s / budget 14397s
c hydra_satsuma: satsuma-iter+kissat time 12866s / budget 14397s
c hydra_satsuma: satsuma-iter+kissat time 12871s / budget 14397s
c hydra_satsuma: satsuma-iter+kissat time 12876s / budget 14397s
c hydra_satsuma: satsuma-iter+kissat time 12881s / budget 14397s
c hydra_satsuma: satsuma-iter+kissat time 12886s / budget 14397s
c hydra_satsuma: satsuma-iter+kissat time 12891s / budget 14397s
c hydra_satsuma: satsuma-iter+kissat time 12896s / budget 14397s
c hydra_satsuma: satsuma-iter+kissat time 12901s / budget 14397s
c hydra_satsuma: satsuma-iter+kissat time 12906s / budget 14397s
c hydra_satsuma: satsuma-iter+kissat time 12911s / budget 14397s
c hydra_satsuma: satsuma-iter+kissat time 12917s / budget 14397s
c hydra_satsuma: satsuma-iter+kissat time 12922s / budget 14397s
c hydra_satsuma: satsuma-iter+kissat time 12927s / budget 14397s
c hydra_satsuma: satsuma-iter+kissat time 12932s / budget 14397s
c hydra_satsuma: satsuma-iter+kissat time 12937s / budget 14397s
c hydra_satsuma: satsuma-iter+kissat time 12942s / budget 14397s
c hydra_satsuma: satsuma-iter+kissat time 12947s / budget 14397s
c hydra_satsuma: satsuma-iter+kissat time 12952s / budget 14397s
c hydra_satsuma: satsuma-iter+kissat time 12957s / budget 14397s
c hydra_satsuma: satsuma-iter+kissat time 12962s / budget 14397s
c hydra_satsuma: satsuma-iter+kissat time 12967s / budget 14397s
c hydra_satsuma: satsuma-iter+kissat time 12972s / budget 14397s
c hydra_satsuma: satsuma-iter+kissat time 12978s / budget 14397s
c hydra_satsuma: satsuma-iter+kissat time 12983s / budget 14397s
c hydra_satsuma: satsuma-iter+kissat time 12988s / budget 14397s
c hydra_satsuma: satsuma-iter+kissat time 12993s / budget 14397s
c hydra_satsuma: satsuma-iter+kissat time 12998s / budget 14397s
c hydra_satsuma: satsuma-iter+kissat time 13003s / budget 14397s
c hydra_satsuma: satsuma-iter+kissat time 13008s / budget 14397s
c hydra_satsuma: satsuma-iter+kissat time 13013s / budget 14397s
c hydra_satsuma: satsuma-iter+kissat time 13018s / budget 14397s
c hydra_satsuma: satsuma-iter+kissat time 13023s / budget 14397s
c hydra_satsuma: satsuma-iter+kissat time 13028s / budget 14397s
c hydra_satsuma: satsuma-iter+kissat time 13033s / budget 14397s
c hydra_satsuma: satsuma-iter+kissat time 13039s / budget 14397s
c hydra_satsuma: satsuma-iter+kissat time 13044s / budget 14397s
c hydra_satsuma: satsuma-iter+kissat time 13049s / budget 14397s
c hydra_satsuma: satsuma-iter+kissat time 13054s / budget 14397s
c hydra_satsuma: satsuma-iter+kissat time 13059s / budget 14397s
c hydra_satsuma: satsuma-iter+kissat time 13064s / budget 14397s
c hydra_satsuma: satsuma-iter+kissat time 13069s / budget 14397s
c hydra_satsuma: satsuma-iter+kissat time 13074s / budget 14397s
c hydra_satsuma: satsuma-iter+kissat time 13079s / budget 14397s
c hydra_satsuma: satsuma-iter+kissat time 13084s / budget 14397s
c hydra_satsuma: satsuma-iter+kissat time 13089s / budget 14397s
c hydra_satsuma: satsuma-iter+kissat time 13094s / budget 14397s
c hydra_satsuma: satsuma-iter+kissat time 13100s / budget 14397s
c hydra_satsuma: satsuma-iter+kissat time 13105s / budget 14397s
c hydra_satsuma: satsuma-iter+kissat time 13110s / budget 14397s
c hydra_satsuma: satsuma-iter+kissat time 13115s / budget 14397s
c hydra_satsuma: satsuma-iter+kissat time 13120s / budget 14397s
c hydra_satsuma: satsuma-iter+kissat time 13125s / budget 14397s
c hydra_satsuma: satsuma-iter+kissat time 13130s / budget 14397s
c hydra_satsuma: satsuma-iter+kissat time 13135s / budget 14397s
c hydra_satsuma: satsuma-iter+kissat time 13140s / budget 14397s
c hydra_satsuma: satsuma-iter+kissat time 13145s / budget 14397s
c hydra_satsuma: satsuma-iter+kissat time 13150s / budget 14397s
c hydra_satsuma: satsuma-iter+kissat time 13155s / budget 14397s
c hydra_satsuma: satsuma-iter+kissat time 13160s / budget 14397s
c hydra_satsuma: satsuma-iter+kissat time 13166s / budget 14397s
c hydra_satsuma: satsuma-iter+kissat time 13171s / budget 14397s
c hydra_satsuma: satsuma-iter+kissat time 13176s / budget 14397s
c hydra_satsuma: satsuma-iter+kissat time 13181s / budget 14397s
c hydra_satsuma: satsuma-iter+kissat time 13186s / budget 14397s
c hydra_satsuma: satsuma-iter+kissat time 13191s / budget 14397s
c hydra_satsuma: satsuma-iter+kissat time 13196s / budget 14397s
c hydra_satsuma: satsuma-iter+kissat time 13201s / budget 14397s
c hydra_satsuma: satsuma-iter+kissat time 13206s / budget 14397s
c hydra_satsuma: satsuma-iter+kissat time 13211s / budget 14397s
c hydra_satsuma: satsuma-iter+kissat time 13216s / budget 14397s
c hydra_satsuma: satsuma-iter+kissat time 13221s / budget 14397s
c hydra_satsuma: satsuma-iter+kissat time 13227s / budget 14397s
c hydra_satsuma: satsuma-iter+kissat time 13232s / budget 14397s
c hydra_satsuma: satsuma-iter+kissat time 13237s / budget 14397s
c hydra_satsuma: satsuma-iter+kissat time 13242s / budget 14397s
c hydra_satsuma: satsuma-iter+kissat time 13247s / budget 14397s
c hydra_satsuma: satsuma-iter+kissat time 13252s / budget 14397s
c hydra_satsuma: satsuma-iter+kissat time 13257s / budget 14397s
c hydra_satsuma: satsuma-iter+kissat time 13262s / budget 14397s
c hydra_satsuma: satsuma-iter+kissat time 13267s / budget 14397s
c hydra_satsuma: satsuma-iter+kissat time 13272s / budget 14397s
c hydra_satsuma: satsuma-iter+kissat time 13277s / budget 14397s
c hydra_satsuma: satsuma-iter+kissat time 13282s / budget 14397s
c hydra_satsuma: satsuma-iter+kissat time 13287s / budget 14397s
c hydra_satsuma: satsuma-iter+kissat time 13293s / budget 14397s
c hydra_satsuma: satsuma-iter+kissat time 13298s / budget 14397s
c hydra_satsuma: satsuma-iter+kissat time 13303s / budget 14397s
c hydra_satsuma: satsuma-iter+kissat time 13308s / budget 14397s
c hydra_satsuma: satsuma-iter+kissat time 13313s / budget 14397s
c hydra_satsuma: satsuma-iter+kissat time 13318s / budget 14397s
c hydra_satsuma: satsuma-iter+kissat time 13323s / budget 14397s
c hydra_satsuma: satsuma-iter+kissat time 13328s / budget 14397s
c hydra_satsuma: satsuma-iter+kissat time 13333s / budget 14397s
c hydra_satsuma: satsuma-iter+kissat time 13338s / budget 14397s
c hydra_satsuma: satsuma-iter+kissat time 13343s / budget 14397s
c hydra_satsuma: satsuma-iter+kissat time 13348s / budget 14397s
c hydra_satsuma: satsuma-iter+kissat time 13354s / budget 14397s
c hydra_satsuma: satsuma-iter+kissat time 13359s / budget 14397s
c hydra_satsuma: satsuma-iter+kissat time 13364s / budget 14397s
c hydra_satsuma: satsuma-iter+kissat time 13369s / budget 14397s
c hydra_satsuma: satsuma-iter+kissat time 13374s / budget 14397s
c hydra_satsuma: satsuma-iter+kissat time 13379s / budget 14397s
c hydra_satsuma: satsuma-iter+kissat time 13384s / budget 14397s
c hydra_satsuma: satsuma-iter+kissat time 13389s / budget 14397s
c hydra_satsuma: satsuma-iter+kissat time 13394s / budget 14397s
c hydra_satsuma: satsuma-iter+kissat time 13399s / budget 14397s
c hydra_satsuma: satsuma-iter+kissat time 13404s / budget 14397s
c hydra_satsuma: satsuma-iter+kissat time 13409s / budget 14397s
c hydra_satsuma: satsuma-iter+kissat time 13415s / budget 14397s
c hydra_satsuma: satsuma-iter+kissat time 13420s / budget 14397s
c hydra_satsuma: satsuma-iter+kissat time 13425s / budget 14397s
c hydra_satsuma: satsuma-iter+kissat time 13430s / budget 14397s
c hydra_satsuma: satsuma-iter+kissat time 13435s / budget 14397s
c hydra_satsuma: satsuma-iter+kissat time 13440s / budget 14397s
c hydra_satsuma: satsuma-iter+kissat time 13445s / budget 14397s
c hydra_satsuma: satsuma-iter+kissat time 13450s / budget 14397s
c hydra_satsuma: satsuma-iter+kissat time 13455s / budget 14397s
c hydra_satsuma: satsuma-iter+kissat time 13460s / budget 14397s
c hydra_satsuma: satsuma-iter+kissat time 13465s / budget 14397s
c hydra_satsuma: satsuma-iter+kissat time 13470s / budget 14397s
c hydra_satsuma: satsuma-iter+kissat time 13476s / budget 14397s
c hydra_satsuma: satsuma-iter+kissat time 13481s / budget 14397s
c hydra_satsuma: satsuma-iter+kissat time 13486s / budget 14397s
c hydra_satsuma: satsuma-iter+kissat time 13491s / budget 14397s
c hydra_satsuma: satsuma-iter+kissat time 13496s / budget 14397s
c hydra_satsuma: satsuma-iter+kissat time 13501s / budget 14397s
c hydra_satsuma: satsuma-iter+kissat time 13506s / budget 14397s
c hydra_satsuma: satsuma-iter+kissat time 13511s / budget 14397s
c hydra_satsuma: satsuma-iter+kissat time 13516s / budget 14397s
c hydra_satsuma: satsuma-iter+kissat time 13521s / budget 14397s
c hydra_satsuma: satsuma-iter+kissat time 13526s / budget 14397s
c hydra_satsuma: satsuma-iter+kissat time 13531s / budget 14397s
c hydra_satsuma: satsuma-iter+kissat time 13537s / budget 14397s
c hydra_satsuma: satsuma-iter+kissat time 13542s / budget 14397s
c hydra_satsuma: satsuma-iter+kissat time 13547s / budget 14397s
c hydra_satsuma: satsuma-iter+kissat time 13552s / budget 14397s
c hydra_satsuma: satsuma-iter+kissat time 13557s / budget 14397s
c hydra_satsuma: satsuma-iter+kissat time 13562s / budget 14397s
c hydra_satsuma: satsuma-iter+kissat time 13567s / budget 14397s
c hydra_satsuma: satsuma-iter+kissat time 13572s / budget 14397s
c hydra_satsuma: satsuma-iter+kissat time 13577s / budget 14397s
c hydra_satsuma: satsuma-iter+kissat time 13582s / budget 14397s
c hydra_satsuma: satsuma-iter+kissat time 13587s / budget 14397s
c hydra_satsuma: satsuma-iter+kissat time 13592s / budget 14397s
c hydra_satsuma: satsuma-iter+kissat time 13598s / budget 14397s
c hydra_satsuma: satsuma-iter+kissat time 13603s / budget 14397s
c hydra_satsuma: satsuma-iter+kissat time 13608s / budget 14397s
c hydra_satsuma: satsuma-iter+kissat time 13613s / budget 14397s
c hydra_satsuma: satsuma-iter+kissat time 13618s / budget 14397s
c hydra_satsuma: satsuma-iter+kissat time 13623s / budget 14397s
c hydra_satsuma: satsuma-iter+kissat time 13628s / budget 14397s
c hydra_satsuma: satsuma-iter+kissat time 13633s / budget 14397s
c hydra_satsuma: satsuma-iter+kissat time 13638s / budget 14397s
c hydra_satsuma: satsuma-iter+kissat time 13643s / budget 14397s
c hydra_satsuma: satsuma-iter+kissat time 13648s / budget 14397s
c hydra_satsuma: satsuma-iter+kissat time 13653s / budget 14397s
c hydra_satsuma: satsuma-iter+kissat time 13658s / budget 14397s
c hydra_satsuma: satsuma-iter+kissat time 13664s / budget 14397s
c hydra_satsuma: satsuma-iter+kissat time 13669s / budget 14397s
c hydra_satsuma: satsuma-iter+kissat time 13674s / budget 14397s
c hydra_satsuma: satsuma-iter+kissat time 13679s / budget 14397s
c hydra_satsuma: satsuma-iter+kissat time 13684s / budget 14397s
c hydra_satsuma: satsuma-iter+kissat time 13689s / budget 14397s
c hydra_satsuma: satsuma-iter+kissat time 13694s / budget 14397s
c hydra_satsuma: satsuma-iter+kissat time 13699s / budget 14397s
c hydra_satsuma: satsuma-iter+kissat time 13704s / budget 14397s
c hydra_satsuma: satsuma-iter+kissat time 13709s / budget 14397s
c hydra_satsuma: satsuma-iter+kissat time 13714s / budget 14397s
c hydra_satsuma: satsuma-iter+kissat time 13719s / budget 14397s
c hydra_satsuma: satsuma-iter+kissat time 13724s / budget 14397s
c hydra_satsuma: satsuma-iter+kissat time 13730s / budget 14397s
c hydra_satsuma: satsuma-iter+kissat time 13735s / budget 14397s
c hydra_satsuma: satsuma-iter+kissat time 13740s / budget 14397s
c hydra_satsuma: satsuma-iter+kissat time 13745s / budget 14397s
c hydra_satsuma: satsuma-iter+kissat time 13750s / budget 14397s
c hydra_satsuma: satsuma-iter+kissat time 13755s / budget 14397s
c hydra_satsuma: satsuma-iter+kissat time 13760s / budget 14397s
c hydra_satsuma: satsuma-iter+kissat time 13765s / budget 14397s
c hydra_satsuma: satsuma-iter+kissat time 13770s / budget 14397s
c hydra_satsuma: satsuma-iter+kissat time 13775s / budget 14397s
c hydra_satsuma: satsuma-iter+kissat time 13780s / budget 14397s
c hydra_satsuma: satsuma-iter+kissat time 13785s / budget 14397s
c hydra_satsuma: satsuma-iter+kissat time 13791s / budget 14397s
c hydra_satsuma: satsuma-iter+kissat time 13796s / budget 14397s
c hydra_satsuma: satsuma-iter+kissat time 13801s / budget 14397s
c hydra_satsuma: satsuma-iter+kissat time 13806s / budget 14397s
c hydra_satsuma: satsuma-iter+kissat time 13811s / budget 14397s
c hydra_satsuma: satsuma-iter+kissat time 13816s / budget 14397s
c hydra_satsuma: satsuma-iter+kissat time 13821s / budget 14397s
c hydra_satsuma: satsuma-iter+kissat time 13826s / budget 14397s
c hydra_satsuma: satsuma-iter+kissat time 13831s / budget 14397s
c hydra_satsuma: satsuma-iter+kissat time 13836s / budget 14397s
c hydra_satsuma: satsuma-iter+kissat time 13841s / budget 14397s
c hydra_satsuma: satsuma-iter+kissat time 13846s / budget 14397s
c hydra_satsuma: satsuma-iter+kissat time 13851s / budget 14397s
c hydra_satsuma: satsuma-iter+kissat time 13857s / budget 14397s
c hydra_satsuma: satsuma-iter+kissat time 13862s / budget 14397s
c hydra_satsuma: satsuma-iter+kissat time 13867s / budget 14397s
c hydra_satsuma: satsuma-iter+kissat time 13872s / budget 14397s
c hydra_satsuma: satsuma-iter+kissat time 13877s / budget 14397s
c hydra_satsuma: satsuma-iter+kissat time 13882s / budget 14397s
c hydra_satsuma: satsuma-iter+kissat time 13887s / budget 14397s
c hydra_satsuma: satsuma-iter+kissat time 13892s / budget 14397s
c hydra_satsuma: satsuma-iter+kissat time 13897s / budget 14397s
c hydra_satsuma: satsuma-iter+kissat time 13902s / budget 14397s
c hydra_satsuma: satsuma-iter+kissat time 13907s / budget 14397s
c hydra_satsuma: satsuma-iter+kissat time 13912s / budget 14397s
c hydra_satsuma: satsuma-iter+kissat time 13917s / budget 14397s
c hydra_satsuma: satsuma-iter+kissat time 13922s / budget 14397s
c hydra_satsuma: satsuma-iter+kissat time 13928s / budget 14397s
c hydra_satsuma: satsuma-iter+kissat time 13933s / budget 14397s
c hydra_satsuma: satsuma-iter+kissat time 13938s / budget 14397s
c hydra_satsuma: satsuma-iter+kissat time 13943s / budget 14397s
c hydra_satsuma: satsuma-iter+kissat time 13948s / budget 14397s
c hydra_satsuma: satsuma-iter+kissat time 13953s / budget 14397s
c hydra_satsuma: satsuma-iter+kissat time 13958s / budget 14397s
c hydra_satsuma: satsuma-iter+kissat time 13963s / budget 14397s
c hydra_satsuma: satsuma-iter+kissat time 13968s / budget 14397s
c hydra_satsuma: satsuma-iter+kissat time 13973s / budget 14397s
c hydra_satsuma: satsuma-iter+kissat time 13978s / budget 14397s
c hydra_satsuma: satsuma-iter+kissat time 13983s / budget 14397s
c hydra_satsuma: satsuma-iter+kissat time 13989s / budget 14397s
c hydra_satsuma: satsuma-iter+kissat time 13994s / budget 14397s
c hydra_satsuma: satsuma-iter+kissat time 13999s / budget 14397s
c hydra_satsuma: satsuma-iter+kissat time 14004s / budget 14397s
c hydra_satsuma: satsuma-iter+kissat time 14009s / budget 14397s
c hydra_satsuma: satsuma-iter+kissat time 14014s / budget 14397s
c hydra_satsuma: satsuma-iter+kissat time 14019s / budget 14397s
c hydra_satsuma: satsuma-iter+kissat time 14024s / budget 14397s
c hydra_satsuma: satsuma-iter+kissat time 14029s / budget 14397s
c hydra_satsuma: satsuma-iter+kissat time 14034s / budget 14397s
c hydra_satsuma: satsuma-iter+kissat time 14039s / budget 14397s
c hydra_satsuma: satsuma-iter+kissat time 14044s / budget 14397s
c hydra_satsuma: satsuma-iter+kissat time 14050s / budget 14397s
c hydra_satsuma: satsuma-iter+kissat time 14055s / budget 14397s
c hydra_satsuma: satsuma-iter+kissat time 14060s / budget 14397s
c hydra_satsuma: satsuma-iter+kissat time 14065s / budget 14397s
c hydra_satsuma: satsuma-iter+kissat time 14070s / budget 14397s
c hydra_satsuma: satsuma-iter+kissat time 14075s / budget 14397s
c hydra_satsuma: satsuma-iter+kissat time 14080s / budget 14397s
c hydra_satsuma: satsuma-iter+kissat time 14085s / budget 14397s
c hydra_satsuma: satsuma-iter+kissat time 14090s / budget 14397s
c hydra_satsuma: satsuma-iter+kissat time 14095s / budget 14397s
c hydra_satsuma: satsuma-iter+kissat time 14100s / budget 14397s
c hydra_satsuma: satsuma-iter+kissat time 14105s / budget 14397s
c hydra_satsuma: satsuma-iter+kissat time 14110s / budget 14397s
c hydra_satsuma: satsuma-iter+kissat time 14116s / budget 14397s
c hydra_satsuma: satsuma-iter+kissat time 14121s / budget 14397s
c hydra_satsuma: satsuma-iter+kissat time 14126s / budget 14397s
c hydra_satsuma: satsuma-iter+kissat time 14131s / budget 14397s
c hydra_satsuma: satsuma-iter+kissat time 14136s / budget 14397s
c hydra_satsuma: satsuma-iter+kissat time 14141s / budget 14397s
c hydra_satsuma: satsuma-iter+kissat time 14146s / budget 14397s
c hydra_satsuma: satsuma-iter+kissat time 14151s / budget 14397s
c hydra_satsuma: satsuma-iter+kissat time 14156s / budget 14397s
c hydra_satsuma: satsuma-iter+kissat time 14161s / budget 14397s
c hydra_satsuma: satsuma-iter+kissat time 14166s / budget 14397s
c hydra_satsuma: satsuma-iter+kissat time 14171s / budget 14397s
c hydra_satsuma: satsuma-iter+kissat time 14177s / budget 14397s
c hydra_satsuma: satsuma-iter+kissat time 14182s / budget 14397s
c hydra_satsuma: satsuma-iter+kissat time 14187s / budget 14397s
c hydra_satsuma: satsuma-iter+kissat time 14192s / budget 14397s
c hydra_satsuma: satsuma-iter+kissat time 14197s / budget 14397s
c hydra_satsuma: satsuma-iter+kissat time 14202s / budget 14397s
c hydra_satsuma: satsuma-iter+kissat time 14207s / budget 14397s
c hydra_satsuma: satsuma-iter+kissat time 14212s / budget 14397s
c hydra_satsuma: satsuma-iter+kissat time 14217s / budget 14397s
c hydra_satsuma: satsuma-iter+kissat time 14222s / budget 14397s
c hydra_satsuma: satsuma-iter+kissat time 14227s / budget 14397s
c hydra_satsuma: satsuma-iter+kissat time 14232s / budget 14397s
c hydra_satsuma: satsuma-iter+kissat time 14237s / budget 14397s
c hydra_satsuma: satsuma-iter+kissat time 14243s / budget 14397s
c hydra_satsuma: satsuma-iter+kissat time 14248s / budget 14397s
c hydra_satsuma: satsuma-iter+kissat time 14253s / budget 14397s
c hydra_satsuma: satsuma-iter+kissat time 14258s / budget 14397s
c hydra_satsuma: satsuma-iter+kissat time 14263s / budget 14397s
c hydra_satsuma: satsuma-iter+kissat time 14268s / budget 14397s
c hydra_satsuma: satsuma-iter+kissat time 14273s / budget 14397s
c hydra_satsuma: satsuma-iter+kissat time 14278s / budget 14397s
c hydra_satsuma: satsuma-iter+kissat time 14283s / budget 14397s
c hydra_satsuma: satsuma-iter+kissat time 14288s / budget 14397s
c hydra_satsuma: satsuma-iter+kissat time 14293s / budget 14397s
c hydra_satsuma: satsuma-iter+kissat time 14298s / budget 14397s
c hydra_satsuma: satsuma-iter+kissat time 14304s / budget 14397s
c hydra_satsuma: satsuma-iter+kissat time 14309s / budget 14397s
c hydra_satsuma: satsuma-iter+kissat time 14314s / budget 14397s
c hydra_satsuma: satsuma-iter+kissat time 14319s / budget 14397s
c hydra_satsuma: satsuma-iter+kissat time 14324s / budget 14397s
c hydra_satsuma: satsuma-iter+kissat time 14329s / budget 14397s
c hydra_satsuma: satsuma-iter+kissat time 14334s / budget 14397s
c hydra_satsuma: satsuma-iter+kissat time 14339s / budget 14397s
c hydra_satsuma: satsuma-iter+kissat time 14344s / budget 14397s
c hydra_satsuma: satsuma-iter+kissat time 14349s / budget 14397s
c hydra_satsuma: satsuma-iter+kissat time 14354s / budget 14397s
c hydra_satsuma: satsuma-iter+kissat time 14359s / budget 14397s
c hydra_satsuma: satsuma-iter+kissat time 14364s / budget 14397s
c hydra_satsuma: satsuma-iter+kissat time 14370s / budget 14397s
c hydra_satsuma: satsuma-iter+kissat time 14375s / budget 14397s
c hydra_satsuma: satsuma-iter+kissat time 14380s / budget 14397s
c hydra_satsuma: satsuma-iter+kissat time 14385s / budget 14397s
c hydra_satsuma: satsuma-iter+kissat time 14390s / budget 14397s
c hydra_satsuma: satsuma-iter+kissat time 14395s / budget 14397s
c TIMEOUT after 14399353.0ms
c hydra_satsuma: satsuma-iter+kissat reached no verdict (timeout/unknown; includes an in-container OOM kill under --satsuma-mem-gb)
c hydra_satsuma: container-out: c Running satsuma on /work/f.cnf
