  depth: run skipped | leaf flat/strassen/koszul | expanded failed | folds kept/total | memo hits T/F | ub-fail
  0: 0 0 | 0/0/0 | 0 0 | 28/256 | 0/0 | 0
  1: 28 0 | 0/0/0 | 28 0 | 3584/3584 | 0/0 | 0
  2: 3584 0 | 0/0/3463 | 121 0 | 7744/7744 | 0/0 | 0
  3: 6767 0 | 0/1311/5375 | 81 0 | 2592/2592 | 977/0 | 0
  4: 1702 0 | 0/308/1317 | 77 0 | 1232/1232 | 890/0 | 0
  5: 1005 0 | 0/24/777 | 204 0 | 14976/14976 | 227/0 | 0
  6: 5127 570 | 0/12/4119 | 960 0 | 51088/51088 | 9206/73 | 36
  7: 13004 3426 | 7163/0/3391 | 2253 0 | 110916/110916 | 34351/307 | 197
  8: 35703 25477 | 2837/0/21542 | 10814 0 | 228864/228864 | 47777/1959 | 510
  9: 61232 37098 | 11519/0/38558 | 10162 0 | 148452/148452 | 123944/6590 | 993
  10: 42987 34733 | 10659/0/24201 | 7061 0 | 67290/67290 | 64285/6447 | 1066
  11: 16230 18849 | 4814/0/7922 | 2841 0 | 21482/21482 | 28121/4090 | 653
  12: 2152 9920 | 985/0/819 | 0 242 | 0/0 | 6739/2671 | 106
  memo entries: 163849

  root 0 (1,1,1) deep(16) ok [4.6s; 189521 tasks, 130073 skipped] 1/211 ok=1 fail=0 (5s)
  depth: run skipped | leaf flat/strassen/koszul | expanded failed | folds kept/total | memo hits T/F | ub-fail
  0: 0 0 | 0/0/0 | 0 0 | 26/256 | 0/0 | 0
  1: 26 0 | 0/0/0 | 26 0 | 3328/3328 | 0/0 | 0
  2: 3328 0 | 0/0/3248 | 80 0 | 5120/5120 | 0/0 | 0
  3: 4939 0 | 0/917/3950 | 72 0 | 2304/2304 | 181/0 | 0
  4: 1944 0 | 0/502/1363 | 79 0 | 1904/1904 | 360/0 | 0
  5: 1136 70 | 0/25/861 | 250 0 | 19840/19840 | 693/5 | 0
  6: 5788 986 | 0/11/4437 | 1315 0 | 39164/39164 | 12990/76 | 25
  7: 12464 6007 | 2694/0/5270 | 4351 0 | 144644/144644 | 20465/228 | 149
  8: 48054 26484 | 3386/0/23334 | 20607 0 | 510180/510180 | 67212/2894 | 727
  9: 144769 73601 | 17771/0/103678 | 21140 0 | 314246/314246 | 276614/15196 | 2180
  10: 76700 74938 | 23367/0/36551 | 14350 0 | 144212/144212 | 147555/15053 | 2432
  11: 27961 46058 | 6996/0/12553 | 7241 0 | 58546/58546 | 60300/9893 | 1171
  12: 4609 27014 | 1761/0/2188 | 0 493 | 0/0 | 19056/7867 | 167
  memo entries: 290738

  root 1 (1,1,2) deep(16) ok [5.1s; 331718 tasks, 255158 skipped] 2/211 ok=2 fail=0 (10s)
  depth: run skipped | leaf flat/strassen/koszul | expanded failed | folds kept/total | memo hits T/F | ub-fail
  0: 0 0 | 0/0/0 | 0 0 | 28/256 | 0/0 | 0
  1: 28 0 | 0/0/0 | 28 0 | 3584/3584 | 0/0 | 0
  2: 3584 0 | 0/0/3507 | 77 0 | 4928/4928 | 0/0 | 0
  3: 4079 0 | 0/834/3178 | 67 0 | 2144/2144 | 849/0 | 0
  4: 1656 0 | 0/890/719 | 47 0 | 912/912 | 488/0 | 0
  5: 522 40 | 0/68/250 | 204 0 | 22328/22328 | 346/4 | 0
  6: 5001 1339 | 0/2/3181 | 1785 0 | 37092/37092 | 15867/121 | 33
  7: 10761 7361 | 2626/0/3874 | 4103 0 | 130340/130340 | 18752/218 | 158
  8: 53875 17801 | 2538/0/28351 | 22395 0 | 466380/466380 | 57008/1656 | 591
  9: 118580 67525 | 18728/0/82029 | 16025 0 | 251408/251408 | 269212/11063 | 1798
  10: 68705 66318 | 16553/0/37382 | 12696 0 | 126826/126826 | 105811/10574 | 2074
  11: 24886 39477 | 5602/0/12096 | 6123 0 | 47110/47110 | 54251/8212 | 1065
  12: 4296 21998 | 1616/0/2027 | 0 481 | 0/0 | 14907/5909 | 172
  memo entries: 264052

  root 2 (1,1,8) deep(16) ok [4.6s; 295973 tasks, 221859 skipped] 3/211 ok=3 fail=0 (14s)
  depth: run skipped | leaf flat/strassen/koszul | expanded failed | folds kept/total | memo hits T/F | ub-fail
  0: 0 0 | 0/0/0 | 0 0 | 41/256 | 0/0 | 0
  1: 41 0 | 0/0/0 | 41 0 | 5248/5248 | 0/0 | 0
  2: 5248 0 | 0/0/5134 | 114 0 | 7296/7296 | 0/0 | 0
  3: 6491 0 | 0/1427/4948 | 116 0 | 3712/3712 | 805/0 | 0
  4: 2844 0 | 0/888/1847 | 109 0 | 1936/1936 | 868/0 | 0
  5: 1279 45 | 0/32/960 | 287 0 | 26808/26808 | 607/5 | 0
  6: 7448 1318 | 0/20/4810 | 2599 0 | 64612/64612 | 17914/128 | 19
  7: 16305 20043 | 7508/0/3573 | 5026 0 | 192128/192128 | 27860/404 | 198
  8: 66763 37812 | 6442/0/34132 | 25363 0 | 546404/546404 | 84767/2786 | 826
  9: 131329 89424 | 21378/0/89941 | 17658 0 | 278980/278980 | 311729/13922 | 2352
  10: 77297 74329 | 19655/0/42021 | 13342 0 | 136062/136062 | 115460/11894 | 2279
  11: 26590 41843 | 6615/0/13203 | 5680 0 | 44840/44840 | 58448/9181 | 1092
  12: 4022 20591 | 1599/0/1819 | 0 438 | 0/0 | 14310/5917 | 166
  memo entries: 308653

  root 3 (1,1,10) deep(16) ok [6.6s; 345657 tasks, 285405 skipped] 4/211 ok=4 fail=0 (21s)
  depth: run skipped | leaf flat/strassen/koszul | expanded failed | folds kept/total | memo hits T/F | ub-fail
  0: 0 0 | 0/0/0 | 0 0 | 62/256 | 0/0 | 0
  1: 62 0 | 0/0/0 | 62 0 | 7936/7936 | 0/0 | 0
  2: 7936 0 | 0/0/7565 | 371 0 | 23744/23744 | 0/0 | 0
  3: 21909 0 | 0/6718/14956 | 235 0 | 7520/7520 | 1835/0 | 0
  4: 5287 0 | 0/1179/3962 | 146 0 | 2336/2336 | 2233/0 | 0
  5: 1788 0 | 0/138/1396 | 254 0 | 27440/27440 | 548/0 | 0
  6: 11332 823 | 0/11/6871 | 4414 0 | 124580/124580 | 15206/79 | 36
  7: 36986 26370 | 22130/0/8049 | 6498 0 | 317388/317388 | 60416/808 | 309
  8: 63895 66125 | 4544/0/34152 | 24261 0 | 638140/638140 | 183453/3915 | 938
  9: 176314 105422 | 23335/0/126348 | 23002 0 | 402422/402422 | 343307/13097 | 3629
  10: 94638 91206 | 23325/0/56096 | 12407 0 | 148426/148426 | 196908/19670 | 2810
  11: 34003 46718 | 11512/0/15296 | 6074 0 | 50278/50278 | 55876/11829 | 1121
  12: 4267 21141 | 1717/0/1970 | 0 421 | 0/0 | 17815/7055 | 159
  memo entries: 388969

  root 4 (1,1,11) deep(16) ok [11.6s; 458417 tasks, 357805 skipped] 5/211 ok=5 fail=0 (32s)
  depth: run skipped | leaf flat/strassen/koszul | expanded failed | folds kept/total | memo hits T/F | ub-fail
  0: 0 0 | 0/0/0 | 0 0 | 26/256 | 0/0 | 0
  1: 26 0 | 0/0/0 | 26 0 | 3328/3328 | 0/0 | 0
  2: 3328 0 | 0/0/3251 | 77 0 | 4928/4928 | 0/0 | 0
  3: 4587 0 | 0/1120/3391 | 76 0 | 2432/2432 | 341/0 | 0
  4: 1840 0 | 0/680/1093 | 67 0 | 1232/1232 | 592/0 | 0
  5: 754 41 | 0/20/509 | 225 0 | 22312/22312 | 433/4 | 0
  6: 4792 1199 | 0/1/3151 | 1624 0 | 42364/42364 | 16214/107 | 16
  7: 10987 8553 | 2301/0/4754 | 3780 0 | 134242/134242 | 22554/270 | 152
  8: 50313 21706 | 2914/0/27394 | 19350 0 | 377956/377956 | 59464/2759 | 655
  9: 95417 61068 | 15484/0/63185 | 15223 0 | 235092/235092 | 212391/9080 | 1525
  10: 62947 57320 | 15578/0/32366 | 13089 0 | 133484/133484 | 104817/10008 | 1914
  11: 25360 41634 | 4934/0/12474 | 6779 0 | 53464/53464 | 57542/8948 | 1173
  12: 4325 25567 | 1694/0/1954 | 0 508 | 0/0 | 16295/7277 | 169
  memo entries: 230922

  root 5 (1,1,16) deep(16) ok [4.1s; 264676 tasks, 217088 skipped] 6/211 ok=6 fail=0 (37s)
  depth: run skipped | leaf flat/strassen/koszul | expanded failed | folds kept/total | memo hits T/F | ub-fail
  0: 0 0 | 0/0/0 | 0 0 | 17/256 | 0/0 | 0
  1: 17 0 | 0/0/0 | 17 0 | 2176/2176 | 0/0 | 0
  2: 2176 0 | 0/0/2146 | 30 0 | 1920/1920 | 0/0 | 0
  3: 1920 0 | 0/445/1449 | 26 0 | 832/832 | 0/0 | 0
  4: 699 0 | 0/204/462 | 33 0 | 592/592 | 133/0 | 0
  5: 455 23 | 0/32/298 | 125 0 | 7960/7960 | 113/1 | 0
  6: 1597 790 | 0/6/930 | 655 0 | 20520/20520 | 5531/42 | 6
  7: 7107 4341 | 1352/0/2823 | 2825 0 | 70412/70412 | 8943/129 | 107
  8: 18299 10729 | 4849/0/5886 | 7323 0 | 196806/196806 | 39527/1857 | 241
  9: 66465 30790 | 8248/0/47386 | 9711 0 | 173562/173562 | 95378/4173 | 1120
  10: 48010 48577 | 9106/0/25852 | 11368 0 | 117814/117814 | 69331/7644 | 1684
  11: 24760 40958 | 3850/0/12405 | 7430 0 | 59140/59140 | 44167/7929 | 1075
  12: 4518 28093 | 1679/0/2158 | 0 504 | 0/0 | 18466/8063 | 177
  memo entries: 154730

  root 6 (1,1,20) deep(16) ok [2.5s; 176023 tasks, 164301 skipped] 7/211 ok=7 fail=0 (39s)
  depth: run skipped | leaf flat/strassen/koszul | expanded failed | folds kept/total | memo hits T/F | ub-fail
  0: 0 0 | 0/0/0 | 0 0 | 41/256 | 0/0 | 0
  1: 41 0 | 0/0/0 | 41 0 | 5248/5248 | 0/0 | 0
  2: 5248 0 | 0/0/5139 | 109 0 | 6976/6976 | 0/0 | 0
  3: 6703 0 | 0/1529/5061 | 113 0 | 3616/3616 | 273/0 | 0
  4: 2601 0 | 0/1030/1481 | 90 0 | 1568/1568 | 1015/0 | 0
  5: 1082 33 | 0/0/864 | 218 0 | 12848/12848 | 450/3 | 0
  6: 4073 745 | 0/6/2334 | 1718 0 | 39488/39488 | 7956/74 | 15
  7: 9004 16090 | 6843/0/444 | 1594 0 | 60546/60546 | 14118/276 | 123
  8: 16597 22998 | 1703/0/7090 | 7478 0 | 190938/190938 | 20165/786 | 326
  9: 53287 35344 | 6035/0/40361 | 5880 0 | 112128/112128 | 97589/4718 | 1011
  10: 32474 28996 | 8442/0/18669 | 4469 0 | 45686/45686 | 45671/4987 | 894
  11: 11045 14078 | 3684/0/5188 | 1706 0 | 13934/13934 | 17636/2927 | 467
  12: 1813 6076 | 789/0/717 | 0 209 | 0/0 | 4212/1833 | 98
  memo entries: 130209

  root 7 (1,1,80) deep(16) ok [5.1s; 143968 tasks, 124360 skipped] 8/211 ok=8 fail=0 (44s)
  depth: run skipped | leaf flat/strassen/koszul | expanded failed | folds kept/total | memo hits T/F | ub-fail
  0: 0 0 | 0/0/0 | 0 0 | 17/256 | 0/0 | 0
  1: 17 0 | 0/0/0 | 17 0 | 2176/2176 | 0/0 | 0
  2: 2176 0 | 0/0/2146 | 30 0 | 1920/1920 | 0/0 | 0
  3: 1920 0 | 0/309/1585 | 26 0 | 832/832 | 0/0 | 0
  4: 730 0 | 0/160/534 | 36 0 | 672/672 | 102/0 | 0
  5: 509 36 | 0/0/404 | 105 0 | 4600/4600 | 125/2 | 0
  6: 1624 281 | 0/12/802 | 803 0 | 19232/19232 | 2664/31 | 7
  7: 4925 6185 | 3139/0/100 | 1635 0 | 51560/51560 | 7993/129 | 51
  8: 9555 9998 | 3585/0/2224 | 3613 0 | 123420/123420 | 30990/1017 | 133
  9: 34260 20702 | 3687/0/26512 | 3418 0 | 69442/69442 | 65332/3126 | 643
  10: 18071 19843 | 4849/0/10469 | 2124 0 | 22086/22086 | 28470/3058 | 629
  11: 5382 7954 | 1789/0/2164 | 1126 0 | 9594/9594 | 7334/1416 | 303
  12: 1516 4351 | 661/0/562 | 0 217 | 0/0 | 2438/1289 | 76
  memo entries: 72971

  root 8 (1,1,84) deep(16) ok [2.6s; 80685 tasks, 69350 skipped] 9/211 ok=9 fail=0 (47s)
  depth: run skipped | leaf flat/strassen/koszul | expanded failed | folds kept/total | memo hits T/F | ub-fail
  0: 0 0 | 0/0/0 | 0 0 | 28/256 | 0/0 | 0
  1: 28 0 | 0/0/0 | 28 0 | 3584/3584 | 0/0 | 0
  2: 3584 0 | 0/0/3417 | 167 0 | 10688/10688 | 0/0 | 0
  3: 10561 0 | 0/3265/7174 | 122 0 | 3904/3904 | 127/0 | 0
  4: 3185 0 | 0/736/2364 | 85 0 | 1360/1360 | 719/0 | 0
  5: 1286 0 | 0/60/1068 | 158 0 | 11824/11824 | 74/0 | 0
  6: 4985 446 | 0/10/3376 | 1591 0 | 44280/44280 | 6342/51 | 8
  7: 12260 13489 | 7871/0/1855 | 2403 0 | 87220/87220 | 18258/273 | 131
  8: 21134 22846 | 4036/0/11641 | 5222 0 | 155876/155876 | 41665/1575 | 235
  9: 42191 27047 | 8680/0/27635 | 4740 0 | 83290/83290 | 82222/4416 | 1136
  10: 18298 24769 | 5580/0/9715 | 2269 0 | 27682/27682 | 36229/3994 | 734
  11: 6833 9109 | 2256/0/2689 | 1547 0 | 13450/13450 | 9771/1969 | 341
  12: 1626 5167 | 764/0/568 | 0 212 | 0/0 | 4811/1846 | 82
  memo entries: 113196

  root 9 (1,1,85) deep(16) ok [5.6s; 125971 tasks, 102873 skipped] 10/211 ok=10 fail=0 (52s)
  depth: run skipped | leaf flat/strassen/koszul | expanded failed | folds kept/total | memo hits T/F | ub-fail
  0: 0 0 | 0/0/0 | 0 0 | 13/256 | 0/0 | 0
  1: 13 0 | 0/0/0 | 13 0 | 1664/1664 | 0/0 | 0
  2: 1664 0 | 0/0/1637 | 27 0 | 1728/1728 | 0/0 | 0
  3: 1728 0 | 0/409/1297 | 22 0 | 704/704 | 0/0 | 0
  4: 471 0 | 0/182/268 | 21 0 | 400/400 | 233/0 | 0
  5: 297 19 | 0/0/212 | 85 0 | 2704/2704 | 83/1 | 0
  6: 764 191 | 0/0/456 | 303 0 | 7292/7292 | 1741/8 | 5
  7: 2006 890 | 1078/0/97 | 803 0 | 19178/19178 | 4339/57 | 28
  8: 3729 3397 | 757/0/1636 | 1222 0 | 27932/27932 | 10859/1193 | 114
  9: 6734 6167 | 777/0/4581 | 1205 0 | 23586/23586 | 14404/627 | 171
  10: 9323 4545 | 1924/0/6065 | 1079 0 | 10812/10812 | 8816/902 | 255
  11: 3020 3338 | 1184/0/888 | 808 0 | 6500/6500 | 3775/679 | 140
  12: 1095 2657 | 550/0/348 | 0 143 | 0/0 | 1979/769 | 54
  memo entries: 26994

  root 10 (1,1,160) deep(16) ok [1.5s; 30844 tasks, 21204 skipped] 11/211 ok=11 fail=0 (54s)
  depth: run skipped | leaf flat/strassen/koszul | expanded failed | folds kept/total | memo hits T/F | ub-fail
  0: 0 0 | 0/0/0 | 0 0 | 26/256 | 0/0 | 0
  1: 26 0 | 0/0/0 | 26 0 | 3328/3328 | 0/0 | 0
  2: 3328 0 | 0/0/3248 | 80 0 | 5120/5120 | 0/0 | 0
  3: 3451 0 | 0/1180/2168 | 103 0 | 3296/3296 | 1669/0 | 0
  4: 2956 0 | 0/1025/1786 | 145 0 | 2832/2832 | 340/0 | 0
  5: 2062 75 | 0/221/1277 | 564 0 | 36216/36216 | 693/2 | 0
  6: 19831 2650 | 0/7/15705 | 4027 0 | 166340/166340 | 13607/128 | 92
  7: 71823 21253 | 15799/0/33890 | 21576 0 | 1072298/1072298 | 72250/1014 | 558
  8: 426280 149518 | 38767/0/248236 | 135685 0 | 4938418/4938418 | 483412/13088 | 3592
  9: 1552977 523107 | 107996/0/595166 | 834196 0 | 19408322/19408322 | 2745607/116727 | 15619
  10: 2462351 1164914 | 123687/0/2095328 | 226117 0 | 2608370/2608370 | 15121292/659765 | 17219
  11: 345458 624078 | 55879/0/236937 | 47594 0 | 371314/371314 | 1447050/191784 | 5048
  12: 15610 175631 | 8104/0/6543 | 0 732 | 0/0 | 130519/49554 | 231
  memo entries: 4412258

  root 11 (1,8,1) deep(16) ok [40.6s; 4906153 tasks, 2661226 skipped] 12/211 ok=12 fail=0 (94s)
  depth: run skipped | leaf flat/strassen/koszul | expanded failed | folds kept/total | memo hits T/F | ub-fail
  0: 0 0 | 0/0/0 | 0 0 | 24/256 | 0/0 | 0
  1: 24 0 | 0/0/0 | 24 0 | 3072/3072 | 0/0 | 0
  2: 3072 0 | 0/0/2987 | 85 0 | 5440/5440 | 0/0 | 0
  3: 3904 0 | 0/1147/2654 | 103 0 | 3296/3296 | 1536/0 | 0
  4: 2426 0 | 0/845/1458 | 123 0 | 2128/2128 | 870/0 | 0
  5: 1301 50 | 0/190/710 | 401 0 | 28120/28120 | 773/4 | 0
  6: 11064 1695 | 0/2/8213 | 2799 0 | 109504/109504 | 15242/119 | 50
  7: 44658 11822 | 6971/0/23995 | 13373 0 | 536538/536538 | 52348/676 | 319
  8: 199439 85509 | 17852/0/119622 | 60297 0 | 1916160/1916160 | 245152/6438 | 1668
  9: 544447 301797 | 65065/0/295752 | 175612 0 | 3424914/3424914 | 1021037/48879 | 8018
  10: 631428 407684 | 71255/0/469859 | 81051 0 | 891106/891106 | 2256067/129735 | 9263
  11: 144884 282980 | 34378/0/78582 | 28887 0 | 225594/225594 | 392263/70979 | 3037
  12: 10800 104113 | 5134/0/4797 | 0 657 | 0/0 | 79679/31002 | 212
  memo entries: 1421384

  root 12 (1,8,2) deep(16) ok [13.7s; 1597447 tasks, 1195650 skipped] 13/211 ok=13 fail=0 (108s)
  depth: run skipped | leaf flat/strassen/koszul | expanded failed | folds kept/total | memo hits T/F | ub-fail
  0: 0 0 | 0/0/0 | 0 0 | 26/256 | 0/0 | 0
  1: 26 0 | 0/0/0 | 26 0 | 3328/3328 | 0/0 | 0
  2: 3328 0 | 0/0/3248 | 80 0 | 5120/5120 | 0/0 | 0
  3: 4096 0 | 0/967/3071 | 58 0 | 1856/1856 | 1024/0 | 0
  4: 1406 0 | 0/694/673 | 39 0 | 688/688 | 450/0 | 0
  5: 541 14 | 0/85/384 | 72 0 | 5344/5344 | 133/0 | 0
  6: 3009 518 | 0/0/1966 | 1009 0 | 63516/63516 | 1791/26 | 34
  7: 22146 11404 | 4832/0/12197 | 4887 0 | 221724/221724 | 29450/516 | 230
  8: 89752 36732 | 5839/0/64248 | 18823 0 | 544536/544536 | 92395/2845 | 842
  9: 162115 109438 | 22653/0/104683 | 31456 0 | 470820/470820 | 256673/16310 | 3323
  10: 152937 100553 | 34453/0/93437 | 21714 0 | 203642/203642 | 195528/21802 | 3333
  11: 37888 66445 | 12792/0/17046 | 6755 0 | 54190/54190 | 84023/15286 | 1295
  12: 3800 23507 | 1637/0/1594 | 0 409 | 0/0 | 19264/7619 | 160
  memo entries: 430606

  root 13 (1,8,8) deep(16) ok [5.6s; 481044 tasks, 348611 skipped] 14/211 ok=14 fail=0 (114s)
  depth: run skipped | leaf flat/strassen/koszul | expanded failed | folds kept/total | memo hits T/F | ub-fail
  0: 0 0 | 0/0/0 | 0 0 | 38/256 | 0/0 | 0
  1: 38 0 | 0/0/0 | 38 0 | 4864/4864 | 0/0 | 0
  2: 4864 0 | 0/0/4743 | 121 0 | 7744/7744 | 0/0 | 0
  3: 6720 0 | 0/1585/5070 | 65 0 | 2080/2080 | 1024/0 | 0
  4: 1658 0 | 0/342/1281 | 35 0 | 560/560 | 422/0 | 0
  5: 432 0 | 0/0/394 | 38 0 | 2096/2096 | 128/0 | 0
  6: 1501 187 | 0/0/588 | 900 0 | 38596/38596 | 398/10 | 13
  7: 12224 7758 | 4690/0/1369 | 5988 0 | 157362/157362 | 18241/373 | 177
  8: 49768 39642 | 6595/0/22376 | 19938 0 | 523648/523648 | 65428/2524 | 859
  9: 162479 91159 | 20332/0/112809 | 26609 0 | 375654/375654 | 254188/15822 | 2729
  10: 101689 88366 | 31198/0/52916 | 14942 0 | 140446/140446 | 167613/17986 | 2633
  11: 28049 46888 | 10211/0/11520 | 5289 0 | 42464/42464 | 54795/10714 | 1029
  12: 3684 18202 | 1641/0/1515 | 0 382 | 0/0 | 14774/5804 | 146
  memo entries: 334976

  root 14 (1,8,10) deep(16) ok [6.1s; 373106 tasks, 292202 skipped] 15/211 ok=15 fail=0 (120s)
  depth: run skipped | leaf flat/strassen/koszul | expanded failed | folds kept/total | memo hits T/F | ub-fail
  0: 0 0 | 0/0/0 | 0 0 | 56/256 | 0/0 | 0
  1: 56 0 | 0/0/0 | 56 0 | 7168/7168 | 0/0 | 0
  2: 7168 0 | 0/0/6990 | 178 0 | 11392/11392 | 0/0 | 0
  3: 10175 0 | 0/3017/7047 | 111 0 | 3552/3552 | 1217/0 | 0
  4: 2931 0 | 0/733/2150 | 48 0 | 768/768 | 621/0 | 0
  5: 518 0 | 0/8/460 | 50 0 | 3152/3152 | 250/0 | 0
  6: 1783 250 | 0/0/754 | 1014 0 | 48272/48272 | 1102/17 | 15
  7: 15020 8979 | 5450/0/1977 | 7356 0 | 189492/189492 | 23815/458 | 237
  8: 54695 42909 | 7627/0/25268 | 20876 0 | 545420/545420 | 88930/2958 | 924
  9: 167856 94784 | 21607/0/115385 | 28023 0 | 411466/411466 | 266227/16553 | 2841
  10: 109693 90987 | 33426/0/57582 | 16029 0 | 148168/148168 | 190886/19900 | 2656
  11: 27330 49240 | 10617/0/10699 | 5013 0 | 40700/40700 | 60512/11086 | 1001
  12: 3415 17735 | 1529/0/1382 | 0 357 | 0/0 | 14032/5518 | 147
  memo entries: 360303

  root 15 (1,8,11) deep(16) ok [7.6s; 400640 tasks, 304884 skipped] 16/211 ok=16 fail=0 (127s)
  depth: run skipped | leaf flat/strassen/koszul | expanded failed | folds kept/total | memo hits T/F | ub-fail
  0: 0 0 | 0/0/0 | 0 0 | 24/256 | 0/0 | 0
  1: 24 0 | 0/0/0 | 24 0 | 3072/3072 | 0/0 | 0
  2: 3072 0 | 0/0/2989 | 83 0 | 5312/5312 | 0/0 | 0
  3: 4160 0 | 0/1033/3073 | 54 0 | 1728/1728 | 1152/0 | 0
  4: 1197 0 | 0/560/613 | 24 0 | 384/384 | 531/0 | 0
  5: 244 0 | 0/8/207 | 29 0 | 904/904 | 140/0 | 0
  6: 499 71 | 0/0/146 | 347 0 | 17120/17120 | 330/4 | 6
  7: 6061 1307 | 1590/0/1439 | 2932 0 | 144548/144548 | 9645/107 | 100
  8: 62694 12478 | 2977/0/43405 | 15794 0 | 426046/426046 | 67557/1819 | 518
  9: 135112 60352 | 12975/0/93470 | 26741 0 | 371216/371216 | 217890/12692 | 1926
  10: 97662 74115 | 22975/0/57188 | 15060 0 | 138070/138070 | 180893/18546 | 2439
  11: 27905 49224 | 9469/0/11450 | 5908 0 | 48326/48326 | 49743/11198 | 1078
  12: 3699 20959 | 1512/0/1588 | 0 442 | 0/0 | 16624/7044 | 157
  memo entries: 308014

  root 16 (1,8,16) deep(16) ok [4.6s; 342329 tasks, 218506 skipped] 17/211 ok=17 fail=0 (132s)
  depth: run skipped | leaf flat/strassen/koszul | expanded failed | folds kept/total | memo hits T/F | ub-fail
  0: 0 0 | 0/0/0 | 0 0 | 14/256 | 0/0 | 0
  1: 14 0 | 0/0/0 | 14 0 | 1792/1792 | 0/0 | 0
  2: 1792 0 | 0/0/1762 | 30 0 | 1920/1920 | 0/0 | 0
  3: 1664 0 | 0/540/1112 | 12 0 | 384/384 | 256/0 | 0
  4: 191 0 | 0/0/186 | 5 0 | 80/80 | 193/0 | 0
  5: 80 0 | 0/0/69 | 11 0 | 248/248 | 0/0 | 0
  6: 197 34 | 0/0/0 | 192 0 | 15168/15168 | 17/0 | 5
  7: 4435 1406 | 1428/0/0 | 2856 0 | 71014/71014 | 9230/97 | 151
  8: 23826 8697 | 2699/0/12333 | 8565 0 | 245376/245376 | 37542/949 | 229
  9: 68667 32988 | 6652/0/53617 | 7517 0 | 132572/132572 | 137438/6283 | 881
  10: 33049 30696 | 9626/0/17887 | 4651 0 | 43320/43320 | 62798/6029 | 885
  11: 9618 14184 | 3893/0/3639 | 1648 0 | 14106/14106 | 16736/2782 | 438
  12: 1855 6002 | 844/0/721 | 0 195 | 0/0 | 4532/1717 | 95
  memo entries: 131715

  root 17 (1,8,20) deep(16) ok [2.0s; 145388 tasks, 94007 skipped] 18/211 ok=18 fail=0 (134s)
  depth: run skipped | leaf flat/strassen/koszul | expanded failed | folds kept/total | memo hits T/F | ub-fail
  0: 0 0 | 0/0/0 | 0 0 | 38/256 | 0/0 | 0
  1: 38 0 | 0/0/0 | 38 0 | 4864/4864 | 0/0 | 0
  2: 4864 0 | 0/0/4745 | 119 0 | 7616/7616 | 0/0 | 0
  3: 6592 0 | 0/2145/4382 | 65 0 | 2080/2080 | 1024/0 | 0
  4: 1665 0 | 0/547/1087 | 31 0 | 496/496 | 415/0 | 0
  5: 327 0 | 0/0/298 | 29 0 | 1192/1192 | 169/0 | 0
  6: 847 120 | 0/0/336 | 502 0 | 37144/37144 | 219/6 | 9
  7: 17560 6601 | 2898/0/9566 | 4873 0 | 148178/148178 | 12794/189 | 223
  8: 57620 25396 | 10239/0/26536 | 20017 0 | 564442/564442 | 63034/2128 | 828
  9: 167664 89750 | 21578/0/113479 | 29726 0 | 431836/431836 | 290162/16866 | 2881
  10: 120293 95208 | 33266/0/67226 | 16991 0 | 163274/163274 | 196361/19974 | 2810
  11: 30107 53235 | 11688/0/11682 | 5642 0 | 47092/47092 | 67980/11952 | 1095
  12: 3842 19976 | 1690/0/1619 | 0 379 | 0/0 | 16958/6316 | 154
  memo entries: 371703

  root 18 (1,8,80) deep(16) ok [6.1s; 411419 tasks, 290286 skipped] 19/211 ok=19 fail=0 (140s)
  depth: run skipped | leaf flat/strassen/koszul | expanded failed | folds kept/total | memo hits T/F | ub-fail
  0: 0 0 | 0/0/0 | 0 0 | 14/256 | 0/0 | 0
  1: 14 0 | 0/0/0 | 14 0 | 1792/1792 | 0/0 | 0
  2: 1792 0 | 0/0/1762 | 30 0 | 1920/1920 | 0/0 | 0
  3: 1920 0 | 0/582/1322 | 16 0 | 512/512 | 0/0 | 0
  4: 394 0 | 0/0/385 | 9 0 | 144/144 | 118/0 | 0
  5: 144 0 | 0/0/123 | 21 0 | 712/712 | 0/0 | 0
  6: 498 75 | 0/0/196 | 295 0 | 22408/22408 | 137/2 | 7
  7: 5912 5357 | 2122/0/406 | 3151 0 | 95008/95008 | 10998/141 | 233
  8: 28692 10538 | 5871/0/12926 | 9596 0 | 301400/301400 | 54443/1335 | 299
  9: 76674 38209 | 8883/0/59000 | 7787 0 | 136982/136982 | 178692/7825 | 1004
  10: 35832 33799 | 10811/0/19589 | 4596 0 | 46934/46934 | 61181/6170 | 836
  11: 10021 14744 | 4028/0/3748 | 1799 0 | 15256/15256 | 19003/3166 | 446
  12: 1861 6525 | 873/0/700 | 0 197 | 0/0 | 4961/1909 | 91
  memo entries: 148637

  root 19 (1,8,84) deep(16) ok [2.6s; 163754 tasks, 109247 skipped] 20/211 ok=20 fail=0 (143s)
  depth: run skipped | leaf flat/strassen/koszul | expanded failed | folds kept/total | memo hits T/F | ub-fail
  0: 0 0 | 0/0/0 | 0 0 | 26/256 | 0/0 | 0
  1: 26 0 | 0/0/0 | 26 0 | 3328/3328 | 0/0 | 0
  2: 3328 0 | 0/0/3262 | 66 0 | 4224/4224 | 0/0 | 0
  3: 4224 0 | 0/1434/2758 | 32 0 | 1024/1024 | 0/0 | 0
  4: 762 0 | 0/0/744 | 18 0 | 288/288 | 262/0 | 0
  5: 284 0 | 0/0/246 | 38 0 | 1264/1264 | 4/0 | 0
  6: 858 111 | 0/0/420 | 429 0 | 31952/31952 | 289/6 | 9
  7: 7938 8873 | 2836/0/1275 | 3591 0 | 121812/121812 | 14887/254 | 236
  8: 37021 12963 | 10042/0/16420 | 10201 0 | 322096/322096 | 70090/1738 | 358
  9: 84001 41032 | 10400/0/62698 | 9765 0 | 179502/179502 | 188678/8385 | 1138
  10: 45605 38640 | 13586/0/24791 | 6202 0 | 57504/57504 | 86766/8491 | 1026
  11: 11018 17811 | 4625/0/3846 | 2071 0 | 17780/17780 | 24836/3839 | 476
  12: 2001 7578 | 941/0/746 | 0 214 | 0/0 | 5993/2208 | 100
  memo entries: 179028

  root 20 (1,8,85) deep(16) ok [3.5s; 197066 tasks, 127008 skipped] 21/211 ok=21 fail=0 (146s)
  depth: run skipped | leaf flat/strassen/koszul | expanded failed | folds kept/total | memo hits T/F | ub-fail
  0: 0 0 | 0/0/0 | 0 0 | 12/256 | 0/0 | 0
  1: 12 0 | 0/0/0 | 12 0 | 1536/1536 | 0/0 | 0
  2: 1536 0 | 0/0/1506 | 30 0 | 1920/1920 | 0/0 | 0
  3: 1664 0 | 0/524/1128 | 12 0 | 384/384 | 256/0 | 0
  4: 191 0 | 0/0/186 | 5 0 | 80/80 | 193/0 | 0
  5: 80 0 | 0/0/69 | 11 0 | 248/248 | 0/0 | 0
  6: 197 35 | 0/0/0 | 192 0 | 15168/15168 | 16/0 | 5
  7: 4422 1367 | 1409/0/0 | 2851 0 | 70146/70146 | 9275/104 | 162
  8: 26046 8497 | 2687/0/13472 | 9643 0 | 291972/291972 | 34675/928 | 244
  9: 77234 36172 | 7122/0/60840 | 8324 0 | 145150/145150 | 170923/7643 | 948
  10: 35734 34393 | 10179/0/20024 | 4604 0 | 43536/43536 | 68375/6648 | 927
  11: 9919 14001 | 3999/0/3730 | 1719 0 | 14770/14770 | 16834/2782 | 471
  12: 1929 6304 | 877/0/748 | 0 204 | 0/0 | 4705/1832 | 100
  memo entries: 144709

  root 21 (1,8,160) deep(16) ok [2.0s; 158964 tasks, 100769 skipped] 22/211 ok=22 fail=0 (148s)
  depth: run skipped | leaf flat/strassen/koszul | expanded failed | folds kept/total | memo hits T/F | ub-fail
  0: 0 0 | 0/0/0 | 0 0 | 41/256 | 0/0 | 0
  1: 41 0 | 0/0/0 | 41 0 | 5248/5248 | 0/0 | 0
  2: 5248 0 | 0/0/5135 | 113 0 | 7232/7232 | 0/0 | 0
  3: 4774 0 | 0/1551/3112 | 111 0 | 3552/3552 | 2458/0 | 0
  4: 3116 0 | 0/866/2138 | 112 0 | 2272/2272 | 436/0 | 0
  5: 1753 60 | 0/140/1259 | 354 0 | 24384/24384 | 457/2 | 0
  6: 10833 1559 | 0/1/7347 | 3419 0 | 161872/161872 | 11870/122 | 66
  7: 82061 16299 | 10672/0/45240 | 25829 0 | 1014464/1014464 | 62675/837 | 320
  8: 408937 149692 | 5425/0/325527 | 76532 0 | 2503826/2503826 | 448260/7575 | 1453
  9: 845404 604076 | 49652/0/460847 | 326812 0 | 8259972/8259972 | 997162/57184 | 8093
  10: 2095675 874366 | 63847/0/1882223 | 141144 0 | 1770902/1770902 | 5004502/285429 | 8461
  11: 281210 397374 | 38375/0/212797 | 27291 0 | 228868/228868 | 973779/118539 | 2747
  12: 13261 93073 | 7946/0/4503 | 0 600 | 0/0 | 92391/30143 | 212
  memo entries: 3463196

  root 22 (1,10,1) deep(16) ok [28.4s; 3752313 tasks, 2136499 skipped] 23/211 ok=23 fail=0 (177s)
  depth: run skipped | leaf flat/strassen/koszul | expanded failed | folds kept/total | memo hits T/F | ub-fail
  0: 0 0 | 0/0/0 | 0 0 | 38/256 | 0/0 | 0
  1: 38 0 | 0/0/0 | 38 0 | 4864/4864 | 0/0 | 0
  2: 4864 0 | 0/0/4751 | 113 0 | 7232/7232 | 0/0 | 0
  3: 4767 0 | 0/1375/3296 | 96 0 | 3072/3072 | 2465/0 | 0
  4: 2318 0 | 0/467/1751 | 100 0 | 1792/1792 | 754/0 | 0
  5: 1228 54 | 0/120/708 | 400 0 | 25256/25256 | 505/5 | 0
  6: 9485 1711 | 0/1/6157 | 3298 0 | 102848/102848 | 13934/126 | 29
  7: 29119 16053 | 7279/0/8476 | 13083 0 | 394450/394450 | 56793/883 | 281
  8: 108254 54544 | 7876/0/70269 | 29100 0 | 733836/733836 | 226222/5430 | 1009
  9: 209596 104233 | 30631/0/148727 | 27039 0 | 457220/457220 | 402379/17628 | 3199
  10: 114027 111196 | 26213/0/64748 | 19951 0 | 206038/206038 | 210871/21126 | 3115
  11: 38674 68124 | 8768/0/18854 | 9621 0 | 77334/77334 | 84647/14593 | 1431
  12: 5583 36667 | 2295/0/2572 | 0 534 | 0/0 | 24533/10551 | 182
  memo entries: 462534

  root 23 (1,10,2) deep(16) ok [7.6s; 527953 tasks, 392582 skipped] 24/211 ok=24 fail=0 (184s)
pool stats at 60s (memo entries 6466769):
  depth: run skipped | leaf flat/strassen/koszul | expanded failed | folds kept/total | memo hits T/F | ub-fail
  0: 0 0 | 0/0/0 | 0 0 | 62/256 | 0/0 | 0
  1: 62 0 | 0/0/0 | 62 0 | 7936/7936 | 0/0 | 0
  2: 7190 0 | 0/0/6820 | 370 0 | 23680/23680 | 0/0 | 0
  3: 19888 0 | 0/5249/14306 | 333 0 | 10656/10656 | 3747/0 | 0
  4: 7666 0 | 0/1563/5927 | 176 0 | 2944/2944 | 2940/0 | 0
  5: 1950 1 | 0/238/1217 | 495 0 | 35864/35864 | 982/0 | 0
  6: 20331 1916 | 0/94/14712 | 5421 0 | 261828/261828 | 13247/122 | 104
  7: 133506 17973 | 11618/0/50118 | 71384 0 | 3064050/3064050 | 108421/1368 | 386
  8: 1281334 320480 | 21191/0/1020007 | 237476 0 | 6628136/6628136 | 1431951/28725 | 2660
  9: 2315455 1275624 | 78448/0/1687903 | 533216 0 | 13115828/13115828 | 2907648/128723 | 15888
  10: 2930686 1645733 | 217975/0/2447049 | 253490 0 | 3117602/3117602 | 8062061/477303 | 12162
  11: 387405 822502 | 57418/0/284744 | 41646 0 | 336704/336704 | 1692376/215319 | 3597
  12: 15617 140348 | 9110/0/5614 | 0 666 | 0/0 | 137653/43086 | 227

  depth: run skipped | leaf flat/strassen/koszul | expanded failed | folds kept/total | memo hits T/F | ub-fail
  0: 0 0 | 0/0/0 | 0 0 | 62/256 | 0/0 | 0
  1: 62 0 | 0/0/0 | 62 0 | 7936/7936 | 0/0 | 0
  2: 7936 0 | 0/0/7543 | 393 0 | 25152/25152 | 0/0 | 0
  3: 20977 0 | 0/5702/14929 | 346 0 | 11072/11072 | 4175/0 | 0
  4: 8004 0 | 0/1612/6198 | 194 0 | 3616/3616 | 3068/0 | 0
  5: 2517 8 | 0/238/1394 | 885 0 | 50088/50088 | 1091/0 | 0
  6: 28140 2395 | 0/94/20472 | 7464 0 | 385076/385076 | 19407/146 | 110
  7: 229199 27081 | 12492/0/87869 | 128420 0 | 4872808/4872808 | 127018/1778 | 418
  8: 2411027 470469 | 30360/0/2026750 | 350731 0 | 9791506/9791506 | 1952346/38966 | 3186
  9: 3680790 2055428 | 113955/0/2462755 | 1081329 0 | 26859792/26859792 | 3863940/191348 | 22751
  10: 4724097 3034060 | 290994/0/4050592 | 365660 0 | 4524506/4524506 | 18153345/948290 | 16851
  11: 506774 1165515 | 77512/0/374995 | 50104 0 | 405854/405854 | 2534158/318059 | 4163
  12: 17839 170761 | 10613/0/6298 | 0 693 | 0/0 | 165164/52090 | 235
  memo entries: 10699409

  root 24 (1,10,8) deep(16) ok [101.4s; 11637362 tasks, 6925717 skipped] 25/211 ok=25 fail=0 (286s)
pool stats at 60s (memo entries 5870217):
  depth: run skipped | leaf flat/strassen/koszul | expanded failed | folds kept/total | memo hits T/F | ub-fail
  0: 0 0 | 0/0/0 | 0 0 | 150/256 | 0/0 | 0
  1: 150 0 | 0/0/0 | 150 0 | 19200/19200 | 0/0 | 0
  2: 18700 0 | 0/0/17862 | 838 0 | 53632/53632 | 0/0 | 0
  3: 49253 0 | 0/23226/25762 | 265 0 | 8480/8480 | 4212/0 | 0
  4: 7204 0 | 0/1838/5213 | 153 0 | 2448/2448 | 1253/0 | 0
  5: 1638 0 | 0/159/1084 | 395 0 | 14712/14712 | 753/0 | 0
  6: 9293 563 | 0/0/4236 | 5041 0 | 211052/211052 | 4632/71 | 16
  7: 114981 20016 | 17089/0/48361 | 49191 0 | 2015370/2015370 | 73863/1159 | 340
  8: 973334 183831 | 13905/0/823177 | 134158 0 | 4036162/4036162 | 842088/14923 | 2085
  9: 1634078 833489 | 85455/0/1025467 | 510984 0 | 13477282/13477282 | 1488207/80388 | 12172
  10: 3208939 1389417 | 163505/0/2825128 | 207769 0 | 2727776/2727776 | 8417063/461863 | 12537
  11: 395437 630292 | 70445/0/285222 | 36536 0 | 308854/308854 | 1505754/196293 | 3234
  12: 15155 121944 | 8933/0/5370 | 0 634 | 0/0 | 130794/40961 | 218

  depth: run skipped | leaf flat/strassen/koszul | expanded failed | folds kept/total | memo hits T/F | ub-fail
  0: 0 0 | 0/0/0 | 0 0 | 150/256 | 0/0 | 0
  1: 150 0 | 0/0/0 | 150 0 | 19200/19200 | 0/0 | 0
  2: 19200 0 | 0/0/18339 | 861 0 | 55104/55104 | 0/0 | 0
  3: 50892 0 | 0/23951/26660 | 281 0 | 8992/8992 | 4212/0 | 0
  4: 7739 0 | 0/1895/5666 | 178 0 | 3104/3104 | 1253/0 | 0
  5: 2247 3 | 0/161/1332 | 754 0 | 25040/25040 | 854/0 | 0
  6: 17230 1087 | 0/0/9537 | 7677 0 | 333992/333992 | 6634/89 | 16
  7: 206630 28791 | 19460/0/81580 | 105221 0 | 3855498/3855498 | 96935/1636 | 369
  8: 2099648 319788 | 19798/0/1796717 | 280611 0 | 7803290/7803290 | 1410684/25378 | 2522
  9: 3286367 1633512 | 119617/0/2087754 | 1059889 0 | 27407586/27407586 | 2737058/146353 | 19107
  10: 5112822 2938511 | 261088/0/4495974 | 338930 0 | 4344952/4344952 | 18411840/944413 | 16830
  11: 514108 1053637 | 93413/0/371615 | 45242 0 | 379958/379958 | 2462422/314785 | 3838
  12: 17345 152546 | 10223/0/6215 | 0 678 | 0/0 | 159942/50125 | 229
  memo entries: 10467857

  root 25 (1,10,10) deep(16) ok [103.8s; 11334378 tasks, 6127875 skipped] 26/211 ok=26 fail=0 (389s)
  depth: run skipped | leaf flat/strassen/koszul | expanded failed | folds kept/total | memo hits T/F | ub-fail
  0: 0 0 | 0/0/0 | 0 0 | 56/256 | 0/0 | 0
  1: 56 0 | 0/0/0 | 56 0 | 7168/7168 | 0/0 | 0
  2: 7168 0 | 0/0/7011 | 157 0 | 10048/10048 | 0/0 | 0
  3: 7258 0 | 0/1617/5559 | 82 0 | 2624/2624 | 2790/0 | 0
  4: 1787 0 | 0/298/1423 | 66 0 | 1056/1056 | 837/0 | 0
  5: 730 0 | 0/24/478 | 228 0 | 20352/20352 | 326/0 | 0
  6: 13400 449 | 0/4/9087 | 4299 0 | 211272/211272 | 6459/44 | 10
  7: 125775 18836 | 9800/0/19016 | 96736 0 | 3028364/3028364 | 65771/890 | 223
  8: 1579130 216960 | 13034/0/1419736 | 144603 0 | 4401894/4401894 | 1212949/19325 | 1757
  9: 1759384 1087582 | 76953/0/1087122 | 583864 0 | 14492440/14492440 | 1464803/90125 | 11445
  10: 3387222 1794644 | 160389/0/2980079 | 234752 0 | 2956474/2956474 | 8802965/507609 | 12002
  11: 401723 738103 | 63351/0/296387 | 38838 0 | 321540/321540 | 1605296/211352 | 3147
  12: 15659 129484 | 9070/0/5678 | 0 690 | 0/0 | 134424/41973 | 221
  memo entries: 6794918

  root 26 (1,10,16) deep(16) ok [59.8s; 7299292 tasks, 3986058 skipped] 27/211 ok=27 fail=0 (449s)
  depth: run skipped | leaf flat/strassen/koszul | expanded failed | folds kept/total | memo hits T/F | ub-fail
  0: 0 0 | 0/0/0 | 0 0 | 86/256 | 0/0 | 0
  1: 86 0 | 0/0/0 | 86 0 | 11008/11008 | 0/0 | 0
  2: 11008 0 | 0/0/10836 | 172 0 | 11008/11008 | 0/0 | 0
  3: 9483 0 | 0/2595/6800 | 88 0 | 2816/2816 | 1525/0 | 0
  4: 2234 0 | 0/372/1824 | 38 0 | 608/608 | 582/0 | 0
  5: 307 0 | 0/8/271 | 28 0 | 1376/1376 | 301/0 | 0
  6: 667 130 | 0/0/250 | 410 0 | 30232/30232 | 567/12 | 7
  7: 8747 2791 | 2062/0/3514 | 3061 0 | 86946/86946 | 18556/138 | 110
  8: 31579 20624 | 3351/0/13814 | 13805 0 | 378662/378662 | 33420/1323 | 609
  9: 110953 63470 | 12126/0/75332 | 21497 0 | 302196/302196 | 192510/11729 | 1998
  10: 84495 68952 | 23683/0/46202 | 12436 0 | 111466/111466 | 133984/14765 | 2174
  11: 22315 38700 | 8753/0/8217 | 4410 0 | 36282/36282 | 42453/7998 | 935
  12: 3282 15445 | 1458/0/1308 | 0 375 | 0/0 | 12530/5025 | 141
  memo entries: 255843

  root 27 (1,10,17) deep(16) ok [8.1s; 285156 tasks, 210112 skipped] 28/211 ok=28 fail=0 (457s)
  depth: run skipped | leaf flat/strassen/koszul | expanded failed | folds kept/total | memo hits T/F | ub-fail
  0: 0 0 | 0/0/0 | 0 0 | 53/256 | 0/0 | 0
  1: 53 0 | 0/0/0 | 53 0 | 6784/6784 | 0/0 | 0
  2: 6784 0 | 0/0/6690 | 94 0 | 6016/6016 | 0/0 | 0
  3: 5632 0 | 0/2115/3457 | 60 0 | 1920/1920 | 384/0 | 0
  4: 1199 0 | 0/147/1022 | 30 0 | 480/480 | 721/0 | 0
  5: 328 0 | 0/0/241 | 87 0 | 5176/5176 | 152/0 | 0
  6: 4059 143 | 0/0/3086 | 967 0 | 59204/59204 | 963/11 | 6
  7: 29090 6155 | 2449/0/2118 | 24404 0 | 739468/739468 | 23693/266 | 119
  8: 418097 58641 | 4351/0/368081 | 45322 0 | 1428144/1428144 | 257702/5028 | 343
  9: 443146 334960 | 21607/0/180609 | 238349 0 | 6389566/6389566 | 620332/29706 | 2581
  10: 1514688 515250 | 33216/0/1387142 | 90766 0 | 1184812/1184812 | 4144884/214744 | 3564
  11: 202249 232235 | 22855/0/159475 | 18377 0 | 158998/158998 | 675494/74834 | 1542
  12: 10607 59058 | 6502/0/3439 | 0 487 | 0/0 | 68308/21025 | 179
  memo entries: 2410828

  root 28 (1,10,20) deep(16) ok [22.3s; 2635932 tasks, 1206442 skipped] 29/211 ok=29 fail=0 (480s)
  depth: run skipped | leaf flat/strassen/koszul | expanded failed | folds kept/total | memo hits T/F | ub-fail
  0: 0 0 | 0/0/0 | 0 0 | 41/256 | 0/0 | 0
  1: 41 0 | 0/0/0 | 41 0 | 5248/5248 | 0/0 | 0
  2: 5248 0 | 0/0/5135 | 113 0 | 7232/7232 | 0/0 | 0
  3: 5596 0 | 0/1513/4010 | 73 0 | 2336/2336 | 1636/0 | 0
  4: 1671 0 | 0/546/1088 | 37 0 | 656/656 | 665/0 | 0
  5: 496 13 | 0/92/339 | 65 0 | 4168/4168 | 147/0 | 0
  6: 2640 349 | 0/0/1800 | 810 0 | 40612/40612 | 1155/24 | 30
  7: 11598 4193 | 4439/0/3360 | 3586 0 | 168650/168650 | 24471/350 | 213
  8: 79408 21992 | 5686/0/57540 | 15459 0 | 449332/449332 | 65063/2187 | 723
  9: 139109 79049 | 14353/0/92929 | 29218 0 | 437084/437084 | 217556/13618 | 2609
  10: 145156 84414 | 29668/0/92470 | 20026 0 | 183832/183832 | 186994/20520 | 2992
  11: 35832 58179 | 11975/0/16291 | 6311 0 | 49318/49318 | 76164/13657 | 1255
  12: 3776 21488 | 1571/0/1652 | 0 388 | 0/0 | 17274/6780 | 165
  memo entries: 385354

  root 29 (1,10,64) deep(16) ok [6.1s; 430571 tasks, 269677 skipped] 30/211 ok=30 fail=0 (486s)
  depth: run skipped | leaf flat/strassen/koszul | expanded failed | folds kept/total | memo hits T/F | ub-fail
  0: 0 0 | 0/0/0 | 0 0 | 61/256 | 0/0 | 0
  1: 61 0 | 0/0/0 | 61 0 | 7808/7808 | 0/0 | 0
  2: 7808 0 | 0/0/7661 | 147 0 | 9408/9408 | 0/0 | 0
  3: 7893 0 | 0/2186/5635 | 72 0 | 2304/2304 | 1515/0 | 0
  4: 1796 0 | 0/216/1547 | 33 0 | 528/528 | 508/0 | 0
  5: 381 0 | 0/0/351 | 30 0 | 1584/1584 | 147/0 | 0
  6: 1011 171 | 0/0/286 | 715 0 | 30896/30896 | 392/10 | 10
  7: 9557 5389 | 3704/0/958 | 4782 0 | 116940/116940 | 15635/315 | 113
  8: 38783 29637 | 4846/0/16934 | 16294 0 | 419834/419834 | 46745/1775 | 709
  9: 131346 75287 | 16585/0/89034 | 23285 0 | 325444/325444 | 200144/13057 | 2442
  10: 91384 75104 | 27144/0/48691 | 13188 0 | 120528/120528 | 143553/15403 | 2361
  11: 25448 40443 | 9617/0/10277 | 4588 0 | 36672/36672 | 45536/9101 | 966
  12: 3385 15429 | 1542/0/1352 | 0 354 | 0/0 | 12934/4924 | 137
  memo entries: 287577

  root 30 (1,10,66) deep(16) ok [6.6s; 318853 tasks, 241460 skipped] 31/211 ok=31 fail=0 (492s)
  depth: run skipped | leaf flat/strassen/koszul | expanded failed | folds kept/total | memo hits T/F | ub-fail
  0: 0 0 | 0/0/0 | 0 0 | 93/256 | 0/0 | 0
  1: 93 0 | 0/0/0 | 93 0 | 11904/11904 | 0/0 | 0
  2: 11904 0 | 0/0/11692 | 212 0 | 13568/13568 | 0/0 | 0
  3: 12051 0 | 0/3655/8283 | 113 0 | 3616/3616 | 1517/0 | 0
  4: 3008 0 | 0/414/2546 | 48 0 | 768/768 | 608/0 | 0
  5: 462 0 | 0/8/417 | 37 0 | 2440/2440 | 306/0 | 0
  6: 1236 198 | 0/1/438 | 786 0 | 36612/36612 | 992/14 | 11
  7: 10794 5346 | 4048/0/1213 | 5379 0 | 123408/123408 | 20101/371 | 154
  8: 39191 30792 | 4955/0/16922 | 16608 0 | 430798/430798 | 51651/1774 | 706
  9: 131990 77450 | 16883/0/89364 | 23287 0 | 324918/324918 | 207948/13410 | 2456
  10: 91362 74705 | 27203/0/48410 | 13396 0 | 123706/123706 | 143325/15526 | 2353
  11: 25515 41776 | 9745/0/10213 | 4601 0 | 36306/36306 | 47076/9339 | 956
  12: 3114 15520 | 1487/0/1146 | 0 339 | 0/0 | 12758/4914 | 142
  memo entries: 298445

  root 31 (1,10,67) deep(16) ok [9.6s; 330720 tasks, 245787 skipped] 32/211 ok=32 fail=0 (502s)
pool stats at 60s (memo entries 6587581):
  depth: run skipped | leaf flat/strassen/koszul | expanded failed | folds kept/total | memo hits T/F | ub-fail
  0: 0 0 | 0/0/0 | 0 0 | 93/256 | 0/0 | 0
  1: 91 0 | 0/0/0 | 91 0 | 11648/11648 | 0/0 | 0
  2: 10289 0 | 0/0/10101 | 188 0 | 12032/12032 | 0/0 | 0
  3: 10111 0 | 0/2642/7371 | 98 0 | 3136/3136 | 1780/0 | 0
  4: 2533 0 | 0/288/2170 | 75 0 | 1200/1200 | 578/0 | 0
  5: 799 0 | 0/2/614 | 183 0 | 15416/15416 | 394/0 | 0
  6: 12609 474 | 0/5/7981 | 4612 0 | 236456/236456 | 1979/53 | 11
  7: 157137 22523 | 12215/0/49066 | 95584 0 | 2882122/2882122 | 55128/737 | 272
  8: 1561746 258069 | 28401/0/1360778 | 170011 0 | 5270528/5270528 | 1040842/20165 | 2551
  9: 2087147 1071655 | 107472/0/1523473 | 442014 0 | 10923890/10923890 | 2010760/100257 | 14182
  10: 2945061 1434676 | 200638/0/2531500 | 200069 0 | 2530748/2530748 | 6155262/388891 | 12854
  11: 373744 653404 | 72040/0/261391 | 37019 0 | 309964/309964 | 1319667/183933 | 3294
  12: 15227 124212 | 8843/0/5509 | 0 655 | 0/0 | 129215/41310 | 220

  depth: run skipped | leaf flat/strassen/koszul | expanded failed | folds kept/total | memo hits T/F | ub-fail
  0: 0 0 | 0/0/0 | 0 0 | 93/256 | 0/0 | 0
  1: 93 0 | 0/0/0 | 93 0 | 11904/11904 | 0/0 | 0
  2: 11904 0 | 0/0/11703 | 201 0 | 12864/12864 | 0/0 | 0
  3: 11012 0 | 0/2927/7973 | 112 0 | 3584/3584 | 1852/0 | 0
  4: 2942 0 | 0/347/2498 | 97 0 | 1552/1552 | 642/0 | 0
  5: 1110 0 | 0/2/807 | 301 0 | 23080/23080 | 442/0 | 0
  6: 18423 716 | 0/5/11395 | 7012 0 | 330460/330460 | 3863/78 | 11
  7: 198088 29784 | 16090/0/70366 | 111320 0 | 3542556/3542556 | 101198/1390 | 312
  8: 1956826 339066 | 34626/0/1711739 | 207524 0 | 6218236/6218236 | 1221425/25239 | 2937
  9: 2457117 1384766 | 121365/0/1683213 | 635801 0 | 15475554/15475554 | 2250840/125513 | 16738
  10: 3685013 1988812 | 228377/0/3186359 | 255548 0 | 3190802/3190802 | 9255296/546433 | 14729
  11: 431890 836899 | 79477/0/306203 | 42634 0 | 353978/353978 | 1687993/234020 | 3576
  12: 16616 142353 | 9487/0/6226 | 0 674 | 0/0 | 147927/47082 | 229
  memo entries: 8105333

  root 32 (1,10,80) deep(16) ok [75.5s; 8791034 tasks, 4722396 skipped] 33/211 ok=33 fail=0 (577s)
  depth: run skipped | leaf flat/strassen/koszul | expanded failed | folds kept/total | memo hits T/F | ub-fail
  0: 0 0 | 0/0/0 | 0 0 | 53/256 | 0/0 | 0
  1: 53 0 | 0/0/0 | 53 0 | 6784/6784 | 0/0 | 0
  2: 6784 0 | 0/0/6690 | 94 0 | 6016/6016 | 0/0 | 0
  3: 6016 0 | 0/2138/3810 | 68 0 | 2176/2176 | 0/0 | 0
  4: 1928 0 | 0/145/1735 | 48 0 | 768/768 | 248/0 | 0
  5: 566 0 | 0/0/457 | 109 0 | 5704/5704 | 202/0 | 0
  6: 4649 235 | 0/0/3021 | 1622 0 | 66524/66524 | 797/23 | 6
  7: 31813 6880 | 4733/0/2152 | 24795 0 | 758222/758222 | 27498/333 | 133
  8: 418808 66154 | 5428/0/365524 | 47460 0 | 1470108/1470108 | 267973/5287 | 396
  9: 459152 348697 | 24287/0/190906 | 241022 0 | 6441360/6441360 | 631664/30595 | 2937
  10: 1529390 539232 | 37069/0/1395704 | 92556 0 | 1203666/1203666 | 4156566/216172 | 4061
  11: 206141 240494 | 24524/0/161010 | 18868 0 | 162240/162240 | 680960/76071 | 1739
  12: 10742 60695 | 6532/0/3498 | 0 526 | 0/0 | 69245/21558 | 186
  memo entries: 2447081

  root 33 (1,10,84) deep(16) ok [23.3s; 2676042 tasks, 1262387 skipped] 34/211 ok=34 fail=0 (601s)
  depth: run skipped | leaf flat/strassen/koszul | expanded failed | folds kept/total | memo hits T/F | ub-fail
  0: 0 0 | 0/0/0 | 0 0 | 86/256 | 0/0 | 0
  1: 86 0 | 0/0/0 | 86 0 | 11008/11008 | 0/0 | 0
  2: 11008 0 | 0/0/10870 | 138 0 | 8832/8832 | 0/0 | 0
  3: 8832 0 | 0/3335/5411 | 86 0 | 2752/2752 | 0/0 | 0
  4: 2389 0 | 0/112/2234 | 43 0 | 688/688 | 363/0 | 0
  5: 349 0 | 0/0/325 | 24 0 | 768/768 | 339/0 | 0
  6: 273 110 | 0/0/1 | 266 0 | 15088/15088 | 375/10 | 6
  7: 3390 1238 | 737/0/292 | 2260 0 | 52232/52232 | 10361/99 | 101
  8: 22197 7881 | 2568/0/10128 | 9223 0 | 240872/240872 | 21576/578 | 278
  9: 68005 32310 | 8125/0/49014 | 9867 0 | 154040/154040 | 134045/6512 | 999
  10: 37412 32605 | 11536/0/19022 | 5829 0 | 53636/53636 | 76812/7211 | 1025
  11: 11391 17181 | 4341/0/4250 | 2280 0 | 19312/19312 | 21552/3512 | 520
  12: 2079 7846 | 991/0/775 | 0 211 | 0/0 | 6960/2427 | 102
  memo entries: 151865

  root 34 (1,10,85) deep(16) ok [7.6s; 167411 tasks, 99171 skipped] 35/211 ok=35 fail=0 (608s)
pool stats at 60s (memo entries 5489220):
  depth: run skipped | leaf flat/strassen/koszul | expanded failed | folds kept/total | memo hits T/F | ub-fail
  0: 0 0 | 0/0/0 | 0 0 | 150/256 | 0/0 | 0
  1: 148 0 | 0/0/0 | 148 0 | 18944/18944 | 0/0 | 0
  2: 17424 0 | 0/0/16631 | 793 0 | 50752/50752 | 0/0 | 0
  3: 46249 0 | 0/19185/26816 | 248 0 | 7936/7936 | 4261/0 | 0
  4: 6584 0 | 0/879/5589 | 116 0 | 1856/1856 | 1298/0 | 0
  5: 1320 0 | 0/116/894 | 310 0 | 15120/15120 | 536/0 | 0
  6: 9115 626 | 0/0/3968 | 5133 0 | 260512/260512 | 4984/77 | 14
  7: 130928 21256 | 16797/0/56723 | 57112 0 | 2100428/2100428 | 105450/1365 | 296
  8: 1032511 236618 | 15910/0/881708 | 132917 0 | 4112148/4112148 | 812848/16570 | 1966
  9: 1593480 816848 | 80251/0/1021407 | 480497 0 | 12617824/12617824 | 1615437/84946 | 11323
  10: 2859142 1241982 | 149228/0/2513678 | 185284 0 | 2391436/2391436 | 8082773/433594 | 10952
  11: 349590 573774 | 64314/0/248951 | 33397 0 | 280778/280778 | 1298562/169510 | 2928
  12: 14381 110683 | 8174/0/5361 | 0 632 | 0/0 | 118018/37696 | 214

pool stats at 120s (memo entries 11692806):
  depth: run skipped | leaf flat/strassen/koszul | expanded failed | folds kept/total | memo hits T/F | ub-fail
  0: 0 0 | 0/0/0 | 0 0 | 150/256 | 0/0 | 0
  1: 150 0 | 0/0/0 | 150 0 | 19200/19200 | 0/0 | 0
  2: 19016 0 | 0/0/18167 | 849 0 | 54336/54336 | 0/0 | 0
  3: 49914 0 | 0/20510/29124 | 280 0 | 8960/8960 | 4325/0 | 0
  4: 7574 0 | 0/962/6444 | 168 0 | 2944/2944 | 1365/0 | 0
  5: 2181 4 | 0/116/1283 | 782 0 | 31536/31536 | 755/0 | 0
  6: 21175 1100 | 0/0/11330 | 9828 0 | 497572/497572 | 9015/121 | 17
  7: 280143 39113 | 23170/0/123802 | 132803 0 | 4783830/4783830 | 175627/2144 | 368
  8: 2520934 468588 | 27474/0/2121375 | 369077 0 | 10375424/10375424 | 1762169/31082 | 3008
  9: 3912992 2123352 | 134868/0/2525420 | 1230692 0 | 31377770/31377770 | 4139394/199205 | 22012
  10: 5383933 3325195 | 285075/0/4718416 | 363137 0 | 4633848/4633848 | 21591352/1077051 | 17304
  11: 530656 1167812 | 97479/0/381679 | 47632 0 | 396696/396696 | 2598075/337305 | 3866
  12: 17745 158544 | 10336/0/6508 | 0 677 | 0/0 | 167930/52477 | 224

  depth: run skipped | leaf flat/strassen/koszul | expanded failed | folds kept/total | memo hits T/F | ub-fail
  0: 0 0 | 0/0/0 | 0 0 | 150/256 | 0/0 | 0
  1: 150 0 | 0/0/0 | 150 0 | 19200/19200 | 0/0 | 0
  2: 19200 0 | 0/0/18340 | 860 0 | 55040/55040 | 0/0 | 0
  3: 50715 0 | 0/20773/29656 | 286 0 | 9152/9152 | 4325/0 | 0
  4: 7787 0 | 0/982/6625 | 180 0 | 3136/3136 | 1365/0 | 0
  5: 2245 4 | 0/116/1283 | 846 0 | 34608/34608 | 887/0 | 0
  6: 23535 1154 | 0/0/12913 | 10605 0 | 557056/557056 | 9792/127 | 17
  7: 310432 42245 | 25783/0/128500 | 155768 0 | 5162492/5162492 | 201976/2403 | 381
  8: 2617942 506189 | 28728/0/2202351 | 383797 0 | 10997544/10997544 | 2005406/32955 | 3066
  9: 4023290 2352497 | 138107/0/2563589 | 1298445 0 | 32640722/32640722 | 4409140/212617 | 23149
  10: 5443667 3603590 | 288346/0/4764712 | 373250 0 | 4732234/4732234 | 22473186/1120279 | 17359
  11: 531792 1205096 | 97566/0/382569 | 47789 0 | 397672/397672 | 2651110/344236 | 3868
  12: 17747 159052 | 10337/0/6509 | 0 677 | 0/0 | 168320/52553 | 224
  memo entries: 11948070

  root 35 (1,10,88) deep(16) ok [124.6s; 13048502 tasks, 7869827 skipped] 36/211 ok=36 fail=0 (733s)
  depth: run skipped | leaf flat/strassen/koszul | expanded failed | folds kept/total | memo hits T/F | ub-fail
  0: 0 0 | 0/0/0 | 0 0 | 108/256 | 0/0 | 0
  1: 108 0 | 0/0/0 | 108 0 | 13824/13824 | 0/0 | 0
  2: 13824 0 | 0/0/13326 | 498 0 | 31872/31872 | 0/0 | 0
  3: 31528 0 | 0/17785/13665 | 78 0 | 2496/2496 | 344/0 | 0
  4: 2239 0 | 0/95/2072 | 72 0 | 1152/1152 | 257/0 | 0
  5: 1116 0 | 0/0/784 | 332 0 | 10848/10848 | 36/0 | 0
  6: 6577 506 | 0/0/3707 | 2867 0 | 101984/101984 | 3697/68 | 3
  7: 52824 7611 | 8061/0/7201 | 37477 0 | 1153656/1153656 | 40872/677 | 85
  8: 541118 89272 | 4878/0/483394 | 52419 0 | 1764858/1764858 | 514948/8318 | 427
  9: 663525 423572 | 38127/0/266122 | 355485 0 | 9689150/9689150 | 643213/34548 | 3791
  10: 2082321 811027 | 52919/0/1897180 | 127369 0 | 1687828/1687828 | 6472233/323569 | 4853
  11: 257695 341390 | 30363/0/201961 | 23499 0 | 198380/198380 | 978626/110117 | 1872
  12: 11745 75657 | 7105/0/3934 | 0 521 | 0/0 | 85030/25948 | 185
  memo entries: 3351142

  root 36 (1,10,92) deep(16) ok [37.5s; 3664620 tasks, 1749035 skipped] 37/211 ok=37 fail=0 (770s)
  depth: run skipped | leaf flat/strassen/koszul | expanded failed | folds kept/total | memo hits T/F | ub-fail
  0: 0 0 | 0/0/0 | 0 0 | 38/256 | 0/0 | 0
  1: 38 0 | 0/0/0 | 38 0 | 4864/4864 | 0/0 | 0
  2: 4864 0 | 0/0/4753 | 111 0 | 7104/7104 | 0/0 | 0
  3: 5205 0 | 0/1378/3770 | 57 0 | 1824/1824 | 1899/0 | 0
  4: 1095 0 | 0/325/745 | 25 0 | 400/400 | 729/0 | 0
  5: 246 0 | 0/8/211 | 27 0 | 920/920 | 154/0 | 0
  6: 480 63 | 0/1/158 | 316 0 | 15704/15704 | 372/5 | 5
  7: 5014 1112 | 1266/0/1437 | 2235 0 | 124292/124292 | 9474/104 | 76
  8: 75259 10735 | 2685/0/60107 | 11983 0 | 303362/303362 | 36919/1379 | 484
  9: 103372 45746 | 8912/0/69090 | 23923 0 | 336360/336360 | 145057/9187 | 1447
  10: 104336 53351 | 19302/0/69456 | 13509 0 | 125750/125750 | 162484/16189 | 2069
  11: 25606 40701 | 9420/0/10105 | 5173 0 | 43046/43046 | 49395/10048 | 908
  12: 3357 17898 | 1374/0/1411 | 0 424 | 0/0 | 15638/6153 | 148
  memo entries: 292792

  root 37 (1,10,128) deep(16) ok [5.1s; 328872 tasks, 169606 skipped] 38/211 ok=38 fail=0 (776s)
  depth: run skipped | leaf flat/strassen/koszul | expanded failed | folds kept/total | memo hits T/F | ub-fail
  0: 0 0 | 0/0/0 | 0 0 | 24/256 | 0/0 | 0
  1: 24 0 | 0/0/0 | 24 0 | 3072/3072 | 0/0 | 0
  2: 3072 0 | 0/0/3040 | 32 0 | 2048/2048 | 0/0 | 0
  3: 1792 0 | 0/559/1217 | 16 0 | 512/512 | 256/0 | 0
  4: 269 0 | 0/0/266 | 3 0 | 48/48 | 243/0 | 0
  5: 48 0 | 0/0/43 | 5 0 | 136/136 | 0/0 | 0
  6: 114 21 | 0/0/0 | 111 0 | 11516/11516 | 1/0 | 3
  7: 2070 960 | 500/0/0 | 1483 0 | 31080/31080 | 8410/76 | 87
  8: 11835 4642 | 2543/0/5406 | 3730 0 | 82306/82306 | 14301/302 | 156
  9: 16426 16700 | 1571/0/12037 | 2537 0 | 40734/40734 | 47176/2004 | 281
  10: 12920 9434 | 2567/0/7707 | 2339 0 | 21522/21522 | 16605/1775 | 307
  11: 5048 6637 | 1952/0/2090 | 738 0 | 5870/5870 | 8511/1326 | 268
  12: 896 2478 | 415/0/303 | 0 120 | 0/0 | 1867/629 | 58
  memo entries: 47822

  root 38 (1,10,132) deep(16) ok [2.1s; 54514 tasks, 40872 skipped] 39/211 ok=39 fail=0 (778s)
  depth: run skipped | leaf flat/strassen/koszul | expanded failed | folds kept/total | memo hits T/F | ub-fail
  0: 0 0 | 0/0/0 | 0 0 | 37/256 | 0/0 | 0
  1: 37 0 | 0/0/0 | 37 0 | 4736/4736 | 0/0 | 0
  2: 4736 0 | 0/0/4692 | 44 0 | 2816/2816 | 0/0 | 0
  3: 2496 0 | 0/710/1760 | 26 0 | 832/832 | 320/0 | 0
  4: 511 0 | 0/14/484 | 13 0 | 208/208 | 321/0 | 0
  5: 205 0 | 0/0/169 | 36 0 | 1248/1248 | 3/0 | 0
  6: 627 105 | 0/0/280 | 338 0 | 18004/18004 | 503/13 | 9
  7: 4578 1579 | 1613/0/91 | 2743 0 | 80454/80454 | 11683/164 | 131
  8: 28064 14456 | 2724/0/14021 | 10998 0 | 261606/261606 | 36140/1794 | 321
  9: 65775 33484 | 14000/0/43126 | 7804 0 | 117450/117450 | 154435/7912 | 845
  10: 32229 29317 | 8117/0/18355 | 4974 0 | 49508/49508 | 50385/5519 | 783
  11: 11912 14130 | 3885/0/5428 | 2065 0 | 16906/16906 | 20196/3270 | 534
  12: 1949 7241 | 887/0/737 | 0 231 | 0/0 | 5686/2030 | 94
  memo entries: 138856

  root 39 (1,10,160) deep(16) ok [3.6s; 153119 tasks, 100312 skipped] 40/211 ok=40 fail=0 (781s)
  depth: run skipped | leaf flat/strassen/koszul | expanded failed | folds kept/total | memo hits T/F | ub-fail
  0: 0 0 | 0/0/0 | 0 0 | 17/256 | 0/0 | 0
  1: 17 0 | 0/0/0 | 17 0 | 2176/2176 | 0/0 | 0
  2: 2176 0 | 0/0/2142 | 34 0 | 2176/2176 | 0/0 | 0
  3: 1344 0 | 0/328/978 | 38 0 | 1216/1216 | 832/0 | 0
  4: 1162 0 | 0/384/741 | 37 0 | 784/784 | 54/0 | 0
  5: 628 19 | 0/58/405 | 165 0 | 8064/8064 | 136/1 | 0
  6: 4315 572 | 0/1/3438 | 854 0 | 38704/38704 | 3147/30 | 22
  7: 17901 2203 | 4201/0/7799 | 5821 0 | 450176/450176 | 18466/134 | 80
  8: 211925 33191 | 3374/0/169998 | 37719 0 | 1697892/1697892 | 200509/4551 | 834
  9: 452853 131500 | 20085/0/243411 | 185174 0 | 4831934/4831934 | 1073912/39627 | 4183
  10: 1173241 250028 | 34398/0/1060358 | 73086 0 | 865956/865956 | 3242463/166202 | 5399
  11: 147046 153120 | 23570/0/105072 | 16487 0 | 126360/126360 | 509003/56787 | 1917
  12: 8270 53794 | 4840/0/2735 | 0 500 | 0/0 | 48003/16293 | 195
  memo entries: 1775314

  root 40 (1,80,1) deep(16) ok [14.7s; 2020878 tasks, 624427 skipped] 41/211 ok=41 fail=0 (796s)
  depth: run skipped | leaf flat/strassen/koszul | expanded failed | folds kept/total | memo hits T/F | ub-fail
  0: 0 0 | 0/0/0 | 0 0 | 14/256 | 0/0 | 0
  1: 14 0 | 0/0/0 | 14 0 | 1792/1792 | 0/0 | 0
  2: 1792 0 | 0/0/1759 | 33 0 | 2112/2112 | 0/0 | 0
  3: 1356 0 | 0/301/1019 | 36 0 | 1152/1152 | 756/0 | 0
  4: 978 0 | 0/321/623 | 34 0 | 608/608 | 174/0 | 0
  5: 446 18 | 0/47/246 | 153 0 | 7192/7192 | 143/1 | 0
  6: 3081 315 | 0/6/2361 | 703 0 | 25940/25940 | 3771/25 | 11
  7: 9858 3300 | 1013/0/4397 | 4381 0 | 376210/376210 | 12676/106 | 67
  8: 171536 14943 | 2388/0/137869 | 30694 0 | 1645166/1645166 | 186287/3444 | 585
  9: 317446 85732 | 13579/0/140037 | 161914 0 | 4530872/4530872 | 1204210/37778 | 1916
  10: 1026549 188134 | 27397/0/944067 | 52344 0 | 667586/667586 | 3165336/150853 | 2741
  11: 109457 92683 | 13447/0/84343 | 10739 0 | 79212/79212 | 425122/40324 | 928
  12: 5497 31749 | 3740/0/1373 | 0 260 | 0/0 | 32294/9672 | 124
  memo entries: 1478050

  root 41 (1,80,2) deep(16) ok [12.7s; 1648010 tasks, 416874 skipped] 42/211 ok=42 fail=0 (808s)
  depth: run skipped | leaf flat/strassen/koszul | expanded failed | folds kept/total | memo hits T/F | ub-fail
  0: 0 0 | 0/0/0 | 0 0 | 53/256 | 0/0 | 0
  1: 53 0 | 0/0/0 | 53 0 | 6784/6784 | 0/0 | 0
  2: 6784 0 | 0/0/6683 | 101 0 | 6464/6464 | 0/0 | 0
  3: 5888 0 | 0/1966/3867 | 55 0 | 1760/1760 | 576/0 | 0
  4: 1590 0 | 0/247/1300 | 43 0 | 688/688 | 170/0 | 0
  5: 403 0 | 0/15/351 | 37 0 | 2216/2216 | 285/0 | 0
  6: 1231 160 | 0/0/430 | 788 0 | 43192/43192 | 818/7 | 13
  7: 11532 6282 | 5036/0/894 | 5421 0 | 105842/105842 | 24866/512 | 181
  8: 29163 25176 | 4965/0/11275 | 12310 0 | 338050/338050 | 50020/1483 | 613
  9: 102838 63655 | 12264/0/70540 | 18041 0 | 253722/253722 | 160952/10605 | 1993
  10: 76617 61805 | 22207/0/41838 | 10638 0 | 101130/101130 | 103315/11985 | 1934
  11: 22772 32945 | 9091/0/8800 | 3995 0 | 32264/32264 | 37765/7648 | 886
  12: 3135 13552 | 1462/0/1189 | 0 340 | 0/0 | 11181/4396 | 144
  memo entries: 236920

  root 42 (1,80,10) deep(16) ok [5.6s; 262006 tasks, 203575 skipped] 43/211 ok=43 fail=0 (814s)
  depth: run skipped | leaf flat/strassen/koszul | expanded failed | folds kept/total | memo hits T/F | ub-fail
  0: 0 0 | 0/0/0 | 0 0 | 16/256 | 0/0 | 0
  1: 16 0 | 0/0/0 | 16 0 | 2048/2048 | 0/0 | 0
  2: 2048 0 | 0/0/2028 | 20 0 | 1280/1280 | 0/0 | 0
  3: 1280 0 | 0/511/755 | 14 0 | 448/448 | 0/0 | 0
  4: 232 0 | 0/1/225 | 6 0 | 96/96 | 216/0 | 0
  5: 66 0 | 0/0/61 | 5 0 | 136/136 | 30/0 | 0
  6: 115 21 | 0/0/0 | 112 0 | 11712/11712 | 0/0 | 3
  7: 2314 1062 | 526/0/0 | 1707 0 | 24872/24872 | 8263/73 | 81
  8: 7335 2862 | 2568/0/1930 | 2749 0 | 124000/124000 | 14472/203 | 88
  9: 31652 12956 | 3124/0/25125 | 2971 0 | 56764/56764 | 76172/3220 | 432
  10: 14192 14651 | 4089/0/8090 | 1589 0 | 14716/14716 | 25215/2706 | 424
  11: 3799 4827 | 1910/0/1060 | 629 0 | 5470/5470 | 5120/970 | 200
  12: 989 2235 | 435/0/349 | 0 146 | 0/0 | 1535/711 | 59
  memo entries: 59216

  root 43 (1,80,20) deep(16) ok [1.5s; 64038 tasks, 38614 skipped] 44/211 ok=44 fail=0 (816s)
  depth: run skipped | leaf flat/strassen/koszul | expanded failed | folds kept/total | memo hits T/F | ub-fail
  0: 0 0 | 0/0/0 | 0 0 | 13/256 | 0/0 | 0
  1: 13 0 | 0/0/0 | 13 0 | 1664/1664 | 0/0 | 0
  2: 1664 0 | 0/0/1630 | 34 0 | 2176/2176 | 0/0 | 0
  3: 1920 0 | 0/584/1317 | 19 0 | 608/608 | 256/0 | 0
  4: 505 0 | 0/157/324 | 24 0 | 384/384 | 103/0 | 0
  5: 283 0 | 0/68/170 | 45 0 | 2760/2760 | 101/0 | 0
  6: 1691 171 | 0/0/989 | 682 0 | 36796/36796 | 888/10 | 20
  7: 10223 3448 | 4120/0/3213 | 2700 0 | 129164/129164 | 22817/308 | 190
  8: 51393 15248 | 5607/0/36536 | 8706 0 | 294682/294682 | 61019/1504 | 544
  9: 95778 52066 | 9723/0/65541 | 18585 0 | 273962/273962 | 138127/8711 | 1929
  10: 90995 54837 | 21896/0/54948 | 12069 0 | 113604/113604 | 115692/12438 | 2082
  11: 22970 35494 | 8779/0/9096 | 4188 0 | 32602/32602 | 46738/8402 | 907
  12: 2622 13819 | 1171/0/1009 | 0 307 | 0/0 | 11707/4454 | 135
  memo entries: 252695

  root 44 (1,80,64) deep(16) ok [3.1s; 280057 tasks, 175083 skipped] 45/211 ok=45 fail=0 (819s)
  depth: run skipped | leaf flat/strassen/koszul | expanded failed | folds kept/total | memo hits T/F | ub-fail
  0: 0 0 | 0/0/0 | 0 0 | 24/256 | 0/0 | 0
  1: 24 0 | 0/0/0 | 24 0 | 3072/3072 | 0/0 | 0
  2: 3072 0 | 0/0/3031 | 41 0 | 2624/2624 | 0/0 | 0
  3: 2368 0 | 0/584/1764 | 20 0 | 640/640 | 256/0 | 0
  4: 569 0 | 0/33/519 | 17 0 | 272/272 | 71/0 | 0
  5: 242 0 | 0/0/224 | 18 0 | 880/880 | 30/0 | 0
  6: 734 93 | 0/0/128 | 598 0 | 31528/31528 | 53/0 | 8
  7: 9473 3983 | 3906/0/599 | 4829 0 | 98772/98772 | 17740/332 | 139
  8: 28788 24162 | 4942/0/11206 | 12052 0 | 336956/336956 | 44434/1388 | 588
  9: 104003 63933 | 12150/0/71670 | 18155 0 | 252914/252914 | 158547/10473 | 2028
  10: 75690 62493 | 22218/0/40936 | 10552 0 | 97120/97120 | 102842/11889 | 1984
  11: 21693 32774 | 8373/0/8582 | 3852 0 | 30964/30964 | 35127/7526 | 886
  12: 2819 13124 | 1200/0/1172 | 0 299 | 0/0 | 10778/4243 | 148
  memo entries: 224636

  root 45 (1,80,66) deep(16) ok [3.5s; 249475 tasks, 200562 skipped] 46/211 ok=46 fail=0 (822s)
  depth: run skipped | leaf flat/strassen/koszul | expanded failed | folds kept/total | memo hits T/F | ub-fail
  0: 0 0 | 0/0/0 | 0 0 | 37/256 | 0/0 | 0
  1: 37 0 | 0/0/0 | 37 0 | 4736/4736 | 0/0 | 0
  2: 4736 0 | 0/0/4677 | 59 0 | 3776/3776 | 0/0 | 0
  3: 3200 0 | 0/922/2243 | 35 0 | 1120/1120 | 576/0 | 0
  4: 1028 0 | 0/67/928 | 33 0 | 528/528 | 92/0 | 0
  5: 421 0 | 0/15/371 | 35 0 | 2072/2072 | 107/0 | 0
  6: 1100 152 | 0/0/366 | 721 0 | 40720/40720 | 811/9 | 13
  7: 10812 5219 | 4262/0/961 | 5410 0 | 105704/105704 | 24223/466 | 179
  8: 29145 25257 | 4995/0/11394 | 12154 0 | 336764/336764 | 49811/1491 | 602
  9: 104188 62724 | 12513/0/71796 | 17865 0 | 251008/251008 | 159191/10661 | 2014
  10: 75385 61194 | 22060/0/40779 | 10535 0 | 98174/98174 | 102577/11852 | 2011
  11: 21488 33361 | 8481/0/8287 | 3865 0 | 29596/29596 | 35733/7592 | 855
  12: 2781 12580 | 1167/0/1130 | 0 340 | 0/0 | 10225/4010 | 144
  memo entries: 229240

  root 46 (1,80,67) deep(16) ok [4.1s; 254321 tasks, 200487 skipped] 47/211 ok=47 fail=0 (826s)
  depth: run skipped | leaf flat/strassen/koszul | expanded failed | folds kept/total | memo hits T/F | ub-fail
  0: 0 0 | 0/0/0 | 0 0 | 16/256 | 0/0 | 0
  1: 16 0 | 0/0/0 | 16 0 | 2048/2048 | 0/0 | 0
  2: 2048 0 | 0/0/2028 | 20 0 | 1280/1280 | 0/0 | 0
  3: 1280 0 | 0/509/757 | 14 0 | 448/448 | 0/0 | 0
  4: 440 0 | 0/2/426 | 12 0 | 192/192 | 8/0 | 0
  5: 147 0 | 0/0/134 | 13 0 | 360/360 | 45/0 | 0
  6: 121 56 | 0/0/0 | 118 0 | 11884/11884 | 178/5 | 3
  7: 2401 951 | 608/0/0 | 1701 0 | 25368/25368 | 8441/91 | 92
  8: 7466 2874 | 2589/0/1991 | 2780 0 | 124840/124840 | 14794/234 | 106
  9: 31438 13275 | 3092/0/25043 | 2865 0 | 55330/55330 | 76820/3307 | 438
  10: 14756 13100 | 4166/0/8626 | 1547 0 | 14362/14362 | 24809/2665 | 417
  11: 3772 4578 | 1916/0/1043 | 619 0 | 5356/5356 | 5102/910 | 194
  12: 1016 2095 | 519/0/314 | 0 129 | 0/0 | 1558/687 | 54
  memo entries: 60222

  root 47 (1,80,84) deep(16) ok [1.5s; 64901 tasks, 36929 skipped] 48/211 ok=48 fail=0 (828s)
  depth: run skipped | leaf flat/strassen/koszul | expanded failed | folds kept/total | memo hits T/F | ub-fail
  0: 0 0 | 0/0/0 | 0 0 | 37/256 | 0/0 | 0
  1: 37 0 | 0/0/0 | 37 0 | 4736/4736 | 0/0 | 0
  2: 4736 0 | 0/0/4690 | 46 0 | 2944/2944 | 0/0 | 0
  3: 2688 0 | 0/849/1808 | 31 0 | 992/992 | 256/0 | 0
  4: 976 0 | 0/4/943 | 29 0 | 464/464 | 16/0 | 0
  5: 264 0 | 0/0/241 | 23 0 | 568/568 | 200/0 | 0
  6: 231 76 | 0/0/0 | 221 0 | 18996/18996 | 254/7 | 10
  7: 3455 1542 | 994/0/0 | 2314 0 | 35412/35412 | 13827/172 | 147
  8: 8035 3589 | 2668/0/2127 | 3117 0 | 131972/131972 | 23423/365 | 123
  9: 32734 13945 | 3643/0/25599 | 2998 0 | 57388/57388 | 81718/3575 | 494
  10: 14598 14355 | 4159/0/8385 | 1621 0 | 15524/15524 | 25686/2749 | 433
  11: 3987 5041 | 1957/0/1118 | 700 0 | 5726/5726 | 5464/1032 | 212
  12: 934 2239 | 443/0/304 | 0 130 | 0/0 | 1821/732 | 57
  memo entries: 67010

  root 48 (1,80,85) deep(16) ok [3.5s; 72675 tasks, 40787 skipped] 49/211 ok=49 fail=0 (831s)
  depth: run skipped | leaf flat/strassen/koszul | expanded failed | folds kept/total | memo hits T/F | ub-fail
  0: 0 0 | 0/0/0 | 0 0 | 12/256 | 0/0 | 0
  1: 12 0 | 0/0/0 | 12 0 | 1536/1536 | 0/0 | 0
  2: 1536 0 | 0/0/1504 | 32 0 | 2048/2048 | 0/0 | 0
  3: 1554 0 | 0/562/972 | 20 0 | 640/640 | 494/0 | 0
  4: 378 0 | 0/61/302 | 15 0 | 240/240 | 262/0 | 0
  5: 174 0 | 0/9/136 | 29 0 | 1192/1192 | 66/0 | 0
  6: 492 73 | 0/1/137 | 351 0 | 16908/16908 | 620/7 | 3
  7: 5079 1363 | 2146/0/1142 | 1731 0 | 101334/101334 | 10333/133 | 60
  8: 56987 8375 | 2782/0/46619 | 7210 0 | 182576/182576 | 34942/1030 | 376
  9: 68724 33651 | 4766/0/45620 | 17323 0 | 248730/248730 | 74786/5415 | 1015
  10: 95694 41470 | 10571/0/70605 | 12837 0 | 122032/122032 | 99653/11913 | 1681
  11: 26166 39191 | 8797/0/11312 | 5131 0 | 41398/41398 | 47163/9512 | 926
  12: 3344 17872 | 1348/0/1396 | 0 439 | 0/0 | 14249/5933 | 161
  memo entries: 233435

  root 49 (1,80,128) deep(16) ok [2.6s; 260140 tasks, 141995 skipped] 50/211 ok=50 fail=0 (834s)
  depth: run skipped | leaf flat/strassen/koszul | expanded failed | folds kept/total | memo hits T/F | ub-fail
  0: 0 0 | 0/0/0 | 0 0 | 7/256 | 0/0 | 0
  1: 7 0 | 0/0/0 | 7 0 | 896/896 | 0/0 | 0
  2: 896 0 | 0/0/890 | 6 0 | 384/384 | 0/0 | 0
  3: 384 0 | 0/88/292 | 4 0 | 128/128 | 0/0 | 0
  4: 64 0 | 0/0/62 | 2 0 | 32/32 | 64/0 | 0
  5: 32 0 | 0/0/28 | 4 0 | 96/96 | 0/0 | 0
  6: 81 14 | 0/0/0 | 79 0 | 10684/10684 | 1/0 | 2
  7: 1634 806 | 370/0/0 | 1186 0 | 19462/19462 | 8171/73 | 78
  8: 4767 2568 | 2548/0/1331 | 793 0 | 40638/40638 | 11932/195 | 95
  9: 5645 6246 | 846/0/3821 | 846 0 | 11456/11456 | 27558/1189 | 132
  10: 3495 2275 | 975/0/1697 | 688 0 | 5886/5886 | 5131/555 | 135
  11: 1539 1558 | 996/0/204 | 216 0 | 1438/1438 | 2314/475 | 123
  12: 263 574 | 148/0/12 | 0 66 | 0/0 | 396/205 | 37
  memo entries: 16299

  root 50 (1,80,132) deep(16) ok [1.0s; 18807 tasks, 14041 skipped] 51/211 ok=51 fail=0 (835s)
  depth: run skipped | leaf flat/strassen/koszul | expanded failed | folds kept/total | memo hits T/F | ub-fail
  0: 0 0 | 0/0/0 | 0 0 | 17/256 | 0/0 | 0
  1: 17 0 | 0/0/0 | 17 0 | 2176/2176 | 0/0 | 0
  2: 2176 0 | 0/0/2142 | 34 0 | 2176/2176 | 0/0 | 0
  3: 1344 0 | 0/336/970 | 38 0 | 1216/1216 | 832/0 | 0
  4: 1182 0 | 0/384/760 | 38 0 | 800/800 | 34/0 | 0
  5: 667 18 | 0/58/442 | 167 0 | 9776/9776 | 114/1 | 0
  6: 4656 662 | 0/1/3525 | 1109 0 | 75088/75088 | 4429/29 | 21
  7: 40990 5318 | 4518/0/18737 | 17651 0 | 730696/730696 | 28636/144 | 84
  8: 307036 78974 | 3533/0/264396 | 38304 0 | 1391360/1391360 | 339846/4840 | 803
  9: 450440 320678 | 24644/0/268363 | 152921 0 | 3510998/3510998 | 588903/31339 | 4512
  10: 745024 486548 | 40025/0/636358 | 63398 0 | 755200/755200 | 2158059/121367 | 5243
  11: 140463 241775 | 25425/0/93202 | 19494 0 | 159162/159162 | 318195/54767 | 2342
  12: 9962 67796 | 5071/0/4102 | 0 575 | 0/0 | 59966/21438 | 214
  memo entries: 1460369

  root 51 (1,84,1) deep(16) ok [14.7s; 1703957 tasks, 1201769 skipped] 52/211 ok=52 fail=0 (850s)
  depth: run skipped | leaf flat/strassen/koszul | expanded failed | folds kept/total | memo hits T/F | ub-fail
  0: 0 0 | 0/0/0 | 0 0 | 14/256 | 0/0 | 0
  1: 14 0 | 0/0/0 | 14 0 | 1792/1792 | 0/0 | 0
  2: 1792 0 | 0/0/1759 | 33 0 | 2112/2112 | 0/0 | 0
  3: 1356 0 | 0/318/1002 | 36 0 | 1152/1152 | 756/0 | 0
  4: 971 0 | 0/321/618 | 32 0 | 576/576 | 181/0 | 0
  5: 468 6 | 0/47/253 | 168 0 | 7872/7872 | 101/1 | 0
  6: 3326 461 | 0/4/2391 | 922 0 | 76648/76648 | 4060/25 | 9
  7: 44260 7399 | 1228/0/35938 | 7035 0 | 441526/441526 | 24876/113 | 59
  8: 193332 67804 | 2648/0/157322 | 32829 0 | 1012026/1012026 | 176700/3690 | 533
  9: 350714 192917 | 18771/0/224209 | 105306 0 | 2524328/2524328 | 448687/19708 | 2428
  10: 574512 209497 | 29043/0/516379 | 26139 0 | 344948/344948 | 1660497/79822 | 2951
  11: 78941 101917 | 13456/0/53668 | 10577 0 | 87716/87716 | 139938/24152 | 1240
  12: 6897 37309 | 3725/0/2591 | 0 422 | 0/0 | 31927/11583 | 159
  memo entries: 1131972

  root 52 (1,84,2) deep(16) ok [10.7s; 1256583 tasks, 617310 skipped] 53/211 ok=53 fail=0 (860s)
  depth: run skipped | leaf flat/strassen/koszul | expanded failed | folds kept/total | memo hits T/F | ub-fail
  0: 0 0 | 0/0/0 | 0 0 | 53/256 | 0/0 | 0
  1: 53 0 | 0/0/0 | 53 0 | 6784/6784 | 0/0 | 0
  2: 6784 0 | 0/0/6683 | 101 0 | 6464/6464 | 0/0 | 0
  3: 5952 0 | 0/2028/3869 | 55 0 | 1760/1760 | 512/0 | 0
  4: 1605 0 | 0/247/1312 | 46 0 | 736/736 | 155/0 | 0
  5: 407 0 | 0/20/350 | 37 0 | 2216/2216 | 329/0 | 0
  6: 1232 153 | 0/0/435 | 786 0 | 43692/43692 | 825/6 | 11
  7: 11499 6814 | 5047/0/889 | 5386 0 | 106778/106778 | 24869/510 | 177
  8: 29420 26142 | 4972/0/11398 | 12421 0 | 342718/342718 | 49712/1504 | 629
  9: 104973 65823 | 12440/0/72295 | 18208 0 | 255634/255634 | 161080/10842 | 2030
  10: 76195 62349 | 22669/0/40674 | 10891 0 | 100466/100466 | 104930/12160 | 1961
  11: 21874 33684 | 8550/0/8679 | 3789 0 | 30094/30094 | 37211/7697 | 856
  12: 2719 12695 | 1249/0/1042 | 0 301 | 0/0 | 10613/4067 | 127
  memo entries: 237025

  root 53 (1,84,10) deep(16) ok [6.1s; 262713 tasks, 207660 skipped] 54/211 ok=54 fail=0 (866s)
  depth: run skipped | leaf flat/strassen/koszul | expanded failed | folds kept/total | memo hits T/F | ub-fail
  0: 0 0 | 0/0/0 | 0 0 | 16/256 | 0/0 | 0
  1: 16 0 | 0/0/0 | 16 0 | 2048/2048 | 0/0 | 0
  2: 2048 0 | 0/0/2028 | 20 0 | 1280/1280 | 0/0 | 0
  3: 1280 0 | 0/536/730 | 14 0 | 448/448 | 0/0 | 0
  4: 237 0 | 0/1/229 | 7 0 | 112/112 | 211/0 | 0
  5: 66 0 | 0/0/61 | 5 0 | 136/136 | 46/0 | 0
  6: 115 21 | 0/0/0 | 112 0 | 11712/11712 | 0/0 | 3
  7: 2331 998 | 541/0/0 | 1709 0 | 25192/25192 | 8300/83 | 81
  8: 7536 2771 | 2550/0/1966 | 2907 0 | 129908/129908 | 14661/224 | 113
  9: 32897 13751 | 3387/0/26012 | 3002 0 | 57524/57524 | 79825/3435 | 496
  10: 15027 14572 | 4215/0/8724 | 1645 0 | 16056/16056 | 25172/2753 | 443
  11: 4399 5068 | 2113/0/1289 | 759 0 | 6368/6368 | 5510/1079 | 238
  12: 1062 2507 | 507/0/359 | 0 130 | 0/0 | 1972/827 | 66
  memo entries: 61626

  root 54 (1,84,20) deep(16) ok [1.5s; 67014 tasks, 39688 skipped] 55/211 ok=55 fail=0 (868s)
  depth: run skipped | leaf flat/strassen/koszul | expanded failed | folds kept/total | memo hits T/F | ub-fail
  0: 0 0 | 0/0/0 | 0 0 | 28/256 | 0/0 | 0
  1: 28 0 | 0/0/0 | 28 0 | 3584/3584 | 0/0 | 0
  2: 3584 0 | 0/0/3403 | 181 0 | 11584/11584 | 0/0 | 0
  3: 10094 0 | 0/2991/6932 | 171 0 | 5472/5472 | 1490/0 | 0
  4: 4236 0 | 0/620/3481 | 135 0 | 2224/2224 | 1236/0 | 0
  5: 1810 0 | 0/172/1292 | 346 0 | 29760/29760 | 414/0 | 0
  6: 13807 1769 | 0/41/10563 | 3107 0 | 115316/115316 | 14034/150 | 96
  7: 62747 9325 | 14470/0/35634 | 12197 0 | 532668/532668 | 42393/851 | 446
  8: 202225 70467 | 17064/0/143065 | 40697 0 | 1246522/1246522 | 253336/6640 | 1399
  9: 376454 195290 | 33543/0/280940 | 57205 0 | 965830/965830 | 644018/30760 | 4766
  10: 248967 213246 | 50472/0/155112 | 38133 0 | 357908/357908 | 459486/44131 | 5250
  11: 63378 129947 | 17252/0/31421 | 12672 0 | 93998/93998 | 136611/27972 | 2033
  12: 6143 45770 | 2605/0/2817 | 0 521 | 0/0 | 29863/12222 | 200
  memo entries: 849960

  root 55 (1,84,64) deep(16) ok [12.2s; 993473 tasks, 665814 skipped] 56/211 ok=56 fail=0 (880s)
  depth: run skipped | leaf flat/strassen/koszul | expanded failed | folds kept/total | memo hits T/F | ub-fail
  0: 0 0 | 0/0/0 | 0 0 | 108/256 | 0/0 | 0
  1: 108 0 | 0/0/0 | 108 0 | 13824/13824 | 0/0 | 0
  2: 13824 0 | 0/0/13301 | 523 0 | 33472/33472 | 0/0 | 0
  3: 31973 0 | 0/18192/13608 | 173 0 | 5536/5536 | 1499/0 | 0
  4: 4838 0 | 0/656/4021 | 161 0 | 2576/2576 | 698/0 | 0
  5: 2176 0 | 0/162/1780 | 234 0 | 12784/12784 | 400/0 | 0
  6: 6871 849 | 0/0/3676 | 3159 0 | 117832/117832 | 4962/102 | 36
  7: 39366 27945 | 22311/0/4667 | 11873 0 | 331124/331124 | 49337/1184 | 515
  8: 80946 86663 | 11746/0/36312 | 31568 0 | 861162/861162 | 157059/6456 | 1320
  9: 248972 147585 | 35009/0/174513 | 35456 0 | 550088/550088 | 440018/24587 | 3994
  10: 137829 138119 | 44526/0/69804 | 19942 0 | 205260/205260 | 246935/27205 | 3557
  11: 38567 67353 | 13588/0/16817 | 6778 0 | 55090/55090 | 83576/15764 | 1384
  12: 4267 24105 | 1798/0/1918 | 0 385 | 0/0 | 19393/7325 | 166
  memo entries: 552556

  root 56 (1,84,66) deep(16) ok [14.2s; 609737 tasks, 492619 skipped] 57/211 ok=57 fail=0 (894s)
  depth: run skipped | leaf flat/strassen/koszul | expanded failed | folds kept/total | memo hits T/F | ub-fail
  0: 0 0 | 0/0/0 | 0 0 | 94/256 | 0/0 | 0
  1: 94 0 | 0/0/0 | 94 0 | 12032/12032 | 0/0 | 0
  2: 12032 0 | 0/0/11599 | 433 0 | 27712/27712 | 0/0 | 0
  3: 27712 0 | 0/17179/10421 | 112 0 | 3584/3584 | 0/0 | 0
  4: 3535 0 | 0/57/3324 | 154 0 | 2464/2464 | 49/0 | 0
  5: 2302 0 | 0/40/2044 | 218 0 | 11664/11664 | 162/0 | 0
  6: 5622 810 | 0/0/2579 | 3025 0 | 83268/83268 | 5126/106 | 18
  7: 22070 25505 | 12921/0/2027 | 6724 0 | 194110/194110 | 34844/849 | 398
  8: 54527 38726 | 13218/0/23902 | 16818 0 | 551916/551916 | 97012/3845 | 589
  9: 136172 74159 | 25767/0/90201 | 18012 0 | 319096/319096 | 326566/15019 | 2192
  10: 72733 71761 | 24766/0/36145 | 9927 0 | 107522/107522 | 159361/15241 | 1895
  11: 20812 31875 | 8006/0/8110 | 3936 0 | 34092/34092 | 47004/7831 | 760
  12: 2999 14285 | 1476/0/1083 | 0 318 | 0/0 | 12184/4624 | 122
  memo entries: 327646

  root 57 (1,84,84) deep(16) ok [11.6s; 360610 tasks, 257121 skipped] 58/211 ok=58 fail=0 (906s)
  depth: run skipped | leaf flat/strassen/koszul | expanded failed | folds kept/total | memo hits T/F | ub-fail
  0: 0 0 | 0/0/0 | 0 0 | 26/256 | 0/0 | 0
  1: 26 0 | 0/0/0 | 26 0 | 3328/3328 | 0/0 | 0
  2: 3328 0 | 0/0/3257 | 71 0 | 4544/4544 | 0/0 | 0
  3: 3212 0 | 0/857/2313 | 42 0 | 1344/1344 | 1332/0 | 0
  4: 833 0 | 0/132/645 | 56 0 | 896/896 | 511/0 | 0
  5: 658 0 | 0/10/551 | 97 0 | 3784/3784 | 238/0 | 0
  6: 1509 249 | 0/1/603 | 897 0 | 38988/38988 | 2003/23 | 8
  7: 11089 3748 | 3458/0/1871 | 5634 0 | 200316/200316 | 23680/471 | 126
  8: 89699 31704 | 4660/0/68127 | 16199 0 | 406606/406606 | 75567/3346 | 713
  9: 131980 67968 | 13673/0/91385 | 25083 0 | 366892/366892 | 194804/11854 | 1839
  10: 121915 70763 | 17723/0/84653 | 17077 0 | 172594/172594 | 156521/17693 | 2462
  11: 35016 55851 | 10586/0/16599 | 6654 0 | 54094/54094 | 68537/13190 | 1177
  12: 4084 23503 | 1646/0/1780 | 0 486 | 0/0 | 18775/7732 | 172
  memo entries: 359853

  root 58 (1,84,128) deep(16) ok [5.1s; 403349 tasks, 253786 skipped] 59/211 ok=59 fail=0 (911s)
  depth: run skipped | leaf flat/strassen/koszul | expanded failed | folds kept/total | memo hits T/F | ub-fail
  0: 0 0 | 0/0/0 | 0 0 | 58/256 | 0/0 | 0
  1: 58 0 | 0/0/0 | 58 0 | 7424/7424 | 0/0 | 0
  2: 7424 0 | 0/0/7358 | 66 0 | 4224/4224 | 0/0 | 0
  3: 3968 0 | 0/1535/2397 | 36 0 | 1152/1152 | 256/0 | 0
  4: 1059 0 | 0/136/890 | 33 0 | 528/528 | 93/0 | 0
  5: 275 0 | 0/16/230 | 29 0 | 1128/1128 | 253/0 | 0
  6: 693 98 | 0/0/273 | 412 0 | 36484/36484 | 332/5 | 8
  7: 16517 3955 | 2481/0/10169 | 3677 0 | 78480/78480 | 15769/243 | 190
  8: 24976 15158 | 4138/0/9016 | 11290 0 | 356934/356934 | 37308/1038 | 532
  9: 93305 58183 | 9022/0/64314 | 18225 0 | 264324/264324 | 194155/11291 | 1744
  10: 82096 62144 | 20901/0/47896 | 11238 0 | 100310/100310 | 107402/12682 | 2061
  11: 21511 34135 | 8679/0/8059 | 3840 0 | 30922/30922 | 37517/7147 | 933
  12: 2965 13008 | 1335/0/1174 | 0 321 | 0/0 | 10700/4249 | 135
  memo entries: 229604

  root 59 (1,84,129) deep(16) ok [5.6s; 254847 tasks, 186681 skipped] 60/211 ok=60 fail=0 (917s)
  depth: run skipped | leaf flat/strassen/koszul | expanded failed | folds kept/total | memo hits T/F | ub-fail
  0: 0 0 | 0/0/0 | 0 0 | 34/256 | 0/0 | 0
  1: 34 0 | 0/0/0 | 34 0 | 4352/4352 | 0/0 | 0
  2: 4352 0 | 0/0/4320 | 32 0 | 2048/2048 | 0/0 | 0
  3: 1921 0 | 0/868/1031 | 22 0 | 704/704 | 127/0 | 0
  4: 426 0 | 0/1/408 | 17 0 | 272/272 | 278/0 | 0
  5: 221 0 | 0/0/185 | 36 0 | 1248/1248 | 51/0 | 0
  6: 654 109 | 0/0/278 | 367 0 | 18408/18408 | 476/9 | 9
  7: 4686 1527 | 1757/0/95 | 2700 0 | 62556/62556 | 12019/176 | 134
  8: 20894 10373 | 2734/0/8791 | 9086 0 | 279868/279868 | 29912/1377 | 283
  9: 75107 26663 | 14903/0/51482 | 7754 0 | 133864/133864 | 169611/8487 | 968
  10: 35671 31572 | 8823/0/21126 | 4725 0 | 50316/50316 | 60104/6517 | 997
  11: 11890 14057 | 4072/0/5291 | 2021 0 | 16932/16932 | 20952/3417 | 506
  12: 1903 7026 | 836/0/751 | 0 214 | 0/0 | 5933/2070 | 102
  memo entries: 144980

  root 60 (1,84,132) deep(16) ok [3.1s; 157759 tasks, 91327 skipped] 61/211 ok=61 fail=0 (920s)
  depth: run skipped | leaf flat/strassen/koszul | expanded failed | folds kept/total | memo hits T/F | ub-fail
  0: 0 0 | 0/0/0 | 0 0 | 75/256 | 0/0 | 0
  1: 75 0 | 0/0/0 | 75 0 | 9600/9600 | 0/0 | 0
  2: 9600 0 | 0/0/9523 | 77 0 | 4928/4928 | 0/0 | 0
  3: 4928 0 | 0/1773/3098 | 57 0 | 1824/1824 | 0/0 | 0
  4: 1771 0 | 0/6/1711 | 54 0 | 864/864 | 53/0 | 0
  5: 563 0 | 0/0/494 | 69 0 | 2664/2664 | 301/0 | 0
  6: 1497 209 | 0/0/684 | 804 0 | 31856/31856 | 932/26 | 9
  7: 6733 5125 | 2642/0/98 | 3805 0 | 90970/90970 | 19642/356 | 188
  8: 24574 19377 | 3206/0/11352 | 9696 0 | 313314/313314 | 44943/2076 | 320
  9: 80589 35757 | 11800/0/58199 | 9421 0 | 153918/153918 | 188801/8167 | 1169
  10: 39970 37671 | 10051/0/23518 | 5304 0 | 56726/56726 | 68869/7408 | 1097
  11: 13416 15856 | 4474/0/6217 | 2161 0 | 17950/17950 | 23522/3932 | 564
  12: 2109 7446 | 952/0/827 | 0 217 | 0/0 | 6180/2215 | 113
  memo entries: 170298

  root 61 (1,84,140) deep(16) ok [7.1s; 185825 tasks, 121441 skipped] 62/211 ok=62 fail=0 (927s)
  depth: run skipped | leaf flat/strassen/koszul | expanded failed | folds kept/total | memo hits T/F | ub-fail
  0: 0 0 | 0/0/0 | 0 0 | 40/256 | 0/0 | 0
  1: 40 0 | 0/0/0 | 40 0 | 5120/5120 | 0/0 | 0
  2: 5120 0 | 0/0/5044 | 76 0 | 4864/4864 | 0/0 | 0
  3: 4864 0 | 0/1052/3781 | 31 0 | 992/992 | 0/0 | 0
  4: 992 0 | 0/167/785 | 40 0 | 896/896 | 0/0 | 0
  5: 797 14 | 0/0/366 | 431 0 | 23576/23576 | 85/0 | 0
  6: 18763 502 | 0/0/14490 | 4215 0 | 221052/221052 | 4269/42 | 58
  7: 131585 14604 | 7426/0/88805 | 35083 0 | 1858750/1858750 | 74326/537 | 271
  8: 818933 217416 | 12330/0/661907 | 142096 0 | 3903314/3903314 | 806609/15792 | 2600
  9: 1442464 679189 | 86686/0/834777 | 505903 0 | 13237908/13237908 | 1697830/83831 | 15098
  10: 2277224 1056110 | 132231/0/1962826 | 170279 0 | 2249674/2249674 | 9415271/489303 | 11888
  11: 317422 468157 | 46761/0/233943 | 33748 0 | 270584/270584 | 1300656/163439 | 2970
  12: 13260 111634 | 7338/0/5033 | 0 666 | 0/0 | 109435/36255 | 223
  memo entries: 4599056

  root 62 (10,1,1) deep(16) ok [43.0s; 5031464 tasks, 2547626 skipped] 63/211 ok=63 fail=0 (970s)
  depth: run skipped | leaf flat/strassen/koszul | expanded failed | folds kept/total | memo hits T/F | ub-fail
  0: 0 0 | 0/0/0 | 0 0 | 64/256 | 0/0 | 0
  1: 64 0 | 0/0/0 | 64 0 | 8192/8192 | 0/0 | 0
  2: 8192 0 | 0/0/8105 | 87 0 | 5568/5568 | 0/0 | 0
  3: 5544 0 | 0/1091/4422 | 31 0 | 992/992 | 24/0 | 0
  4: 926 0 | 0/132/746 | 48 0 | 1280/1280 | 66/0 | 0
  5: 1188 20 | 0/0/567 | 621 0 | 18528/18528 | 72/0 | 0
  6: 15139 638 | 0/0/12048 | 3046 0 | 167320/167320 | 2709/42 | 45
  7: 96065 8889 | 7932/0/57928 | 29998 0 | 1581504/1581504 | 62091/275 | 207
  8: 914501 162300 | 14340/0/763104 | 134838 0 | 3729078/3729078 | 494598/10105 | 2219
  9: 1522903 847820 | 64018/0/985624 | 455947 0 | 12357340/12357340 | 1294601/63754 | 17314
  10: 2192496 1321144 | 133168/0/1862553 | 183662 0 | 2425188/2425188 | 8377275/466425 | 13113
  11: 328167 567188 | 48606/0/241027 | 35454 0 | 285468/285468 | 1357630/172203 | 3080
  12: 13327 118998 | 7218/0/5245 | 0 640 | 0/0 | 115410/37733 | 224
  memo entries: 4692162

  root 63 (10,1,2) deep(16) ok [43.6s; 5098512 tasks, 3026997 skipped] 64/211 ok=64 fail=0 (1013s)
  depth: run skipped | leaf flat/strassen/koszul | expanded failed | folds kept/total | memo hits T/F | ub-fail
  0: 0 0 | 0/0/0 | 0 0 | 20/256 | 0/0 | 0
  1: 20 0 | 0/0/0 | 20 0 | 2560/2560 | 0/0 | 0
  2: 2560 0 | 0/0/2532 | 28 0 | 1792/1792 | 0/0 | 0
  3: 1792 0 | 0/486/1291 | 15 0 | 480/480 | 0/0 | 0
  4: 352 0 | 0/83/247 | 22 0 | 352/352 | 128/0 | 0
  5: 347 0 | 0/12/287 | 48 0 | 832/832 | 5/0 | 0
  6: 456 33 | 0/0/218 | 234 0 | 8772/8772 | 340/3 | 4
  7: 3408 850 | 1851/0/0 | 1499 0 | 79246/79246 | 4404/110 | 58
  8: 27349 13835 | 201/0/12245 | 14539 0 | 456358/456358 | 36211/1851 | 364
  9: 121772 32935 | 15683/0/91908 | 12538 0 | 186588/186588 | 288427/13224 | 1643
  10: 49265 29200 | 19147/0/23010 | 5836 0 | 62182/62182 | 99607/8516 | 1272
  11: 12177 15962 | 4918/0/4466 | 2204 0 | 18884/18884 | 29694/4349 | 589
  12: 1818 7279 | 867/0/646 | 0 208 | 0/0 | 7300/2487 | 97
  memo entries: 200126

  root 64 (10,1,4) deep(16) ok [3.1s; 221316 tasks, 100094 skipped] 65/211 ok=65 fail=0 (1016s)
  depth: run skipped | leaf flat/strassen/koszul | expanded failed | folds kept/total | memo hits T/F | ub-fail
  0: 0 0 | 0/0/0 | 0 0 | 40/256 | 0/0 | 0
  1: 40 0 | 0/0/0 | 40 0 | 5120/5120 | 0/0 | 0
  2: 5120 0 | 0/0/5050 | 70 0 | 4480/4480 | 0/0 | 0
  3: 4480 0 | 0/1282/3176 | 22 0 | 704/704 | 0/0 | 0
  4: 704 0 | 0/88/569 | 47 0 | 752/752 | 0/0 | 0
  5: 658 0 | 0/0/553 | 105 0 | 6984/6984 | 94/0 | 0
  6: 4376 716 | 0/0/1387 | 2957 0 | 140424/140424 | 1857/35 | 32
  7: 43471 9297 | 6422/0/29591 | 7267 0 | 215038/215038 | 86020/1636 | 191
  8: 58338 53367 | 16211/0/17215 | 23738 0 | 563602/563602 | 99373/3960 | 1174
  9: 153922 89222 | 32355/0/84503 | 33178 0 | 467624/467624 | 300418/20040 | 3886
  10: 106556 75241 | 28992/0/58247 | 16188 0 | 184668/184668 | 261855/23972 | 3129
  11: 28529 56420 | 9901/0/10839 | 6753 0 | 50328/50328 | 82096/17623 | 1036
  12: 3090 22438 | 1374/0/1225 | 0 355 | 0/0 | 17953/6847 | 136
  memo entries: 361433

  root 65 (10,1,8) deep(16) ok [6.6s; 409284 tasks, 306701 skipped] 66/211 ok=66 fail=0 (1023s)
  depth: run skipped | leaf flat/strassen/koszul | expanded failed | folds kept/total | memo hits T/F | ub-fail
  0: 0 0 | 0/0/0 | 0 0 | 128/256 | 0/0 | 0
  1: 128 0 | 0/0/0 | 128 0 | 16384/16384 | 0/0 | 0
  2: 16384 0 | 0/0/16261 | 123 0 | 7872/7872 | 0/0 | 0
  3: 7872 0 | 0/2176/5642 | 54 0 | 1728/1728 | 0/0 | 0
  4: 1725 0 | 0/32/1583 | 110 0 | 1760/1760 | 3/0 | 0
  5: 1739 0 | 0/0/1594 | 145 0 | 10280/10280 | 21/0 | 0
  6: 7539 466 | 0/0/3819 | 3709 0 | 118032/118032 | 2238/37 | 11
  7: 46099 34131 | 18116/0/21623 | 6124 0 | 256564/256564 | 36688/1114 | 236
  8: 70607 83027 | 9909/0/29572 | 29564 0 | 762988/762988 | 97841/5089 | 1562
  9: 228102 173426 | 46848/0/121385 | 54228 0 | 828774/828774 | 337921/23539 | 5641
  10: 244938 183277 | 57569/0/149699 | 32280 0 | 375404/375404 | 357484/43075 | 5390
  11: 62645 128537 | 20460/0/26211 | 14308 0 | 108462/108462 | 149221/35001 | 1666
  12: 6312 47876 | 2600/0/3023 | 0 509 | 0/0 | 39534/14740 | 180
  memo entries: 622386

  root 66 (10,1,10) deep(16) ok [12.2s; 694090 tasks, 650740 skipped] 67/211 ok=67 fail=0 (1035s)
  depth: run skipped | leaf flat/strassen/koszul | expanded failed | folds kept/total | memo hits T/F | ub-fail
  0: 0 0 | 0/0/0 | 0 0 | 20/256 | 0/0 | 0
  1: 20 0 | 0/0/0 | 20 0 | 2560/2560 | 0/0 | 0
  2: 2560 0 | 0/0/2538 | 22 0 | 1408/1408 | 0/0 | 0
  3: 1408 0 | 0/398/1006 | 4 0 | 128/128 | 0/0 | 0
  4: 128 0 | 0/0/112 | 16 0 | 256/256 | 0/0 | 0
  5: 199 0 | 0/0/169 | 30 0 | 944/944 | 57/0 | 0
  6: 654 29 | 0/0/246 | 408 0 | 17280/17280 | 260/1 | 0
  7: 5817 3802 | 3181/0/1333 | 1236 0 | 49230/49230 | 7493/168 | 67
  8: 13576 7143 | 3318/0/3340 | 6524 0 | 119260/119260 | 27038/1473 | 394
  9: 26557 18601 | 10603/0/8080 | 7033 0 | 156194/156194 | 68355/5747 | 841
  10: 35654 22503 | 6460/0/24270 | 4004 0 | 39528/39528 | 89759/8278 | 920
  11: 9138 14710 | 3663/0/2736 | 2246 0 | 17544/17544 | 12530/3150 | 493
  12: 1689 8214 | 791/0/564 | 0 225 | 0/0 | 5229/2412 | 109
  memo entries: 87460

  root 67 (10,1,12) deep(16) ok [2.0s; 97400 tasks, 75002 skipped] 68/211 ok=68 fail=0 (1037s)
  depth: run skipped | leaf flat/strassen/koszul | expanded failed | folds kept/total | memo hits T/F | ub-fail
  0: 0 0 | 0/0/0 | 0 0 | 40/256 | 0/0 | 0
  1: 40 0 | 0/0/0 | 40 0 | 5120/5120 | 0/0 | 0
  2: 5120 0 | 0/0/5066 | 54 0 | 3456/3456 | 0/0 | 0
  3: 3456 0 | 0/1262/2171 | 23 0 | 736/736 | 0/0 | 0
  4: 736 0 | 0/27/662 | 47 0 | 752/752 | 0/0 | 0
  5: 614 0 | 0/0/550 | 64 0 | 2240/2240 | 138/0 | 0
  6: 1576 91 | 0/0/652 | 921 0 | 36420/36420 | 565/8 | 3
  7: 13402 8091 | 8423/0/2009 | 2856 0 | 129160/129160 | 14597/330 | 114
  8: 35108 30015 | 5136/0/13607 | 15460 0 | 336066/336066 | 60338/3699 | 905
  9: 80075 65339 | 15874/0/44057 | 17932 0 | 317616/317616 | 178633/12019 | 2212
  10: 76937 56487 | 16407/0/47804 | 10876 0 | 110734/110734 | 167017/17175 | 1850
  11: 22225 33556 | 9129/0/7600 | 4630 0 | 35620/35620 | 46478/8475 | 866
  12: 3010 15162 | 1425/0/1094 | 0 341 | 0/0 | 12700/4748 | 150
  memo entries: 215250

  root 68 (10,1,13) deep(16) ok [4.6s; 242299 tasks, 208741 skipped] 69/211 ok=69 fail=0 (1042s)
  depth: run skipped | leaf flat/strassen/koszul | expanded failed | folds kept/total | memo hits T/F | ub-fail
  0: 0 0 | 0/0/0 | 0 0 | 64/256 | 0/0 | 0
  1: 64 0 | 0/0/0 | 64 0 | 8192/8192 | 0/0 | 0
  2: 8192 0 | 0/0/8114 | 78 0 | 4992/4992 | 0/0 | 0
  3: 4992 0 | 0/1572/3395 | 25 0 | 800/800 | 0/0 | 0
  4: 798 0 | 0/294/456 | 48 0 | 768/768 | 2/0 | 0
  5: 637 0 | 0/0/546 | 91 0 | 7192/7192 | 131/0 | 0
  6: 3357 743 | 0/0/1581 | 1745 0 | 97616/97616 | 3036/56 | 31
  7: 37717 16009 | 2393/0/29002 | 6184 0 | 288724/288724 | 43050/840 | 138
  8: 107961 66925 | 4795/0/65850 | 36101 0 | 959428/959428 | 108445/5393 | 1215
  9: 247579 152097 | 36751/0/166137 | 39040 0 | 565364/565364 | 531109/28643 | 5651
  10: 145969 118568 | 46851/0/74379 | 21004 0 | 212108/212108 | 272860/27967 | 3735
  11: 32136 68924 | 11333/0/12491 | 7118 0 | 54442/54442 | 92630/18418 | 1194
  12: 3438 24270 | 1355/0/1542 | 0 385 | 0/0 | 19094/7640 | 156
  memo entries: 529181

  root 69 (10,1,16) deep(16) ok [8.6s; 592840 tasks, 447536 skipped] 70/211 ok=70 fail=0 (1050s)
  depth: run skipped | leaf flat/strassen/koszul | expanded failed | folds kept/total | memo hits T/F | ub-fail
  0: 0 0 | 0/0/0 | 0 0 | 72/256 | 0/0 | 0
  1: 72 0 | 0/0/0 | 72 0 | 9216/9216 | 0/0 | 0
  2: 9216 0 | 0/0/9126 | 90 0 | 5760/5760 | 0/0 | 0
  3: 5760 0 | 0/1327/4390 | 43 0 | 1376/1376 | 0/0 | 0
  4: 1344 0 | 0/96/1177 | 71 0 | 1136/1136 | 32/0 | 0
  5: 1092 0 | 0/0/982 | 110 0 | 7600/7600 | 44/0 | 0
  6: 6176 294 | 0/0/2483 | 3686 0 | 142540/142540 | 1117/13 | 7
  7: 65371 33613 | 18534/0/34711 | 11828 0 | 595962/595962 | 42487/1069 | 298
  8: 199456 148286 | 24764/0/101496 | 70639 0 | 1720746/1720746 | 237350/10870 | 2557
  9: 465377 345462 | 73637/0/279397 | 102958 0 | 1474250/1474250 | 857057/52850 | 9385
  10: 394467 312162 | 97488/0/236691 | 53071 0 | 620072/620072 | 692289/75332 | 7217
  11: 85237 210329 | 26873/0/38740 | 17597 0 | 135864/135864 | 267969/56537 | 2027
  12: 7153 60168 | 2912/0/3521 | 0 530 | 0/0 | 49832/18711 | 190
  memo entries: 1109276

  root 70 (10,1,17) deep(16) ok [13.7s; 1240721 tasks, 1110314 skipped] 71/211 ok=71 fail=0 (1064s)
  depth: run skipped | leaf flat/strassen/koszul | expanded failed | folds kept/total | memo hits T/F | ub-fail
  0: 0 0 | 0/0/0 | 0 0 | 32/256 | 0/0 | 0
  1: 32 0 | 0/0/0 | 32 0 | 4096/4096 | 0/0 | 0
  2: 4096 0 | 0/0/4070 | 26 0 | 1664/1664 | 0/0 | 0
  3: 1664 0 | 0/489/1171 | 4 0 | 128/128 | 0/0 | 0
  4: 128 0 | 0/0/112 | 16 0 | 256/256 | 0/0 | 0
  5: 224 0 | 0/0/188 | 36 0 | 2080/2080 | 32/0 | 0
  6: 1349 94 | 0/0/927 | 419 0 | 17224/17224 | 625/12 | 3
  7: 5757 6276 | 2467/0/1831 | 1380 0 | 66086/66086 | 5073/118 | 79
  8: 15559 16096 | 4964/0/4141 | 6072 0 | 152102/152102 | 32921/1510 | 382
  9: 43644 23873 | 9696/0/27080 | 5684 0 | 89548/89548 | 79916/4669 | 1184
  10: 26317 16833 | 12647/0/9297 | 3423 0 | 41022/41022 | 42156/4242 | 950
  11: 8732 10017 | 4055/0/2492 | 1823 0 | 15000/15000 | 19076/3197 | 362
  12: 1282 5468 | 768/0/288 | 0 158 | 0/0 | 6418/1832 | 68
  memo entries: 96560

  root 71 (10,1,20) deep(16) ok [3.1s; 108784 tasks, 78657 skipped] 72/211 ok=72 fail=0 (1067s)
  depth: run skipped | leaf flat/strassen/koszul | expanded failed | folds kept/total | memo hits T/F | ub-fail
  0: 0 0 | 0/0/0 | 0 0 | 64/256 | 0/0 | 0
  1: 64 0 | 0/0/0 | 64 0 | 8192/8192 | 0/0 | 0
  2: 8192 0 | 0/0/8131 | 61 0 | 3904/3904 | 0/0 | 0
  3: 3904 0 | 0/1142/2742 | 20 0 | 640/640 | 0/0 | 0
  4: 640 0 | 0/0/592 | 48 0 | 768/768 | 0/0 | 0
  5: 612 0 | 0/0/557 | 55 0 | 3128/3128 | 156/0 | 0
  6: 2072 114 | 0/0/1351 | 717 0 | 30256/30256 | 921/21 | 4
  7: 8400 10614 | 3268/0/3047 | 1990 0 | 113546/113546 | 10998/244 | 95
  8: 31796 25674 | 6332/0/13723 | 11148 0 | 259520/259520 | 54080/1996 | 593
  9: 65468 48342 | 10449/0/43558 | 9518 0 | 131648/131648 | 138061/7649 | 1943
  10: 38531 30239 | 15240/0/16394 | 5674 0 | 58582/58582 | 56999/5879 | 1223
  11: 12147 17053 | 4599/0/4353 | 2661 0 | 21024/21024 | 25012/4370 | 534
  12: 1663 8295 | 854/0/532 | 0 184 | 0/0 | 8542/2524 | 93
  memo entries: 153304

  root 72 (10,1,22) deep(16) ok [5.1s; 173489 tasks, 140331 skipped] 73/211 ok=73 fail=0 (1072s)
  depth: run skipped | leaf flat/strassen/koszul | expanded failed | folds kept/total | memo hits T/F | ub-fail
  0: 0 0 | 0/0/0 | 0 0 | 20/256 | 0/0 | 0
  1: 20 0 | 0/0/0 | 20 0 | 2560/2560 | 0/0 | 0
  2: 2557 0 | 0/0/2531 | 26 0 | 1664/1664 | 3/0 | 0
  3: 1664 0 | 0/376/1278 | 10 0 | 320/320 | 0/0 | 0
  4: 191 0 | 0/25/146 | 20 0 | 320/320 | 129/0 | 0
  5: 316 0 | 0/0/269 | 47 0 | 824/824 | 4/0 | 0
  6: 455 26 | 0/0/218 | 233 0 | 8504/8504 | 340/3 | 4
  7: 3353 875 | 1797/0/0 | 1501 0 | 79228/79228 | 4175/101 | 55
  8: 27279 14019 | 158/0/12131 | 14632 0 | 457160/457160 | 36074/1856 | 358
  9: 121668 32879 | 15858/0/91492 | 12694 0 | 185872/185872 | 289405/13208 | 1624
  10: 48177 30180 | 18667/0/22557 | 5715 0 | 61462/61462 | 99045/8470 | 1238
  11: 11767 16219 | 4709/0/4222 | 2285 0 | 19996/19996 | 29133/4343 | 551
  12: 1956 7935 | 901/0/733 | 0 219 | 0/0 | 7467/2638 | 103
  memo entries: 198683

  root 73 (10,1,32) deep(16) ok [3.1s; 219403 tasks, 102133 skipped] 74/211 ok=74 fail=0 (1075s)
  depth: run skipped | leaf flat/strassen/koszul | expanded failed | folds kept/total | memo hits T/F | ub-fail
  0: 0 0 | 0/0/0 | 0 0 | 72/256 | 0/0 | 0
  1: 72 0 | 0/0/0 | 72 0 | 9216/9216 | 0/0 | 0
  2: 9216 0 | 0/0/9134 | 82 0 | 5248/5248 | 0/0 | 0
  3: 5248 0 | 0/1345/3866 | 37 0 | 1184/1184 | 0/0 | 0
  4: 1173 0 | 0/7/1096 | 70 0 | 1120/1120 | 11/0 | 0
  5: 1080 0 | 0/0/977 | 103 0 | 12152/12152 | 40/0 | 0
  6: 10294 1102 | 0/0/2342 | 7946 0 | 421800/421800 | 725/31 | 6
  7: 188206 45078 | 13961/0/157322 | 16614 0 | 770104/770104 | 185187/3329 | 309
  8: 173593 346129 | 49108/0/64212 | 58172 0 | 1411652/1411652 | 236262/14120 | 2101
  9: 324307 456823 | 69649/0/157562 | 88233 0 | 1287828/1287828 | 582232/48290 | 8863
  10: 298619 341168 | 74800/0/164621 | 52643 0 | 646370/646370 | 581568/66473 | 6555
  11: 84273 225673 | 23090/0/41865 | 17454 0 | 135400/135400 | 276545/59879 | 1864
  12: 6663 58624 | 2449/0/3508 | 0 510 | 0/0 | 50953/19160 | 196
  memo entries: 976502

  root 74 (10,1,80) deep(16) ok [16.2s; 1102744 tasks, 1474597 skipped] 75/211 ok=75 fail=0 (1091s)
  depth: run skipped | leaf flat/strassen/koszul | expanded failed | folds kept/total | memo hits T/F | ub-fail
  0: 0 0 | 0/0/0 | 0 0 | 20/256 | 0/0 | 0
  1: 20 0 | 0/0/0 | 20 0 | 2560/2560 | 0/0 | 0
  2: 2560 0 | 0/0/2538 | 22 0 | 1408/1408 | 0/0 | 0
  3: 1408 0 | 0/258/1146 | 4 0 | 128/128 | 0/0 | 0
  4: 128 0 | 0/0/112 | 16 0 | 256/256 | 0/0 | 0
  5: 256 0 | 0/0/224 | 32 0 | 2816/2816 | 0/0 | 0
  6: 2564 133 | 0/0/700 | 1864 0 | 97628/97628 | 116/3 | 0
  7: 49263 12968 | 5053/0/39710 | 4400 0 | 245470/245470 | 34673/724 | 100
  8: 59231 89888 | 33872/0/9663 | 14873 0 | 367468/367468 | 92282/4069 | 823
  9: 76361 138081 | 27199/0/30373 | 16025 0 | 267156/267156 | 139580/13446 | 2764
  10: 61719 108575 | 21512/0/24854 | 13179 0 | 156606/156606 | 83312/13550 | 2174
  11: 30256 56397 | 5520/0/17970 | 5896 0 | 50524/50524 | 56062/13891 | 870
  12: 3693 20357 | 1114/0/2026 | 0 408 | 0/0 | 19103/7371 | 145
  memo entries: 249517

  root 75 (10,1,84) deep(16) ok [4.6s; 287459 tasks, 426399 skipped] 76/211 ok=76 fail=0 (1096s)
  depth: run skipped | leaf flat/strassen/koszul | expanded failed | folds kept/total | memo hits T/F | ub-fail
  0: 0 0 | 0/0/0 | 0 0 | 40/256 | 0/0 | 0
  1: 40 0 | 0/0/0 | 40 0 | 5120/5120 | 0/0 | 0
  2: 5120 0 | 0/0/5073 | 47 0 | 3008/3008 | 0/0 | 0
  3: 3008 0 | 0/750/2235 | 23 0 | 736/736 | 0/0 | 0
  4: 736 0 | 0/4/685 | 47 0 | 752/752 | 0/0 | 0
  5: 752 0 | 0/0/679 | 73 0 | 5768/5768 | 0/0 | 0
  6: 5238 262 | 0/0/1792 | 3442 0 | 159800/159800 | 258/10 | 4
  7: 90648 25276 | 10702/0/71581 | 8200 0 | 419640/419640 | 42847/1029 | 165
  8: 98631 168694 | 45590/0/19651 | 32049 0 | 777386/777386 | 144767/7548 | 1341
  9: 181237 231906 | 47390/0/85802 | 43272 0 | 717052/717052 | 334007/30236 | 4773
  10: 185527 205758 | 48303/0/105343 | 27929 0 | 344466/344466 | 289521/36246 | 3952
  11: 56987 116980 | 11141/0/32524 | 12021 0 | 93462/93462 | 137425/33074 | 1301
  12: 5085 39790 | 1573/0/2891 | 0 458 | 0/0 | 35608/12979 | 163
  memo entries: 561519

  root 76 (10,1,85) deep(16) ok [8.6s; 633009 tasks, 788666 skipped] 77/211 ok=77 fail=0 (1105s)
  depth: run skipped | leaf flat/strassen/koszul | expanded failed | folds kept/total | memo hits T/F | ub-fail
  0: 0 0 | 0/0/0 | 0 0 | 64/256 | 0/0 | 0
  1: 64 0 | 0/0/0 | 64 0 | 8192/8192 | 0/0 | 0
  2: 8192 0 | 0/0/8143 | 49 0 | 3136/3136 | 0/0 | 0
  3: 3136 0 | 0/812/2304 | 20 0 | 640/640 | 0/0 | 0
  4: 640 0 | 0/0/592 | 48 0 | 768/768 | 0/0 | 0
  5: 725 0 | 0/0/660 | 65 0 | 4904/4904 | 43/0 | 0
  6: 4371 217 | 0/0/1229 | 3141 0 | 165844/165844 | 310/6 | 1
  7: 97290 24279 | 9970/0/77943 | 9197 0 | 507834/507834 | 43096/1179 | 180
  8: 126763 155577 | 71376/0/23768 | 30296 0 | 706380/706380 | 216360/9134 | 1323
  9: 146593 225312 | 45921/0/68189 | 28248 0 | 445766/445766 | 308577/25898 | 4235
  10: 95391 181166 | 32927/0/38792 | 20761 0 | 241420/241420 | 145653/23556 | 2911
  11: 42723 87380 | 7748/0/25834 | 8023 0 | 66020/66020 | 90062/21255 | 1118
  12: 4419 27432 | 1309/0/2528 | 0 427 | 0/0 | 24804/9365 | 155
  memo entries: 465387

  root 77 (10,1,86) deep(16) ok [9.1s; 530307 tasks, 701363 skipped] 78/211 ok=78 fail=0 (1114s)
  depth: run skipped | leaf flat/strassen/koszul | expanded failed | folds kept/total | memo hits T/F | ub-fail
  0: 0 0 | 0/0/0 | 0 0 | 20/256 | 0/0 | 0
  1: 20 0 | 0/0/0 | 20 0 | 2560/2560 | 0/0 | 0
  2: 2560 0 | 0/0/2540 | 20 0 | 1280/1280 | 0/0 | 0
  3: 1280 0 | 0/262/1016 | 2 0 | 64/64 | 0/0 | 0
  4: 64 0 | 0/0/48 | 16 0 | 256/256 | 0/0 | 0
  5: 224 0 | 0/0/196 | 28 0 | 1120/1120 | 32/0 | 0
  6: 1054 32 | 0/0/321 | 733 0 | 43476/43476 | 34/0 | 0
  7: 25703 6760 | 3748/0/17493 | 4360 0 | 197580/197580 | 10744/269 | 102
  8: 43669 42861 | 21626/0/7049 | 14231 0 | 317834/317834 | 105034/6016 | 763
  9: 71663 75960 | 15597/0/38550 | 14606 0 | 214214/214214 | 158522/11689 | 2910
  10: 55645 62244 | 24049/0/20628 | 8635 0 | 104258/104258 | 85517/10808 | 2333
  11: 20921 37521 | 5390/0/9640 | 4991 0 | 41392/41392 | 37215/8601 | 900
  12: 3283 17503 | 1189/0/1534 | 0 417 | 0/0 | 14450/6156 | 143
  memo entries: 197085

  root 78 (10,1,96) deep(16) ok [3.1s; 226086 tasks, 242881 skipped] 79/211 ok=79 fail=0 (1117s)
  depth: run skipped | leaf flat/strassen/koszul | expanded failed | folds kept/total | memo hits T/F | ub-fail
  0: 0 0 | 0/0/0 | 0 0 | 32/256 | 0/0 | 0
  1: 32 0 | 0/0/0 | 32 0 | 4096/4096 | 0/0 | 0
  2: 4096 0 | 0/0/4072 | 24 0 | 1536/1536 | 0/0 | 0
  3: 1536 0 | 0/371/1163 | 2 0 | 64/64 | 0/0 | 0
  4: 64 0 | 0/0/48 | 16 0 | 256/256 | 0/0 | 0
  5: 256 0 | 0/0/216 | 40 0 | 2432/2432 | 0/0 | 0
  6: 1382 140 | 0/0/948 | 431 0 | 18404/18404 | 896/14 | 3
  7: 5865 8081 | 2253/0/1857 | 1678 0 | 78644/78644 | 4329/129 | 77
  8: 23581 19287 | 7126/0/7224 | 8710 0 | 218100/218100 | 34031/1745 | 521
  9: 66717 28150 | 13072/0/42902 | 8967 0 | 124924/124924 | 117022/6211 | 1776
  10: 32969 25341 | 17396/0/9744 | 4578 0 | 54944/54944 | 60701/5913 | 1251
  11: 11861 13923 | 4198/0/4262 | 2907 0 | 23604/23604 | 25135/4025 | 494
  12: 1850 9687 | 950/0/594 | 0 211 | 0/0 | 9193/2874 | 95
  memo entries: 133135

  root 79 (10,1,160) deep(16) ok [3.6s; 150209 tasks, 104609 skipped] 80/211 ok=80 fail=0 (1120s)
pool stats at 60s (memo entries 6536340):
  depth: run skipped | leaf flat/strassen/koszul | expanded failed | folds kept/total | memo hits T/F | ub-fail
  0: 0 0 | 0/0/0 | 0 0 | 128/256 | 0/0 | 0
  1: 70 0 | 0/0/0 | 70 0 | 8960/8960 | 0/0 | 0
  2: 8277 0 | 0/0/8156 | 121 0 | 7744/7744 | 0/0 | 0
  3: 7619 0 | 0/2903/4680 | 36 0 | 1152/1152 | 82/0 | 0
  4: 1006 0 | 0/259/714 | 33 0 | 1808/1808 | 132/0 | 0
  5: 1729 55 | 0/0/275 | 1454 0 | 39448/39448 | 15/0 | 0
  6: 33935 899 | 0/0/25781 | 8120 0 | 338888/338888 | 4581/28 | 34
  7: 184468 25142 | 8506/0/130308 | 45414 0 | 3236062/3236062 | 128055/1000 | 240
  8: 1657700 268934 | 23797/0/1472393 | 158751 0 | 4658708/4658708 | 1282611/25336 | 2759
  9: 1991389 891285 | 102418/0/1475902 | 395672 0 | 10035824/10035824 | 1694437/81264 | 17385
  10: 2786665 1267480 | 191311/0/2399997 | 180899 0 | 2413906/2413906 | 5623690/357939 | 14458
  11: 390051 597900 | 63548/0/286321 | 36822 0 | 314160/314160 | 1244494/181461 | 3360
  12: 15839 127002 | 9216/0/5745 | 0 655 | 0/0 | 129451/41868 | 223

  depth: run skipped | leaf flat/strassen/koszul | expanded failed | folds kept/total | memo hits T/F | ub-fail
  0: 0 0 | 0/0/0 | 0 0 | 128/256 | 0/0 | 0
  1: 128 0 | 0/0/0 | 128 0 | 16384/16384 | 0/0 | 0
  2: 16384 0 | 0/0/16187 | 197 0 | 12608/12608 | 0/0 | 0
  3: 12470 0 | 0/5256/7122 | 92 0 | 2944/2944 | 138/0 | 0
  4: 2529 0 | 0/814/1646 | 69 0 | 2640/2640 | 415/0 | 0
  5: 2337 67 | 0/0/340 | 1997 0 | 71248/71248 | 236/0 | 0
  6: 56030 1565 | 0/0/42863 | 13120 0 | 646676/646676 | 13552/101 | 47
  7: 347373 50170 | 22474/0/245359 | 79146 0 | 5712368/5712368 | 247751/1382 | 394
  8: 2773406 584569 | 36523/0/2459185 | 273801 0 | 8580282/8580282 | 2310494/43899 | 3897
  9: 3422129 1763971 | 133265/0/2352425 | 911601 0 | 23764296/23764296 | 3233521/160661 | 24838
  10: 4258573 2591501 | 262181/0/3679582 | 298816 0 | 3819278/3819278 | 16061769/852453 | 17994
  11: 481083 957193 | 80407/0/353003 | 43871 0 | 369130/369130 | 2101971/279031 | 3802
  12: 17225 150600 | 10168/0/6139 | 0 687 | 0/0 | 152414/48891 | 231
  memo entries: 10573517

  root 80 (10,10,1) deep(16) ok [107.4s; 11389667 tasks, 6099636 skipped] 81/211 ok=81 fail=0 (1228s)
  depth: run skipped | leaf flat/strassen/koszul | expanded failed | folds kept/total | memo hits T/F | ub-fail
  0: 0 0 | 0/0/0 | 0 0 | 72/256 | 0/0 | 0
  1: 72 0 | 0/0/0 | 72 0 | 9216/9216 | 0/0 | 0
  2: 9216 0 | 0/0/9100 | 116 0 | 7424/7424 | 0/0 | 0
  3: 7424 0 | 0/2894/4421 | 109 0 | 3488/3488 | 0/0 | 0
  4: 3379 0 | 0/552/2745 | 82 0 | 1632/1632 | 109/0 | 0
  5: 1492 42 | 0/0/1239 | 253 0 | 19016/19016 | 98/0 | 0
  6: 10971 1058 | 0/0/6286 | 4643 0 | 162080/162080 | 6909/78 | 42
  7: 94213 12942 | 9016/0/59077 | 25857 0 | 1234768/1234768 | 54290/635 | 263
  8: 447406 136948 | 5640/0/334219 | 105457 0 | 2697786/2697786 | 637886/12528 | 2090
  9: 926707 333266 | 80820/0/674929 | 161303 0 | 3885088/3885088 | 1380493/57320 | 9655
  10: 1411935 445634 | 91125/0/1217711 | 94666 0 | 1204230/1204230 | 1888977/138542 | 8433
  11: 235858 270962 | 39466/0/170483 | 23410 0 | 198656/198656 | 611930/85480 | 2499
  12: 11691 78756 | 6538/0/4365 | 0 588 | 0/0 | 81640/26569 | 200
  memo entries: 2866866

  root 81 (10,10,2) deep(16) ok [27.4s; 3160364 tasks, 1279608 skipped] 82/211 ok=82 fail=0 (1255s)
  depth: run skipped | leaf flat/strassen/koszul | expanded failed | folds kept/total | memo hits T/F | ub-fail
  0: 0 0 | 0/0/0 | 0 0 | 36/256 | 0/0 | 0
  1: 36 0 | 0/0/0 | 36 0 | 4608/4608 | 0/0 | 0
  2: 4608 0 | 0/0/4570 | 38 0 | 2432/2432 | 0/0 | 0
  3: 2428 0 | 0/890/1504 | 34 0 | 1088/1088 | 4/0 | 0
  4: 1084 0 | 0/253/784 | 47 0 | 752/752 | 4/0 | 0
  5: 605 0 | 0/0/458 | 147 0 | 8760/8760 | 147/0 | 0
  6: 5813 151 | 0/0/2855 | 2949 0 | 119988/119988 | 2775/21 | 9
  7: 78791 7901 | 2675/0/59207 | 16780 0 | 904122/904122 | 32965/331 | 129
  8: 381801 111930 | 3670/0/285511 | 91265 0 | 2107158/2107158 | 400847/9544 | 1355
  9: 736496 270804 | 59887/0/534421 | 135669 0 | 3369818/3369818 | 1055734/44124 | 6519
  10: 1218840 359935 | 81306/0/1060840 | 70509 0 | 935676/935676 | 1673432/117611 | 6185
  11: 201674 198624 | 30094/0/150098 | 19482 0 | 168132/168132 | 472519/62859 | 2000
  12: 10897 64496 | 6287/0/3905 | 0 517 | 0/0 | 70781/21958 | 188
  memo entries: 2443260

  root 82 (10,10,4) deep(16) ok [20.8s; 2643073 tasks, 1013841 skipped] 83/211 ok=83 fail=0 (1276s)
pool stats at 60s (memo entries 6165633):
  depth: run skipped | leaf flat/strassen/koszul | expanded failed | folds kept/total | memo hits T/F | ub-fail
  0: 0 0 | 0/0/0 | 0 0 | 136/256 | 0/0 | 0
  1: 136 0 | 0/0/0 | 136 0 | 17408/17408 | 0/0 | 0
  2: 16462 0 | 0/0/16266 | 196 0 | 12544/12544 | 0/0 | 0
  3: 12515 0 | 0/4571/7869 | 75 0 | 2400/2400 | 0/0 | 0
  4: 2379 0 | 0/825/1462 | 92 0 | 1600/1600 | 0/0 | 0
  5: 1433 29 | 0/1/1061 | 371 0 | 19096/19096 | 138/0 | 0
  6: 13456 772 | 0/0/6489 | 6958 0 | 461424/461424 | 4782/44 | 9
  7: 224389 46533 | 18473/0/160919 | 44700 0 | 3006204/3006204 | 189192/1188 | 297
  8: 1324375 424057 | 27941/0/1124682 | 168080 0 | 5169670/5169670 | 1230317/26702 | 3660
  9: 1883529 945093 | 125340/0/1276566 | 464788 0 | 11665648/11665648 | 2231155/109893 | 16835
  10: 2893670 1101048 | 180413/0/2516567 | 183797 0 | 2422176/2422176 | 7267237/403693 | 12893
  11: 366854 555358 | 67304/0/258560 | 37411 0 | 311200/311200 | 1324075/175889 | 3579
  12: 15595 126185 | 8912/0/5795 | 0 663 | 0/0 | 127869/41551 | 225

  depth: run skipped | leaf flat/strassen/koszul | expanded failed | folds kept/total | memo hits T/F | ub-fail
  0: 0 0 | 0/0/0 | 0 0 | 136/256 | 0/0 | 0
  1: 136 0 | 0/0/0 | 136 0 | 17408/17408 | 0/0 | 0
  2: 17408 0 | 0/0/17207 | 201 0 | 12864/12864 | 0/0 | 0
  3: 12864 0 | 0/4710/8077 | 77 0 | 2464/2464 | 0/0 | 0
  4: 2464 0 | 0/842/1522 | 100 0 | 1728/1728 | 0/0 | 0
  5: 1561 29 | 0/1/1173 | 387 0 | 20632/20632 | 138/0 | 0
  6: 13812 880 | 0/0/6653 | 7150 0 | 465736/465736 | 5884/56 | 9
  7: 226036 47559 | 18564/0/161111 | 46061 0 | 3125534/3125534 | 190920/1221 | 300
  8: 1414537 427019 | 29392/0/1210249 | 171177 0 | 5297402/5297402 | 1256175/27803 | 3719
  9: 1933327 957658 | 127139/0/1320809 | 468371 0 | 11749776/11749776 | 2293832/112585 | 17008
  10: 2903760 1112497 | 184654/0/2521830 | 184342 0 | 2428946/2428946 | 7326578/406941 | 12934
  11: 367020 558289 | 67350/0/258607 | 37479 0 | 311584/311584 | 1327205/176432 | 3584
  12: 15598 126441 | 8914/0/5796 | 0 663 | 0/0 | 127956/41589 | 225
  memo entries: 6307768

  root 83 (10,10,10) deep(16) ok [62.8s; 6908523 tasks, 3230372 skipped] 84/211 ok=84 fail=0 (1339s)
  depth: run skipped | leaf flat/strassen/koszul | expanded failed | folds kept/total | memo hits T/F | ub-fail
  0: 0 0 | 0/0/0 | 0 0 | 88/256 | 0/0 | 0
  1: 88 0 | 0/0/0 | 88 0 | 11264/11264 | 0/0 | 0
  2: 11264 0 | 0/0/11149 | 115 0 | 7360/7360 | 0/0 | 0
  3: 7360 0 | 0/2599/4719 | 42 0 | 1344/1344 | 0/0 | 0
  4: 1344 0 | 0/425/886 | 33 0 | 912/912 | 0/0 | 0
  5: 865 40 | 0/0/432 | 433 0 | 14824/14824 | 7/0 | 0
  6: 11430 825 | 0/0/8001 | 3424 0 | 288244/288244 | 2559/10 | 5
  7: 150058 20446 | 8344/0/112177 | 29391 0 | 1865654/1865654 | 117176/564 | 146
  8: 808438 286952 | 9627/0/656469 | 140018 0 | 4035248/4035248 | 754394/15870 | 2324
  9: 1562203 627461 | 92790/0/1006643 | 451634 0 | 11830838/11830838 | 1764826/80758 | 11136
  10: 2682836 877639 | 133321/0/2376688 | 162518 0 | 2155722/2155722 | 7871609/398754 | 10309
  11: 352827 440691 | 52523/0/263188 | 33913 0 | 285694/285694 | 1214647/147557 | 3203
  12: 15367 113677 | 9002/0/5493 | 0 658 | 0/0 | 118987/37663 | 214
  memo entries: 5199070

  root 84 (10,10,11) deep(16) ok [47.1s; 5604080 tasks, 2367731 skipped] 85/211 ok=85 fail=0 (1386s)
  depth: run skipped | leaf flat/strassen/koszul | expanded failed | folds kept/total | memo hits T/F | ub-fail
  0: 0 0 | 0/0/0 | 0 0 | 64/256 | 0/0 | 0
  1: 64 0 | 0/0/0 | 64 0 | 8192/8192 | 0/0 | 0
  2: 8192 0 | 0/0/8158 | 34 0 | 2176/2176 | 0/0 | 0
  3: 2176 0 | 0/889/1266 | 21 0 | 672/672 | 0/0 | 0
  4: 672 0 | 0/202/453 | 17 0 | 272/272 | 0/0 | 0
  5: 269 0 | 0/0/137 | 132 0 | 5088/5088 | 3/0 | 0
  6: 2698 112 | 0/0/1346 | 1348 0 | 115512/115512 | 2261/17 | 4
  7: 39695 7507 | 1727/0/29264 | 8620 0 | 446194/446194 | 67955/355 | 84
  8: 141022 71940 | 1772/0/100393 | 38155 0 | 1123274/1123274 | 229481/3751 | 702
  9: 345191 187864 | 31118/0/202963 | 107274 0 | 2896054/2896054 | 566111/24108 | 3836
  10: 875118 245131 | 32916/0/789555 | 48651 0 | 656618/656618 | 1678804/97001 | 3996
  11: 142967 129085 | 18820/0/108149 | 14523 0 | 120570/120570 | 342142/42424 | 1475
  12: 9154 47714 | 5756/0/2765 | 0 455 | 0/0 | 47967/15735 | 178
  memo entries: 1468237

  root 85 (10,10,12) deep(16) ok [13.7s; 1567218 tasks, 689353 skipped] 86/211 ok=86 fail=0 (1400s)
  depth: run skipped | leaf flat/strassen/koszul | expanded failed | folds kept/total | memo hits T/F | ub-fail
  0: 0 0 | 0/0/0 | 0 0 | 128/256 | 0/0 | 0
  1: 128 0 | 0/0/0 | 128 0 | 16384/16384 | 0/0 | 0
  2: 16384 0 | 0/0/16302 | 82 0 | 5248/5248 | 0/0 | 0
  3: 5248 0 | 0/2091/3109 | 48 0 | 1536/1536 | 0/0 | 0
  4: 1536 0 | 0/328/1142 | 66 0 | 1056/1056 | 0/0 | 0
  5: 1015 0 | 0/0/819 | 196 0 | 7008/7008 | 41/0 | 0
  6: 3980 219 | 0/0/1687 | 2289 0 | 163896/163896 | 2781/28 | 4
  7: 58311 17694 | 8834/0/37499 | 11807 0 | 637464/637464 | 87344/547 | 171
  8: 181049 134717 | 15737/0/112114 | 51573 0 | 1683268/1683268 | 312654/9044 | 1625
  9: 532644 275102 | 43985/0/277450 | 204389 0 | 5151112/5151112 | 834855/40667 | 6820
  10: 1399067 349211 | 60289/0/1253009 | 80308 0 | 1018926/1018926 | 3229216/173618 | 5461
  11: 180185 187031 | 24418/0/136968 | 16991 0 | 141666/141666 | 586925/64785 | 1808
  12: 9695 55984 | 5975/0/3029 | 0 508 | 0/0 | 57584/18403 | 183
  memo entries: 2157065

  root 86 (10,10,13) deep(16) ok [22.3s; 2389242 tasks, 1019958 skipped] 87/211 ok=87 fail=0 (1422s)
  depth: run skipped | leaf flat/strassen/koszul | expanded failed | folds kept/total | memo hits T/F | ub-fail
  0: 0 0 | 0/0/0 | 0 0 | 52/256 | 0/0 | 0
  1: 52 0 | 0/0/0 | 52 0 | 6656/6656 | 0/0 | 0
  2: 6656 0 | 0/0/6566 | 90 0 | 5760/5760 | 0/0 | 0
  3: 5760 0 | 0/2036/3673 | 51 0 | 1632/1632 | 0/0 | 0
  4: 1600 0 | 0/511/1043 | 46 0 | 800/800 | 32/0 | 0
  5: 725 11 | 0/0/502 | 223 0 | 8376/8376 | 64/0 | 0
  6: 5039 223 | 0/0/2558 | 2471 0 | 168728/168728 | 3099/15 | 10
  7: 69764 12090 | 5892/0/46996 | 16706 0 | 1162172/1162172 | 86510/364 | 170
  8: 509267 153705 | 6495/0/421326 | 79762 0 | 2289406/2289406 | 488133/11067 | 1684
  9: 888976 342935 | 57026/0/611122 | 212613 0 | 5463136/5463136 | 1011948/45547 | 8215
  10: 1646922 475253 | 92573/0/1436678 | 108663 0 | 1387528/1387528 | 3152267/188694 | 9008
  11: 249303 307358 | 39218/0/178045 | 29054 0 | 238524/238524 | 731369/99498 | 2986
  12: 13962 99666 | 7780/0/5307 | 0 652 | 0/0 | 92450/32446 | 223
  memo entries: 3104143

  root 87 (10,10,17) deep(16) ok [26.9s; 3398026 tasks, 1391241 skipped] 88/211 ok=88 fail=0 (1449s)
  depth: run skipped | leaf flat/strassen/koszul | expanded failed | folds kept/total | memo hits T/F | ub-fail
  0: 0 0 | 0/0/0 | 0 0 | 72/256 | 0/0 | 0
  1: 72 0 | 0/0/0 | 72 0 | 9216/9216 | 0/0 | 0
  2: 9216 0 | 0/0/9100 | 116 0 | 7424/7424 | 0/0 | 0
  3: 7424 0 | 0/2841/4523 | 60 0 | 1920/1920 | 0/0 | 0
  4: 1849 0 | 0/411/1390 | 48 0 | 768/768 | 71/0 | 0
  5: 634 0 | 0/0/431 | 203 0 | 13592/13592 | 134/0 | 0
  6: 10977 381 | 0/0/7739 | 3196 0 | 115732/115732 | 2200/34 | 42
  7: 73006 8806 | 10125/0/37153 | 25497 0 | 1870414/1870414 | 33562/358 | 231
  8: 720230 119151 | 13027/0/644918 | 59993 0 | 2027528/2027528 | 1014701/16332 | 2292
  9: 627463 257309 | 69322/0/460375 | 89724 0 | 1637352/1637352 | 1092258/50498 | 8042
  10: 479103 234009 | 71330/0/359110 | 42958 0 | 524430/524430 | 860157/64083 | 5705
  11: 120893 138936 | 23401/0/80867 | 14777 0 | 128500/128500 | 224471/40130 | 1848
  12: 9924 50173 | 5785/0/3401 | 0 537 | 0/0 | 50986/17417 | 201
  memo entries: 1796641

  root 88 (10,10,64) deep(16) ok [23.3s; 2060791 tasks, 808765 skipped] 89/211 ok=89 fail=0 (1472s)
  depth: run skipped | leaf flat/strassen/koszul | expanded failed | folds kept/total | memo hits T/F | ub-fail
  0: 0 0 | 0/0/0 | 0 0 | 136/256 | 0/0 | 0
  1: 136 0 | 0/0/0 | 136 0 | 17408/17408 | 0/0 | 0
  2: 17408 0 | 0/0/17278 | 130 0 | 8320/8320 | 0/0 | 0
  3: 8319 0 | 0/3075/5161 | 83 0 | 2656/2656 | 1/0 | 0
  4: 2620 0 | 0/605/1941 | 74 0 | 1184/1184 | 36/0 | 0
  5: 1069 0 | 0/0/776 | 293 0 | 13288/13288 | 115/0 | 0
  6: 10559 434 | 0/0/6303 | 4237 0 | 203944/203944 | 2266/29 | 19
  7: 130318 13387 | 13987/0/83592 | 32500 0 | 2404356/2404356 | 59645/594 | 239
  8: 973251 197971 | 24818/0/848744 | 96764 0 | 3123254/3123254 | 1213479/19655 | 2925
  9: 1120274 438309 | 91631/0/800981 | 216797 0 | 5140278/5140278 | 1498354/66317 | 10865
  10: 1484622 448853 | 121166/0/1266147 | 89950 0 | 1153000/1153000 | 3029940/176863 | 7359
  11: 220210 243549 | 37288/0/158532 | 22180 0 | 186896/186896 | 609073/80168 | 2210
  12: 11729 72446 | 6742/0/4212 | 0 573 | 0/0 | 78218/24503 | 202
  memo entries: 3589950

  root 89 (10,10,66) deep(16) ok [41.0s; 3980515 tasks, 1414949 skipped] 90/211 ok=90 fail=0 (1513s)
pool stats at 60s (memo entries 5430652):
  depth: run skipped | leaf flat/strassen/koszul | expanded failed | folds kept/total | memo hits T/F | ub-fail
  0: 0 0 | 0/0/0 | 0 0 | 256/256 | 0/0 | 0
  1: 198 0 | 0/0/0 | 198 0 | 25344/25344 | 0/0 | 0
  2: 23948 0 | 0/0/23742 | 206 0 | 13184/13184 | 0/0 | 0
  3: 13065 0 | 0/5189/7765 | 111 0 | 3552/3552 | 2/0 | 0
  4: 3467 0 | 0/674/2695 | 98 0 | 1568/1568 | 67/0 | 0
  5: 1408 0 | 0/0/1020 | 388 0 | 19552/19552 | 155/0 | 0
  6: 15645 571 | 0/0/9141 | 6475 0 | 304912/304912 | 3260/44 | 29
  7: 194030 21698 | 20840/0/125786 | 47055 0 | 3487624/3487624 | 87793/893 | 349
  8: 1401272 283945 | 31146/0/1195621 | 170759 0 | 5115580/5115580 | 1772569/29125 | 3746
  9: 1832770 751352 | 125904/0/1361931 | 329284 0 | 7951440/7951440 | 2425641/105283 | 15644
  10: 2189395 807358 | 187616/0/1858127 | 132849 0 | 1739006/1739006 | 4681516/273142 | 10799
  11: 306739 408479 | 57353/0/216442 | 30198 0 | 252726/252726 | 894230/129558 | 2746
  12: 13718 98162 | 7935/0/4966 | 0 606 | 0/0 | 107521/33325 | 211

  depth: run skipped | leaf flat/strassen/koszul | expanded failed | folds kept/total | memo hits T/F | ub-fail
  0: 0 0 | 0/0/0 | 0 0 | 256/256 | 0/0 | 0
  1: 256 0 | 0/0/0 | 256 0 | 32768/32768 | 0/0 | 0
  2: 32768 0 | 0/0/32493 | 275 0 | 17600/17600 | 0/0 | 0
  3: 17597 0 | 0/6684/10775 | 138 0 | 4416/4416 | 3/0 | 0
  4: 4348 0 | 0/903/3273 | 172 0 | 2752/2752 | 68/0 | 0
  5: 2580 0 | 0/0/1888 | 692 0 | 38944/38944 | 172/0 | 0
  6: 29908 1318 | 0/0/17156 | 12718 0 | 590336/590336 | 7608/110 | 34
  7: 332251 67348 | 38329/0/223245 | 70079 0 | 5190516/5190516 | 188376/2361 | 598
  8: 2146248 510417 | 72761/0/1837700 | 229955 0 | 7083082/7083082 | 2486528/47323 | 5832
  9: 2365148 1164567 | 190666/0/1718862 | 433354 0 | 9991792/9991792 | 3397221/156146 | 22266
  10: 2571272 1136357 | 233421/0/2148506 | 175363 0 | 2235068/2235068 | 5927268/356895 | 13982
  11: 354606 571826 | 66955/0/247428 | 36932 0 | 309436/309436 | 1137565/171071 | 3291
  12: 15214 122193 | 8431/0/5918 | 0 645 | 0/0 | 130312/41717 | 220
  memo entries: 7114406

  root 90 (10,10,67) deep(16) ok [84.6s; 7872196 tasks, 3574026 skipped] 91/211 ok=91 fail=0 (1598s)
  depth: run skipped | leaf flat/strassen/koszul | expanded failed | folds kept/total | memo hits T/F | ub-fail
  0: 0 0 | 0/0/0 | 0 0 | 64/256 | 0/0 | 0
  1: 64 0 | 0/0/0 | 64 0 | 8192/8192 | 0/0 | 0
  2: 8192 0 | 0/0/8160 | 32 0 | 2048/2048 | 0/0 | 0
  3: 2048 0 | 0/823/1203 | 22 0 | 704/704 | 0/0 | 0
  4: 704 0 | 0/95/575 | 34 0 | 544/544 | 0/0 | 0
  5: 540 0 | 0/0/361 | 179 0 | 4600/4600 | 4/0 | 0
  6: 2955 161 | 0/0/1574 | 1377 0 | 88100/88100 | 1477/7 | 4
  7: 45789 10397 | 6971/0/30712 | 7932 0 | 505054/505054 | 31437/477 | 174
  8: 150386 68653 | 23888/0/97086 | 28105 0 | 754228/754228 | 276368/9647 | 1307
  9: 202527 123720 | 34037/0/138909 | 24830 0 | 367762/367762 | 405387/22594 | 4751
  10: 98716 91784 | 42271/0/40867 | 12782 0 | 141420/141420 | 159056/18206 | 2796
  11: 26929 51230 | 8633/0/11381 | 5881 0 | 48882/48882 | 51874/11387 | 1034
  12: 3593 21054 | 1521/0/1562 | 0 375 | 0/0 | 17216/7019 | 135
  memo entries: 483959

  root 91 (10,10,68) deep(16) ok [9.1s; 542443 tasks, 366999 skipped] 92/211 ok=92 fail=0 (1607s)
  depth: run skipped | leaf flat/strassen/koszul | expanded failed | folds kept/total | memo hits T/F | ub-fail
  0: 0 0 | 0/0/0 | 0 0 | 128/256 | 0/0 | 0
  1: 128 0 | 0/0/0 | 128 0 | 16384/16384 | 0/0 | 0
  2: 16384 0 | 0/0/16310 | 74 0 | 4736/4736 | 0/0 | 0
  3: 4733 0 | 0/1645/3035 | 53 0 | 1696/1696 | 3/0 | 0
  4: 1696 0 | 0/215/1396 | 85 0 | 1360/1360 | 0/0 | 0
  5: 1324 0 | 0/0/948 | 376 0 | 11232/11232 | 36/0 | 0
  6: 8446 390 | 0/0/5339 | 3092 0 | 145444/145444 | 2357/39 | 15
  7: 66536 16323 | 12875/0/39939 | 13417 0 | 837490/837490 | 61742/843 | 305
  8: 265156 115161 | 26179/0/169661 | 66843 0 | 1770666/1770666 | 442141/15032 | 2473
  9: 483907 241555 | 69263/0/351012 | 55481 0 | 826684/826684 | 991154/54050 | 8151
  10: 195585 183152 | 77959/0/88152 | 24790 0 | 266342/266342 | 405846/42101 | 4684
  11: 43418 92752 | 13546/0/19361 | 8993 0 | 72406/72406 | 108332/21840 | 1518
  12: 4948 31604 | 1942/0/2401 | 0 441 | 0/0 | 25625/10229 | 164
  memo entries: 983824

  root 92 (10,10,69) deep(16) ok [17.7s; 1092261 tasks, 680937 skipped] 93/211 ok=93 fail=0 (1625s)
  depth: run skipped | leaf flat/strassen/koszul | expanded failed | folds kept/total | memo hits T/F | ub-fail
  0: 0 0 | 0/0/0 | 0 0 | 128/256 | 0/0 | 0
  1: 128 0 | 0/0/0 | 128 0 | 16384/16384 | 0/0 | 0
  2: 16384 0 | 0/0/16314 | 70 0 | 4480/4480 | 0/0 | 0
  3: 4480 0 | 0/1782/2655 | 43 0 | 1376/1376 | 0/0 | 0
  4: 1374 0 | 0/452/871 | 51 0 | 816/816 | 2/0 | 0
  5: 814 0 | 0/0/725 | 89 0 | 4328/4328 | 2/0 | 0
  6: 4014 150 | 0/0/1276 | 2737 0 | 148564/148564 | 163/1 | 1
  7: 86582 23388 | 10620/0/65819 | 9969 0 | 582564/582564 | 37600/994 | 174
  8: 110080 138021 | 54107/0/23165 | 31503 0 | 711280/711280 | 323440/11023 | 1305
  9: 144080 202792 | 40320/0/71999 | 27079 0 | 421014/421014 | 338593/25815 | 4682
  10: 99971 155659 | 34815/0/43848 | 18465 0 | 214226/214226 | 144188/21196 | 2843
  11: 38588 78052 | 6844/0/22716 | 7930 0 | 65302/65302 | 78836/18750 | 1098
  12: 4321 27309 | 1334/0/2388 | 0 444 | 0/0 | 24465/9207 | 155
  memo entries: 448375

  root 93 (10,10,84) deep(16) ok [13.7s; 510816 tasks, 625371 skipped] 94/211 ok=94 fail=0 (1638s)
  depth: run skipped | leaf flat/strassen/koszul | expanded failed | folds kept/total | memo hits T/F | ub-fail
  0: 0 0 | 0/0/0 | 0 0 | 52/256 | 0/0 | 0
  1: 52 0 | 0/0/0 | 52 0 | 6656/6656 | 0/0 | 0
  2: 6656 0 | 0/0/6589 | 67 0 | 4288/4288 | 0/0 | 0
  3: 4288 0 | 0/1646/2601 | 41 0 | 1312/1312 | 0/0 | 0
  4: 1312 0 | 0/361/924 | 27 0 | 432/432 | 0/0 | 0
  5: 432 0 | 0/0/354 | 78 0 | 3696/3696 | 0/0 | 0
  6: 3070 82 | 0/0/1415 | 1644 0 | 58192/58192 | 536/8 | 11
  7: 31950 2353 | 3354/0/18981 | 9513 0 | 529104/529104 | 23664/225 | 102
  8: 128504 53956 | 1890/0/81352 | 44229 0 | 983934/983934 | 340382/6262 | 1033
  9: 295244 153579 | 41024/0/217877 | 31629 0 | 597798/597798 | 508909/26202 | 4714
  10: 162164 118871 | 45373/0/96757 | 17238 0 | 207912/207912 | 292004/24759 | 2796
  11: 47106 63567 | 14868/0/23186 | 7855 0 | 66842/66842 | 80683/16556 | 1197
  12: 5838 27948 | 2980/0/2243 | 0 453 | 0/0 | 24305/8751 | 162
  memo entries: 598836

  root 94 (10,10,85) deep(16) ok [9.6s; 686616 tasks, 420356 skipped] 95/211 ok=95 fail=0 (1648s)
  depth: run skipped | leaf flat/strassen/koszul | expanded failed | folds kept/total | memo hits T/F | ub-fail
  0: 0 0 | 0/0/0 | 0 0 | 136/256 | 0/0 | 0
  1: 136 0 | 0/0/0 | 136 0 | 17408/17408 | 0/0 | 0
  2: 17408 0 | 0/0/17312 | 96 0 | 6144/6144 | 0/0 | 0
  3: 6144 0 | 0/2567/3503 | 74 0 | 2368/2368 | 0/0 | 0
  4: 2366 0 | 0/684/1623 | 59 0 | 944/944 | 2/0 | 0
  5: 871 0 | 0/0/775 | 96 0 | 4608/4608 | 73/0 | 0
  6: 4205 116 | 0/0/2242 | 1952 0 | 85368/85368 | 276/11 | 11
  7: 54534 4582 | 7108/0/37219 | 10070 0 | 612520/612520 | 25901/351 | 137
  8: 158167 83143 | 4165/0/98783 | 53611 0 | 1340976/1340976 | 363329/7881 | 1608
  9: 381954 195505 | 69657/0/260430 | 44986 0 | 647996/647996 | 721664/41853 | 6881
  10: 180499 144365 | 66483/0/88249 | 21813 0 | 240584/240584 | 293949/29183 | 3954
  11: 46502 71936 | 15214/0/22002 | 7897 0 | 67012/67012 | 104085/18061 | 1389
  12: 5645 27739 | 2839/0/2187 | 0 448 | 0/0 | 24656/8972 | 171
  memo entries: 769595

  root 95 (10,10,87) deep(16) ok [16.8s; 858431 tasks, 527386 skipped] 96/211 ok=96 fail=0 (1665s)
  depth: run skipped | leaf flat/strassen/koszul | expanded failed | folds kept/total | memo hits T/F | ub-fail
  0: 0 0 | 0/0/0 | 0 0 | 88/256 | 0/0 | 0
  1: 88 0 | 0/0/0 | 88 0 | 11264/11264 | 0/0 | 0
  2: 11264 0 | 0/0/11200 | 64 0 | 4096/4096 | 0/0 | 0
  3: 4096 0 | 0/1860/2186 | 50 0 | 1600/1600 | 0/0 | 0
  4: 1600 0 | 0/577/992 | 31 0 | 496/496 | 0/0 | 0
  5: 462 0 | 0/0/322 | 140 0 | 5984/5984 | 34/0 | 0
  6: 5266 120 | 0/0/2588 | 2666 0 | 92992/92992 | 590/8 | 12
  7: 46736 5997 | 4549/0/31011 | 11045 0 | 718252/718252 | 39883/376 | 131
  8: 206320 70714 | 5831/0/150716 | 48469 0 | 1099744/1099744 | 433865/7353 | 1304
  9: 313543 196191 | 50540/0/223031 | 34354 0 | 615378/615378 | 561617/28393 | 5618
  10: 167166 133543 | 48123/0/95368 | 20409 0 | 252486/252486 | 290106/24563 | 3266
  11: 61370 70459 | 16182/0/34797 | 9063 0 | 79450/79450 | 101850/18807 | 1328
  12: 6994 31221 | 3787/0/2525 | 0 505 | 0/0 | 30535/10700 | 177
  memo entries: 704908

  root 96 (10,10,94) deep(16) ok [13.7s; 824905 tasks, 508245 skipped] 97/211 ok=97 fail=0 (1678s)
  depth: run skipped | leaf flat/strassen/koszul | expanded failed | folds kept/total | memo hits T/F | ub-fail
  0: 0 0 | 0/0/0 | 0 0 | 64/256 | 0/0 | 0
  1: 64 0 | 0/0/0 | 64 0 | 8192/8192 | 0/0 | 0
  2: 8192 0 | 0/0/8159 | 33 0 | 2112/2112 | 0/0 | 0
  3: 2112 0 | 0/912/1171 | 29 0 | 928/928 | 0/0 | 0
  4: 928 0 | 0/374/526 | 28 0 | 448/448 | 0/0 | 0
  5: 447 0 | 0/0/349 | 98 0 | 4400/4400 | 1/0 | 0
  6: 4162 103 | 0/0/1482 | 2677 0 | 110588/110588 | 133/2 | 3
  7: 71633 14915 | 8175/0/51530 | 11762 0 | 661486/661486 | 23529/511 | 166
  8: 197255 112073 | 50604/0/101846 | 43259 0 | 1037838/1037838 | 343284/8874 | 1546
  9: 296856 219631 | 55212/0/201364 | 34128 0 | 715188/715188 | 494470/26881 | 6152
  10: 223753 195450 | 52928/0/140235 | 26910 0 | 360560/360560 | 267604/28381 | 3680
  11: 86319 111518 | 16335/0/56210 | 12289 0 | 107458/107458 | 133648/29075 | 1485
  12: 7944 42786 | 3597/0/3611 | 0 551 | 0/0 | 42092/14636 | 185
  memo entries: 779656

  root 97 (10,10,95) deep(16) ok [11.7s; 899665 tasks, 696476 skipped] 98/211 ok=98 fail=0 (1690s)
  depth: run skipped | leaf flat/strassen/koszul | expanded failed | folds kept/total | memo hits T/F | ub-fail
  0: 0 0 | 0/0/0 | 0 0 | 36/256 | 0/0 | 0
  1: 36 0 | 0/0/0 | 36 0 | 4608/4608 | 0/0 | 0
  2: 4608 0 | 0/0/4582 | 26 0 | 1664/1664 | 0/0 | 0
  3: 1664 0 | 0/518/1130 | 16 0 | 512/512 | 0/0 | 0
  4: 512 0 | 0/213/283 | 16 0 | 256/256 | 0/0 | 0
  5: 254 0 | 0/0/139 | 115 0 | 2232/2232 | 2/0 | 0
  6: 1242 72 | 0/0/679 | 561 0 | 58020/58020 | 915/3 | 2
  7: 32610 3874 | 1978/0/26550 | 4035 0 | 276116/276116 | 21434/102 | 47
  8: 103384 50311 | 1945/0/67911 | 32769 0 | 965774/965774 | 120050/2371 | 759
  9: 375492 161786 | 31989/0/184087 | 155270 0 | 4125526/4125526 | 407892/20604 | 4146
  10: 1295297 250021 | 42084/0/1179670 | 69323 0 | 886718/886718 | 2444283/135925 | 4220
  11: 164667 144232 | 19464/0/128634 | 15064 0 | 122824/122824 | 522735/55084 | 1505
  12: 8634 47662 | 5433/0/2576 | 0 453 | 0/0 | 50935/15593 | 172
  memo entries: 1809238

  root 98 (10,10,96) deep(16) ok [13.2s; 1988400 tasks, 657958 skipped] 99/211 ok=99 fail=0 (1703s)
  depth: run skipped | leaf flat/strassen/koszul | expanded failed | folds kept/total | memo hits T/F | ub-fail
  0: 0 0 | 0/0/0 | 0 0 | 72/256 | 0/0 | 0
  1: 72 0 | 0/0/0 | 72 0 | 9216/9216 | 0/0 | 0
  2: 9216 0 | 0/0/9158 | 58 0 | 3712/3712 | 0/0 | 0
  3: 3709 0 | 0/1224/2443 | 42 0 | 1344/1344 | 3/0 | 0
  4: 1343 0 | 0/281/1016 | 46 0 | 736/736 | 1/0 | 0
  5: 731 0 | 0/0/491 | 240 0 | 7424/7424 | 5/0 | 0
  6: 5210 204 | 0/0/3365 | 1837 0 | 99420/99420 | 1989/21 | 8
  7: 49620 9103 | 4894/0/34416 | 10190 0 | 613016/613016 | 40374/323 | 120
  8: 227141 91675 | 3321/0/161431 | 60712 0 | 1777256/1777256 | 287698/6502 | 1677
  9: 604491 251459 | 57140/0/365942 | 174868 0 | 4359096/4359096 | 876350/44956 | 6541
  10: 1350388 313209 | 71486/0/1195416 | 77904 0 | 975462/975462 | 2546009/149490 | 5582
  11: 175972 176542 | 24079/0/133104 | 16993 0 | 140568/140568 | 559745/63203 | 1796
  12: 9276 55380 | 5734/0/2848 | 0 509 | 0/0 | 57653/18259 | 185
  memo entries: 2209152

  root 99 (10,10,104) deep(16) ok [19.8s; 2437169 tasks, 897572 skipped] 100/211 ok=100 fail=0 (1723s)
  depth: run skipped | leaf flat/strassen/koszul | expanded failed | folds kept/total | memo hits T/F | ub-fail
  0: 0 0 | 0/0/0 | 0 0 | 16/256 | 0/0 | 0
  1: 16 0 | 0/0/0 | 16 0 | 2048/2048 | 0/0 | 0
  2: 2048 0 | 0/0/2018 | 30 0 | 1920/1920 | 0/0 | 0
  3: 1918 0 | 0/777/1118 | 23 0 | 736/736 | 2/0 | 0
  4: 736 0 | 0/257/464 | 15 0 | 240/240 | 0/0 | 0
  5: 222 0 | 0/0/123 | 99 0 | 2968/2968 | 18/0 | 0
  6: 1564 76 | 0/0/999 | 563 0 | 19068/19068 | 1318/10 | 2
  7: 4199 1064 | 1283/0/1118 | 1754 0 | 177850/177850 | 13723/82 | 44
  8: 61405 13878 | 506/0/49878 | 10652 0 | 439446/439446 | 100580/1987 | 369
  9: 131544 31649 | 10091/0/107274 | 12722 0 | 207766/207766 | 265296/10957 | 1457
  10: 50125 28358 | 19360/0/24603 | 5005 0 | 51330/51330 | 119604/9679 | 1157
  11: 9129 14858 | 4608/0/2412 | 1648 0 | 14474/14474 | 23641/3702 | 461
  12: 1302 5557 | 634/0/416 | 0 171 | 0/0 | 5585/2030 | 81
  memo entries: 239297

  root 100 (10,10,256) deep(16) ok [3.6s; 264208 tasks, 95440 skipped] 101/211 ok=101 fail=0 (1726s)
  depth: run skipped | leaf flat/strassen/koszul | expanded failed | folds kept/total | memo hits T/F | ub-fail
  0: 0 0 | 0/0/0 | 0 0 | 20/256 | 0/0 | 0
  1: 20 0 | 0/0/0 | 20 0 | 2560/2560 | 0/0 | 0
  2: 2560 0 | 0/0/2522 | 38 0 | 2432/2432 | 0/0 | 0
  3: 2432 0 | 0/1274/1095 | 63 0 | 2016/2016 | 0/0 | 0
  4: 1366 0 | 0/408/899 | 59 0 | 944/944 | 650/0 | 0
  5: 602 0 | 0/48/391 | 163 0 | 14072/14072 | 342/0 | 0
  6: 6243 556 | 0/0/4415 | 1796 0 | 75020/75020 | 7232/41 | 32
  7: 38542 7212 | 4737/0/21225 | 12367 0 | 654588/654588 | 29009/257 | 213
  8: 233647 71226 | 7088/0/149445 | 75483 0 | 2254700/2254700 | 343036/6679 | 1631
  9: 722321 343055 | 88097/0/436507 | 187376 0 | 3749994/3749994 | 1138104/51220 | 10341
  10: 810971 511577 | 97292/0/602553 | 99749 0 | 1128862/1128862 | 2289884/137562 | 11377
  11: 187042 353573 | 41513/0/107548 | 34508 0 | 269564/269564 | 494898/93349 | 3473
  12: 11839 124536 | 5613/0/5335 | 0 666 | 0/0 | 96369/36820 | 225
  memo entries: 1784953

  root 101 (10,64,1) deep(16) ok [14.8s; 2017585 tasks, 1411735 skipped] 102/211 ok=102 fail=0 (1741s)
  depth: run skipped | leaf flat/strassen/koszul | expanded failed | folds kept/total | memo hits T/F | ub-fail
  0: 0 0 | 0/0/0 | 0 0 | 6/256 | 0/0 | 0
  1: 6 0 | 0/0/0 | 6 0 | 768/768 | 0/0 | 0
  2: 768 0 | 0/0/754 | 14 0 | 896/896 | 0/0 | 0
  3: 896 0 | 0/378/504 | 14 0 | 448/448 | 0/0 | 0
  4: 448 0 | 0/197/232 | 19 0 | 368/368 | 0/0 | 0
  5: 219 1 | 0/0/166 | 53 0 | 1864/1864 | 147/1 | 0
  6: 1165 157 | 0/0/220 | 944 0 | 27432/27432 | 538/4 | 1
  7: 13550 2285 | 683/0/6729 | 6083 0 | 341802/341802 | 11481/116 | 55
  8: 107942 27942 | 2601/0/70472 | 34122 0 | 815150/815150 | 202550/3368 | 747
  9: 262061 156468 | 20835/0/157492 | 78423 0 | 1241378/1241378 | 377780/18841 | 5311
  10: 394421 278368 | 64831/0/259399 | 63162 0 | 739686/739686 | 515023/53566 | 7029
  11: 139541 246522 | 31083/0/77170 | 28245 0 | 223038/223038 | 287288/66335 | 3043
  12: 10499 102537 | 4531/0/5102 | 0 656 | 0/0 | 78699/31303 | 210
  memo entries: 793768

  root 102 (10,64,4) deep(16) ok [6.1s; 931516 tasks, 814280 skipped] 103/211 ok=103 fail=0 (1747s)
  depth: run skipped | leaf flat/strassen/koszul | expanded failed | folds kept/total | memo hits T/F | ub-fail
  0: 0 0 | 0/0/0 | 0 0 | 20/256 | 0/0 | 0
  1: 20 0 | 0/0/0 | 20 0 | 2560/2560 | 0/0 | 0
  2: 2560 0 | 0/0/2524 | 36 0 | 2304/2304 | 0/0 | 0
  3: 2304 0 | 0/596/1683 | 25 0 | 800/800 | 0/0 | 0
  4: 614 0 | 0/199/400 | 15 0 | 240/240 | 186/0 | 0
  5: 158 0 | 0/0/135 | 23 0 | 1176/1176 | 82/0 | 0
  6: 887 75 | 0/0/470 | 404 0 | 32460/32460 | 210/4 | 13
  7: 10213 3021 | 3607/0/5018 | 1490 0 | 56564/56564 | 19032/194 | 98
  8: 21478 15965 | 2444/0/10177 | 8388 0 | 278920/278920 | 18192/929 | 469
  9: 108562 37175 | 12183/0/80108 | 14078 0 | 214744/214744 | 126329/6854 | 2193
  10: 60723 51837 | 22692/0/27378 | 8587 0 | 88972/88972 | 91943/10241 | 2066
  11: 17880 30832 | 7014/0/5769 | 4246 0 | 31952/31952 | 31879/8381 | 851
  12: 2602 14442 | 1185/0/988 | 0 292 | 0/0 | 10586/4322 | 137
  memo entries: 207362

  root 103 (10,64,8) deep(16) ok [3.1s; 228001 tasks, 153347 skipped] 104/211 ok=104 fail=0 (1750s)
  depth: run skipped | leaf flat/strassen/koszul | expanded failed | folds kept/total | memo hits T/F | ub-fail
  0: 0 0 | 0/0/0 | 0 0 | 36/256 | 0/0 | 0
  1: 36 0 | 0/0/0 | 36 0 | 4608/4608 | 0/0 | 0
  2: 4608 0 | 0/0/4563 | 45 0 | 2880/2880 | 0/0 | 0
  3: 2880 0 | 0/1095/1752 | 33 0 | 1056/1056 | 0/0 | 0
  4: 940 0 | 0/212/703 | 25 0 | 400/400 | 116/0 | 0
  5: 310 0 | 0/0/274 | 36 0 | 1408/1408 | 90/0 | 0
  6: 1160 43 | 0/0/674 | 484 0 | 34660/34660 | 201/4 | 2
  7: 12599 8408 | 5249/0/4035 | 3135 0 | 136484/136484 | 13447/206 | 180
  8: 40233 24557 | 8711/0/15869 | 14961 0 | 441828/441828 | 68954/2740 | 692
  9: 144270 79663 | 20614/0/97905 | 23298 0 | 344504/344504 | 204738/13157 | 2453
  10: 87791 80046 | 36514/0/36834 | 12245 0 | 132636/132636 | 160699/15968 | 2198
  11: 23847 44234 | 10764/0/7496 | 4654 0 | 38130/38130 | 54159/10396 | 933
  12: 2880 16161 | 1450/0/971 | 0 320 | 0/0 | 13877/5212 | 139
  memo entries: 290370

  root 104 (10,64,10) deep(16) ok [4.6s; 321554 tasks, 253112 skipped] 105/211 ok=105 fail=0 (1755s)
  depth: run skipped | leaf flat/strassen/koszul | expanded failed | folds kept/total | memo hits T/F | ub-fail
  0: 0 0 | 0/0/0 | 0 0 | 10/256 | 0/0 | 0
  1: 10 0 | 0/0/0 | 10 0 | 1280/1280 | 0/0 | 0
  2: 1280 0 | 0/0/1268 | 12 0 | 768/768 | 0/0 | 0
  3: 768 0 | 0/216/542 | 10 0 | 320/320 | 0/0 | 0
  4: 256 0 | 0/0/248 | 8 0 | 128/128 | 64/0 | 0
  5: 64 0 | 0/0/53 | 11 0 | 504/504 | 64/0 | 0
  6: 317 39 | 0/0/204 | 111 0 | 4796/4796 | 147/1 | 2
  7: 1878 1849 | 972/0/1 | 847 0 | 25104/25104 | 1037/32 | 58
  8: 9482 3753 | 463/0/4344 | 4559 0 | 158318/158318 | 11376/493 | 116
  9: 52009 17236 | 4873/0/39944 | 6392 0 | 100448/100448 | 84873/4200 | 800
  10: 29484 22713 | 7907/0/17074 | 3661 0 | 33888/33888 | 43521/4730 | 842
  11: 8968 10218 | 4402/0/2595 | 1571 0 | 13628/13628 | 12307/2395 | 400
  12: 1880 5126 | 918/0/666 | 0 200 | 0/0 | 4889/1733 | 96
  memo entries: 98104

  root 105 (10,64,12) deep(16) ok [1.5s; 106396 tasks, 60934 skipped] 106/211 ok=106 fail=0 (1757s)
  depth: run skipped | leaf flat/strassen/koszul | expanded failed | folds kept/total | memo hits T/F | ub-fail
  0: 0 0 | 0/0/0 | 0 0 | 20/256 | 0/0 | 0
  1: 20 0 | 0/0/0 | 20 0 | 2560/2560 | 0/0 | 0
  2: 2560 0 | 0/0/2534 | 26 0 | 1664/1664 | 0/0 | 0
  3: 1664 0 | 0/406/1234 | 24 0 | 768/768 | 0/0 | 0
  4: 585 0 | 0/12/556 | 17 0 | 272/272 | 183/0 | 0
  5: 134 0 | 0/0/118 | 16 0 | 736/736 | 138/0 | 0
  6: 694 29 | 0/0/486 | 206 0 | 12416/12416 | 11/2 | 2
  7: 3997 3975 | 1693/0/963 | 1256 0 | 46854/46854 | 4352/92 | 85
  8: 17207 7570 | 4011/0/7485 | 5490 0 | 198058/198058 | 21221/856 | 221
  9: 62530 26277 | 6326/0/45530 | 9679 0 | 167514/167514 | 103981/5270 | 995
  10: 45023 32625 | 12182/0/24580 | 7022 0 | 62274/62274 | 81736/8130 | 1239
  11: 12677 19086 | 6509/0/3193 | 2448 0 | 20908/20908 | 26184/4327 | 527
  12: 2210 7865 | 1051/0/809 | 0 240 | 0/0 | 8053/2780 | 110
  memo entries: 134457

  root 106 (10,64,13) deep(16) ok [2.5s; 149301 tasks, 97427 skipped] 107/211 ok=107 fail=0 (1759s)
  depth: run skipped | leaf flat/strassen/koszul | expanded failed | folds kept/total | memo hits T/F | ub-fail
  0: 0 0 | 0/0/0 | 0 0 | 6/256 | 0/0 | 0
  1: 6 0 | 0/0/0 | 6 0 | 768/768 | 0/0 | 0
  2: 768 0 | 0/0/754 | 14 0 | 896/896 | 0/0 | 0
  3: 896 0 | 0/366/522 | 8 0 | 256/256 | 0/0 | 0
  4: 222 0 | 0/0/215 | 7 0 | 112/112 | 34/0 | 0
  5: 63 0 | 0/0/49 | 14 0 | 208/208 | 49/0 | 0
  6: 173 7 | 0/0/57 | 115 0 | 4044/4044 | 28/0 | 1
  7: 2000 338 | 1099/0/0 | 864 0 | 23032/23032 | 1677/29 | 37
  8: 8444 3542 | 87/0/2604 | 5540 0 | 169002/169002 | 10562/484 | 213
  9: 55819 17194 | 8652/0/39611 | 6635 0 | 116828/116828 | 90884/5105 | 921
  10: 24363 22743 | 8037/0/12433 | 3051 0 | 27016/27016 | 63194/6528 | 842
  11: 6637 9094 | 2975/0/2112 | 1176 0 | 9990/9990 | 9413/1872 | 374
  12: 1412 4198 | 633/0/528 | 0 172 | 0/0 | 2993/1387 | 79
  memo entries: 91688

  root 107 (10,64,32) deep(16) ok [1.0s; 100803 tasks, 57116 skipped] 108/211 ok=108 fail=0 (1760s)
  depth: run skipped | leaf flat/strassen/koszul | expanded failed | folds kept/total | memo hits T/F | ub-fail
  0: 0 0 | 0/0/0 | 0 0 | 16/256 | 0/0 | 0
  1: 16 0 | 0/0/0 | 16 0 | 2048/2048 | 0/0 | 0
  2: 2048 0 | 0/0/2017 | 31 0 | 1984/1984 | 0/0 | 0
  3: 1984 0 | 0/612/1351 | 21 0 | 672/672 | 0/0 | 0
  4: 652 0 | 0/196/440 | 16 0 | 256/256 | 20/0 | 0
  5: 208 0 | 0/0/186 | 22 0 | 880/880 | 48/0 | 0
  6: 827 33 | 0/0/440 | 383 0 | 35892/35892 | 19/1 | 4
  7: 25813 5404 | 3983/0/18849 | 2846 0 | 108824/108824 | 4544/131 | 135
  8: 41443 25205 | 5964/0/19698 | 15128 0 | 431838/431838 | 40396/1780 | 653
  9: 149648 65427 | 24885/0/100084 | 21876 0 | 336006/336006 | 204813/11950 | 2803
  10: 99176 81571 | 36501/0/46596 | 13340 0 | 146324/146324 | 140104/15155 | 2739
  11: 27470 47893 | 10617/0/9871 | 5893 0 | 48154/48154 | 59959/11002 | 1089
  12: 3705 20559 | 1565/0/1602 | 0 385 | 0/0 | 17424/6466 | 153
  memo entries: 322284

  root 108 (10,64,80) deep(16) ok [4.1s; 352990 tasks, 246092 skipped] 109/211 ok=109 fail=0 (1764s)
  depth: run skipped | leaf flat/strassen/koszul | expanded failed | folds kept/total | memo hits T/F | ub-fail
  0: 0 0 | 0/0/0 | 0 0 | 6/256 | 0/0 | 0
  1: 6 0 | 0/0/0 | 6 0 | 768/768 | 0/0 | 0
  2: 768 0 | 0/0/758 | 10 0 | 640/640 | 0/0 | 0
  3: 640 0 | 0/230/401 | 9 0 | 288/288 | 0/0 | 0
  4: 256 0 | 0/0/248 | 8 0 | 128/128 | 32/0 | 0
  5: 128 0 | 0/0/108 | 20 0 | 736/736 | 0/0 | 0
  6: 588 35 | 0/0/392 | 194 0 | 15440/15440 | 113/0 | 2
  7: 5394 7737 | 1657/0/1945 | 1681 0 | 75614/75614 | 2228/81 | 111
  8: 31996 8441 | 12653/0/11367 | 7735 0 | 274566/274566 | 33904/1273 | 241
  9: 74109 31700 | 11702/0/52584 | 8810 0 | 169318/169318 | 161354/7403 | 1013
  10: 37721 32032 | 13093/0/18916 | 4792 0 | 45934/45934 | 91555/8010 | 920
  11: 9315 14052 | 5166/0/2178 | 1632 0 | 15532/15532 | 19441/3126 | 339
  12: 1802 5960 | 949/0/561 | 0 202 | 0/0 | 5737/2033 | 90
  memo entries: 148618

  root 109 (10,64,84) deep(16) ok [1.5s; 162723 tasks, 99957 skipped] 110/211 ok=110 fail=0 (1766s)
  depth: run skipped | leaf flat/strassen/koszul | expanded failed | folds kept/total | memo hits T/F | ub-fail
  0: 0 0 | 0/0/0 | 0 0 | 20/256 | 0/0 | 0
  1: 20 0 | 0/0/0 | 20 0 | 2560/2560 | 0/0 | 0
  2: 2560 0 | 0/0/2534 | 26 0 | 1664/1664 | 0/0 | 0
  3: 1664 0 | 0/543/1097 | 24 0 | 768/768 | 0/0 | 0
  4: 686 0 | 0/24/644 | 18 0 | 288/288 | 82/0 | 0
  5: 263 0 | 0/0/232 | 31 0 | 1080/1080 | 25/0 | 0
  6: 954 48 | 0/0/672 | 280 0 | 22432/22432 | 78/0 | 2
  7: 7476 11046 | 2528/0/2735 | 2078 0 | 98344/98344 | 3746/164 | 135
  8: 39416 13086 | 19810/0/11208 | 8125 0 | 279536/279536 | 44035/1807 | 273
  9: 77503 32779 | 13917/0/53115 | 9417 0 | 183180/183180 | 161771/7483 | 1054
  10: 42383 34041 | 17295/0/18858 | 5251 0 | 54050/54050 | 98181/8575 | 979
  11: 9573 15189 | 5353/0/2049 | 1821 0 | 16800/16800 | 25570/3718 | 350
  12: 1757 6399 | 887/0/572 | 0 214 | 0/0 | 6387/2257 | 84
  memo entries: 167173

  root 110 (10,64,85) deep(16) ok [3.1s; 184255 tasks, 112588 skipped] 111/211 ok=111 fail=0 (1769s)
  depth: run skipped | leaf flat/strassen/koszul | expanded failed | folds kept/total | memo hits T/F | ub-fail
  0: 0 0 | 0/0/0 | 0 0 | 10/256 | 0/0 | 0
  1: 10 0 | 0/0/0 | 10 0 | 1280/1280 | 0/0 | 0
  2: 1280 0 | 0/0/1268 | 12 0 | 768/768 | 0/0 | 0
  3: 768 0 | 0/276/483 | 9 0 | 288/288 | 0/0 | 0
  4: 224 0 | 0/0/217 | 7 0 | 112/112 | 64/0 | 0
  5: 64 0 | 0/0/53 | 11 0 | 504/504 | 48/0 | 0
  6: 315 35 | 0/0/204 | 109 0 | 5448/5448 | 153/1 | 2
  7: 2258 1884 | 1125/0/219 | 860 0 | 25828/25828 | 1285/21 | 54
  8: 10189 3993 | 600/0/4492 | 4952 0 | 164476/164476 | 11187/459 | 145
  9: 52232 18937 | 5412/0/39365 | 6597 0 | 103000/103000 | 88941/4366 | 858
  10: 31379 22977 | 8707/0/17865 | 3912 0 | 38178/38178 | 43791/4853 | 895
  11: 11097 10896 | 5002/0/3754 | 1799 0 | 15000/15000 | 13477/2708 | 542
  12: 2000 6058 | 892/0/733 | 0 260 | 0/0 | 5039/1903 | 115
  memo entries: 102875

  root 111 (10,64,96) deep(16) ok [1.5s; 111816 tasks, 64780 skipped] 112/211 ok=112 fail=0 (1770s)
  depth: run skipped | leaf flat/strassen/koszul | expanded failed | folds kept/total | memo hits T/F | ub-fail
  0: 0 0 | 0/0/0 | 0 0 | 20/256 | 0/0 | 0
  1: 20 0 | 0/0/0 | 20 0 | 2560/2560 | 0/0 | 0
  2: 2560 0 | 0/0/2530 | 30 0 | 1920/1920 | 0/0 | 0
  3: 1920 0 | 0/1075/813 | 32 0 | 1024/1024 | 0/0 | 0
  4: 672 0 | 0/136/508 | 28 0 | 448/448 | 352/0 | 0
  5: 383 0 | 0/0/232 | 151 0 | 10328/10328 | 65/0 | 0
  6: 5806 300 | 0/0/3454 | 2336 0 | 168472/168472 | 4205/17 | 16
  7: 115432 14422 | 2883/0/94647 | 17779 0 | 1005728/1005728 | 38307/311 | 123
  8: 303230 155059 | 4220/0/256187 | 41904 0 | 1933120/1933120 | 540280/7159 | 919
  9: 492806 452507 | 33942/0/187805 | 264148 0 | 6864602/6864602 | 944395/43412 | 6911
  10: 1460164 561942 | 42584/0/1325333 | 86897 0 | 1109632/1109632 | 4615694/226802 | 5350
  11: 212237 278703 | 23985/0/164261 | 22186 0 | 190808/190808 | 542164/76528 | 1805
  12: 11926 73174 | 6971/0/4239 | 0 530 | 0/0 | 80954/24754 | 186
  memo entries: 2336533

  root 112 (10,66,1) deep(16) ok [21.3s; 2607156 tasks, 1536107 skipped] 113/211 ok=113 fail=0 (1792s)
  depth: run skipped | leaf flat/strassen/koszul | expanded failed | folds kept/total | memo hits T/F | ub-fail
  0: 0 0 | 0/0/0 | 0 0 | 32/256 | 0/0 | 0
  1: 32 0 | 0/0/0 | 32 0 | 4096/4096 | 0/0 | 0
  2: 4096 0 | 0/0/4055 | 41 0 | 2624/2624 | 0/0 | 0
  3: 2624 0 | 0/1309/1278 | 37 0 | 1184/1184 | 0/0 | 0
  4: 1139 0 | 0/162/946 | 31 0 | 496/496 | 45/0 | 0
  5: 462 0 | 0/0/300 | 162 0 | 12656/12656 | 34/0 | 0
  6: 6861 250 | 0/0/4379 | 2467 0 | 79556/79556 | 5513/32 | 15
  7: 35580 7209 | 4691/0/15552 | 15183 0 | 843228/843228 | 36539/228 | 154
  8: 310190 61512 | 6009/0/255415 | 47353 0 | 1449222/1449222 | 463747/7779 | 1413
  9: 485126 189871 | 42305/0/378646 | 57142 0 | 1163052/1163052 | 742565/31660 | 7033
  10: 416672 216641 | 67181/0/297924 | 45703 0 | 536914/536914 | 481738/48001 | 5864
  11: 112006 163307 | 24103/0/68551 | 17126 0 | 143340/143340 | 219556/42045 | 2226
  12: 8570 61907 | 4213/0/3601 | 0 551 | 0/0 | 53714/19149 | 205
  memo entries: 1206978

  root 113 (10,66,2) deep(16) ok [13.2s; 1383358 tasks, 700697 skipped] 114/211 ok=114 fail=0 (1805s)
  depth: run skipped | leaf flat/strassen/koszul | expanded failed | folds kept/total | memo hits T/F | ub-fail
  0: 0 0 | 0/0/0 | 0 0 | 10/256 | 0/0 | 0
  1: 10 0 | 0/0/0 | 10 0 | 1280/1280 | 0/0 | 0
  2: 1280 0 | 0/0/1272 | 8 0 | 512/512 | 0/0 | 0
  3: 512 0 | 0/173/331 | 8 0 | 256/256 | 0/0 | 0
  4: 256 0 | 0/161/87 | 8 0 | 128/128 | 0/0 | 0
  5: 112 0 | 0/0/98 | 14 0 | 2160/2160 | 16/0 | 0
  6: 1189 39 | 0/0/232 | 955 0 | 17204/17204 | 928/4 | 2
  7: 7946 1722 | 30/0/4731 | 3155 0 | 215250/215250 | 7497/39 | 30
  8: 78992 16236 | 828/0/56853 | 20835 0 | 506830/506830 | 117936/2086 | 476
  9: 193767 60780 | 13432/0/159747 | 17410 0 | 494518/494518 | 245243/7040 | 3178
  10: 229649 85600 | 29938/0/178190 | 19040 0 | 278470/278470 | 163454/15815 | 2481
  11: 73010 72928 | 11696/0/50579 | 9630 0 | 86422/86422 | 111320/21212 | 1105
  12: 6386 33645 | 3291/0/2500 | 0 429 | 0/0 | 35020/11371 | 166
  memo entries: 520404

  root 114 (10,66,4) deep(16) ok [4.6s; 593109 tasks, 270950 skipped] 115/211 ok=115 fail=0 (1809s)
  depth: run skipped | leaf flat/strassen/koszul | expanded failed | folds kept/total | memo hits T/F | ub-fail
  0: 0 0 | 0/0/0 | 0 0 | 40/256 | 0/0 | 0
  1: 40 0 | 0/0/0 | 40 0 | 5120/5120 | 0/0 | 0
  2: 5120 0 | 0/0/5049 | 71 0 | 4544/4544 | 0/0 | 0
  3: 4480 0 | 0/1206/3224 | 50 0 | 1600/1600 | 64/0 | 0
  4: 1398 0 | 0/464/864 | 70 0 | 1120/1120 | 202/0 | 0
  5: 810 0 | 0/0/597 | 213 0 | 15432/15432 | 310/0 | 0
  6: 9386 1202 | 0/0/5018 | 4302 0 | 195404/195404 | 4765/79 | 66
  7: 70867 11896 | 9621/0/47049 | 13901 0 | 788460/788460 | 110847/1794 | 296
  8: 374252 90480 | 21724/0/323263 | 27705 0 | 969234/969234 | 316421/7307 | 1560
  9: 344972 178961 | 34630/0/251381 | 52697 0 | 1068664/1068664 | 423461/21840 | 6264
  10: 417949 181888 | 49149/0/327841 | 35765 0 | 461636/461636 | 428288/40539 | 5194
  11: 115858 118298 | 19776/0/79135 | 15180 0 | 126666/126666 | 191138/36342 | 1767
  12: 9479 49783 | 5047/0/3665 | 0 570 | 0/0 | 50593/16811 | 197
  memo entries: 1215940

  root 115 (10,66,8) deep(16) ok [14.2s; 1354611 tasks, 632508 skipped] 116/211 ok=116 fail=0 (1823s)
  depth: run skipped | leaf flat/strassen/koszul | expanded failed | folds kept/total | memo hits T/F | ub-fail
  0: 0 0 | 0/0/0 | 0 0 | 64/256 | 0/0 | 0
  1: 64 0 | 0/0/0 | 64 0 | 8192/8192 | 0/0 | 0
  2: 8192 0 | 0/0/8146 | 46 0 | 2944/2944 | 0/0 | 0
  3: 2944 0 | 0/1521/1386 | 37 0 | 1184/1184 | 0/0 | 0
  4: 1150 0 | 0/265/856 | 29 0 | 464/464 | 34/0 | 0
  5: 265 0 | 0/0/237 | 28 0 | 864/864 | 199/0 | 0
  6: 722 45 | 0/0/328 | 391 0 | 27720/27720 | 94/3 | 3
  7: 10507 4384 | 4347/0/3506 | 2501 0 | 108188/108188 | 12669/160 | 153
  8: 35194 17634 | 6706/0/14965 | 12969 0 | 399190/399190 | 53504/1856 | 554
  9: 138413 66871 | 17768/0/96988 | 21524 0 | 326460/326460 | 182362/11544 | 2133
  10: 85595 70331 | 35401/0/36538 | 11600 0 | 121012/121012 | 155513/15021 | 2056
  11: 22271 38354 | 9918/0/7149 | 4358 0 | 35762/35762 | 50906/9481 | 846
  12: 2830 15128 | 1372/0/992 | 0 328 | 0/0 | 12827/4977 | 138
  memo entries: 279977

  root 116 (10,66,10) deep(16) ok [6.1s; 308147 tasks, 212747 skipped] 117/211 ok=117 fail=0 (1830s)
  depth: run skipped | leaf flat/strassen/koszul | expanded failed | folds kept/total | memo hits T/F | ub-fail
  0: 0 0 | 0/0/0 | 0 0 | 40/256 | 0/0 | 0
  1: 40 0 | 0/0/0 | 40 0 | 5120/5120 | 0/0 | 0
  2: 5120 0 | 0/0/5098 | 22 0 | 1408/1408 | 0/0 | 0
  3: 1408 0 | 0/681/701 | 26 0 | 832/832 | 0/0 | 0
  4: 721 0 | 0/58/619 | 44 0 | 704/704 | 111/0 | 0
  5: 489 0 | 0/0/421 | 68 0 | 3584/3584 | 215/0 | 0
  6: 2615 139 | 0/0/1236 | 1373 0 | 66404/66404 | 813/17 | 6
  7: 31382 13754 | 6700/0/8082 | 16388 0 | 620344/620344 | 20911/357 | 212
  8: 228751 76742 | 15653/0/173566 | 38629 0 | 1225038/1225038 | 308414/6437 | 903
  9: 326355 366918 | 36776/0/159959 | 124931 0 | 3102778/3102778 | 501105/30660 | 4689
  10: 946119 507768 | 48634/0/826794 | 66392 0 | 887236/887236 | 1536209/112682 | 4299
  11: 172430 227373 | 23706/0/128910 | 18100 0 | 158988/158988 | 426683/60750 | 1714
  12: 10911 60832 | 6457/0/3751 | 0 516 | 0/0 | 65930/21315 | 187
  memo entries: 1609778

  root 117 (10,66,12) deep(16) ok [13.2s; 1726341 tasks, 1253526 skipped] 118/211 ok=118 fail=0 (1843s)
  depth: run skipped | leaf flat/strassen/koszul | expanded failed | folds kept/total | memo hits T/F | ub-fail
  0: 0 0 | 0/0/0 | 0 0 | 64/256 | 0/0 | 0
  1: 64 0 | 0/0/0 | 64 0 | 8192/8192 | 0/0 | 0
  2: 8192 0 | 0/0/8087 | 105 0 | 6720/6720 | 0/0 | 0
  3: 6720 0 | 0/3005/3646 | 69 0 | 2208/2208 | 0/0 | 0
  4: 2179 0 | 0/723/1396 | 60 0 | 1216/1216 | 29/0 | 0
  5: 1018 0 | 0/38/807 | 173 0 | 11560/11560 | 198/0 | 0
  6: 7275 1350 | 0/11/3307 | 3908 0 | 194232/194232 | 2900/35 | 49
  7: 93638 22582 | 13341/0/62831 | 17108 0 | 1031974/1031974 | 76836/1176 | 358
  8: 494448 145310 | 12677/0/399088 | 80812 0 | 2077240/2077240 | 381749/10467 | 1871
  9: 723530 382279 | 68575/0/459104 | 186094 0 | 4376936/4376936 | 924123/47308 | 9757
  10: 1503890 548410 | 98049/0/1294514 | 102199 0 | 1339924/1339924 | 2166509/158127 | 9128
  11: 258159 317105 | 38053/0/189806 | 27718 0 | 234310/234310 | 666113/98547 | 2582
  12: 13527 93670 | 7635/0/5049 | 0 624 | 0/0 | 95728/31385 | 219
  memo entries: 2866770

  root 118 (10,66,16) deep(16) ok [25.3s; 3112640 tasks, 1510706 skipped] 119/211 ok=119 fail=0 (1868s)
  depth: run skipped | leaf flat/strassen/koszul | expanded failed | folds kept/total | memo hits T/F | ub-fail
  0: 0 0 | 0/0/0 | 0 0 | 128/256 | 0/0 | 0
  1: 128 0 | 0/0/0 | 128 0 | 16384/16384 | 0/0 | 0
  2: 16384 0 | 0/0/16270 | 114 0 | 7296/7296 | 0/0 | 0
  3: 7168 0 | 0/3603/3487 | 78 0 | 2496/2496 | 128/0 | 0
  4: 2381 0 | 0/634/1647 | 100 0 | 1600/1600 | 115/0 | 0
  5: 1418 0 | 0/0/1208 | 210 0 | 11952/11952 | 182/0 | 0
  6: 8485 570 | 0/0/4217 | 4258 0 | 184000/184000 | 2823/74 | 10
  7: 88317 32144 | 20590/0/51703 | 15738 0 | 952948/952948 | 62482/1057 | 286
  8: 434819 164217 | 19333/0/336395 | 76698 0 | 1860744/1860744 | 342798/11114 | 2393
  9: 642563 382655 | 66459/0/400633 | 165984 0 | 3951236/3951236 | 793341/42185 | 9487
  10: 1439286 522352 | 99329/0/1230984 | 100037 0 | 1315648/1315648 | 1849311/140287 | 8936
  11: 259906 314510 | 41269/0/189060 | 26991 0 | 235958/235958 | 645327/95905 | 2586
  12: 13976 90504 | 7697/0/5464 | 0 600 | 0/0 | 99308/32170 | 215
  memo entries: 2711600

  root 119 (10,66,17) deep(16) ok [26.9s; 2914831 tasks, 1506952 skipped] 120/211 ok=120 fail=0 (1895s)
  depth: run skipped | leaf flat/strassen/koszul | expanded failed | folds kept/total | memo hits T/F | ub-fail
  0: 0 0 | 0/0/0 | 0 0 | 64/256 | 0/0 | 0
  1: 64 0 | 0/0/0 | 64 0 | 8192/8192 | 0/0 | 0
  2: 8192 0 | 0/0/8151 | 41 0 | 2624/2624 | 0/0 | 0
  3: 2624 0 | 0/1409/1175 | 40 0 | 1280/1280 | 0/0 | 0
  4: 1255 0 | 0/332/886 | 37 0 | 592/592 | 25/0 | 0
  5: 583 0 | 0/0/495 | 88 0 | 4512/4512 | 9/0 | 0
  6: 3211 175 | 0/0/2202 | 1004 0 | 45592/45592 | 1105/21 | 5
  7: 18487 12346 | 7103/0/7173 | 4038 0 | 149312/149312 | 14387/372 | 173
  8: 44341 36277 | 7418/0/19208 | 16903 0 | 462870/462870 | 65190/3504 | 812
  9: 132204 62811 | 23854/0/86901 | 18645 0 | 293698/293698 | 253522/14333 | 2804
  10: 74673 61864 | 24965/0/36991 | 10438 0 | 113698/113698 | 142638/14523 | 2279
  11: 23141 35367 | 7429/0/10048 | 4768 0 | 39340/39340 | 46933/8257 | 896
  12: 3212 16512 | 1479/0/1254 | 0 343 | 0/0 | 14339/5277 | 136
  memo entries: 280567

  root 120 (10,66,20) deep(16) ok [5.6s; 311987 tasks, 225352 skipped] 121/211 ok=121 fail=0 (1901s)
  depth: run skipped | leaf flat/strassen/koszul | expanded failed | folds kept/total | memo hits T/F | ub-fail
  0: 0 0 | 0/0/0 | 0 0 | 20/256 | 0/0 | 0
  1: 20 0 | 0/0/0 | 20 0 | 2560/2560 | 0/0 | 0
  2: 2560 0 | 0/0/2536 | 24 0 | 1536/1536 | 0/0 | 0
  3: 1536 0 | 0/510/1010 | 16 0 | 512/512 | 0/0 | 0
  4: 506 0 | 0/55/416 | 35 0 | 560/560 | 6/0 | 0
  5: 515 0 | 0/10/414 | 91 0 | 2424/2424 | 45/0 | 0
  6: 1919 70 | 0/0/401 | 1511 0 | 86036/86036 | 431/4 | 7
  7: 68886 3910 | 3616/0/39053 | 26106 0 | 1334016/1334016 | 12906/334 | 111
  8: 935436 74952 | 7076/0/826137 | 101065 0 | 2753814/2753814 | 314846/8782 | 1158
  9: 1152223 602849 | 44849/0/746770 | 350565 0 | 8415196/8415196 | 944870/53872 | 10039
  10: 2445604 1107588 | 124663/0/2148342 | 161808 0 | 2063054/2063054 | 4568980/293024 | 10791
  11: 347277 540149 | 52143/0/257281 | 34716 0 | 295282/295282 | 1020767/154861 | 3137
  12: 15851 117244 | 9310/0/5675 | 0 643 | 0/0 | 123003/39184 | 223
  memo entries: 4643548

  root 121 (10,66,32) deep(16) ok [33.9s; 4972333 tasks, 2446762 skipped] 122/211 ok=122 fail=0 (1935s)
  depth: run skipped | leaf flat/strassen/koszul | expanded failed | folds kept/total | memo hits T/F | ub-fail
  0: 0 0 | 0/0/0 | 0 0 | 20/256 | 0/0 | 0
  1: 20 0 | 0/0/0 | 20 0 | 2560/2560 | 0/0 | 0
  2: 2560 0 | 0/0/2552 | 8 0 | 512/512 | 0/0 | 0
  3: 512 0 | 0/234/266 | 12 0 | 384/384 | 0/0 | 0
  4: 276 0 | 0/16/252 | 8 0 | 128/128 | 108/0 | 0
  5: 64 0 | 0/0/58 | 6 0 | 176/176 | 64/0 | 0
  6: 143 14 | 0/0/84 | 57 0 | 1324/1324 | 19/0 | 2
  7: 460 65 | 218/0/0 | 231 0 | 7596/7596 | 788/11 | 11
  8: 1594 671 | 322/0/0 | 1210 0 | 16568/16568 | 5039/292 | 62
  9: 3873 2010 | 1481/0/63 | 2208 0 | 14694/14694 | 9777/908 | 121
  10: 1545 3912 | 799/0/83 | 529 0 | 5722/5722 | 8578/659 | 134
  11: 1757 2364 | 116/0/836 | 693 0 | 4878/4878 | 1209/392 | 112
  12: 1017 1853 | 467/0/372 | 0 127 | 0/0 | 1493/515 | 51
  memo entries: 12043

  root 122 (10,66,33) deep(16) ok [1.5s; 13821 tasks, 10889 skipped] 123/211 ok=123 fail=0 (1936s)
  depth: run skipped | leaf flat/strassen/koszul | expanded failed | folds kept/total | memo hits T/F | ub-fail
  0: 0 0 | 0/0/0 | 0 0 | 32/256 | 0/0 | 0
  1: 32 0 | 0/0/0 | 32 0 | 4096/4096 | 0/0 | 0
  2: 4096 0 | 0/0/4086 | 10 0 | 640/640 | 0/0 | 0
  3: 640 0 | 0/421/213 | 6 0 | 192/192 | 0/0 | 0
  4: 192 0 | 0/0/186 | 6 0 | 96/96 | 0/0 | 0
  5: 94 0 | 0/0/76 | 18 0 | 336/336 | 2/0 | 0
  6: 242 26 | 0/0/84 | 153 0 | 8016/8016 | 67/1 | 5
  7: 2784 925 | 822/0/607 | 1299 0 | 31612/31612 | 4258/49 | 56
  8: 10002 2237 | 2028/0/3286 | 4515 0 | 131732/131732 | 18648/725 | 173
  9: 39085 13734 | 6418/0/25468 | 6571 0 | 104864/104864 | 74977/3936 | 628
  10: 22183 21053 | 5947/0/12059 | 3433 0 | 31814/31814 | 56334/5294 | 744
  11: 6831 11504 | 2455/0/2272 | 1795 0 | 14978/14978 | 11362/2117 | 309
  12: 2033 5595 | 912/0/798 | 0 234 | 0/0 | 5429/1921 | 89
  memo entries: 79336

  root 123 (10,66,34) deep(16) ok [2.5s; 88214 tasks, 55074 skipped] 124/211 ok=124 fail=0 (1939s)
  depth: run skipped | leaf flat/strassen/koszul | expanded failed | folds kept/total | memo hits T/F | ub-fail
  0: 0 0 | 0/0/0 | 0 0 | 20/256 | 0/0 | 0
  1: 20 0 | 0/0/0 | 20 0 | 2560/2560 | 0/0 | 0
  2: 2560 0 | 0/0/2532 | 28 0 | 1792/1792 | 0/0 | 0
  3: 1792 0 | 0/622/1147 | 23 0 | 736/736 | 0/0 | 0
  4: 558 0 | 0/204/339 | 15 0 | 240/240 | 178/0 | 0
  5: 143 0 | 0/0/122 | 21 0 | 1064/1064 | 97/0 | 0
  6: 712 76 | 0/0/354 | 350 0 | 30328/30328 | 271/5 | 8
  7: 10338 2569 | 3387/0/5976 | 915 0 | 38288/38288 | 17229/192 | 60
  8: 13808 13824 | 2225/0/5980 | 5194 0 | 142118/142118 | 9998/658 | 409
  9: 65330 22207 | 10663/0/41615 | 11200 0 | 163236/163236 | 51124/3457 | 1852
  10: 47063 32793 | 20025/0/17935 | 7243 0 | 76906/76906 | 75197/8183 | 1860
  11: 14588 25551 | 5904/0/3877 | 4016 0 | 27844/27844 | 29233/7534 | 791
  12: 2126 12928 | 932/0/813 | 0 263 | 0/0 | 9143/3647 | 118
  memo entries: 141999

  root 124 (10,66,64) deep(16) ok [2.6s; 159038 tasks, 109948 skipped] 125/211 ok=125 fail=0 (1941s)
  depth: run skipped | leaf flat/strassen/koszul | expanded failed | folds kept/total | memo hits T/F | ub-fail
  0: 0 0 | 0/0/0 | 0 0 | 64/256 | 0/0 | 0
  1: 64 0 | 0/0/0 | 64 0 | 8192/8192 | 0/0 | 0
  2: 8192 0 | 0/0/8148 | 44 0 | 2816/2816 | 0/0 | 0
  3: 2816 0 | 0/1402/1376 | 38 0 | 1216/1216 | 0/0 | 0
  4: 1210 0 | 0/292/884 | 34 0 | 544/544 | 6/0 | 0
  5: 258 0 | 0/0/230 | 28 0 | 608/608 | 286/0 | 0
  6: 428 15 | 0/0/172 | 256 0 | 19056/19056 | 163/2 | 0
  7: 9072 2508 | 3412/0/4322 | 1278 0 | 69660/69660 | 7371/105 | 60
  8: 23928 15487 | 4009/0/9189 | 10228 0 | 231048/231048 | 28851/1394 | 502
  9: 92148 40361 | 15684/0/57451 | 17345 0 | 221292/221292 | 90733/7806 | 1668
  10: 54844 50831 | 27347/0/18350 | 7516 0 | 79662/79662 | 105073/10544 | 1631
  11: 14897 28826 | 6697/0/4215 | 3284 0 | 24838/24838 | 29215/6724 | 701
  12: 1910 11258 | 951/0/625 | 0 220 | 0/0 | 8392/3278 | 114
  memo entries: 190237

  root 125 (10,66,66) deep(16) ok [5.6s; 209767 tasks, 149286 skipped] 126/211 ok=126 fail=0 (1947s)
  depth: run skipped | leaf flat/strassen/koszul | expanded failed | folds kept/total | memo hits T/F | ub-fail
  0: 0 0 | 0/0/0 | 0 0 | 10/256 | 0/0 | 0
  1: 10 0 | 0/0/0 | 10 0 | 1280/1280 | 0/0 | 0
  2: 1280 0 | 0/0/1278 | 2 0 | 128/128 | 0/0 | 0
  3: 128 0 | 0/64/62 | 2 0 | 64/64 | 0/0 | 0
  4: 64 0 | 0/0/62 | 2 0 | 32/32 | 0/0 | 0
  5: 16 0 | 0/0/13 | 3 0 | 88/88 | 16/0 | 0
  6: 76 7 | 0/0/44 | 31 0 | 608/608 | 5/0 | 1
  7: 235 18 | 124/0/0 | 106 0 | 3576/3576 | 351/4 | 5
  8: 1181 316 | 159/0/0 | 980 0 | 11792/11792 | 1963/116 | 42
  9: 3211 997 | 1488/0/64 | 1553 0 | 11252/11252 | 6998/586 | 106
  10: 1341 2823 | 766/0/43 | 387 0 | 4618/4618 | 6549/539 | 145
  11: 1653 1538 | 119/0/823 | 586 0 | 4422/4422 | 1094/333 | 125
  12: 1059 1424 | 466/0/381 | 0 166 | 0/0 | 1486/453 | 46
  memo entries: 8992

  root 126 (10,66,68) deep(16) ok [1.0s; 10254 tasks, 7123 skipped] 127/211 ok=127 fail=0 (1948s)
  depth: run skipped | leaf flat/strassen/koszul | expanded failed | folds kept/total | memo hits T/F | ub-fail
  0: 0 0 | 0/0/0 | 0 0 | 20/256 | 0/0 | 0
  1: 20 0 | 0/0/0 | 20 0 | 2560/2560 | 0/0 | 0
  2: 2560 0 | 0/0/2554 | 6 0 | 384/384 | 0/0 | 0
  3: 384 0 | 0/104/268 | 12 0 | 384/384 | 0/0 | 0
  4: 274 0 | 0/16/250 | 8 0 | 128/128 | 110/0 | 0
  5: 53 0 | 0/0/48 | 5 0 | 168/168 | 75/0 | 0
  6: 93 14 | 0/0/45 | 47 0 | 1184/1184 | 60/1 | 1
  7: 408 39 | 204/0/0 | 191 0 | 6516/6516 | 721/16 | 13
  8: 1206 503 | 170/0/0 | 993 0 | 12116/12116 | 4534/273 | 43
  9: 3198 1138 | 1480/0/74 | 1534 0 | 11272/11272 | 7184/596 | 110
  10: 1364 2623 | 791/0/43 | 391 0 | 4280/4280 | 6713/572 | 139
  11: 1383 1585 | 116/0/637 | 512 0 | 3860/3860 | 1021/291 | 118
  12: 899 1436 | 429/0/275 | 0 145 | 0/0 | 1123/402 | 50
  memo entries: 10496

  root 127 (10,66,69) deep(16) ok [1.5s; 11842 tasks, 7338 skipped] 128/211 ok=128 fail=0 (1949s)
  depth: run skipped | leaf flat/strassen/koszul | expanded failed | folds kept/total | memo hits T/F | ub-fail
  0: 0 0 | 0/0/0 | 0 0 | 128/256 | 0/0 | 0
  1: 128 0 | 0/0/0 | 128 0 | 16384/16384 | 0/0 | 0
  2: 16384 0 | 0/0/16272 | 112 0 | 7168/7168 | 0/0 | 0
  3: 7040 0 | 0/3043/3920 | 77 0 | 2464/2464 | 128/0 | 0
  4: 2389 0 | 0/595/1677 | 117 0 | 1872/1872 | 75/0 | 0
  5: 1379 0 | 0/0/1169 | 210 0 | 15472/15472 | 493/0 | 0
  6: 11170 1259 | 0/0/3652 | 7508 0 | 404908/404908 | 2965/78 | 10
  7: 163854 44510 | 17814/0/128815 | 16835 0 | 1026440/1026440 | 193311/3233 | 390
  8: 386935 283007 | 31242/0/297965 | 55371 0 | 1546336/1546336 | 342069/14429 | 2357
  9: 453800 407058 | 63587/0/298628 | 82991 0 | 1514636/1514636 | 643678/41800 | 8594
  10: 494194 339612 | 88147/0/346607 | 51988 0 | 657152/657152 | 617922/62908 | 7452
  11: 146019 197227 | 29586/0/92696 | 21394 0 | 181874/181874 | 260488/53418 | 2343
  12: 11080 74339 | 5246/0/4988 | 0 620 | 0/0 | 71524/24931 | 226
  memo entries: 1543022

  root 128 (10,66,80) deep(16) ok [23.3s; 1694372 tasks, 1347012 skipped] 129/211 ok=129 fail=0 (1973s)
  depth: run skipped | leaf flat/strassen/koszul | expanded failed | folds kept/total | memo hits T/F | ub-fail
  0: 0 0 | 0/0/0 | 0 0 | 64/256 | 0/0 | 0
  1: 64 0 | 0/0/0 | 64 0 | 8192/8192 | 0/0 | 0
  2: 8192 0 | 0/0/8173 | 19 0 | 1216/1216 | 0/0 | 0
  3: 1216 0 | 0/555/641 | 20 0 | 640/640 | 0/0 | 0
  4: 640 0 | 0/46/553 | 41 0 | 656/656 | 0/0 | 0
  5: 650 0 | 0/0/564 | 86 0 | 4624/4624 | 6/0 | 0
  6: 4073 156 | 0/0/1926 | 2143 0 | 94488/94488 | 377/18 | 4
  7: 57592 20040 | 9973/0/39756 | 7643 0 | 398578/398578 | 16313/543 | 220
  8: 115113 102357 | 56357/0/26968 | 30455 0 | 782888/782888 | 173059/8049 | 1333
  9: 195585 172697 | 49857/0/111173 | 29717 0 | 491652/491652 | 388805/25801 | 4838
  10: 119493 154808 | 38384/0/57409 | 20283 0 | 219316/219316 | 192577/24774 | 3417
  11: 41488 76935 | 9841/0/22489 | 7890 0 | 64566/64566 | 82648/18245 | 1268
  12: 4455 27661 | 1517/0/2320 | 0 451 | 0/0 | 23326/9124 | 167
  memo entries: 486621

  root 129 (10,66,84) deep(16) ok [8.1s; 548561 tasks, 554654 skipped] 130/211 ok=130 fail=0 (1981s)
  depth: run skipped | leaf flat/strassen/koszul | expanded failed | folds kept/total | memo hits T/F | ub-fail
  0: 0 0 | 0/0/0 | 0 0 | 128/256 | 0/0 | 0
  1: 128 0 | 0/0/0 | 128 0 | 16384/16384 | 0/0 | 0
  2: 16384 0 | 0/0/16340 | 44 0 | 2816/2816 | 0/0 | 0
  3: 2816 0 | 0/1403/1359 | 54 0 | 1728/1728 | 0/0 | 0
  4: 1717 0 | 0/84/1534 | 99 0 | 1584/1584 | 11/0 | 0
  5: 1158 0 | 0/0/1004 | 154 0 | 8368/8368 | 426/0 | 0
  6: 5836 365 | 0/0/2882 | 2948 0 | 115904/115904 | 2110/57 | 6
  7: 63049 26217 | 14035/0/39640 | 9037 0 | 445634/445634 | 25842/796 | 337
  8: 119275 113523 | 55101/0/29859 | 32869 0 | 885874/885874 | 203554/9282 | 1446
  9: 220779 189650 | 51386/0/131009 | 33025 0 | 556550/556550 | 447420/28025 | 5359
  10: 133018 174289 | 42912/0/64356 | 22070 0 | 248654/248654 | 221382/27861 | 3680
  11: 45183 84489 | 10785/0/24766 | 8347 0 | 69360/69360 | 98128/20854 | 1285
  12: 4569 29533 | 1632/0/2333 | 0 445 | 0/0 | 25552/9706 | 159
  memo entries: 546651

  root 130 (10,66,85) deep(16) ok [12.7s; 613912 tasks, 618066 skipped] 131/211 ok=131 fail=0 (1993s)
  depth: run skipped | leaf flat/strassen/koszul | expanded failed | folds kept/total | memo hits T/F | ub-fail
  0: 0 0 | 0/0/0 | 0 0 | 20/256 | 0/0 | 0
  1: 20 0 | 0/0/0 | 20 0 | 2560/2560 | 0/0 | 0
  2: 2560 0 | 0/0/2551 | 9 0 | 576/576 | 0/0 | 0
  3: 576 0 | 0/213/354 | 9 0 | 288/288 | 0/0 | 0
  4: 287 0 | 0/0/268 | 19 0 | 304/304 | 1/0 | 0
  5: 271 0 | 0/0/236 | 35 0 | 1816/1816 | 33/0 | 0
  6: 1723 49 | 0/0/411 | 1310 0 | 51480/51480 | 43/1 | 2
  7: 30323 7682 | 4205/0/19830 | 6163 0 | 280502/280502 | 13176/299 | 125
  8: 79791 50147 | 22708/0/21916 | 34230 0 | 713910/713910 | 143533/7031 | 937
  9: 281476 121391 | 23117/0/218348 | 35524 0 | 837528/837528 | 296362/14681 | 4487
  10: 324910 173701 | 52035/0/236967 | 31505 0 | 426224/426224 | 306713/32204 | 4403
  11: 99634 123444 | 16289/0/66980 | 14645 0 | 126016/126016 | 169425/33721 | 1720
  12: 7878 50765 | 3529/0/3636 | 0 531 | 0/0 | 49996/17377 | 182
  memo entries: 751785

  root 131 (10,66,96) deep(16) ok [6.6s; 829449 tasks, 527179 skipped] 132/211 ok=132 fail=0 (2000s)
  depth: run skipped | leaf flat/strassen/koszul | expanded failed | folds kept/total | memo hits T/F | ub-fail
  0: 0 0 | 0/0/0 | 0 0 | 32/256 | 0/0 | 0
  1: 32 0 | 0/0/0 | 32 0 | 4096/4096 | 0/0 | 0
  2: 4096 0 | 0/0/4092 | 4 0 | 256/256 | 0/0 | 0
  3: 256 0 | 0/192/60 | 4 0 | 128/128 | 0/0 | 0
  4: 128 0 | 0/0/124 | 4 0 | 64/64 | 0/0 | 0
  5: 62 0 | 0/0/52 | 10 0 | 80/80 | 2/0 | 0
  6: 35 0 | 0/0/0 | 35 0 | 1484/1484 | 45/0 | 0
  7: 536 23 | 351/0/0 | 172 0 | 6192/6192 | 896/29 | 13
  8: 1191 298 | 97/0/0 | 1050 0 | 9928/9928 | 4390/313 | 44
  9: 2479 521 | 2432/0/0 | 0 0 | 0/0 | 6442/486 | 47
  memo entries: 8643

  root 132 (10,66,98) deep(16) ok [2.0s; 8815 tasks, 842 skipped] 133/211 ok=133 fail=0 (2002s)
  depth: run skipped | leaf flat/strassen/koszul | expanded failed | folds kept/total | memo hits T/F | ub-fail
  0: 0 0 | 0/0/0 | 0 0 | 40/256 | 0/0 | 0
  1: 40 0 | 0/0/0 | 40 0 | 5120/5120 | 0/0 | 0
  2: 5120 0 | 0/0/5100 | 20 0 | 1280/1280 | 0/0 | 0
  3: 1280 0 | 0/537/717 | 26 0 | 832/832 | 0/0 | 0
  4: 719 0 | 0/0/675 | 44 0 | 704/704 | 113/0 | 0
  5: 492 0 | 0/0/422 | 70 0 | 3984/3984 | 212/0 | 0
  6: 3006 167 | 0/0/1316 | 1683 0 | 73140/73140 | 796/15 | 7
  7: 42158 14032 | 6644/0/20618 | 14637 0 | 566450/566450 | 16535/415 | 259
  8: 227292 85684 | 25530/0/164973 | 35604 0 | 1236572/1236572 | 244416/9058 | 1185
  9: 362789 266589 | 44559/0/131400 | 181076 0 | 4658970/4658970 | 572739/34455 | 5754
  10: 1400607 443187 | 49763/0/1261807 | 83954 0 | 1064836/1064836 | 2653043/162133 | 5083
  11: 193194 216425 | 22530/0/148444 | 20292 0 | 175936/175936 | 585816/69401 | 1928
  12: 11588 67340 | 6735/0/4098 | 0 551 | 0/0 | 72918/24090 | 204
  memo entries: 2051953

  root 133 (10,66,104) deep(16) ok [15.7s; 2248285 tasks, 1093424 skipped] 134/211 ok=134 fail=0 (2018s)
  depth: run skipped | leaf flat/strassen/koszul | expanded failed | folds kept/total | memo hits T/F | ub-fail
  0: 0 0 | 0/0/0 | 0 0 | 64/256 | 0/0 | 0
  1: 64 0 | 0/0/0 | 64 0 | 8192/8192 | 0/0 | 0
  2: 8192 0 | 0/0/8178 | 14 0 | 896/896 | 0/0 | 0
  3: 896 0 | 0/360/512 | 24 0 | 768/768 | 0/0 | 0
  4: 764 0 | 0/64/676 | 24 0 | 384/384 | 4/0 | 0
  5: 149 0 | 0/0/139 | 10 0 | 400/400 | 235/0 | 0
  6: 352 23 | 0/0/224 | 126 0 | 7324/7324 | 25/0 | 2
  7: 3000 2870 | 1018/0/909 | 992 0 | 34220/34220 | 1415/39 | 81
  8: 15377 4082 | 4045/0/6150 | 5040 0 | 183614/183614 | 14274/487 | 142
  9: 56284 20473 | 7632/0/41341 | 6525 0 | 130906/130906 | 102179/4678 | 786
  10: 31250 25303 | 13303/0/13218 | 3972 0 | 42522/42522 | 68602/5751 | 757
  11: 8106 11335 | 4327/0/1763 | 1692 0 | 14596/14596 | 20153/2928 | 324
  12: 1565 5933 | 788/0/504 | 0 184 | 0/0 | 5226/1872 | 89
  memo entries: 114912

  root 134 (10,66,106) deep(16) ok [5.1s; 125999 tasks, 70019 skipped] 135/211 ok=135 fail=0 (2023s)
  depth: run skipped | leaf flat/strassen/koszul | expanded failed | folds kept/total | memo hits T/F | ub-fail
  0: 0 0 | 0/0/0 | 0 0 | 32/256 | 0/0 | 0
  1: 32 0 | 0/0/0 | 32 0 | 4096/4096 | 0/0 | 0
  2: 4096 0 | 0/0/4055 | 41 0 | 2624/2624 | 0/0 | 0
  3: 2624 0 | 0/1351/1247 | 26 0 | 832/832 | 0/0 | 0
  4: 825 0 | 0/160/646 | 19 0 | 304/304 | 7/0 | 0
  5: 278 0 | 0/0/203 | 75 0 | 3128/3128 | 26/0 | 0
  6: 2022 198 | 0/0/866 | 1139 0 | 61948/61948 | 895/13 | 17
  7: 27836 5845 | 6117/0/17000 | 4520 0 | 152142/152142 | 27903/364 | 199
  8: 44568 41886 | 7779/0/16914 | 19007 0 | 493768/493768 | 63086/2602 | 868
  9: 184736 89902 | 24126/0/106988 | 49292 0 | 680678/680678 | 204303/14827 | 4330
  10: 168907 113471 | 34808/0/101549 | 28013 0 | 300726/300726 | 363301/34999 | 4537
  11: 41076 94185 | 14041/0/16650 | 9005 0 | 69920/69920 | 138945/26520 | 1380
  12: 4313 31253 | 1610/0/2019 | 0 509 | 0/0 | 24217/10137 | 175
  memo entries: 428946

  root 135 (10,66,128) deep(16) ok [5.6s; 481313 tasks, 376740 skipped] 136/211 ok=136 fail=0 (2028s)
  depth: run skipped | leaf flat/strassen/koszul | expanded failed | folds kept/total | memo hits T/F | ub-fail
  0: 0 0 | 0/0/0 | 0 0 | 36/256 | 0/0 | 0
  1: 36 0 | 0/0/0 | 36 0 | 4608/4608 | 0/0 | 0
  2: 4608 0 | 0/0/4576 | 32 0 | 2048/2048 | 0/0 | 0
  3: 2048 0 | 0/801/1223 | 24 0 | 768/768 | 0/0 | 0
  4: 766 0 | 0/72/670 | 24 0 | 384/384 | 2/0 | 0
  5: 340 0 | 0/0/306 | 34 0 | 1488/1488 | 44/0 | 0
  6: 1323 50 | 0/0/660 | 663 0 | 46064/46064 | 110/5 | 0
  7: 26043 8476 | 6532/0/17537 | 1896 0 | 94862/94862 | 11306/239 | 78
  8: 26199 32398 | 4355/0/9410 | 11598 0 | 249880/249880 | 34378/1887 | 836
  9: 83726 50681 | 14724/0/46638 | 20461 0 | 288478/288478 | 107244/8229 | 1903
  10: 72696 62712 | 25564/0/33720 | 11333 0 | 119860/119860 | 138745/14325 | 2079
  11: 21662 40251 | 9302/0/6737 | 4757 0 | 37638/37638 | 48702/9245 | 866
  12: 2961 16387 | 1380/0/1093 | 0 336 | 0/0 | 13226/5064 | 152
  memo entries: 216726

  root 136 (10,66,129) deep(16) ok [4.6s; 242408 tasks, 210955 skipped] 137/211 ok=137 fail=0 (2033s)
  depth: run skipped | leaf flat/strassen/koszul | expanded failed | folds kept/total | memo hits T/F | ub-fail
  0: 0 0 | 0/0/0 | 0 0 | 16/256 | 0/0 | 0
  1: 16 0 | 0/0/0 | 16 0 | 2048/2048 | 0/0 | 0
  2: 2048 0 | 0/0/2043 | 5 0 | 320/320 | 0/0 | 0
  3: 320 0 | 0/170/147 | 3 0 | 96/96 | 0/0 | 0
  4: 96 0 | 0/0/93 | 3 0 | 48/48 | 0/0 | 0
  5: 47 0 | 0/0/38 | 9 0 | 168/168 | 1/0 | 0
  6: 140 14 | 0/0/44 | 94 0 | 4964/4964 | 14/0 | 2
  7: 1803 611 | 549/0/321 | 895 0 | 22960/22960 | 2517/33 | 38
  8: 8563 1580 | 1184/0/3044 | 4213 0 | 122922/122922 | 12331/486 | 122
  9: 36890 12190 | 5524/0/25266 | 5514 0 | 92622/92622 | 70330/3512 | 586
  10: 20826 18393 | 5160/0/12025 | 2906 0 | 25112/25112 | 48784/4619 | 735
  11: 5953 9323 | 2184/0/1966 | 1507 0 | 12534/12534 | 8278/1558 | 296
  12: 1624 4665 | 781/0/544 | 0 214 | 0/0 | 4658/1587 | 85
  memo entries: 71317

  root 137 (10,66,132) deep(16) ok [1.5s; 78326 tasks, 46776 skipped] 138/211 ok=138 fail=0 (2035s)
  depth: run skipped | leaf flat/strassen/koszul | expanded failed | folds kept/total | memo hits T/F | ub-fail
  0: 0 0 | 0/0/0 | 0 0 | 32/256 | 0/0 | 0
  1: 32 0 | 0/0/0 | 32 0 | 4096/4096 | 0/0 | 0
  2: 4096 0 | 0/0/4086 | 10 0 | 640/640 | 0/0 | 0
  3: 640 0 | 0/340/294 | 6 0 | 192/192 | 0/0 | 0
  4: 189 0 | 0/0/183 | 6 0 | 96/96 | 3/0 | 0
  5: 82 0 | 0/0/66 | 16 0 | 256/256 | 14/0 | 0
  6: 205 21 | 0/0/44 | 158 0 | 7396/7396 | 30/0 | 3
  7: 3182 737 | 885/0/629 | 1609 0 | 36768/36768 | 3429/48 | 59
  8: 11112 2134 | 1988/0/3496 | 5472 0 | 169378/169378 | 22608/914 | 156
  9: 45851 17037 | 7192/0/31525 | 6360 0 | 113844/113844 | 101623/4867 | 774
  10: 25108 21926 | 6502/0/14437 | 3367 0 | 30910/30910 | 61068/5742 | 802
  11: 6801 10621 | 2604/0/2304 | 1563 0 | 13336/13336 | 11450/2038 | 330
  12: 1885 4919 | 883/0/713 | 0 201 | 0/0 | 4839/1693 | 88
  memo entries: 90263

  root 138 (10,66,134) deep(16) ok [3.0s; 99183 tasks, 57395 skipped] 139/211 ok=139 fail=0 (2038s)
  depth: run skipped | leaf flat/strassen/koszul | expanded failed | folds kept/total | memo hits T/F | ub-fail
  0: 0 0 | 0/0/0 | 0 0 | 72/256 | 0/0 | 0
  1: 72 0 | 0/0/0 | 72 0 | 9216/9216 | 0/0 | 0
  2: 9216 0 | 0/0/9138 | 78 0 | 4992/4992 | 0/0 | 0
  3: 4928 0 | 0/1942/2934 | 52 0 | 1664/1664 | 64/0 | 0
  4: 1626 0 | 0/133/1412 | 81 0 | 1296/1296 | 38/0 | 0
  5: 1211 0 | 0/0/1028 | 183 0 | 13464/13464 | 85/0 | 0
  6: 10686 1162 | 0/0/3630 | 7047 0 | 417440/417440 | 1566/50 | 9
  7: 239429 49266 | 17703/0/205241 | 16071 0 | 1000306/1000306 | 125615/3130 | 414
  8: 373926 303816 | 28732/0/295250 | 47635 0 | 1370004/1370004 | 308659/13905 | 2309
  9: 405856 350970 | 66332/0/254218 | 77539 0 | 1298398/1298398 | 573987/39191 | 7767
  10: 401472 280451 | 77273/0/275795 | 41872 0 | 519260/519260 | 562016/54459 | 6532
  11: 113564 160311 | 24256/0/68581 | 18576 0 | 151800/151800 | 202306/43079 | 2151
  12: 9934 63401 | 4513/0/4627 | 0 583 | 0/0 | 57750/20715 | 211
  memo entries: 1439586

  root 139 (10,66,136) deep(16) ok [21.3s; 1571920 tasks, 1209377 skipped] 140/211 ok=140 fail=0 (2059s)
  depth: run skipped | leaf flat/strassen/koszul | expanded failed | folds kept/total | memo hits T/F | ub-fail
  0: 0 0 | 0/0/0 | 0 0 | 40/256 | 0/0 | 0
  1: 40 0 | 0/0/0 | 40 0 | 5120/5120 | 0/0 | 0
  2: 5120 0 | 0/0/5098 | 22 0 | 1408/1408 | 0/0 | 0
  3: 1408 0 | 0/735/647 | 26 0 | 832/832 | 0/0 | 0
  4: 832 0 | 0/64/719 | 49 0 | 784/784 | 0/0 | 0
  5: 710 0 | 0/0/624 | 86 0 | 5648/5648 | 74/0 | 0
  6: 4817 243 | 0/0/2047 | 2763 0 | 135036/135036 | 568/20 | 7
  7: 90997 25976 | 11157/0/69506 | 10013 0 | 485370/485370 | 17213/850 | 321
  8: 130853 132982 | 59588/0/36944 | 32969 0 | 920546/920546 | 212551/8984 | 1352
  9: 218582 202986 | 50055/0/130663 | 33036 0 | 545490/545490 | 469267/29711 | 4828
  10: 123730 172889 | 41401/0/58132 | 20822 0 | 238142/238142 | 221693/27178 | 3375
  11: 43724 80376 | 9635/0/24964 | 7958 0 | 67502/67502 | 93859/20183 | 1167
  12: 4663 27677 | 1611/0/2456 | 0 438 | 0/0 | 25648/9514 | 158
  memo entries: 561797

  root 140 (10,66,140) deep(16) ok [8.1s; 625476 tasks, 643129 skipped] 141/211 ok=141 fail=0 (2067s)
  depth: run skipped | leaf flat/strassen/koszul | expanded failed | folds kept/total | memo hits T/F | ub-fail
  0: 0 0 | 0/0/0 | 0 0 | 32/256 | 0/0 | 0
  1: 32 0 | 0/0/0 | 32 0 | 4096/4096 | 0/0 | 0
  2: 4096 0 | 0/0/4076 | 20 0 | 1280/1280 | 0/0 | 0
  3: 1280 0 | 0/632/635 | 13 0 | 416/416 | 0/0 | 0
  4: 412 0 | 0/0/389 | 23 0 | 368/368 | 4/0 | 0
  5: 367 0 | 0/0/309 | 58 0 | 2896/2896 | 1/0 | 0
  6: 1773 163 | 0/0/1145 | 622 0 | 25812/25812 | 944/16 | 6
  7: 8253 9937 | 3211/0/2075 | 2837 0 | 99544/99544 | 7436/186 | 130
  8: 29715 19133 | 8188/0/8245 | 12666 0 | 339760/339760 | 48428/2268 | 616
  9: 96467 40306 | 19115/0/60695 | 14372 0 | 209704/209704 | 193268/9719 | 2285
  10: 49587 44582 | 22105/0/18004 | 7767 0 | 90674/90674 | 105682/9853 | 1711
  11: 17823 24719 | 5975/0/6850 | 4308 0 | 35810/35810 | 41640/6492 | 690
  12: 3162 13970 | 1274/0/1439 | 0 318 | 0/0 | 14204/4474 | 131
  memo entries: 188984

  root 141 (10,66,160) deep(16) ok [3.6s; 212967 tasks, 152810 skipped] 142/211 ok=142 fail=0 (2071s)
  depth: run skipped | leaf flat/strassen/koszul | expanded failed | folds kept/total | memo hits T/F | ub-fail
  0: 0 0 | 0/0/0 | 0 0 | 20/256 | 0/0 | 0
  1: 20 0 | 0/0/0 | 20 0 | 2560/2560 | 0/0 | 0
  2: 2560 0 | 0/0/2552 | 8 0 | 512/512 | 0/0 | 0
  3: 512 0 | 0/242/258 | 12 0 | 384/384 | 0/0 | 0
  4: 384 0 | 0/32/340 | 12 0 | 192/192 | 0/0 | 0
  5: 127 0 | 0/0/116 | 11 0 | 88/88 | 65/0 | 0
  6: 63 0 | 0/0/0 | 63 0 | 3004/3004 | 25/0 | 0
  7: 875 64 | 531/0/0 | 326 0 | 11736/11736 | 2018/47 | 18
  8: 1782 644 | 140/0/0 | 1599 0 | 14670/14670 | 8751/559 | 43
  9: 2496 863 | 2454/0/0 | 0 0 | 0/0 | 10625/686 | 42
  memo entries: 8562

  root 142 (10,66,161) deep(16) ok [1.5s; 8819 tasks, 1571 skipped] 143/211 ok=143 fail=0 (2072s)
  depth: run skipped | leaf flat/strassen/koszul | expanded failed | folds kept/total | memo hits T/F | ub-fail
  0: 0 0 | 0/0/0 | 0 0 | 64/256 | 0/0 | 0
  1: 64 0 | 0/0/0 | 64 0 | 8192/8192 | 0/0 | 0
  2: 8192 0 | 0/0/8155 | 37 0 | 2368/2368 | 0/0 | 0
  3: 2368 0 | 0/1238/1094 | 36 0 | 1152/1152 | 0/0 | 0
  4: 1135 0 | 0/203/891 | 41 0 | 656/656 | 17/0 | 0
  5: 643 0 | 0/0/544 | 99 0 | 4856/4856 | 13/0 | 0
  6: 3647 179 | 0/0/2490 | 1150 0 | 52724/52724 | 1010/20 | 7
  7: 20704 18223 | 7061/0/8260 | 5175 0 | 191894/191894 | 13378/419 | 208
  8: 65071 37967 | 9171/0/35521 | 19394 0 | 544534/544534 | 84789/4067 | 985
  9: 148571 66811 | 29983/0/95799 | 19791 0 | 310242/310242 | 312517/16635 | 2998
  10: 79324 63837 | 29552/0/36586 | 10878 0 | 128102/128102 | 152294/14787 | 2308
  11: 25718 38250 | 8705/0/10325 | 5750 0 | 47642/47642 | 54565/9569 | 938
  12: 3748 20620 | 1787/0/1418 | 0 378 | 0/0 | 16857/6417 | 165
  memo entries: 321677

  root 143 (10,66,176) deep(16) ok [7.1s; 359185 tasks, 245887 skipped] 144/211 ok=144 fail=0 (2079s)
  depth: run skipped | leaf flat/strassen/koszul | expanded failed | folds kept/total | memo hits T/F | ub-fail
  0: 0 0 | 0/0/0 | 0 0 | 10/256 | 0/0 | 0
  1: 10 0 | 0/0/0 | 10 0 | 1280/1280 | 0/0 | 0
  2: 1280 0 | 0/0/1272 | 8 0 | 512/512 | 0/0 | 0
  3: 512 0 | 0/260/248 | 4 0 | 128/128 | 0/0 | 0
  4: 125 0 | 0/0/121 | 4 0 | 64/64 | 3/0 | 0
  5: 32 0 | 0/0/22 | 10 0 | 176/176 | 32/0 | 0
  6: 153 7 | 0/0/52 | 100 0 | 3024/3024 | 16/0 | 1
  7: 1428 387 | 681/0/0 | 721 0 | 14026/14026 | 1192/17 | 26
  8: 5584 1406 | 71/0/947 | 4415 0 | 153602/153602 | 6827/209 | 151
  9: 54227 14350 | 7744/0/39023 | 6574 0 | 102986/102986 | 80595/4430 | 886
  10: 23278 19731 | 6922/0/12978 | 2617 0 | 25352/25352 | 54435/5542 | 761
  11: 6390 8249 | 2723/0/2253 | 1065 0 | 9148/9148 | 8880/1833 | 349
  12: 1376 3709 | 674/0/468 | 0 152 | 0/0 | 2748/1315 | 82
  memo entries: 87149

  root 144 (10,66,256) deep(16) ok [1.0s; 94395 tasks, 47839 skipped] 145/211 ok=145 fail=0 (2080s)
  depth: run skipped | leaf flat/strassen/koszul | expanded failed | folds kept/total | memo hits T/F | ub-fail
  0: 0 0 | 0/0/0 | 0 0 | 20/256 | 0/0 | 0
  1: 20 0 | 0/0/0 | 20 0 | 2560/2560 | 0/0 | 0
  2: 2560 0 | 0/0/2530 | 30 0 | 1920/1920 | 0/0 | 0
  3: 1920 0 | 0/1016/872 | 32 0 | 1024/1024 | 0/0 | 0
  4: 922 0 | 0/304/585 | 33 0 | 528/528 | 102/0 | 0
  5: 384 0 | 0/0/192 | 192 0 | 7904/7904 | 144/0 | 0
  6: 5441 250 | 0/0/3248 | 2178 0 | 209212/209212 | 2193/20 | 15
  7: 122697 10223 | 8356/0/82137 | 32103 0 | 2125832/2125832 | 75925/367 | 101
  8: 723912 187260 | 12172/0/650406 | 60209 0 | 2910384/2910384 | 1200226/14434 | 1125
  9: 889128 596098 | 52617/0/542094 | 287943 0 | 7121396/7121396 | 1358533/66625 | 6474
  10: 1473357 669489 | 57971/0/1327188 | 83645 0 | 1074196/1074196 | 4748234/230316 | 4553
  11: 196245 244926 | 27309/0/147681 | 19561 0 | 164002/164002 | 563814/69211 | 1694
  12: 10423 63510 | 6221/0/3544 | 0 476 | 0/0 | 68881/21188 | 182
  memo entries: 3059687

  root 145 (10,84,1) deep(16) ok [29.9s; 3427009 tasks, 1771756 skipped] 146/211 ok=146 fail=0 (2110s)
  depth: run skipped | leaf flat/strassen/koszul | expanded failed | folds kept/total | memo hits T/F | ub-fail
  0: 0 0 | 0/0/0 | 0 0 | 6/256 | 0/0 | 0
  1: 6 0 | 0/0/0 | 6 0 | 768/768 | 0/0 | 0
  2: 768 0 | 0/0/760 | 8 0 | 512/512 | 0/0 | 0
  3: 512 0 | 0/173/331 | 8 0 | 256/256 | 0/0 | 0
  4: 256 0 | 0/165/83 | 8 0 | 128/128 | 0/0 | 0
  5: 124 0 | 0/0/104 | 20 0 | 160/160 | 4/0 | 0
  6: 75 0 | 0/0/8 | 67 0 | 9996/9996 | 85/0 | 0
  7: 6499 459 | 60/0/4644 | 1769 0 | 180304/180304 | 2982/56 | 26
  8: 71387 5261 | 425/0/64625 | 6000 0 | 152702/152702 | 101794/1862 | 337
  9: 30672 13924 | 6983/0/17887 | 4260 0 | 47400/47400 | 103758/4348 | 1542
  10: 12251 10931 | 8027/0/1953 | 1689 0 | 20072/20072 | 22379/1839 | 582
  11: 3864 6409 | 1578/0/643 | 1466 0 | 12160/12160 | 8259/1540 | 177
  12: 804 5039 | 483/0/130 | 0 137 | 0/0 | 4866/1451 | 54
  memo entries: 82926

  root 146 (10,84,4) deep(16) ok [2.0s; 127218 tasks, 42023 skipped] 147/211 ok=147 fail=0 (2112s)
  depth: run skipped | leaf flat/strassen/koszul | expanded failed | folds kept/total | memo hits T/F | ub-fail
  0: 0 0 | 0/0/0 | 0 0 | 64/256 | 0/0 | 0
  1: 64 0 | 0/0/0 | 64 0 | 8192/8192 | 0/0 | 0
  2: 8192 0 | 0/0/8113 | 79 0 | 5056/5056 | 0/0 | 0
  3: 5056 0 | 0/2091/2911 | 54 0 | 1728/1728 | 0/0 | 0
  4: 1693 0 | 0/557/1110 | 26 0 | 416/416 | 35/0 | 0
  5: 222 0 | 0/16/170 | 36 0 | 4160/4160 | 194/0 | 0
  6: 1369 401 | 0/6/775 | 575 0 | 39440/39440 | 2376/14 | 13
  7: 13003 3684 | 3644/0/7076 | 2179 0 | 78496/78496 | 22512/241 | 104
  8: 26825 21259 | 5493/0/10496 | 10312 0 | 322598/322598 | 29264/1148 | 524
  9: 120949 49252 | 16930/0/85810 | 15682 0 | 248440/248440 | 144338/8059 | 2527
  10: 68239 64076 | 25405/0/30568 | 9950 0 | 103704/103704 | 103977/12148 | 2316
  11: 19793 36318 | 7761/0/6575 | 4534 0 | 34442/34442 | 38227/9366 | 923
  12: 2749 15903 | 1261/0/1038 | 0 315 | 0/0 | 11036/4754 | 135
  memo entries: 242676

  root 147 (10,84,8) deep(16) ok [6.1s; 268154 tasks, 190893 skipped] 148/211 ok=148 fail=0 (2118s)
  depth: run skipped | leaf flat/strassen/koszul | expanded failed | folds kept/total | memo hits T/F | ub-fail
  0: 0 0 | 0/0/0 | 0 0 | 128/256 | 0/0 | 0
  1: 128 0 | 0/0/0 | 128 0 | 16384/16384 | 0/0 | 0
  2: 16384 0 | 0/0/16290 | 94 0 | 6016/6016 | 0/0 | 0
  3: 6016 0 | 0/3208/2736 | 72 0 | 2304/2304 | 0/0 | 0
  4: 2251 0 | 0/568/1649 | 34 0 | 544/544 | 53/0 | 0
  5: 264 0 | 0/0/236 | 28 0 | 736/736 | 280/0 | 0
  6: 654 29 | 0/0/272 | 379 0 | 26796/26796 | 52/1 | 3
  7: 10202 4074 | 4408/0/3028 | 2639 0 | 111684/111684 | 12350/170 | 127
  8: 33584 19313 | 5206/0/13991 | 13805 0 | 389244/389244 | 56680/2107 | 582
  9: 132298 62677 | 18486/0/89993 | 21649 0 | 313444/313444 | 182529/11740 | 2170
  10: 80808 71479 | 33525/0/34340 | 10916 0 | 114646/114646 | 146598/14559 | 2027
  11: 21668 36830 | 9711/0/6874 | 4227 0 | 34360/34360 | 47130/9018 | 856
  12: 2645 14687 | 1234/0/961 | 0 312 | 0/0 | 12415/4613 | 138
  memo entries: 279891

  root 148 (10,84,10) deep(16) ok [11.1s; 306902 tasks, 209089 skipped] 149/211 ok=149 fail=0 (2129s)
  depth: run skipped | leaf flat/strassen/koszul | expanded failed | folds kept/total | memo hits T/F | ub-fail
  0: 0 0 | 0/0/0 | 0 0 | 64/256 | 0/0 | 0
  1: 64 0 | 0/0/0 | 64 0 | 8192/8192 | 0/0 | 0
  2: 8192 0 | 0/0/8177 | 15 0 | 960/960 | 0/0 | 0
  3: 960 0 | 0/282/654 | 24 0 | 768/768 | 0/0 | 0
  4: 748 0 | 0/13/723 | 12 0 | 192/192 | 20/0 | 0
  5: 74 0 | 0/0/64 | 10 0 | 368/368 | 118/0 | 0
  6: 206 27 | 0/0/112 | 92 0 | 4824/4824 | 133/2 | 2
  7: 2149 1161 | 778/0/386 | 932 0 | 30544/30544 | 1491/23 | 53
  8: 13007 3709 | 1242/0/6903 | 4724 0 | 161608/161608 | 13289/539 | 138
  9: 53225 17627 | 5237/0/40003 | 7243 0 | 124210/124210 | 86530/4226 | 742
  10: 28903 25129 | 9132/0/15036 | 3845 0 | 35862/35862 | 64236/5942 | 890
  11: 8153 11774 | 3737/0/2384 | 1682 0 | 14390/14390 | 13527/2408 | 350
  12: 1965 5735 | 903/0/738 | 0 234 | 0/0 | 4852/1838 | 90
  memo entries: 108111

  root 149 (10,84,12) deep(16) ok [4.6s; 117646 tasks, 65162 skipped] 150/211 ok=150 fail=0 (2134s)
  depth: run skipped | leaf flat/strassen/koszul | expanded failed | folds kept/total | memo hits T/F | ub-fail
  0: 0 0 | 0/0/0 | 0 0 | 40/256 | 0/0 | 0
  1: 40 0 | 0/0/0 | 40 0 | 5120/5120 | 0/0 | 0
  2: 5120 0 | 0/0/5064 | 56 0 | 3584/3584 | 0/0 | 0
  3: 3584 0 | 0/1417/2129 | 38 0 | 1216/1216 | 0/0 | 0
  4: 1172 0 | 0/468/685 | 19 0 | 304/304 | 44/0 | 0
  5: 290 0 | 0/16/196 | 78 0 | 2832/2832 | 14/0 | 0
  6: 1799 125 | 0/0/910 | 869 0 | 41784/41784 | 894/14 | 20
  7: 13807 3762 | 6373/0/4698 | 2568 0 | 113742/113742 | 23969/246 | 168
  8: 29878 25179 | 4504/0/8488 | 16178 0 | 404604/404604 | 56791/1894 | 708
  9: 138717 66056 | 13971/0/90721 | 31712 0 | 498472/498472 | 188401/11430 | 2313
  10: 119556 98985 | 29587/0/69522 | 17539 0 | 189884/189884 | 259300/20631 | 2908
  11: 34654 65973 | 11835/0/14369 | 7227 0 | 57108/57108 | 74012/15245 | 1223
  12: 4002 25943 | 1610/0/1786 | 0 430 | 0/0 | 18970/8193 | 176
  memo entries: 310048

  root 150 (10,84,16) deep(16) ok [5.1s; 352619 tasks, 286023 skipped] 151/211 ok=151 fail=0 (2139s)
  depth: run skipped | leaf flat/strassen/koszul | expanded failed | folds kept/total | memo hits T/F | ub-fail
  0: 0 0 | 0/0/0 | 0 0 | 64/256 | 0/0 | 0
  1: 64 0 | 0/0/0 | 64 0 | 8192/8192 | 0/0 | 0
  2: 8192 0 | 0/0/8149 | 43 0 | 2752/2752 | 0/0 | 0
  3: 2752 0 | 0/1447/1270 | 35 0 | 1120/1120 | 0/0 | 0
  4: 1116 0 | 0/319/763 | 34 0 | 544/544 | 4/0 | 0
  5: 383 0 | 0/0/346 | 37 0 | 1384/1384 | 161/0 | 0
  6: 1106 54 | 0/0/508 | 598 0 | 42832/42832 | 218/6 | 0
  7: 14582 5634 | 6597/0/6304 | 1610 0 | 87706/87706 | 22410/206 | 71
  8: 22290 36220 | 3473/0/8369 | 9680 0 | 202272/202272 | 27411/1785 | 768
  9: 70783 45175 | 12156/0/41147 | 15887 0 | 231042/231042 | 80064/6250 | 1593
  10: 62685 50638 | 22608/0/28769 | 9407 0 | 98522/98522 | 106521/11198 | 1901
  11: 19780 34807 | 8141/0/6291 | 4524 0 | 35914/35914 | 36385/7550 | 824
  12: 2832 15743 | 1211/0/1161 | 0 322 | 0/0 | 12475/4864 | 138
  memo entries: 184033

  root 151 (10,84,17) deep(16) ok [5.6s; 206565 tasks, 188271 skipped] 152/211 ok=152 fail=0 (2145s)
  depth: run skipped | leaf flat/strassen/koszul | expanded failed | folds kept/total | memo hits T/F | ub-fail
  0: 0 0 | 0/0/0 | 0 0 | 40/256 | 0/0 | 0
  1: 40 0 | 0/0/0 | 40 0 | 5120/5120 | 0/0 | 0
  2: 5120 0 | 0/0/5104 | 16 0 | 1024/1024 | 0/0 | 0
  3: 1024 0 | 0/580/436 | 8 0 | 256/256 | 0/0 | 0
  4: 251 0 | 0/0/245 | 6 0 | 96/96 | 5/0 | 0
  5: 96 0 | 0/0/78 | 18 0 | 240/240 | 0/0 | 0
  6: 124 21 | 0/0/0 | 122 0 | 6420/6420 | 94/1 | 2
  7: 2508 809 | 667/0/622 | 1169 0 | 27362/27362 | 3064/39 | 50
  8: 9377 1704 | 1749/0/3285 | 4216 0 | 126982/126982 | 15762/519 | 127
  9: 37077 13487 | 6396/0/25407 | 4736 0 | 100554/100554 | 72801/3617 | 538
  10: 23942 17711 | 8252/0/12116 | 2940 0 | 27322/27322 | 53863/5038 | 634
  11: 4784 8395 | 2440/0/1088 | 1046 0 | 9480/9480 | 12389/1754 | 210
  12: 1121 3637 | 641/0/278 | 0 140 | 0/0 | 3508/1214 | 62
  memo entries: 77670

  root 152 (10,84,20) deep(16) ok [3.0s; 85464 tasks, 45764 skipped] 153/211 ok=153 fail=0 (2148s)
  depth: run skipped | leaf flat/strassen/koszul | expanded failed | folds kept/total | memo hits T/F | ub-fail
  0: 0 0 | 0/0/0 | 0 0 | 20/256 | 0/0 | 0
  1: 20 0 | 0/0/0 | 20 0 | 2560/2560 | 0/0 | 0
  2: 2560 0 | 0/0/2544 | 16 0 | 1024/1024 | 0/0 | 0
  3: 1024 0 | 0/568/448 | 8 0 | 256/256 | 0/0 | 0
  4: 250 0 | 0/0/245 | 5 0 | 80/80 | 6/0 | 0
  5: 30 0 | 0/0/19 | 11 0 | 184/184 | 50/0 | 0
  6: 157 7 | 0/0/56 | 100 0 | 3152/3152 | 20/0 | 1
  7: 1574 319 | 823/0/0 | 726 0 | 15028/15028 | 1237/22 | 25
  8: 5218 2022 | 71/0/765 | 4227 0 | 148724/148724 | 7553/235 | 155
  9: 48606 14851 | 7011/0/35396 | 5365 0 | 93754/93754 | 80918/4349 | 834
  10: 21380 19909 | 6630/0/11661 | 2415 0 | 23770/23770 | 47181/5284 | 674
  11: 6081 7818 | 2656/0/2023 | 1047 0 | 8696/8696 | 8177/1694 | 355
  12: 1221 3757 | 573/0/440 | 0 138 | 0/0 | 2514/1204 | 70
  memo entries: 80845

  root 153 (10,84,32) deep(16) ok [2.0s; 88121 tasks, 48683 skipped] 154/211 ok=154 fail=0 (2150s)
  depth: run skipped | leaf flat/strassen/koszul | expanded failed | folds kept/total | memo hits T/F | ub-fail
  0: 0 0 | 0/0/0 | 0 0 | 32/256 | 0/0 | 0
  1: 32 0 | 0/0/0 | 32 0 | 4096/4096 | 0/0 | 0
  2: 4096 0 | 0/0/4088 | 8 0 | 512/512 | 0/0 | 0
  3: 512 0 | 0/196/304 | 12 0 | 384/384 | 0/0 | 0
  4: 382 0 | 0/29/343 | 10 0 | 160/160 | 2/0 | 0
  5: 64 0 | 0/0/58 | 6 0 | 176/176 | 96/0 | 0
  6: 144 12 | 0/0/84 | 58 0 | 1328/1328 | 20/0 | 2
  7: 431 76 | 212/0/0 | 208 0 | 6904/6904 | 812/9 | 11
  8: 1578 576 | 321/0/0 | 1206 0 | 16504/16504 | 4486/264 | 51
  9: 3749 1929 | 1486/0/63 | 2077 0 | 14610/14610 | 9926/900 | 123
  10: 1712 3778 | 789/0/85 | 689 0 | 7524/7524 | 8456/664 | 149
  11: 2259 3000 | 135/0/1095 | 875 0 | 6094/6094 | 1774/491 | 154
  12: 1175 2289 | 510/0/438 | 0 167 | 0/0 | 1986/644 | 60
  memo entries: 14291

  root 154 (10,84,33) deep(16) ok [2.0s; 16134 tasks, 11660 skipped] 155/211 ok=155 fail=0 (2152s)
  depth: run skipped | leaf flat/strassen/koszul | expanded failed | folds kept/total | memo hits T/F | ub-fail
  0: 0 0 | 0/0/0 | 0 0 | 20/256 | 0/0 | 0
  1: 20 0 | 0/0/0 | 20 0 | 2560/2560 | 0/0 | 0
  2: 2560 0 | 0/0/2550 | 10 0 | 640/640 | 0/0 | 0
  3: 640 0 | 0/507/127 | 6 0 | 192/192 | 0/0 | 0
  4: 192 0 | 0/0/186 | 6 0 | 96/96 | 0/0 | 0
  5: 95 0 | 0/0/77 | 18 0 | 336/336 | 1/0 | 0
  6: 248 27 | 0/0/84 | 160 0 | 7932/7932 | 61/0 | 4
  7: 2780 898 | 810/0/623 | 1295 0 | 31056/31056 | 4196/58 | 52
  8: 10013 2303 | 2044/0/3277 | 4542 0 | 135058/135058 | 18081/659 | 150
  9: 39305 15371 | 6596/0/25483 | 6593 0 | 110148/110148 | 76358/4024 | 633
  10: 24861 21985 | 8006/0/12376 | 3721 0 | 35836/35836 | 57887/5415 | 758
  11: 6922 11968 | 2568/0/2251 | 1781 0 | 14890/14890 | 14591/2355 | 322
  12: 1870 5617 | 836/0/726 | 0 223 | 0/0 | 5549/1854 | 85
  memo entries: 80267

  root 155 (10,84,34) deep(16) ok [2.0s; 89506 tasks, 58169 skipped] 156/211 ok=156 fail=0 (2154s)
  depth: run skipped | leaf flat/strassen/koszul | expanded failed | folds kept/total | memo hits T/F | ub-fail
  0: 0 0 | 0/0/0 | 0 0 | 136/256 | 0/0 | 0
  1: 136 0 | 0/0/0 | 136 0 | 17408/17408 | 0/0 | 0
  2: 17408 0 | 0/0/17237 | 171 0 | 10944/10944 | 0/0 | 0
  3: 10812 0 | 0/5669/5028 | 115 0 | 3680/3680 | 132/0 | 0
  4: 3588 0 | 0/1044/2400 | 144 0 | 2304/2304 | 92/0 | 0
  5: 1748 0 | 0/0/1456 | 292 0 | 22656/22656 | 556/0 | 0
  6: 16020 2215 | 0/0/4124 | 11878 0 | 675920/675920 | 4301/120 | 18
  7: 257416 63474 | 16863/0/217463 | 22615 0 | 1490754/1490754 | 348312/6718 | 475
  8: 604338 333053 | 40423/0/505906 | 55780 0 | 1578172/1578172 | 534557/18806 | 2229
  9: 466518 445898 | 62101/0/309595 | 86609 0 | 1580802/1580802 | 623177/42579 | 8213
  10: 542129 344033 | 82099/0/402341 | 50767 0 | 654634/654634 | 630841/63799 | 6922
  11: 145360 185947 | 27156/0/94823 | 21151 0 | 182864/182864 | 271111/52216 | 2230
  12: 11065 71989 | 5212/0/5028 | 0 615 | 0/0 | 74689/25121 | 210
  memo entries: 1910641

  root 156 (10,84,80) deep(16) ok [31.4s; 2076538 tasks, 1446609 skipped] 157/211 ok=157 fail=0 (2185s)
  depth: run skipped | leaf flat/strassen/koszul | expanded failed | folds kept/total | memo hits T/F | ub-fail
  0: 0 0 | 0/0/0 | 0 0 | 136/256 | 0/0 | 0
  1: 136 0 | 0/0/0 | 136 0 | 17408/17408 | 0/0 | 0
  2: 17408 0 | 0/0/17324 | 84 0 | 5376/5376 | 0/0 | 0
  3: 5372 0 | 0/3030/2258 | 84 0 | 2688/2688 | 4/0 | 0
  4: 2660 0 | 0/48/2489 | 123 0 | 1968/1968 | 28/0 | 0
  5: 1497 0 | 0/0/1302 | 195 0 | 10936/10936 | 471/0 | 0
  6: 8005 462 | 0/0/3776 | 4218 0 | 182404/182404 | 2409/60 | 11
  7: 106389 38937 | 17585/0/75993 | 12378 0 | 616370/616370 | 35566/1512 | 433
  8: 159874 141568 | 75932/0/43213 | 39167 0 | 1055300/1055300 | 302567/12361 | 1562
  9: 242305 222990 | 59500/0/140307 | 36973 0 | 625646/625646 | 555627/34378 | 5525
  10: 148111 193786 | 46381/0/73776 | 24072 0 | 267886/267886 | 252874/30875 | 3882
  11: 47717 93541 | 12028/0/25037 | 9246 0 | 74620/74620 | 104169/22459 | 1406
  12: 4680 32110 | 1645/0/2409 | 0 453 | 0/0 | 27373/10457 | 173
  memo entries: 667953

  root 157 (10,84,84) deep(16) ok [16.3s; 744154 tasks, 723394 skipped] 158/211 ok=158 fail=0 (2201s)
  depth: run skipped | leaf flat/strassen/koszul | expanded failed | folds kept/total | memo hits T/F | ub-fail
  0: 0 0 | 0/0/0 | 0 0 | 88/256 | 0/0 | 0
  1: 88 0 | 0/0/0 | 88 0 | 11264/11264 | 0/0 | 0
  2: 11264 0 | 0/0/11169 | 95 0 | 6080/6080 | 0/0 | 0
  3: 6016 0 | 0/3021/2938 | 57 0 | 1824/1824 | 64/0 | 0
  4: 1816 0 | 0/579/1138 | 99 0 | 1584/1584 | 8/0 | 0
  5: 1228 0 | 0/0/1040 | 188 0 | 14528/14528 | 356/0 | 0
  6: 10230 1214 | 0/0/3285 | 6932 0 | 370000/370000 | 3007/77 | 13
  7: 149239 37633 | 14367/0/119685 | 14856 0 | 949394/949394 | 180059/3069 | 331
  8: 372825 262258 | 30432/0/296613 | 43803 0 | 1249964/1249964 | 301712/12599 | 1977
  9: 371549 356549 | 59982/0/236621 | 67590 0 | 1184302/1184302 | 487257/34609 | 7356
  10: 397245 269504 | 74805/0/274228 | 42028 0 | 533306/533306 | 467620/49933 | 6184
  11: 121373 154768 | 24641/0/75813 | 18891 0 | 161734/161734 | 213847/43318 | 2028
  12: 10193 63605 | 4740/0/4651 | 0 595 | 0/0 | 65637/22299 | 207
  memo entries: 1325737

  root 158 (10,84,88) deep(16) ok [19.8s; 1453066 tasks, 1145531 skipped] 159/211 ok=159 fail=0 (2221s)
  depth: run skipped | leaf flat/strassen/koszul | expanded failed | folds kept/total | memo hits T/F | ub-fail
  0: 0 0 | 0/0/0 | 0 0 | 88/256 | 0/0 | 0
  1: 88 0 | 0/0/0 | 88 0 | 11264/11264 | 0/0 | 0
  2: 11264 0 | 0/0/11234 | 30 0 | 1920/1920 | 0/0 | 0
  3: 1920 0 | 0/973/913 | 34 0 | 1088/1088 | 0/0 | 0
  4: 1081 0 | 0/39/962 | 80 0 | 1280/1280 | 7/0 | 0
  5: 1053 0 | 0/0/918 | 135 0 | 8088/8088 | 227/0 | 0
  6: 5741 364 | 0/0/2885 | 2851 0 | 108824/108824 | 1926/57 | 5
  7: 61983 23555 | 13052/0/40076 | 8560 0 | 417184/417184 | 22601/685 | 295
  8: 113331 111323 | 53695/0/26636 | 31621 0 | 851124/851124 | 184207/8323 | 1379
  9: 209064 185750 | 54398/0/119551 | 30103 0 | 516436/516436 | 428621/27689 | 5012
  10: 125756 163815 | 42072/0/60183 | 20022 0 | 233734/233734 | 201355/25510 | 3479
  11: 41919 78125 | 10222/0/22445 | 8067 0 | 67128/67128 | 93946/19744 | 1185
  12: 4460 27501 | 1553/0/2315 | 0 435 | 0/0 | 25718/9449 | 157
  memo entries: 514493

  root 159 (10,84,92) deep(16) ok [10.7s; 577660 tasks, 590433 skipped] 160/211 ok=160 fail=0 (2232s)
  depth: run skipped | leaf flat/strassen/koszul | expanded failed | folds kept/total | memo hits T/F | ub-fail
  0: 0 0 | 0/0/0 | 0 0 | 64/256 | 0/0 | 0
  1: 64 0 | 0/0/0 | 64 0 | 8192/8192 | 0/0 | 0
  2: 8192 0 | 0/0/8172 | 20 0 | 1280/1280 | 0/0 | 0
  3: 1280 0 | 0/630/631 | 19 0 | 608/608 | 0/0 | 0
  4: 601 0 | 0/10/552 | 39 0 | 624/624 | 7/0 | 0
  5: 450 0 | 0/0/382 | 68 0 | 3840/3840 | 174/0 | 0
  6: 2744 186 | 0/0/1168 | 1569 0 | 70512/70512 | 895/15 | 7
  7: 42813 12167 | 5726/0/29034 | 7842 0 | 384992/384992 | 15149/383 | 211
  8: 114003 79541 | 22984/0/45312 | 44471 0 | 993542/993542 | 182877/8571 | 1236
  9: 381184 172384 | 33072/0/259102 | 83483 0 | 1947170/1947170 | 417163/22811 | 5527
  10: 747271 235617 | 56838/0/635512 | 49411 0 | 683944/683944 | 897178/67104 | 5510
  11: 167579 160824 | 25219/0/122340 | 18080 0 | 157468/157468 | 308094/47447 | 1940
  12: 11074 60874 | 6448/0/3878 | 0 552 | 0/0 | 63995/21525 | 196
  memo entries: 1359533

  root 160 (10,84,96) deep(16) ok [12.2s; 1477255 tasks, 721593 skipped] 161/211 ok=161 fail=0 (2244s)
  depth: run skipped | leaf flat/strassen/koszul | expanded failed | folds kept/total | memo hits T/F | ub-fail
  0: 0 0 | 0/0/0 | 0 0 | 64/256 | 0/0 | 0
  1: 64 0 | 0/0/0 | 64 0 | 8192/8192 | 0/0 | 0
  2: 8192 0 | 0/0/8177 | 15 0 | 960/960 | 0/0 | 0
  3: 960 0 | 0/438/498 | 24 0 | 768/768 | 0/0 | 0
  4: 760 0 | 0/32/708 | 20 0 | 320/320 | 8/0 | 0
  5: 141 0 | 0/0/131 | 10 0 | 400/400 | 179/0 | 0
  6: 354 20 | 0/0/224 | 128 0 | 9124/9124 | 26/0 | 2
  7: 3482 3554 | 992/0/1212 | 1199 0 | 48390/48390 | 2038/50 | 79
  8: 23583 4741 | 7959/0/9697 | 5730 0 | 207702/207702 | 19412/654 | 197
  9: 65096 25513 | 11298/0/44914 | 7956 0 | 159290/159290 | 111720/5373 | 928
  10: 38450 30485 | 14440/0/17882 | 5223 0 | 54380/54380 | 82943/7412 | 905
  11: 9189 15435 | 5122/0/1914 | 1806 0 | 16400/16400 | 25984/3772 | 347
  12: 1574 6280 | 850/0/440 | 0 198 | 0/0 | 6357/2189 | 86
  memo entries: 137772

  root 161 (10,84,98) deep(16) ok [5.1s; 151845 tasks, 86028 skipped] 162/211 ok=162 fail=0 (2249s)
  depth: run skipped | leaf flat/strassen/koszul | expanded failed | folds kept/total | memo hits T/F | ub-fail
  0: 0 0 | 0/0/0 | 0 0 | 128/256 | 0/0 | 0
  1: 128 0 | 0/0/0 | 128 0 | 16384/16384 | 0/0 | 0
  2: 16384 0 | 0/0/16336 | 48 0 | 3072/3072 | 0/0 | 0
  3: 3068 0 | 0/1636/1382 | 50 0 | 1600/1600 | 4/0 | 0
  4: 1579 0 | 0/52/1478 | 49 0 | 784/784 | 21/0 | 0
  5: 560 0 | 0/0/477 | 83 0 | 4280/4280 | 224/0 | 0
  6: 3002 187 | 0/0/1284 | 1711 0 | 84448/84448 | 1072/19 | 7
  7: 46315 14900 | 6278/0/21255 | 18512 0 | 630684/630684 | 22821/412 | 270
  8: 208719 94169 | 23125/0/145520 | 38855 0 | 1243628/1243628 | 318844/8952 | 1219
  9: 315241 290741 | 38599/0/137751 | 133706 0 | 3081328/3081328 | 603967/33679 | 5185
  10: 579563 444261 | 48117/0/482435 | 44819 0 | 578992/578992 | 1950626/106878 | 4192
  11: 113203 188244 | 16676/0/79140 | 15665 0 | 136186/136186 | 235240/42305 | 1722
  12: 9111 54145 | 4381/0/3992 | 0 539 | 0/0 | 54047/18883 | 199
  memo entries: 1109428

  root 162 (10,84,104) deep(16) ok [17.7s; 1296873 tasks, 1086647 skipped] 163/211 ok=163 fail=0 (2267s)
  depth: run skipped | leaf flat/strassen/koszul | expanded failed | folds kept/total | memo hits T/F | ub-fail
  0: 0 0 | 0/0/0 | 0 0 | 128/256 | 0/0 | 0
  1: 128 0 | 0/0/0 | 128 0 | 16384/16384 | 0/0 | 0
  2: 16384 0 | 0/0/16338 | 46 0 | 2944/2944 | 0/0 | 0
  3: 2944 0 | 0/1702/1186 | 56 0 | 1792/1792 | 0/0 | 0
  4: 1777 0 | 0/65/1624 | 88 0 | 1408/1408 | 15/0 | 0
  5: 973 0 | 0/0/844 | 129 0 | 7080/7080 | 435/0 | 0
  6: 4713 350 | 0/0/2285 | 2423 0 | 100804/100804 | 1969/48 | 5
  7: 58751 21615 | 11136/0/39157 | 8168 0 | 406206/406206 | 19836/602 | 290
  8: 115743 103007 | 53701/0/29438 | 31160 0 | 850440/850440 | 179378/8078 | 1444
  9: 212016 180545 | 49757/0/124669 | 32459 0 | 545434/545434 | 431048/26831 | 5131
  10: 134921 166973 | 43871/0/65429 | 21922 0 | 242086/242086 | 216708/26832 | 3699
  11: 44417 83861 | 10729/0/23421 | 8952 0 | 71576/71576 | 93235/20573 | 1315
  12: 4644 31281 | 1649/0/2380 | 0 449 | 0/0 | 25658/9993 | 166
  memo entries: 532857

  root 163 (10,84,106) deep(16) ok [13.2s; 597411 tasks, 587632 skipped] 164/211 ok=164 fail=0 (2280s)
  depth: run skipped | leaf flat/strassen/koszul | expanded failed | folds kept/total | memo hits T/F | ub-fail
  0: 0 0 | 0/0/0 | 0 0 | 52/256 | 0/0 | 0
  1: 52 0 | 0/0/0 | 52 0 | 6656/6656 | 0/0 | 0
  2: 6656 0 | 0/0/6580 | 76 0 | 4864/4864 | 0/0 | 0
  3: 4800 0 | 0/2242/2500 | 58 0 | 1856/1856 | 64/0 | 0
  4: 1844 0 | 0/208/1556 | 80 0 | 1280/1280 | 12/0 | 0
  5: 1178 0 | 0/0/993 | 185 0 | 13256/13256 | 102/0 | 0
  6: 10255 1151 | 0/0/3349 | 6897 0 | 394356/394356 | 1800/50 | 9
  7: 242484 45533 | 15335/0/210664 | 16118 0 | 976850/976850 | 103319/3020 | 367
  8: 359490 288071 | 25250/0/283009 | 49124 0 | 1374162/1374162 | 315425/13864 | 2107
  9: 419867 353024 | 63235/0/274195 | 74799 0 | 1265090/1265090 | 562499/38772 | 7638
  10: 415384 279681 | 80829/0/284317 | 43770 0 | 545606/545606 | 516414/53611 | 6468
  11: 121981 157684 | 25037/0/76218 | 18603 0 | 158846/158846 | 222383/43558 | 2123
  12: 9913 63430 | 4530/0/4572 | 0 601 | 0/0 | 63807/21696 | 210
  memo entries: 1461055

  root 164 (10,84,136) deep(16) ok [19.8s; 1593904 tasks, 1188574 skipped] 165/211 ok=165 fail=0 (2300s)
  depth: run skipped | leaf flat/strassen/koszul | expanded failed | folds kept/total | memo hits T/F | ub-fail
  0: 0 0 | 0/0/0 | 0 0 | 52/256 | 0/0 | 0
  1: 52 0 | 0/0/0 | 52 0 | 6656/6656 | 0/0 | 0
  2: 6656 0 | 0/0/6612 | 44 0 | 2816/2816 | 0/0 | 0
  3: 2816 0 | 0/1613/1156 | 47 0 | 1504/1504 | 0/0 | 0
  4: 1492 0 | 0/34/1386 | 72 0 | 1152/1152 | 12/0 | 0
  5: 1037 0 | 0/0/900 | 137 0 | 7848/7848 | 115/0 | 0
  6: 6399 357 | 0/0/3028 | 3364 0 | 145000/145000 | 1052/40 | 7
  7: 92071 28163 | 12696/0/68621 | 10443 0 | 490190/490190 | 23773/993 | 311
  8: 128657 134511 | 56086/0/37304 | 33886 0 | 924378/924378 | 217145/9877 | 1381
  9: 220749 204857 | 51376/0/132117 | 32344 0 | 538160/538160 | 468867/29905 | 4912
  10: 123082 173082 | 42037/0/56831 | 20878 0 | 235336/235336 | 214686/27310 | 3336
  11: 43582 79710 | 9796/0/24988 | 7598 0 | 65986/65986 | 92422/19622 | 1200
  12: 4700 27078 | 1625/0/2470 | 0 444 | 0/0 | 24796/9412 | 161
  memo entries: 567879

  root 165 (10,84,140) deep(16) ok [9.1s; 631293 tasks, 647758 skipped] 166/211 ok=166 fail=0 (2309s)
  depth: run skipped | leaf flat/strassen/koszul | expanded failed | folds kept/total | memo hits T/F | ub-fail
  0: 0 0 | 0/0/0 | 0 0 | 84/256 | 0/0 | 0
  1: 84 0 | 0/0/0 | 84 0 | 10752/10752 | 0/0 | 0
  2: 10752 0 | 0/0/10506 | 246 0 | 15744/15744 | 0/0 | 0
  3: 13864 0 | 0/3948/9789 | 127 0 | 4064/4064 | 1880/0 | 0
  4: 3252 0 | 0/450/2665 | 137 0 | 2192/2192 | 812/0 | 0
  5: 1630 0 | 0/0/1235 | 395 0 | 36632/36632 | 562/0 | 0
  6: 22454 1327 | 0/0/17159 | 5196 0 | 203652/203652 | 12677/174 | 99
  7: 100319 19804 | 12243/0/59368 | 28435 0 | 1801676/1801676 | 82826/703 | 273
  8: 742709 196103 | 18329/0/570652 | 150752 0 | 5849602/5849602 | 843174/19690 | 2976
  9: 1680786 655421 | 96737/0/715660 | 855536 0 | 20063690/20063690 | 3378495/134900 | 12853
  10: 2203428 1302417 | 131324/0/1876234 | 185674 0 | 2162812/2162812 | 15899520/658325 | 10196
  11: 259184 458902 | 43876/0/182541 | 30114 0 | 239074/239074 | 1297016/147710 | 2653
  12: 11733 101278 | 5982/0/4870 | 0 668 | 0/0 | 94478/31585 | 213
  memo entries: 4539681

  root 166 (84,1,1) deep(16) ok [52.2s; 5050195 tasks, 2735252 skipped] 167/211 ok=167 fail=0 (2361s)
  depth: run skipped | leaf flat/strassen/koszul | expanded failed | folds kept/total | memo hits T/F | ub-fail
  0: 0 0 | 0/0/0 | 0 0 | 72/256 | 0/0 | 0
  1: 72 0 | 0/0/0 | 72 0 | 9216/9216 | 0/0 | 0
  2: 9216 0 | 0/0/9094 | 122 0 | 7808/7808 | 0/0 | 0
  3: 7793 0 | 0/2187/5554 | 52 0 | 1664/1664 | 15/0 | 0
  4: 1147 0 | 0/7/1074 | 66 0 | 1056/1056 | 517/0 | 0
  5: 724 0 | 0/0/675 | 49 0 | 3112/3112 | 332/0 | 0
  6: 1845 231 | 0/0/1461 | 364 0 | 6172/6172 | 1006/30 | 20
  7: 1596 640 | 601/0/92 | 874 0 | 33578/33578 | 3904/32 | 29
  8: 11811 5083 | 83/0/5646 | 5921 0 | 96614/96614 | 15969/715 | 161
  9: 22396 18846 | 3304/0/13447 | 4683 0 | 69568/69568 | 52898/2474 | 962
  10: 18072 13314 | 4652/0/9733 | 2967 0 | 30146/30146 | 35044/3138 | 720
  11: 6249 11155 | 1494/0/2491 | 1843 0 | 10656/10656 | 9584/3158 | 421
  12: 1300 5765 | 526/0/493 | 0 194 | 0/0 | 2417/1174 | 87
  memo entries: 72485

  root 167 (84,1,4) deep(16) ok [5.6s; 82221 tasks, 55034 skipped] 168/211 ok=168 fail=0 (2367s)
  depth: run skipped | leaf flat/strassen/koszul | expanded failed | folds kept/total | memo hits T/F | ub-fail
  0: 0 0 | 0/0/0 | 0 0 | 84/256 | 0/0 | 0
  1: 84 0 | 0/0/0 | 84 0 | 10752/10752 | 0/0 | 0
  2: 10752 0 | 0/0/10522 | 230 0 | 14720/14720 | 0/0 | 0
  3: 12788 0 | 0/5388/7300 | 100 0 | 3200/3200 | 1932/0 | 0
  4: 2387 0 | 0/436/1843 | 108 0 | 1728/1728 | 813/0 | 0
  5: 1020 0 | 0/0/890 | 130 0 | 9392/9392 | 708/0 | 0
  6: 4569 926 | 0/0/2153 | 2368 0 | 127552/127552 | 3835/62 | 48
  7: 46059 17560 | 3666/0/32741 | 9474 0 | 370110/370110 | 62932/1001 | 178
  8: 117604 91188 | 9017/0/59519 | 47695 0 | 1051672/1051672 | 153533/7785 | 1373
  9: 306557 256324 | 36263/0/180709 | 82806 0 | 1142106/1142106 | 453307/35484 | 6779
  10: 310543 274108 | 48227/0/201459 | 53551 0 | 523022/523022 | 500322/57133 | 7306
  11: 89851 184324 | 22646/0/46556 | 18012 0 | 138532/138532 | 203706/45141 | 2637
  12: 7961 65806 | 3380/0/3769 | 0 598 | 0/0 | 45620/19145 | 214
  memo entries: 799067

  root 168 (84,1,8) deep(16) ok [12.2s; 910175 tasks, 890236 skipped] 169/211 ok=169 fail=0 (2379s)
  depth: run skipped | leaf flat/strassen/koszul | expanded failed | folds kept/total | memo hits T/F | ub-fail
  0: 0 0 | 0/0/0 | 0 0 | 74/256 | 0/0 | 0
  1: 74 0 | 0/0/0 | 74 0 | 9472/9472 | 0/0 | 0
  2: 9472 0 | 0/0/9347 | 125 0 | 8000/8000 | 0/0 | 0
  3: 7272 0 | 0/3346/3863 | 63 0 | 2016/2016 | 728/0 | 0
  4: 1535 0 | 0/42/1389 | 104 0 | 1664/1664 | 481/0 | 0
  5: 1141 0 | 0/0/1018 | 123 0 | 8312/8312 | 523/0 | 0
  6: 5307 481 | 0/0/2290 | 3001 0 | 131132/131132 | 2481/43 | 16
  7: 53784 28810 | 11121/0/33015 | 9459 0 | 459160/459160 | 47455/1083 | 189
  8: 136722 118082 | 14117/0/75666 | 45124 0 | 1013310/1013310 | 195689/8667 | 1815
  9: 261704 211031 | 48898/0/149321 | 57420 0 | 791208/791208 | 505861/34714 | 6065
  10: 201453 192413 | 50356/0/112878 | 33423 0 | 373356/373356 | 357517/39825 | 4796
  11: 58051 123257 | 19273/0/25596 | 11602 0 | 93482/93482 | 160979/31069 | 1580
  12: 5749 40135 | 2563/0/2514 | 0 487 | 0/0 | 34421/13177 | 185
  memo entries: 656714

  root 169 (84,1,10) deep(16) ok [10.7s; 742264 tasks, 714209 skipped] 170/211 ok=170 fail=0 (2389s)
  depth: run skipped | leaf flat/strassen/koszul | expanded failed | folds kept/total | memo hits T/F | ub-fail
  0: 0 0 | 0/0/0 | 0 0 | 200/256 | 0/0 | 0
  1: 200 0 | 0/0/0 | 200 0 | 25600/25600 | 0/0 | 0
  2: 25600 0 | 0/0/25382 | 218 0 | 13952/13952 | 0/0 | 0
  3: 13946 0 | 0/5109/8712 | 125 0 | 4000/4000 | 6/0 | 0
  4: 3280 0 | 0/72/3007 | 201 0 | 3216/3216 | 720/0 | 0
  5: 2645 0 | 0/0/2372 | 273 0 | 16168/16168 | 571/0 | 0
  6: 9977 913 | 0/0/6765 | 3189 0 | 141144/141144 | 5142/136 | 23
  7: 51432 32279 | 20596/0/21338 | 9126 0 | 400006/400006 | 56475/958 | 372
  8: 114138 128142 | 9433/0/52029 | 50523 0 | 1233316/1233316 | 149132/8594 | 2153
  9: 360465 218723 | 61428/0/232952 | 60258 0 | 874004/874004 | 613813/40315 | 5827
  10: 215611 205865 | 64467/0/114602 | 31393 0 | 319972/319972 | 408550/43978 | 5149
  11: 55080 107129 | 19057/0/24216 | 10074 0 | 79564/79564 | 131977/25786 | 1733
  12: 5724 34989 | 2472/0/2598 | 0 473 | 0/0 | 28143/10708 | 181
  memo entries: 771059

  root 170 (84,1,12) deep(16) ok [18.2s; 858098 tasks, 728040 skipped] 171/211 ok=171 fail=0 (2408s)
  depth: run skipped | leaf flat/strassen/koszul | expanded failed | folds kept/total | memo hits T/F | ub-fail
  0: 0 0 | 0/0/0 | 0 0 | 72/256 | 0/0 | 0
  1: 72 0 | 0/0/0 | 72 0 | 9216/9216 | 0/0 | 0
  2: 9216 0 | 0/0/9109 | 107 0 | 6848/6848 | 0/0 | 0
  3: 6413 0 | 0/2786/3563 | 64 0 | 2048/2048 | 435/0 | 0
  4: 1551 0 | 0/700/761 | 90 0 | 1440/1440 | 497/0 | 0
  5: 854 0 | 0/0/745 | 109 0 | 5704/5704 | 586/0 | 0
  6: 2577 386 | 0/0/1754 | 798 0 | 18608/18608 | 2679/62 | 25
  7: 7193 2396 | 1056/0/1893 | 4176 0 | 201508/201508 | 8871/148 | 68
  8: 68291 37162 | 56/0/34100 | 33219 0 | 849440/849440 | 91829/4226 | 916
  9: 214384 99395 | 28868/0/152111 | 29228 0 | 400602/400602 | 509339/26322 | 4177
  10: 94567 74365 | 36905/0/41943 | 13042 0 | 136480/136480 | 212228/19442 | 2677
  11: 21569 42668 | 7889/0/7522 | 5193 0 | 37740/37740 | 60276/11967 | 965
  12: 2653 17024 | 1125/0/1120 | 0 283 | 0/0 | 13172/4891 | 125
  memo entries: 381332

  root 171 (84,1,32) deep(16) ok [7.6s; 429340 tasks, 273396 skipped] 172/211 ok=172 fail=0 (2415s)
  depth: run skipped | leaf flat/strassen/koszul | expanded failed | folds kept/total | memo hits T/F | ub-fail
  0: 0 0 | 0/0/0 | 0 0 | 138/256 | 0/0 | 0
  1: 138 0 | 0/0/0 | 138 0 | 17664/17664 | 0/0 | 0
  2: 17664 0 | 0/0/17455 | 209 0 | 13376/13376 | 0/0 | 0
  3: 12415 0 | 0/4743/7572 | 100 0 | 3200/3200 | 961/0 | 0
  4: 2937 0 | 0/101/2660 | 176 0 | 2816/2816 | 263/0 | 0
  5: 2202 0 | 0/0/1936 | 266 0 | 15536/15536 | 614/0 | 0
  6: 9511 956 | 0/0/4664 | 4817 0 | 163808/163808 | 4957/112 | 30
  7: 90314 30451 | 19258/0/59407 | 11340 0 | 502226/502226 | 41436/1607 | 309
  8: 129105 141596 | 11416/0/57822 | 57830 0 | 1537212/1537212 | 220626/10899 | 2037
  9: 400706 239696 | 56428/0/282510 | 55315 0 | 817284/817284 | 849385/47425 | 6453
  10: 180636 179127 | 64182/0/86806 | 25442 0 | 276372/276372 | 415828/41693 | 4206
  11: 40309 85202 | 15002/0/15934 | 8069 0 | 64406/64406 | 128897/21964 | 1304
  12: 4334 28816 | 1863/0/1938 | 0 379 | 0/0 | 22480/8776 | 154
  memo entries: 804221

  root 172 (84,1,33) deep(16) ok [17.2s; 890271 tasks, 705844 skipped] 173/211 ok=173 fail=0 (2432s)
  depth: run skipped | leaf flat/strassen/koszul | expanded failed | folds kept/total | memo hits T/F | ub-fail
  0: 0 0 | 0/0/0 | 0 0 | 36/256 | 0/0 | 0
  1: 36 0 | 0/0/0 | 36 0 | 4608/4608 | 0/0 | 0
  2: 4608 0 | 0/0/4525 | 83 0 | 5312/5312 | 0/0 | 0
  3: 4584 0 | 0/1155/3391 | 38 0 | 1216/1216 | 728/0 | 0
  4: 700 0 | 0/11/629 | 60 0 | 960/960 | 516/0 | 0
  5: 955 0 | 0/0/854 | 101 0 | 10728/10728 | 5/0 | 0
  6: 8260 1036 | 0/0/2553 | 5701 0 | 300296/300296 | 1387/45 | 6
  7: 184177 31914 | 8561/0/167619 | 7842 0 | 378892/378892 | 81593/2612 | 155
  8: 45921 231919 | 11617/0/14055 | 19396 0 | 554596/554596 | 93130/7922 | 853
  9: 123327 179470 | 22092/0/70615 | 27607 0 | 439354/439354 | 235057/16742 | 3013
  10: 99184 109676 | 24591/0/55352 | 16451 0 | 183052/183052 | 208358/22136 | 2790
  11: 36536 62694 | 9702/0/17680 | 8078 0 | 62386/62386 | 67658/16164 | 1076
  12: 4210 27435 | 1624/0/2044 | 0 390 | 0/0 | 22215/8526 | 152
  memo entries: 469710

  root 173 (84,1,80) deep(16) ok [10.6s; 512498 tasks, 644144 skipped] 174/211 ok=174 fail=0 (2443s)
  depth: run skipped | leaf flat/strassen/koszul | expanded failed | folds kept/total | memo hits T/F | ub-fail
  0: 0 0 | 0/0/0 | 0 0 | 72/256 | 0/0 | 0
  1: 72 0 | 0/0/0 | 72 0 | 9216/9216 | 0/0 | 0
  2: 9216 0 | 0/0/9140 | 76 0 | 4864/4864 | 0/0 | 0
  3: 4424 0 | 0/1375/3009 | 40 0 | 1280/1280 | 440/0 | 0
  4: 1272 0 | 0/0/1196 | 76 0 | 1216/1216 | 8/0 | 0
  5: 1183 0 | 0/0/1075 | 108 0 | 6368/6368 | 33/0 | 0
  6: 3796 293 | 0/0/2373 | 1420 0 | 33492/33492 | 2217/62 | 3
  7: 9096 11047 | 6926/0/0 | 2079 0 | 80180/80180 | 13010/339 | 91
  8: 24379 26039 | 1078/0/11492 | 11281 0 | 295316/295316 | 28028/1734 | 528
  9: 77540 45689 | 11312/0/55201 | 9605 0 | 161790/161790 | 164189/7898 | 1422
  10: 46928 40579 | 11808/0/27228 | 6638 0 | 66362/66362 | 66874/7409 | 1254
  11: 15591 18656 | 4699/0/7508 | 2741 0 | 22426/22426 | 27621/4494 | 643
  12: 2422 8916 | 1092/0/966 | 0 249 | 0/0 | 8225/2863 | 115
  memo entries: 177967

  root 174 (84,1,84) deep(16) ok [6.1s; 195919 tasks, 151219 skipped] 175/211 ok=175 fail=0 (2449s)
  depth: run skipped | leaf flat/strassen/koszul | expanded failed | folds kept/total | memo hits T/F | ub-fail
  0: 0 0 | 0/0/0 | 0 0 | 138/256 | 0/0 | 0
  1: 138 0 | 0/0/0 | 138 0 | 17664/17664 | 0/0 | 0
  2: 17664 0 | 0/0/17478 | 186 0 | 11904/11904 | 0/0 | 0
  3: 10952 0 | 0/4953/5915 | 84 0 | 2688/2688 | 952/0 | 0
  4: 2422 0 | 0/62/2190 | 170 0 | 2720/2720 | 266/0 | 0
  5: 2431 0 | 0/0/2168 | 263 0 | 16792/16792 | 289/0 | 0
  6: 10055 1014 | 0/0/5861 | 4175 0 | 179496/179496 | 5581/142 | 19
  7: 66453 32796 | 19431/0/37779 | 8896 0 | 422960/422960 | 78933/1314 | 347
  8: 92557 159675 | 18223/0/38303 | 34335 0 | 960006/960006 | 162008/8720 | 1696
  9: 258373 215881 | 44666/0/166156 | 42821 0 | 679820/679820 | 458394/27358 | 4730
  10: 169060 171345 | 52915/0/87749 | 24410 0 | 267076/267076 | 307384/32031 | 3986
  11: 49073 89601 | 16610/0/22101 | 8892 0 | 71932/71932 | 107396/21006 | 1470
  12: 5044 31321 | 2200/0/2233 | 0 443 | 0/0 | 25643/9924 | 168
  memo entries: 615806

  root 175 (84,1,96) deep(16) ok [15.7s; 684222 tasks, 701633 skipped] 176/211 ok=176 fail=0 (2465s)
  depth: run skipped | leaf flat/strassen/koszul | expanded failed | folds kept/total | memo hits T/F | ub-fail
  0: 0 0 | 0/0/0 | 0 0 | 74/256 | 0/0 | 0
  1: 74 0 | 0/0/0 | 74 0 | 9472/9472 | 0/0 | 0
  2: 9472 0 | 0/0/9365 | 107 0 | 6848/6848 | 0/0 | 0
  3: 6407 0 | 0/1793/4550 | 64 0 | 2048/2048 | 441/0 | 0
  4: 2033 0 | 0/46/1883 | 104 0 | 1664/1664 | 15/0 | 0
  5: 1612 0 | 0/0/1472 | 140 0 | 8000/8000 | 52/0 | 0
  6: 4260 391 | 0/0/2614 | 1641 0 | 39780/39780 | 3266/83 | 5
  7: 11012 11664 | 8771/0/0 | 2137 0 | 82672/82672 | 16626/478 | 104
  8: 24268 27002 | 1055/0/11440 | 11253 0 | 293174/293174 | 29577/1825 | 520
  9: 76922 44666 | 11382/0/55003 | 9124 0 | 156092/156092 | 163806/7780 | 1413
  10: 44431 40040 | 10809/0/26162 | 6290 0 | 62316/62316 | 64387/7234 | 1170
  11: 14439 17783 | 4650/0/6666 | 2509 0 | 20068/20068 | 25978/4116 | 614
  12: 2201 8642 | 962/0/895 | 0 238 | 0/0 | 6774/2451 | 106
  memo entries: 179691

  root 176 (84,1,98) deep(16) ok [8.1s; 197131 tasks, 150188 skipped] 177/211 ok=177 fail=0 (2473s)
  depth: run skipped | leaf flat/strassen/koszul | expanded failed | folds kept/total | memo hits T/F | ub-fail
  0: 0 0 | 0/0/0 | 0 0 | 74/256 | 0/0 | 0
  1: 74 0 | 0/0/0 | 74 0 | 9472/9472 | 0/0 | 0
  2: 9472 0 | 0/0/9349 | 123 0 | 7872/7872 | 0/0 | 0
  3: 6503 0 | 0/2368/4040 | 95 0 | 3040/3040 | 1369/0 | 0
  4: 2669 0 | 0/348/2205 | 116 0 | 1856/1856 | 371/0 | 0
  5: 1249 0 | 0/0/706 | 543 0 | 38808/38808 | 607/0 | 0
  6: 23560 1076 | 0/0/17096 | 6401 0 | 329088/329088 | 14048/124 | 63
  7: 170924 21321 | 21604/0/99514 | 49518 0 | 3258076/3258076 | 135693/1150 | 288
  8: 1618312 300966 | 20079/0/1449877 | 145621 0 | 4535154/4535154 | 1312537/26261 | 2735
  9: 1769777 795720 | 93661/0/1434981 | 226742 0 | 5600364/5600364 | 1886315/83342 | 14393
  10: 1696125 953520 | 151626/0/1397505 | 135784 0 | 1841488/1841488 | 2747631/203088 | 11210
  11: 328420 494322 | 54106/0/238431 | 32892 0 | 276584/276584 | 879228/139518 | 2991
  12: 14985 112524 | 8960/0/5189 | 0 619 | 0/0 | 112833/36242 | 217
  memo entries: 5181108

  root 177 (84,10,1) deep(16) ok [52.1s; 5642070 tasks, 2679449 skipped] 178/211 ok=178 fail=0 (2525s)
pool stats at 60s (memo entries 5607921):
  depth: run skipped | leaf flat/strassen/koszul | expanded failed | folds kept/total | memo hits T/F | ub-fail
  0: 0 0 | 0/0/0 | 0 0 | 200/256 | 0/0 | 0
  1: 122 0 | 0/0/0 | 122 0 | 15616/15616 | 0/0 | 0
  2: 14898 0 | 0/0/14674 | 212 0 | 13568/13568 | 0/0 | 0
  3: 13135 0 | 0/6955/6081 | 99 0 | 3168/3168 | 433/0 | 0
  4: 2793 0 | 0/969/1736 | 88 0 | 1408/1408 | 375/0 | 0
  5: 1111 0 | 0/0/644 | 467 0 | 35096/35096 | 297/0 | 0
  6: 22992 1251 | 0/0/15713 | 7231 0 | 423056/423056 | 10775/78 | 48
  7: 230259 26062 | 27864/0/137618 | 64398 0 | 4158230/4158230 | 165211/1524 | 379
  8: 1806651 353540 | 25300/0/1637353 | 140795 0 | 5268812/5268812 | 1964472/33567 | 3203
  9: 1844671 888158 | 129527/0/1401598 | 297646 0 | 6941840/6941840 | 2425000/110983 | 15900
  10: 2022701 862034 | 184561/0/1686351 | 141209 0 | 1809252/1809252 | 3812191/244914 | 10580
  11: 303654 424720 | 52858/0/218043 | 29951 0 | 259550/259550 | 949110/131768 | 2802
  12: 14016 102687 | 8188/0/4991 | 0 621 | 0/0 | 108419/34428 | 216

  depth: run skipped | leaf flat/strassen/koszul | expanded failed | folds kept/total | memo hits T/F | ub-fail
  0: 0 0 | 0/0/0 | 0 0 | 200/256 | 0/0 | 0
  1: 200 0 | 0/0/0 | 200 0 | 25600/25600 | 0/0 | 0
  2: 25600 0 | 0/0/25237 | 363 0 | 23232/23232 | 0/0 | 0
  3: 22123 0 | 0/11625/10338 | 160 0 | 5120/5120 | 1109/0 | 0
  4: 4282 0 | 0/1564/2588 | 130 0 | 2080/2080 | 838/0 | 0
  5: 1579 0 | 0/0/849 | 730 0 | 61648/61648 | 501/0 | 0
  6: 43056 1764 | 0/0/30889 | 12095 0 | 705512/705512 | 16688/140 | 72
  7: 384192 49536 | 36549/0/247337 | 99819 0 | 6301706/6301706 | 269708/2076 | 487
  8: 2593174 616678 | 33940/0/2316771 | 238092 0 | 8617696/8617696 | 3040687/51167 | 4371
  9: 3191689 1537777 | 162025/0/2125613 | 881256 0 | 22764942/22764942 | 3710377/177853 | 22795
  10: 3908491 1952321 | 245348/0/3390363 | 257996 0 | 3275402/3275402 | 16107494/796636 | 14784
  11: 422613 740807 | 69900/0/310809 | 38525 0 | 329098/329098 | 1876919/235063 | 3379
  12: 16136 131299 | 9724/0/5544 | 0 647 | 0/0 | 138130/43533 | 221
  memo entries: 9648623

  root 178 (84,10,2) deep(16) ok [105.9s; 10613135 tasks, 5030182 skipped] 179/211 ok=179 fail=0 (2631s)
pool stats at 60s (memo entries 6423139):
  depth: run skipped | leaf flat/strassen/koszul | expanded failed | folds kept/total | memo hits T/F | ub-fail
  0: 0 0 | 0/0/0 | 0 0 | 104/256 | 0/0 | 0
  1: 90 0 | 0/0/0 | 90 0 | 11520/11520 | 0/0 | 0
  2: 10227 0 | 0/0/10129 | 98 0 | 6272/6272 | 0/0 | 0
  3: 5946 0 | 0/2411/3421 | 114 0 | 3648/3648 | 256/0 | 0
  4: 3432 0 | 0/474/2837 | 121 0 | 2192/2192 | 216/0 | 0
  5: 1728 5 | 0/0/895 | 833 0 | 33736/33736 | 459/0 | 0
  6: 22022 1246 | 0/0/14230 | 7733 0 | 413728/413728 | 9863/77 | 54
  7: 197982 25685 | 21388/0/128637 | 47587 0 | 3060726/3060726 | 188052/1694 | 366
  8: 1447487 294882 | 18510/0/1256460 | 169563 0 | 5137562/5137562 | 1294318/24039 | 2954
  9: 1875424 1058000 | 108475/0/1233446 | 517735 0 | 12920020/12920020 | 2095159/108979 | 15768
  10: 2976278 1443171 | 166608/0/2614735 | 184077 0 | 2445220/2445220 | 8059818/440753 | 10858
  11: 379124 591922 | 57634/0/284081 | 34345 0 | 291472/291472 | 1299285/174889 | 3064
  12: 15580 113487 | 9468/0/5264 | 0 634 | 0/0 | 124323/38082 | 214

  depth: run skipped | leaf flat/strassen/koszul | expanded failed | folds kept/total | memo hits T/F | ub-fail
  0: 0 0 | 0/0/0 | 0 0 | 104/256 | 0/0 | 0
  1: 104 0 | 0/0/0 | 104 0 | 13312/13312 | 0/0 | 0
  2: 13312 0 | 0/0/13195 | 117 0 | 7488/7488 | 0/0 | 0
  3: 7232 0 | 0/3012/4079 | 141 0 | 4512/4512 | 256/0 | 0
  4: 4277 0 | 0/562/3572 | 143 0 | 2544/2544 | 235/0 | 0
  5: 1925 5 | 0/0/969 | 956 0 | 36384/36384 | 614/0 | 0
  6: 23753 1323 | 0/0/15560 | 8138 0 | 444016/444016 | 11222/86 | 55
  7: 205956 27467 | 24802/0/131132 | 49638 0 | 3287310/3287310 | 208662/1931 | 384
  8: 1547810 304818 | 19900/0/1349652 | 175151 0 | 5323996/5323996 | 1408220/26462 | 3107
  9: 1946100 1076809 | 114053/0/1293983 | 521709 0 | 12989484/12989484 | 2186318/114769 | 16355
  10: 3003393 1456898 | 169074/0/2636246 | 186989 0 | 2472166/2472166 | 8084927/444266 | 11084
  11: 382104 601914 | 58978/0/285390 | 34643 0 | 293946/293946 | 1310898/177250 | 3093
  12: 15682 114523 | 9519/0/5313 | 0 636 | 0/0 | 125290/38451 | 214
  memo entries: 6615141

  root 179 (84,10,4) deep(16) ok [64.3s; 7151648 tasks, 3583757 skipped] 180/211 ok=180 fail=0 (2695s)
pool stats at 60s (memo entries 5937003):
  depth: run skipped | leaf flat/strassen/koszul | expanded failed | folds kept/total | memo hits T/F | ub-fail
  0: 0 0 | 0/0/0 | 0 0 | 200/256 | 0/0 | 0
  1: 109 0 | 0/0/0 | 109 0 | 13952/13952 | 0/0 | 0
  2: 13407 0 | 0/0/13287 | 120 0 | 7680/7680 | 0/0 | 0
  3: 7110 0 | 0/2826/4230 | 54 0 | 1728/1728 | 512/0 | 0
  4: 1546 0 | 0/372/1122 | 52 0 | 832/832 | 136/0 | 0
  5: 617 0 | 0/0/292 | 325 0 | 15528/15528 | 194/0 | 0
  6: 12571 341 | 0/0/7143 | 5407 0 | 258168/258168 | 2435/24 | 21
  7: 162819 12738 | 10178/0/106483 | 45959 0 | 3557946/3557946 | 80833/569 | 199
  8: 1905706 295107 | 23507/0/1729655 | 149453 0 | 4644004/4644004 | 1325838/29362 | 3079
  9: 1875678 642455 | 128382/0/1414134 | 318791 0 | 8027142/8027142 | 2037309/87395 | 14371
  10: 2227580 762571 | 166995/0/1903104 | 146149 0 | 1934396/1934396 | 4757364/279274 | 11332
  11: 311726 411894 | 48582/0/229785 | 30512 0 | 254828/254828 | 1072094/138652 | 2847
  12: 13982 102291 | 8004/0/5137 | 0 625 | 0/0 | 104388/34167 | 216

  depth: run skipped | leaf flat/strassen/koszul | expanded failed | folds kept/total | memo hits T/F | ub-fail
  0: 0 0 | 0/0/0 | 0 0 | 200/256 | 0/0 | 0
  1: 200 0 | 0/0/0 | 200 0 | 25600/25600 | 0/0 | 0
  2: 25600 0 | 0/0/25401 | 199 0 | 12736/12736 | 0/0 | 0
  3: 12096 0 | 0/5182/6815 | 99 0 | 3168/3168 | 640/0 | 0
  4: 2904 0 | 0/575/2186 | 143 0 | 2288/2288 | 264/0 | 0
  5: 1939 0 | 0/0/1309 | 630 0 | 34160/34160 | 349/0 | 0
  6: 23235 1365 | 0/0/12889 | 10316 0 | 507312/507312 | 9470/90 | 30
  7: 279279 52984 | 23536/0/190561 | 64813 0 | 4723958/4723958 | 173017/2032 | 369
  8: 2487355 481821 | 46407/0/2198629 | 237525 0 | 7104648/7104648 | 1712347/42435 | 4794
  9: 2805787 1054134 | 186475/0/2118759 | 479148 0 | 11866806/11866806 | 3106919/137808 | 21405
  10: 3140528 1290308 | 244298/0/2656704 | 223402 0 | 2938688/2938688 | 7012245/423725 | 16124
  11: 423977 694442 | 72293/0/306327 | 41681 0 | 347514/347514 | 1601607/218662 | 3676
  12: 16419 140624 | 9393/0/6117 | 0 678 | 0/0 | 143615/46856 | 231
  memo entries: 8432146

  root 180 (84,10,10) deep(16) ok [88.1s; 9219319 tasks, 3715678 skipped] 181/211 ok=181 fail=0 (2783s)
  depth: run skipped | leaf flat/strassen/koszul | expanded failed | folds kept/total | memo hits T/F | ub-fail
  0: 0 0 | 0/0/0 | 0 0 | 128/256 | 0/0 | 0
  1: 128 0 | 0/0/0 | 128 0 | 16384/16384 | 0/0 | 0
  2: 16384 0 | 0/0/16269 | 115 0 | 7360/7360 | 0/0 | 0
  3: 7359 0 | 0/3610/3679 | 70 0 | 2240/2240 | 1/0 | 0
  4: 2064 0 | 0/333/1642 | 89 0 | 1424/1424 | 176/0 | 0
  5: 1197 0 | 0/0/928 | 269 0 | 9064/9064 | 227/0 | 0
  6: 5756 376 | 0/0/2708 | 3038 0 | 146676/146676 | 2898/34 | 10
  7: 63317 18231 | 7477/0/43744 | 11955 0 | 681866/681866 | 64525/603 | 141
  8: 266932 117057 | 5660/0/191576 | 67864 0 | 1946762/1946762 | 289746/8131 | 1832
  9: 573655 272221 | 67256/0/375016 | 123911 0 | 3032838/3032838 | 1051164/49722 | 7472
  10: 935400 293508 | 68596/0/802721 | 58343 0 | 757118/757118 | 1695560/108370 | 5740
  11: 151138 162489 | 23870/0/109278 | 16159 0 | 134714/134714 | 391513/51978 | 1831
  12: 9220 53818 | 5423/0/3089 | 0 519 | 0/0 | 53736/17940 | 189
  memo entries: 1887134

  root 181 (84,10,12) deep(16) ok [21.8s; 2032550 tasks, 917700 skipped] 182/211 ok=182 fail=0 (2805s)
pool stats at 60s (memo entries 6466642):
  depth: run skipped | leaf flat/strassen/koszul | expanded failed | folds kept/total | memo hits T/F | ub-fail
  0: 0 0 | 0/0/0 | 0 0 | 200/256 | 0/0 | 0
  1: 98 0 | 0/0/0 | 98 0 | 12544/12544 | 0/0 | 0
  2: 11796 0 | 0/0/11676 | 120 0 | 7680/7680 | 0/0 | 0
  3: 7642 0 | 0/3840/3732 | 70 0 | 2240/2240 | 0/0 | 0
  4: 2151 0 | 0/475/1621 | 55 0 | 1136/1136 | 36/0 | 0
  5: 997 0 | 0/0/527 | 470 0 | 18896/18896 | 112/0 | 0
  6: 14231 645 | 0/0/10462 | 3765 0 | 298560/298560 | 3789/15 | 4
  7: 194449 23310 | 9533/0/149349 | 35404 0 | 2280184/2280184 | 79052/424 | 163
  8: 982196 327425 | 13828/0/799266 | 166425 0 | 5112420/5112420 | 951198/18364 | 2677
  9: 2065861 815170 | 109918/0/1235119 | 707840 0 | 19030422/19030422 | 2130389/100960 | 12984
  10: 3394211 1223616 | 160937/0/3019406 | 202166 0 | 2622892/2622892 | 13769807/642670 | 11702
  11: 378312 537191 | 61663/0/277450 | 35891 0 | 300242/300242 | 1530108/177281 | 3308
  12: 15211 121344 | 8888/0/5467 | 0 637 | 0/0 | 124152/39535 | 219

  depth: run skipped | leaf flat/strassen/koszul | expanded failed | folds kept/total | memo hits T/F | ub-fail
  0: 0 0 | 0/0/0 | 0 0 | 200/256 | 0/0 | 0
  1: 200 0 | 0/0/0 | 200 0 | 25600/25600 | 0/0 | 0
  2: 25600 0 | 0/0/25389 | 211 0 | 13504/13504 | 0/0 | 0
  3: 13376 0 | 0/6569/6698 | 109 0 | 3488/3488 | 128/0 | 0
  4: 3378 0 | 0/676/2565 | 137 0 | 2448/2448 | 110/0 | 0
  5: 2187 0 | 0/0/1391 | 796 0 | 36416/36416 | 261/0 | 0
  6: 27181 1227 | 0/0/17440 | 9736 0 | 651916/651916 | 7947/61 | 5
  7: 340328 73301 | 33668/0/239679 | 66552 0 | 4544828/4544828 | 235983/2304 | 429
  8: 1821305 639605 | 47619/0/1528327 | 240551 0 | 7253994/7253994 | 2042214/41704 | 4808
  9: 2767352 1262796 | 162814/0/1717075 | 868543 0 | 22631338/22631338 | 3070232/153614 | 18920
  10: 3854720 1636497 | 225473/0/3368486 | 245683 0 | 3154422/3154422 | 16363180/776941 | 15078
  11: 432452 708968 | 78034/0/308115 | 42429 0 | 352672/352672 | 1790745/222257 | 3874
  12: 16674 144286 | 9701/0/6083 | 0 663 | 0/0 | 144814/46898 | 227
  memo entries: 8535999

  root 182 (84,10,20) deep(16) ok [90.2s; 9304753 tasks, 4466680 skipped] 183/211 ok=183 fail=0 (2895s)
pool stats at 60s (memo entries 6529519):
  depth: run skipped | leaf flat/strassen/koszul | expanded failed | folds kept/total | memo hits T/F | ub-fail
  0: 0 0 | 0/0/0 | 0 0 | 128/256 | 0/0 | 0
  1: 84 0 | 0/0/0 | 84 0 | 10752/10752 | 0/0 | 0
  2: 10003 0 | 0/0/9929 | 74 0 | 4736/4736 | 0/0 | 0
  3: 4699 0 | 0/2156/2490 | 53 0 | 1696/1696 | 0/0 | 0
  4: 1602 0 | 0/472/1085 | 45 0 | 1232/1232 | 36/0 | 0
  5: 1026 10 | 0/0/375 | 651 0 | 22904/22904 | 72/0 | 0
  6: 17573 800 | 0/0/12994 | 4575 0 | 367564/367564 | 4138/13 | 4
  7: 232548 27290 | 8856/0/182804 | 40714 0 | 2587468/2587468 | 104634/522 | 174
  8: 1052983 406271 | 14989/0/855303 | 179975 0 | 5415884/5415884 | 1104492/21598 | 2716
  9: 2077975 879304 | 120060/0/1314191 | 630264 0 | 16887394/16887394 | 2351746/106054 | 13448
  10: 3274141 1224294 | 168568/0/2896287 | 197138 0 | 2607946/2607946 | 11816879/571773 | 12148
  11: 393897 556966 | 65822/0/287458 | 37067 0 | 313234/313234 | 1479315/177698 | 3550
  12: 16316 125834 | 9702/0/5708 | 0 671 | 0/0 | 129573/41490 | 235

  depth: run skipped | leaf flat/strassen/koszul | expanded failed | folds kept/total | memo hits T/F | ub-fail
  0: 0 0 | 0/0/0 | 0 0 | 128/256 | 0/0 | 0
  1: 128 0 | 0/0/0 | 128 0 | 16384/16384 | 0/0 | 0
  2: 16384 0 | 0/0/16268 | 116 0 | 7424/7424 | 0/0 | 0
  3: 7296 0 | 0/3459/3760 | 77 0 | 2464/2464 | 128/0 | 0
  4: 2424 0 | 0/620/1739 | 65 0 | 1808/1808 | 40/0 | 0
  5: 1494 22 | 0/0/433 | 1061 0 | 34568/34568 | 292/0 | 0
  6: 27225 1545 | 0/0/20484 | 6737 0 | 532196/532196 | 5777/21 | 4
  7: 318940 39928 | 13041/0/248521 | 57165 0 | 3837700/3837700 | 172406/922 | 213
  8: 1559687 556239 | 21292/0/1315718 | 219445 0 | 6552030/6552030 | 1689930/31844 | 3232
  9: 2484788 1062093 | 136252/0/1628658 | 704574 0 | 18685124/18685124 | 2879968/125181 | 15304
  10: 3552837 1416954 | 195055/0/3124978 | 219396 0 | 2903352/2903352 | 13081716/633617 | 13408
  11: 429000 639221 | 71899/0/313116 | 40191 0 | 338712/338712 | 1634483/200648 | 3794
  12: 16933 136872 | 10033/0/5972 | 0 690 | 0/0 | 140044/44863 | 238
  memo entries: 7770733

  root 183 (84,10,22) deep(16) ok [78.0s; 8417136 tasks, 3852874 skipped] 184/211 ok=184 fail=0 (2973s)
  depth: run skipped | leaf flat/strassen/koszul | expanded failed | folds kept/total | memo hits T/F | ub-fail
  0: 0 0 | 0/0/0 | 0 0 | 72/256 | 0/0 | 0
  1: 72 0 | 0/0/0 | 72 0 | 9216/9216 | 0/0 | 0
  2: 9216 0 | 0/0/9146 | 70 0 | 4480/4480 | 0/0 | 0
  3: 4480 0 | 0/1618/2815 | 47 0 | 1504/1504 | 0/0 | 0
  4: 1472 0 | 0/335/1105 | 32 0 | 512/512 | 32/0 | 0
  5: 480 0 | 0/0/335 | 145 0 | 5384/5384 | 32/0 | 0
  6: 4529 91 | 0/0/1613 | 2910 0 | 156768/156768 | 760/4 | 6
  7: 71434 10449 | 1181/0/54486 | 15686 0 | 915278/915278 | 74606/279 | 81
  8: 335899 140838 | 4229/0/262795 | 67428 0 | 2193912/2193912 | 430383/8158 | 1447
  9: 783279 371015 | 63338/0/407823 | 305329 0 | 8272132/8272132 | 992431/47187 | 6789
  10: 1896547 576908 | 66771/0/1707106 | 116668 0 | 1516922/1516922 | 5514944/283733 | 6002
  11: 231514 285281 | 28326/0/178938 | 22250 0 | 181714/181714 | 902968/97159 | 2000
  12: 11041 72198 | 6548/0/3793 | 0 513 | 0/0 | 75432/23043 | 187
  memo entries: 3057571

  root 184 (84,10,34) deep(16) ok [27.9s; 3349963 tasks, 1456780 skipped] 185/211 ok=185 fail=0 (3001s)
  depth: run skipped | leaf flat/strassen/koszul | expanded failed | folds kept/total | memo hits T/F | ub-fail
  0: 0 0 | 0/0/0 | 0 0 | 36/256 | 0/0 | 0
  1: 36 0 | 0/0/0 | 36 0 | 4608/4608 | 0/0 | 0
  2: 4608 0 | 0/0/4520 | 88 0 | 5632/5632 | 0/0 | 0
  3: 4736 0 | 0/1542/3147 | 47 0 | 1504/1504 | 896/0 | 0
  4: 1376 0 | 0/273/1063 | 40 0 | 640/640 | 128/0 | 0
  5: 571 0 | 0/0/348 | 223 0 | 21432/21432 | 69/0 | 0
  6: 14372 450 | 0/0/10296 | 4039 0 | 214240/214240 | 6564/46 | 37
  7: 121098 9485 | 9997/0/82743 | 28139 0 | 1970646/1970646 | 82539/1118 | 219
  8: 695788 123217 | 8653/0/628983 | 56197 0 | 2066016/2066016 | 1135599/16042 | 1955
  9: 615902 346838 | 70782/0/408962 | 126931 0 | 2797964/2797964 | 1053738/49538 | 9227
  10: 854359 362223 | 67200/0/716183 | 65141 0 | 854404/854404 | 1480953/100429 | 5835
  11: 177139 201849 | 27771/0/129223 | 18287 0 | 160326/160326 | 414515/60901 | 1858
  12: 11298 61221 | 6789/0/3766 | 0 553 | 0/0 | 66252/21555 | 190
  memo entries: 2232479

  root 185 (84,10,64) deep(16) ok [24.3s; 2501283 tasks, 1105283 skipped] 186/211 ok=186 fail=0 (3026s)
pool stats at 60s (memo entries 5364315):
  depth: run skipped | leaf flat/strassen/koszul | expanded failed | folds kept/total | memo hits T/F | ub-fail
  0: 0 0 | 0/0/0 | 0 0 | 200/256 | 0/0 | 0
  1: 168 0 | 0/0/0 | 168 0 | 21504/21504 | 0/0 | 0
  2: 21039 0 | 0/0/20867 | 172 0 | 11008/11008 | 0/0 | 0
  3: 10342 0 | 0/3436/6799 | 95 0 | 3040/3040 | 640/0 | 0
  4: 2780 0 | 0/522/2159 | 99 0 | 1584/1584 | 260/0 | 0
  5: 1273 0 | 0/0/822 | 451 0 | 24600/24600 | 311/0 | 0
  6: 20887 675 | 0/0/11438 | 9424 0 | 461172/461172 | 2999/39 | 25
  7: 265899 36717 | 18282/0/189693 | 57577 0 | 4196814/4196814 | 156254/2302 | 347
  8: 1778364 407210 | 39832/0/1591111 | 143490 0 | 4538348/4538348 | 1974742/36498 | 3931
  9: 1521344 878038 | 128721/0/1130056 | 244573 0 | 5461638/5461638 | 2038556/100410 | 17994
  10: 1870313 986981 | 179216/0/1514899 | 164707 0 | 2190156/2190156 | 2399697/204647 | 11491
  11: 364016 583733 | 57975/0/265761 | 37119 0 | 318104/318104 | 1074229/168178 | 3161
  12: 16178 124310 | 9302/0/5994 | 0 656 | 0/0 | 134779/42837 | 226

  depth: run skipped | leaf flat/strassen/koszul | expanded failed | folds kept/total | memo hits T/F | ub-fail
  0: 0 0 | 0/0/0 | 0 0 | 200/256 | 0/0 | 0
  1: 200 0 | 0/0/0 | 200 0 | 25600/25600 | 0/0 | 0
  2: 25600 0 | 0/0/25401 | 199 0 | 12736/12736 | 0/0 | 0
  3: 12096 0 | 0/4008/7983 | 105 0 | 3360/3360 | 640/0 | 0
  4: 3100 0 | 0/545/2411 | 144 0 | 2304/2304 | 260/0 | 0
  5: 1993 0 | 0/0/1382 | 611 0 | 36376/36376 | 311/0 | 0
  6: 28547 1428 | 0/0/14768 | 13751 0 | 681688/681688 | 6310/91 | 28
  7: 318581 59786 | 22431/0/228523 | 67208 0 | 4646876/4646876 | 298895/4426 | 419
  8: 1941796 484889 | 48072/0/1707645 | 181896 0 | 5434886/5434886 | 2178191/42000 | 4183
  9: 1955735 1024500 | 143812/0/1493157 | 298781 0 | 6926504/6926504 | 2341783/112868 | 19985
  10: 2369489 1212766 | 205787/0/1951533 | 198822 0 | 2668298/2668298 | 3086907/257342 | 13347
  11: 422172 710547 | 66941/0/310486 | 41294 0 | 352714/352714 | 1328885/206694 | 3451
  12: 17321 139075 | 9934/0/6486 | 0 671 | 0/0 | 148797/47521 | 230
  memo entries: 6517821

  root 186 (84,10,66) deep(16) ok [71.9s; 7096630 tasks, 3632991 skipped] 187/211 ok=187 fail=0 (3098s)
  depth: run skipped | leaf flat/strassen/koszul | expanded failed | folds kept/total | memo hits T/F | ub-fail
  0: 0 0 | 0/0/0 | 0 0 | 104/256 | 0/0 | 0
  1: 104 0 | 0/0/0 | 104 0 | 13312/13312 | 0/0 | 0
  2: 13312 0 | 0/0/13238 | 74 0 | 4736/4736 | 0/0 | 0
  3: 4480 0 | 0/1934/2488 | 58 0 | 1856/1856 | 256/0 | 0
  4: 1856 0 | 0/263/1555 | 38 0 | 608/608 | 0/0 | 0
  5: 603 0 | 0/0/516 | 87 0 | 5944/5944 | 5/0 | 0
  6: 4413 158 | 0/0/2296 | 2106 0 | 94824/94824 | 1362/11 | 11
  7: 47787 5816 | 9477/0/27107 | 11067 0 | 617382/617382 | 40883/338 | 136
  8: 210437 86364 | 6041/0/156895 | 45879 0 | 1302046/1302046 | 313586/6995 | 1622
  9: 344745 196599 | 62485/0/232263 | 43272 0 | 666868/666868 | 722561/38141 | 6725
  10: 196577 140108 | 57271/0/110656 | 24672 0 | 290806/290806 | 300808/29375 | 3978
  11: 63592 83311 | 16639/0/35552 | 9931 0 | 87092/87092 | 122442/21461 | 1470
  12: 6888 34896 | 3786/0/2415 | 0 512 | 0/0 | 33428/11880 | 175
  memo entries: 774644

  root 187 (84,10,68) deep(16) ok [14.2s; 894794 tasks, 547252 skipped] 188/211 ok=188 fail=0 (3112s)
  depth: run skipped | leaf flat/strassen/koszul | expanded failed | folds kept/total | memo hits T/F | ub-fail
  0: 0 0 | 0/0/0 | 0 0 | 200/256 | 0/0 | 0
  1: 200 0 | 0/0/0 | 200 0 | 25600/25600 | 0/0 | 0
  2: 25600 0 | 0/0/25447 | 153 0 | 9792/9792 | 0/0 | 0
  3: 9790 0 | 0/4963/4747 | 80 0 | 2560/2560 | 2/0 | 0
  4: 2554 0 | 0/763/1675 | 116 0 | 1856/1856 | 6/0 | 0
  5: 1562 0 | 0/0/1281 | 281 0 | 20808/20808 | 294/0 | 0
  6: 16607 1236 | 0/0/6146 | 10447 0 | 511904/511904 | 2901/64 | 14
  7: 241708 51122 | 15638/0/202693 | 23099 0 | 1399214/1399214 | 215123/3951 | 278
  8: 410715 344908 | 74742/0/266195 | 67234 0 | 1966848/1966848 | 624451/19140 | 2544
  9: 425088 490504 | 96695/0/254309 | 63965 0 | 1049506/1049506 | 989169/62087 | 10119
  10: 296831 300510 | 74455/0/174358 | 42406 0 | 521256/521256 | 404907/47258 | 5612
  11: 109111 158052 | 21391/0/69385 | 16430 0 | 141484/141484 | 212112/41981 | 1905
  12: 9633 56039 | 4759/0/4112 | 0 568 | 0/0 | 56033/19779 | 194
  memo entries: 1349429

  root 188 (84,10,84) deep(16) ok [31.4s; 1549399 tasks, 1402371 skipped] 189/211 ok=189 fail=0 (3143s)
  depth: run skipped | leaf flat/strassen/koszul | expanded failed | folds kept/total | memo hits T/F | ub-fail
  0: 0 0 | 0/0/0 | 0 0 | 128/256 | 0/0 | 0
  1: 128 0 | 0/0/0 | 128 0 | 16384/16384 | 0/0 | 0
  2: 16384 0 | 0/0/16303 | 81 0 | 5184/5184 | 0/0 | 0
  3: 5184 0 | 0/2780/2349 | 55 0 | 1760/1760 | 0/0 | 0
  4: 1760 0 | 0/577/1150 | 33 0 | 528/528 | 0/0 | 0
  5: 528 0 | 0/0/383 | 145 0 | 8968/8968 | 0/0 | 0
  6: 6541 208 | 0/0/2880 | 3650 0 | 132796/132796 | 2201/18 | 11
  7: 69905 7678 | 9036/0/45384 | 15365 0 | 901640/901640 | 54734/479 | 120
  8: 283480 112619 | 10151/0/229968 | 41634 0 | 1295810/1295810 | 497143/8398 | 1727
  9: 353048 224976 | 75046/0/229664 | 41467 0 | 688936/688936 | 682515/35271 | 6871
  10: 216013 152721 | 63142/0/122590 | 26167 0 | 317928/317928 | 291395/28807 | 4114
  11: 73778 84446 | 18096/0/43836 | 10307 0 | 91622/91622 | 137123/22581 | 1539
  12: 7633 35860 | 4265/0/2680 | 0 509 | 0/0 | 35616/12513 | 179
  memo entries: 878411

  root 189 (84,10,86) deep(16) ok [18.2s; 1034382 tasks, 618508 skipped] 190/211 ok=190 fail=0 (3161s)
  depth: run skipped | leaf flat/strassen/koszul | expanded failed | folds kept/total | memo hits T/F | ub-fail
  0: 0 0 | 0/0/0 | 0 0 | 72/256 | 0/0 | 0
  1: 72 0 | 0/0/0 | 72 0 | 9216/9216 | 0/0 | 0
  2: 9216 0 | 0/0/9163 | 53 0 | 3392/3392 | 0/0 | 0
  3: 3392 0 | 0/1137/2220 | 35 0 | 1120/1120 | 0/0 | 0
  4: 1120 0 | 0/338/754 | 28 0 | 448/448 | 0/0 | 0
  5: 427 0 | 0/0/347 | 80 0 | 5248/5248 | 21/0 | 0
  6: 4609 101 | 0/0/1279 | 3322 0 | 111912/111912 | 534/4 | 8
  7: 58716 7169 | 1339/0/45043 | 12246 0 | 809358/809358 | 45701/326 | 88
  8: 280748 100848 | 6035/0/223426 | 49893 0 | 1591762/1591762 | 420373/7389 | 1394
  9: 516007 270817 | 56770/0/277158 | 175106 0 | 4663936/4663936 | 769459/35479 | 6973
  10: 1198446 401600 | 58027/0/1057368 | 77813 0 | 1023312/1023312 | 2901506/162384 | 5238
  11: 185759 223105 | 24585/0/139605 | 19689 0 | 163662/163662 | 546309/68139 | 1880
  12: 10953 63903 | 6345/0/3905 | 0 522 | 0/0 | 67731/21075 | 181
  memo entries: 2052739

  root 190 (84,10,98) deep(16) ok [20.8s; 2269465 tasks, 1067543 skipped] 191/211 ok=191 fail=0 (3182s)
pool stats at 60s (memo entries 7004950):
  depth: run skipped | leaf flat/strassen/koszul | expanded failed | folds kept/total | memo hits T/F | ub-fail
  0: 0 0 | 0/0/0 | 0 0 | 138/256 | 0/0 | 0
  1: 68 0 | 0/0/0 | 68 0 | 8704/8704 | 0/0 | 0
  2: 8650 0 | 0/0/8513 | 137 0 | 8768/8768 | 0/0 | 0
  3: 8059 0 | 0/3506/4443 | 110 0 | 3520/3520 | 545/0 | 0
  4: 3227 0 | 0/1500/1660 | 67 0 | 2352/2352 | 244/0 | 0
  5: 2179 41 | 0/146/555 | 1478 0 | 54288/54288 | 104/0 | 0
  6: 44459 1531 | 0/4/29091 | 15322 0 | 528200/528200 | 8044/89 | 42
  7: 339379 25860 | 11404/0/237441 | 90242 0 | 5012594/5012594 | 160409/1648 | 282
  8: 1496643 469928 | 11264/0/1242861 | 239077 0 | 7344364/7344364 | 2996674/48430 | 3441
  9: 2215334 1506271 | 83291/0/1610346 | 496743 0 | 10149084/10149084 | 3449724/173000 | 24953
  10: 3051700 1644133 | 164630/0/2546366 | 319535 0 | 3654970/3654970 | 5031798/421453 | 21169
  11: 508197 1121089 | 82349/0/353167 | 66383 0 | 531760/531760 | 1738080/287604 | 6298
  12: 21114 241460 | 12052/0/8044 | 0 775 | 0/0 | 197628/71558 | 243

  depth: run skipped | leaf flat/strassen/koszul | expanded failed | folds kept/total | memo hits T/F | ub-fail
  0: 0 0 | 0/0/0 | 0 0 | 138/256 | 0/0 | 0
  1: 138 0 | 0/0/0 | 138 0 | 17664/17664 | 0/0 | 0
  2: 17664 0 | 0/0/17389 | 275 0 | 17600/17600 | 0/0 | 0
  3: 16916 0 | 0/7637/9077 | 202 0 | 6464/6464 | 684/0 | 0
  4: 5890 0 | 0/2265/3486 | 139 0 | 3504/3504 | 574/0 | 0
  5: 2897 41 | 0/146/948 | 1803 0 | 73080/73080 | 566/0 | 0
  6: 56456 2004 | 0/4/38186 | 18194 0 | 632192/632192 | 14453/167 | 72
  7: 398466 32517 | 20018/0/268624 | 109383 0 | 6356104/6356104 | 198998/2211 | 441
  8: 1984177 539723 | 17550/0/1695705 | 266504 0 | 8377426/8377426 | 3772936/59268 | 4418
  9: 2539023 1694502 | 111610/0/1823414 | 575533 0 | 11903348/11903348 | 3943564/200337 | 28466
  10: 3418547 1858163 | 186885/0/2865753 | 343890 0 | 3976830/3976830 | 6139475/487163 | 22019
  11: 542306 1195545 | 87260/0/380580 | 68114 0 | 548208/548208 | 1927973/311006 | 6352
  12: 22027 247310 | 12825/0/8183 | 0 776 | 0/0 | 205071/73800 | 243
  memo entries: 8162563

  root 191 (84,10,128) deep(16) ok [79.0s; 9004507 tasks, 5569805 skipped] 192/211 ok=192 fail=0 (3261s)
pool stats at 60s (memo entries 5410253):
  depth: run skipped | leaf flat/strassen/koszul | expanded failed | folds kept/total | memo hits T/F | ub-fail
  0: 0 0 | 0/0/0 | 0 0 | 138/256 | 0/0 | 0
  1: 119 0 | 0/0/0 | 119 0 | 15232/15232 | 0/0 | 0
  2: 15058 0 | 0/0/14916 | 142 0 | 9088/9088 | 0/0 | 0
  3: 8446 0 | 0/3473/4890 | 83 0 | 2656/2656 | 640/0 | 0
  4: 2381 0 | 0/336/1953 | 92 0 | 1472/1472 | 257/0 | 0
  5: 1443 0 | 0/0/878 | 565 0 | 29000/29000 | 20/0 | 0
  6: 22405 716 | 0/0/11462 | 10911 0 | 495340/495340 | 5700/59 | 32
  7: 296565 40641 | 27411/0/198195 | 70479 0 | 4581858/4581858 | 155882/2151 | 480
  8: 1722398 466496 | 38535/0/1504696 | 174966 0 | 5649794/5649794 | 2351795/38657 | 4189
  9: 1933984 954077 | 135099/0/1512581 | 266466 0 | 5342976/5342976 | 2634611/126396 | 19838
  10: 1665085 932044 | 215775/0/1296109 | 141201 0 | 1871356/1871356 | 2541585/203989 | 12000
  11: 316871 528185 | 65127/0/214057 | 34607 0 | 297678/297678 | 876370/149891 | 3080
  12: 16028 116162 | 9067/0/6095 | 0 647 | 0/0 | 124731/40730 | 219

  depth: run skipped | leaf flat/strassen/koszul | expanded failed | folds kept/total | memo hits T/F | ub-fail
  0: 0 0 | 0/0/0 | 0 0 | 138/256 | 0/0 | 0
  1: 138 0 | 0/0/0 | 138 0 | 17664/17664 | 0/0 | 0
  2: 17664 0 | 0/0/17491 | 173 0 | 11072/11072 | 0/0 | 0
  3: 10432 0 | 0/4187/6152 | 93 0 | 2976/2976 | 640/0 | 0
  4: 2655 0 | 0/360/2169 | 126 0 | 2016/2016 | 321/0 | 0
  5: 1995 0 | 0/0/1326 | 669 0 | 34696/34696 | 21/0 | 0
  6: 27042 1017 | 0/0/13939 | 13070 0 | 587764/587764 | 6550/87 | 33
  7: 336896 58458 | 33673/0/226238 | 76414 0 | 4884728/4884728 | 189628/2782 | 571
  8: 1844575 524088 | 51406/0/1587279 | 201193 0 | 6282130/6282130 | 2473176/42889 | 4697
  9: 2153643 1092893 | 150315/0/1681086 | 300076 0 | 5969726/5969726 | 2893778/141816 | 22166
  10: 1843663 1067114 | 235942/0/1434685 | 159634 0 | 2097714/2097714 | 2827946/231003 | 13402
  11: 340582 600237 | 71727/0/228571 | 37004 0 | 317948/317948 | 987818/169077 | 3280
  12: 16559 124478 | 9367/0/6308 | 0 659 | 0/0 | 133192/43719 | 225
  memo entries: 5954495

  root 192 (84,10,129) deep(16) ok [66.9s; 6595844 tasks, 3468285 skipped] 193/211 ok=193 fail=0 (3328s)
  depth: run skipped | leaf flat/strassen/koszul | expanded failed | folds kept/total | memo hits T/F | ub-fail
  0: 0 0 | 0/0/0 | 0 0 | 128/256 | 0/0 | 0
  1: 128 0 | 0/0/0 | 128 0 | 16384/16384 | 0/0 | 0
  2: 16384 0 | 0/0/16289 | 95 0 | 6080/6080 | 0/0 | 0
  3: 6080 0 | 0/2997/3019 | 64 0 | 2048/2048 | 0/0 | 0
  4: 2043 0 | 0/271/1726 | 46 0 | 736/736 | 5/0 | 0
  5: 712 0 | 0/0/524 | 188 0 | 4224/4224 | 24/0 | 0
  6: 3023 177 | 0/0/1742 | 1272 0 | 61336/61336 | 1013/11 | 9
  7: 26089 9553 | 4269/0/12903 | 8715 0 | 616852/616852 | 25411/283 | 202
  8: 234784 59865 | 6792/0/179069 | 47380 0 | 1415196/1415196 | 314676/7527 | 1543
  9: 405798 174284 | 52236/0/299384 | 48748 0 | 763684/763684 | 793276/41838 | 5430
  10: 172013 153251 | 64261/0/82168 | 22224 0 | 248404/248404 | 401322/37098 | 3360
  11: 35087 78512 | 14901/0/12334 | 6643 0 | 55048/55048 | 115065/19740 | 1209
  12: 3643 24526 | 1696/0/1467 | 0 337 | 0/0 | 19291/7588 | 143
  memo entries: 818950

  root 193 (84,10,132) deep(16) ok [15.7s; 905784 tasks, 500168 skipped] 194/211 ok=194 fail=0 (3344s)
  depth: run skipped | leaf flat/strassen/koszul | expanded failed | folds kept/total | memo hits T/F | ub-fail
  0: 0 0 | 0/0/0 | 0 0 | 256/256 | 0/0 | 0
  1: 256 0 | 0/0/0 | 256 0 | 32768/32768 | 0/0 | 0
  2: 32768 0 | 0/0/32538 | 230 0 | 14720/14720 | 0/0 | 0
  3: 14720 0 | 0/7143/7463 | 114 0 | 3648/3648 | 0/0 | 0
  4: 3516 0 | 0/371/3004 | 141 0 | 2256/2256 | 132/0 | 0
  5: 2069 0 | 0/0/1524 | 545 0 | 28072/28072 | 187/0 | 0
  6: 22653 915 | 0/0/12783 | 9840 0 | 475020/475020 | 4451/53 | 30
  7: 248212 65521 | 34459/0/162950 | 50229 0 | 3579736/3579736 | 158720/2567 | 574
  8: 1137557 403881 | 55206/0/951720 | 126086 0 | 3982994/3982994 | 2001591/36707 | 4545
  9: 1019962 772093 | 118725/0/690881 | 195319 0 | 3611948/3611948 | 2076529/114410 | 15037
  10: 867948 617284 | 142360/0/628935 | 87198 0 | 1071946/1071946 | 1978331/148385 | 9455
  11: 178773 335041 | 40640/0/110350 | 25330 0 | 210994/210994 | 467655/90477 | 2453
  12: 12588 86892 | 6539/0/5209 | 0 625 | 0/0 | 82317/29197 | 215
  memo entries: 3175295

  root 194 (84,10,134) deep(16) ok [51.1s; 3541022 tasks, 2281627 skipped] 195/211 ok=195 fail=0 (3395s)
  depth: run skipped | leaf flat/strassen/koszul | expanded failed | folds kept/total | memo hits T/F | ub-fail
  0: 0 0 | 0/0/0 | 0 0 | 84/256 | 0/0 | 0
  1: 84 0 | 0/0/0 | 84 0 | 10752/10752 | 0/0 | 0
  2: 10752 0 | 0/0/10607 | 145 0 | 9280/9280 | 0/0 | 0
  3: 8640 0 | 0/2785/5779 | 76 0 | 2432/2432 | 640/0 | 0
  4: 2176 0 | 0/461/1622 | 93 0 | 1488/1488 | 256/0 | 0
  5: 1417 0 | 0/0/974 | 443 0 | 22040/22040 | 71/0 | 0
  6: 17603 679 | 0/0/9480 | 8101 0 | 366648/366648 | 3702/56 | 22
  7: 219444 34983 | 19214/0/148564 | 51340 0 | 3503242/3503242 | 110368/1853 | 326
  8: 1315012 307051 | 32212/0/1166893 | 112161 0 | 3725838/3725838 | 1850348/30831 | 3746
  9: 1209388 643452 | 126656/0/785111 | 281996 0 | 6447244/6447244 | 1782769/90229 | 15625
  10: 1922544 694074 | 134993/0/1643358 | 134071 0 | 1723160/1723160 | 3598448/232178 | 10122
  11: 280346 399995 | 45469/0/202699 | 29452 0 | 248722/248722 | 918019/124800 | 2726
  12: 14417 99516 | 8249/0/5317 | 0 639 | 0/0 | 100764/34025 | 212
  memo entries: 4474471

  root 195 (84,10,136) deep(16) ok [48.1s; 5001823 tasks, 2179750 skipped] 196/211 ok=196 fail=0 (3443s)
  depth: run skipped | leaf flat/strassen/koszul | expanded failed | folds kept/total | memo hits T/F | ub-fail
  0: 0 0 | 0/0/0 | 0 0 | 128/256 | 0/0 | 0
  1: 128 0 | 0/0/0 | 128 0 | 16384/16384 | 0/0 | 0
  2: 16384 0 | 0/0/16295 | 89 0 | 5696/5696 | 0/0 | 0
  3: 5696 0 | 0/2704/2928 | 64 0 | 2048/2048 | 0/0 | 0
  4: 2048 0 | 0/363/1613 | 72 0 | 1152/1152 | 0/0 | 0
  5: 1100 0 | 0/0/895 | 205 0 | 15336/15336 | 52/0 | 0
  6: 12139 678 | 0/0/4668 | 7454 0 | 347496/347496 | 2492/27 | 17
  7: 184034 34759 | 14146/0/149421 | 20256 0 | 1127336/1127336 | 126488/2215 | 211
  8: 360846 312377 | 32328/0/254998 | 71311 0 | 1981236/1981236 | 438899/15214 | 2209
  9: 457546 514200 | 93284/0/246293 | 107217 0 | 2081918/2081918 | 942930/66560 | 10752
  10: 683267 424048 | 88372/0/520545 | 67327 0 | 871762/871762 | 891429/83174 | 7023
  11: 181873 250696 | 28436/0/127218 | 24140 0 | 205836/205836 | 367815/71378 | 2079
  12: 13402 81003 | 7386/0/5198 | 0 617 | 0/0 | 83044/28387 | 201
  memo entries: 1716034

  root 196 (84,10,140) deep(16) ok [25.8s; 1918463 tasks, 1617761 skipped] 197/211 ok=197 fail=0 (3469s)
  depth: run skipped | leaf flat/strassen/koszul | expanded failed | folds kept/total | memo hits T/F | ub-fail
  0: 0 0 | 0/0/0 | 0 0 | 200/256 | 0/0 | 0
  1: 200 0 | 0/0/0 | 200 0 | 25600/25600 | 0/0 | 0
  2: 25600 0 | 0/0/25439 | 161 0 | 10304/10304 | 0/0 | 0
  3: 10304 0 | 0/5549/4666 | 89 0 | 2848/2848 | 0/0 | 0
  4: 2814 0 | 0/725/1958 | 131 0 | 2096/2096 | 34/0 | 0
  5: 1835 0 | 0/0/1502 | 333 0 | 24040/24040 | 261/0 | 0
  6: 20196 1046 | 0/0/7948 | 12230 0 | 552304/552304 | 2754/44 | 18
  7: 285884 60763 | 24133/0/231998 | 29399 0 | 1728766/1728766 | 201971/3686 | 354
  8: 364262 475807 | 88424/0/186194 | 86717 0 | 2303430/2303430 | 863595/25102 | 2927
  9: 499482 595341 | 117702/0/280500 | 89939 0 | 1408552/1408552 | 1127115/81492 | 11341
  10: 342258 426741 | 102429/0/182601 | 51027 0 | 621448/621448 | 569123/70430 | 6201
  11: 100698 205358 | 21985/0/59522 | 17363 0 | 143578/143578 | 258869/56523 | 1828
  12: 8583 58624 | 3628/0/4214 | 0 552 | 0/0 | 56323/20048 | 189
  memo entries: 1455004

  root 197 (84,10,142) deep(16) ok [32.5s; 1662116 tasks, 1823680 skipped] 198/211 ok=198 fail=0 (3501s)
pool stats at 60s (memo entries 7248933):
  depth: run skipped | leaf flat/strassen/koszul | expanded failed | folds kept/total | memo hits T/F | ub-fail
  0: 0 0 | 0/0/0 | 0 0 | 72/256 | 0/0 | 0
  1: 32 0 | 0/0/0 | 32 0 | 4096/4096 | 0/0 | 0
  2: 3160 0 | 0/0/3119 | 41 0 | 2624/2624 | 0/0 | 0
  3: 2211 0 | 0/766/1411 | 34 0 | 1088/1088 | 341/0 | 0
  4: 877 0 | 0/324/533 | 20 0 | 832/832 | 162/0 | 0
  5: 499 12 | 0/0/114 | 385 0 | 16040/16040 | 53/0 | 0
  6: 14038 556 | 0/0/9900 | 4124 0 | 249956/249956 | 1114/22 | 14
  7: 163537 11902 | 6834/0/121890 | 34688 0 | 2722740/2722740 | 74008/312 | 125
  8: 1399106 307214 | 14666/0/1156452 | 225964 0 | 5298638/5298638 | 996013/19332 | 2024
  9: 2377916 955154 | 69043/0/1676839 | 619472 0 | 15332982/15332982 | 1883370/81582 | 12550
  10: 3417006 1764672 | 168556/0/3010787 | 225238 0 | 2942798/2942798 | 9636718/514506 | 12425
  11: 393801 727384 | 56610/0/297493 | 36532 0 | 308614/308614 | 1614402/207194 | 3166
  12: 14863 123234 | 8793/0/5213 | 0 638 | 0/0 | 130047/40470 | 219

  depth: run skipped | leaf flat/strassen/koszul | expanded failed | folds kept/total | memo hits T/F | ub-fail
  0: 0 0 | 0/0/0 | 0 0 | 72/256 | 0/0 | 0
  1: 72 0 | 0/0/0 | 72 0 | 9216/9216 | 0/0 | 0
  2: 9216 0 | 0/0/9123 | 93 0 | 5952/5952 | 0/0 | 0
  3: 5568 0 | 0/2753/2740 | 75 0 | 2400/2400 | 384/0 | 0
  4: 2133 0 | 0/946/1134 | 53 0 | 1360/1360 | 267/0 | 0
  5: 1040 25 | 0/0/262 | 778 0 | 27920/27920 | 295/0 | 0
  6: 22833 936 | 0/0/16172 | 6640 0 | 415316/415316 | 4111/40 | 21
  7: 243161 20885 | 10272/0/189306 | 43411 0 | 3492386/3492386 | 150621/649 | 172
  8: 1673537 431535 | 16587/0/1412063 | 242448 0 | 5980808/5980808 | 1359822/27492 | 2439
  9: 2586369 1166555 | 85935/0/1763814 | 722043 0 | 17885192/17885192 | 2129420/98464 | 14577
  10: 3711905 2015257 | 178921/0/3271983 | 247967 0 | 3228948/3228948 | 11556596/601434 | 13034
  11: 416260 785624 | 58711/0/316545 | 37781 0 | 318360/318360 | 1800008/227056 | 3223
  12: 15242 127110 | 9083/0/5295 | 0 643 | 0/0 | 134306/41702 | 221
  memo entries: 8065237

  root 198 (84,84,1) deep(16) ok [74.4s; 8687336 tasks, 4547927 skipped] 199/211 ok=199 fail=0 (3576s)
  depth: run skipped | leaf flat/strassen/koszul | expanded failed | folds kept/total | memo hits T/F | ub-fail
  0: 0 0 | 0/0/0 | 0 0 | 52/256 | 0/0 | 0
  1: 52 0 | 0/0/0 | 52 0 | 6656/6656 | 0/0 | 0
  2: 6656 0 | 0/0/6581 | 75 0 | 4800/4800 | 0/0 | 0
  3: 4313 0 | 0/2204/2043 | 66 0 | 2112/2112 | 487/0 | 0
  4: 2035 0 | 0/629/1330 | 76 0 | 1216/1216 | 77/0 | 0
  5: 789 0 | 0/0/542 | 247 0 | 16792/16792 | 427/0 | 0
  6: 9242 596 | 0/0/5423 | 3792 0 | 301548/301548 | 6929/25 | 27
  7: 219310 17226 | 5917/0/167968 | 45245 0 | 3319294/3319294 | 64626/386 | 180
  8: 1450045 297321 | 18268/0/1273953 | 155701 0 | 4727976/4727976 | 1544910/27018 | 2123
  9: 1798803 747093 | 78069/0/1134671 | 576143 0 | 14578328/14578328 | 2095682/86398 | 9920
  10: 2965412 1166851 | 121171/0/2644267 | 190911 0 | 2463722/2463722 | 9973992/472073 | 9063
  11: 337397 501540 | 46376/0/258193 | 30239 0 | 255548/255548 | 1465061/159724 | 2589
  12: 13586 99475 | 8129/0/4693 | 0 568 | 0/0 | 109786/32701 | 196
  memo entries: 6234134

  root 199 (84,84,2) deep(16) ok [59.8s; 6807640 tasks, 2830102 skipped] 200/211 ok=200 fail=0 (3635s)
  depth: run skipped | leaf flat/strassen/koszul | expanded failed | folds kept/total | memo hits T/F | ub-fail
  0: 0 0 | 0/0/0 | 0 0 | 200/256 | 0/0 | 0
  1: 200 0 | 0/0/0 | 200 0 | 25600/25600 | 0/0 | 0
  2: 25600 0 | 0/0/25450 | 150 0 | 9600/9600 | 0/0 | 0
  3: 9149 0 | 0/4486/4592 | 71 0 | 2272/2272 | 451/0 | 0
  4: 2153 0 | 0/365/1667 | 121 0 | 1936/1936 | 119/0 | 0
  5: 1580 0 | 0/0/1360 | 220 0 | 15264/15264 | 356/0 | 0
  6: 12541 736 | 0/0/5332 | 7208 0 | 341636/341636 | 1937/50 | 1
  7: 192502 54243 | 22172/0/140520 | 29478 0 | 1903508/1903508 | 92823/2068 | 332
  8: 885678 295269 | 41104/0/693405 | 148030 0 | 3719284/3719284 | 702104/20457 | 3139
  9: 1360576 632214 | 99792/0/998273 | 249186 0 | 5560856/5560856 | 1651705/74789 | 13325
  10: 2089848 799441 | 153019/0/1779929 | 145631 0 | 1992294/1992294 | 2479896/191671 | 11269
  11: 342715 501917 | 59390/0/246294 | 33940 0 | 293684/293684 | 992601/155061 | 3091
  12: 14881 113293 | 8101/0/5937 | 0 629 | 0/0 | 125826/39684 | 214
  memo entries: 4491351

  root 200 (84,84,10) deep(16) ok [47.6s; 4937423 tasks, 2397113 skipped] 201/211 ok=201 fail=0 (3683s)
  depth: run skipped | leaf flat/strassen/koszul | expanded failed | folds kept/total | memo hits T/F | ub-fail
  0: 0 0 | 0/0/0 | 0 0 | 128/256 | 0/0 | 0
  1: 128 0 | 0/0/0 | 128 0 | 16384/16384 | 0/0 | 0
  2: 16384 0 | 0/0/16304 | 80 0 | 5120/5120 | 0/0 | 0
  3: 4746 0 | 0/2576/2135 | 35 0 | 1120/1120 | 374/0 | 0
  4: 1111 0 | 0/133/896 | 82 0 | 1312/1312 | 9/0 | 0
  5: 1230 0 | 0/0/1063 | 167 0 | 12216/12216 | 82/0 | 0
  6: 9909 633 | 0/0/4149 | 5759 0 | 274308/274308 | 1643/31 | 1
  7: 132012 50666 | 22102/0/88278 | 21288 0 | 1256768/1256768 | 89818/1812 | 344
  8: 571042 213312 | 37873/0/426585 | 103660 0 | 2656000/2656000 | 456741/15673 | 2924
  9: 985037 454162 | 83260/0/706759 | 183353 0 | 3829904/3829904 | 1156323/60478 | 11665
  10: 1499794 533435 | 125029/0/1255352 | 109664 0 | 1468590/1468590 | 1661255/135420 | 9749
  11: 279032 375099 | 50196/0/196746 | 29197 0 | 252332/252332 | 701267/113192 | 2893
  12: 13271 97592 | 7019/0/5405 | 0 628 | 0/0 | 107009/34460 | 219
  memo entries: 3187428

  root 201 (84,84,11) deep(16) ok [31.4s; 3513696 tasks, 1724899 skipped] 202/211 ok=202 fail=0 (3715s)
  depth: run skipped | leaf flat/strassen/koszul | expanded failed | folds kept/total | memo hits T/F | ub-fail
  0: 0 0 | 0/0/0 | 0 0 | 96/256 | 0/0 | 0
  1: 96 0 | 0/0/0 | 96 0 | 12288/12288 | 0/0 | 0
  2: 12288 0 | 0/0/12265 | 23 0 | 1472/1472 | 0/0 | 0
  3: 1472 0 | 0/800/641 | 31 0 | 992/992 | 0/0 | 0
  4: 992 0 | 0/351/616 | 25 0 | 400/400 | 0/0 | 0
  5: 398 0 | 0/0/263 | 135 0 | 5112/5112 | 2/0 | 0
  6: 3662 35 | 0/0/1731 | 1931 0 | 98516/98516 | 1409/6 | 0
  7: 54449 6972 | 1360/0/45366 | 7659 0 | 495618/495618 | 36904/191 | 64
  8: 241297 62337 | 2127/0/190216 | 47934 0 | 1284450/1284450 | 186651/5333 | 1020
  9: 531626 150787 | 38980/0/323037 | 165540 0 | 4374840/4374840 | 576097/25940 | 4069
  10: 923644 249259 | 46808/0/829234 | 43889 0 | 599046/599046 | 3059730/142207 | 3713
  11: 110036 107325 | 18053/0/78374 | 12193 0 | 98658/98658 | 342109/39576 | 1416
  12: 7291 39515 | 4064/0/2566 | 0 494 | 0/0 | 38909/12943 | 167
  memo entries: 1747926

  root 202 (84,84,12) deep(16) ok [20.7s; 1887251 tasks, 616230 skipped] 203/211 ok=203 fail=0 (3735s)
  depth: run skipped | leaf flat/strassen/koszul | expanded failed | folds kept/total | memo hits T/F | ub-fail
  0: 0 0 | 0/0/0 | 0 0 | 128/256 | 0/0 | 0
  1: 128 0 | 0/0/0 | 128 0 | 16384/16384 | 0/0 | 0
  2: 16384 0 | 0/0/16329 | 55 0 | 3520/3520 | 0/0 | 0
  3: 3456 0 | 0/1905/1508 | 43 0 | 1376/1376 | 64/0 | 0
  4: 1311 0 | 0/373/880 | 58 0 | 928/928 | 65/0 | 0
  5: 895 0 | 0/0/688 | 207 0 | 8152/8152 | 33/0 | 0
  6: 5377 170 | 0/0/2697 | 2678 0 | 137712/137712 | 2585/20 | 2
  7: 70519 20161 | 6181/0/53186 | 10959 0 | 609580/609580 | 46452/580 | 193
  8: 271151 97914 | 8803/0/184744 | 76123 0 | 1847522/1847522 | 231513/9002 | 1481
  9: 737664 227438 | 47922/0/488975 | 194717 0 | 5071604/5071604 | 844481/37939 | 6050
  10: 1192828 364381 | 70469/0/1052566 | 63940 0 | 878854/878854 | 3343331/171064 | 5853
  11: 177127 185324 | 28094/0/127007 | 20100 0 | 170510/170510 | 454897/61506 | 1926
  12: 10957 66848 | 6058/0/4120 | 0 577 | 0/0 | 70005/22700 | 202
  memo entries: 2312537

  root 203 (84,84,13) deep(16) ok [26.4s; 2487797 tasks, 962236 skipped] 204/211 ok=204 fail=0 (3762s)
  depth: run skipped | leaf flat/strassen/koszul | expanded failed | folds kept/total | memo hits T/F | ub-fail
  0: 0 0 | 0/0/0 | 0 0 | 72/256 | 0/0 | 0
  1: 72 0 | 0/0/0 | 72 0 | 9216/9216 | 0/0 | 0
  2: 9216 0 | 0/0/9161 | 55 0 | 3520/3520 | 0/0 | 0
  3: 3268 0 | 0/1790/1454 | 24 0 | 768/768 | 252/0 | 0
  4: 736 0 | 0/66/611 | 59 0 | 944/944 | 32/0 | 0
  5: 896 0 | 0/0/756 | 140 0 | 9312/9312 | 48/0 | 0
  6: 7195 411 | 0/0/3096 | 4093 0 | 166136/166136 | 1673/33 | 6
  7: 78806 31642 | 16975/0/46771 | 14806 0 | 1119902/1119902 | 54798/890 | 254
  8: 619771 136481 | 29877/0/525185 | 62140 0 | 1581004/1581004 | 351416/12234 | 2569
  9: 546233 339352 | 61993/0/372202 | 102363 0 | 1721170/1721170 | 654152/41267 | 9675
  10: 628911 339597 | 83438/0/474581 | 63572 0 | 807020/807020 | 685765/66897 | 7320
  11: 161857 230927 | 32069/0/106342 | 21153 0 | 183636/183636 | 349932/64304 | 2293
  12: 11279 71545 | 5439/0/5014 | 0 611 | 0/0 | 75444/25368 | 215
  memo entries: 1876007

  root 204 (84,84,17) deep(16) ok [21.3s; 2068240 tasks, 1149955 skipped] 205/211 ok=205 fail=0 (3783s)
  depth: run skipped | leaf flat/strassen/koszul | expanded failed | folds kept/total | memo hits T/F | ub-fail
  0: 0 0 | 0/0/0 | 0 0 | 84/256 | 0/0 | 0
  1: 84 0 | 0/0/0 | 84 0 | 10752/10752 | 0/0 | 0
  2: 10752 0 | 0/0/10679 | 73 0 | 4672/4672 | 0/0 | 0
  3: 4671 0 | 0/2225/2393 | 53 0 | 1696/1696 | 1/0 | 0
  4: 1660 0 | 0/327/1190 | 143 0 | 2288/2288 | 36/0 | 0
  5: 2200 0 | 0/0/1902 | 298 0 | 20240/20240 | 88/0 | 0
  6: 17360 1150 | 0/0/6283 | 11075 0 | 580684/580684 | 1676/54 | 2
  7: 262281 83873 | 28854/0/211968 | 21120 0 | 1153814/1153814 | 229593/4937 | 339
  8: 302012 366719 | 105199/0/94609 | 99552 0 | 2402994/2402994 | 463944/21139 | 2652
  9: 715568 475495 | 97261/0/498632 | 109951 0 | 2134478/2134478 | 1141962/69969 | 9724
  10: 764745 487174 | 118019/0/564615 | 73476 0 | 972398/972398 | 793111/89448 | 8635
  11: 200629 292659 | 33540/0/138326 | 26187 0 | 226664/226664 | 396474/82636 | 2576
  12: 12981 89829 | 6479/0/5681 | 0 608 | 0/0 | 92673/31181 | 213
  memo entries: 2110836

  root 205 (84,84,84) deep(16) ok [25.9s; 2294943 tasks, 1796899 skipped] 206/211 ok=206 fail=0 (3809s)
  depth: run skipped | leaf flat/strassen/koszul | expanded failed | folds kept/total | memo hits T/F | ub-fail
  0: 0 0 | 0/0/0 | 0 0 | 152/256 | 0/0 | 0
  1: 152 0 | 0/0/0 | 152 0 | 19456/19456 | 0/0 | 0
  2: 19456 0 | 0/0/19399 | 57 0 | 3648/3648 | 0/0 | 0
  3: 3647 0 | 0/2167/1418 | 62 0 | 1984/1984 | 1/0 | 0
  4: 1948 0 | 0/588/1259 | 101 0 | 1616/1616 | 36/0 | 0
  5: 1599 0 | 0/0/1327 | 272 0 | 13568/13568 | 17/0 | 0
  6: 11089 574 | 0/0/3875 | 7213 0 | 355344/355344 | 1878/27 | 1
  7: 203281 51094 | 20682/0/164490 | 17808 0 | 1030464/1030464 | 98916/2053 | 301
  8: 327877 325865 | 82615/0/145668 | 97039 0 | 2326490/2326490 | 359132/17590 | 2555
  9: 707954 446264 | 93219/0/502038 | 103352 0 | 2025608/2025608 | 1105153/67119 | 9345
  10: 729102 461330 | 113432/0/537197 | 70079 0 | 930686/930686 | 751272/83904 | 8394
  11: 193815 283299 | 32386/0/133466 | 25496 0 | 221576/221576 | 374412/79160 | 2467
  12: 12790 87922 | 6275/0/5703 | 0 604 | 0/0 | 90350/30514 | 208
  memo entries: 2039254

  root 206 (84,84,85) deep(16) ok [28.4s; 2212710 tasks, 1656348 skipped] 207/211 ok=207 fail=0 (3837s)
  depth: run skipped | leaf flat/strassen/koszul | expanded failed | folds kept/total | memo hits T/F | ub-fail
  0: 0 0 | 0/0/0 | 0 0 | 128/256 | 0/0 | 0
  1: 128 0 | 0/0/0 | 128 0 | 16384/16384 | 0/0 | 0
  2: 16384 0 | 0/0/16335 | 49 0 | 3136/3136 | 0/0 | 0
  3: 3135 0 | 0/1466/1627 | 42 0 | 1344/1344 | 1/0 | 0
  4: 1309 0 | 0/270/934 | 105 0 | 1680/1680 | 35/0 | 0
  5: 1629 0 | 0/0/1403 | 226 0 | 13904/13904 | 51/0 | 0
  6: 12143 669 | 0/0/4241 | 7901 0 | 379484/379484 | 1057/35 | 1
  7: 203232 56573 | 20250/0/166173 | 16520 0 | 961578/961578 | 116683/2996 | 289
  8: 249490 300343 | 93986/0/95099 | 58261 0 | 1562022/1562022 | 393962/17783 | 2144
  9: 349489 358368 | 76624/0/203047 | 62419 0 | 988680/988680 | 796794/57371 | 7399
  10: 233065 295101 | 72323/0/120031 | 36133 0 | 432798/432798 | 410192/50322 | 4578
  11: 65675 150491 | 13882/0/37106 | 13244 0 | 105122/105122 | 175664/40968 | 1443
  12: 5461 44465 | 1729/0/3075 | 0 487 | 0/0 | 40356/14840 | 170
  memo entries: 1025303

  root 207 (84,84,86) deep(16) ok [21.2s; 1141140 tasks, 1206010 skipped] 208/211 ok=208 fail=0 (3858s)
  depth: run skipped | leaf flat/strassen/koszul | expanded failed | folds kept/total | memo hits T/F | ub-fail
  0: 0 0 | 0/0/0 | 0 0 | 76/256 | 0/0 | 0
  1: 76 0 | 0/0/0 | 76 0 | 9728/9728 | 0/0 | 0
  2: 9728 0 | 0/0/9705 | 23 0 | 1472/1472 | 0/0 | 0
  3: 1472 0 | 0/614/827 | 31 0 | 992/992 | 0/0 | 0
  4: 992 0 | 0/385/551 | 56 0 | 896/896 | 0/0 | 0
  5: 896 0 | 0/0/699 | 197 0 | 8776/8776 | 0/0 | 0
  6: 7050 349 | 0/0/2370 | 4679 0 | 210132/210132 | 1368/9 | 1
  7: 128839 32449 | 10456/0/107034 | 11157 0 | 695182/695182 | 47984/860 | 192
  8: 249883 226417 | 40781/0/150619 | 56816 0 | 1546968/1546968 | 208052/10830 | 1667
  9: 473756 308404 | 62630/0/333338 | 70783 0 | 1296628/1296628 | 717163/47645 | 7005
  10: 433608 311967 | 72749/0/309514 | 45275 0 | 583388/583388 | 495824/55229 | 6070
  11: 121173 186062 | 22559/0/78049 | 18585 0 | 155246/155246 | 224991/51162 | 1980
  12: 9482 63646 | 4303/0/4398 | 0 579 | 0/0 | 60731/21387 | 202
  memo entries: 1306547

  root 208 (84,84,94) deep(16) ok [17.8s; 1436955 tasks, 1129294 skipped] 209/211 ok=209 fail=0 (3876s)
  depth: run skipped | leaf flat/strassen/koszul | expanded failed | folds kept/total | memo hits T/F | ub-fail
  0: 0 0 | 0/0/0 | 0 0 | 76/256 | 0/0 | 0
  1: 76 0 | 0/0/0 | 76 0 | 9728/9728 | 0/0 | 0
  2: 9728 0 | 0/0/9705 | 23 0 | 1472/1472 | 0/0 | 0
  3: 1472 0 | 0/654/783 | 35 0 | 1120/1120 | 0/0 | 0
  4: 1120 0 | 0/422/642 | 56 0 | 896/896 | 0/0 | 0
  5: 892 0 | 0/0/699 | 193 0 | 7432/7432 | 4/0 | 0
  6: 6342 277 | 0/0/2263 | 4079 0 | 214924/214924 | 802/11 | 0
  7: 106317 26021 | 10213/0/84187 | 11706 0 | 750786/750786 | 81155/1431 | 211
  8: 267825 151252 | 66384/0/147537 | 52191 0 | 1432622/1432622 | 319954/11755 | 1713
  9: 400441 254360 | 59598/0/288264 | 46399 0 | 860328/860328 | 736554/41267 | 6180
  10: 293193 225950 | 53988/0/202538 | 31940 0 | 407272/407272 | 306724/34461 | 4727
  11: 91834 133310 | 17509/0/58404 | 14261 0 | 122228/122228 | 148492/33636 | 1660
  12: 8268 50178 | 3706/0/3835 | 0 543 | 0/0 | 46753/17029 | 184
  memo entries: 1073609

  root 209 (84,84,95) deep(16) ok [15.7s; 1187508 tasks, 841348 skipped] 210/211 ok=210 fail=0 (3892s)
  depth: run skipped | leaf flat/strassen/koszul | expanded failed | folds kept/total | memo hits T/F | ub-fail
  0: 0 0 | 0/0/0 | 0 0 | 12/256 | 0/0 | 0
  1: 12 0 | 0/0/0 | 12 0 | 1536/1536 | 0/0 | 0
  2: 1536 0 | 0/0/1532 | 4 0 | 256/256 | 0/0 | 0
  3: 256 0 | 0/68/179 | 9 0 | 288/288 | 0/0 | 0
  4: 288 0 | 0/13/267 | 8 0 | 128/128 | 0/0 | 0
  5: 126 0 | 0/0/125 | 1 0 | 40/40 | 2/0 | 0
  6: 33 7 | 0/0/0 | 32 0 | 832/832 | 0/0 | 1
  7: 446 80 | 117/0/0 | 324 0 | 13872/13872 | 302/4 | 5
  8: 7109 2423 | 0/0/4056 | 2991 0 | 43912/43912 | 4196/144 | 62
  9: 11222 10293 | 866/0/8419 | 1771 0 | 29132/29132 | 21463/934 | 166
  10: 9397 7289 | 1567/0/5989 | 1659 0 | 15600/15600 | 11268/1178 | 182
  11: 3652 4703 | 1073/0/1865 | 550 0 | 4288/4288 | 6390/855 | 164
  12: 835 1698 | 347/0/335 | 0 104 | 0/0 | 1358/397 | 49
  memo entries: 30445

  root 210 (84,84,273) deep(16) ok [1.0s; 34912 tasks, 26493 skipped] 211/211 ok=211 fail=0 (3893s)
deep-probe t=16 (pool): ok 211 fail 0 of 211 (3893s)
exit 0
