c parsed 33426 variables, 131949 clauses
c hydra_satsuma: structure analysis (xor stage)…
c hydra_satsuma: xor stage: 16767 XOR(s), 729 var(s) GE-forced; residual 129762 clauses (1241.6ms)
c hydra_satsuma: GE-simplified residual -> satsuma-iter+kissat (docker) budget=21597s
c hydra_satsuma: satsuma-iter+kissat time 6s / budget 21597s
c hydra_satsuma: satsuma-iter+kissat time 11s / budget 21597s
c hydra_satsuma: satsuma-iter+kissat time 16s / budget 21597s
c hydra_satsuma: satsuma-iter+kissat time 21s / budget 21597s
c hydra_satsuma: satsuma-iter+kissat time 26s / budget 21597s
c hydra_satsuma: satsuma-iter+kissat time 31s / budget 21597s
c hydra_satsuma: satsuma-iter+kissat time 36s / budget 21597s
c hydra_satsuma: satsuma-iter+kissat time 41s / budget 21597s
c hydra_satsuma: satsuma-iter+kissat time 47s / budget 21597s
c hydra_satsuma: satsuma-iter+kissat time 52s / budget 21597s
c hydra_satsuma: satsuma-iter+kissat time 57s / budget 21597s
c hydra_satsuma: satsuma-iter+kissat time 62s / budget 21597s
c hydra_satsuma: satsuma-iter+kissat time 67s / budget 21597s
c hydra_satsuma: satsuma-iter+kissat time 72s / budget 21597s
c hydra_satsuma: satsuma-iter+kissat time 77s / budget 21597s
c hydra_satsuma: satsuma-iter+kissat time 82s / budget 21597s
c hydra_satsuma: satsuma-iter+kissat time 87s / budget 21597s
c hydra_satsuma: satsuma-iter+kissat time 92s / budget 21597s
c hydra_satsuma: satsuma-iter+kissat time 97s / budget 21597s
c hydra_satsuma: satsuma-iter+kissat time 102s / budget 21597s
c hydra_satsuma: satsuma-iter+kissat time 107s / budget 21597s
c hydra_satsuma: satsuma-iter+kissat time 113s / budget 21597s
c hydra_satsuma: satsuma-iter+kissat time 118s / budget 21597s
c hydra_satsuma: satsuma-iter+kissat time 123s / budget 21597s
c hydra_satsuma: satsuma-iter+kissat time 128s / budget 21597s
c hydra_satsuma: satsuma-iter+kissat time 133s / budget 21597s
c hydra_satsuma: satsuma-iter+kissat time 138s / budget 21597s
c hydra_satsuma: satsuma-iter+kissat time 143s / budget 21597s
c hydra_satsuma: satsuma-iter+kissat time 148s / budget 21597s
c hydra_satsuma: satsuma-iter+kissat time 153s / budget 21597s
c hydra_satsuma: satsuma-iter+kissat time 158s / budget 21597s
c hydra_satsuma: satsuma-iter+kissat time 163s / budget 21597s
c hydra_satsuma: satsuma-iter+kissat time 168s / budget 21597s
c hydra_satsuma: satsuma-iter+kissat time 174s / budget 21597s
c hydra_satsuma: satsuma-iter+kissat time 179s / budget 21597s
c hydra_satsuma: satsuma-iter+kissat time 184s / budget 21597s
c hydra_satsuma: satsuma-iter+kissat time 189s / budget 21597s
c hydra_satsuma: satsuma-iter+kissat time 194s / budget 21597s
c hydra_satsuma: satsuma-iter+kissat time 199s / budget 21597s
c hydra_satsuma: satsuma-iter+kissat time 204s / budget 21597s
c hydra_satsuma: satsuma-iter+kissat time 209s / budget 21597s
c hydra_satsuma: satsuma-iter+kissat time 214s / budget 21597s
c hydra_satsuma: satsuma-iter+kissat time 219s / budget 21597s
c hydra_satsuma: satsuma-iter+kissat time 224s / budget 21597s
c hydra_satsuma: satsuma-iter+kissat time 229s / budget 21597s
c hydra_satsuma: satsuma-iter+kissat time 234s / budget 21597s
c hydra_satsuma: satsuma-iter+kissat time 240s / budget 21597s
c hydra_satsuma: satsuma-iter+kissat time 245s / budget 21597s
c hydra_satsuma: satsuma-iter+kissat time 250s / budget 21597s
c hydra_satsuma: satsuma-iter+kissat time 255s / budget 21597s
c hydra_satsuma: satsuma-iter+kissat time 260s / budget 21597s
c hydra_satsuma: satsuma-iter+kissat time 265s / budget 21597s
c hydra_satsuma: satsuma-iter+kissat time 270s / budget 21597s
c hydra_satsuma: satsuma-iter+kissat time 275s / budget 21597s
c hydra_satsuma: satsuma-iter+kissat time 280s / budget 21597s
c hydra_satsuma: satsuma-iter+kissat time 285s / budget 21597s
c hydra_satsuma: satsuma-iter+kissat time 290s / budget 21597s
c hydra_satsuma: satsuma-iter+kissat time 296s / budget 21597s
c hydra_satsuma: satsuma-iter+kissat time 301s / budget 21597s
c hydra_satsuma: satsuma-iter+kissat time 306s / budget 21597s
c hydra_satsuma: satsuma-iter+kissat time 311s / budget 21597s
c hydra_satsuma: satsuma-iter+kissat time 316s / budget 21597s
c hydra_satsuma: satsuma-iter+kissat time 321s / budget 21597s
c hydra_satsuma: satsuma-iter+kissat time 326s / budget 21597s
c hydra_satsuma: satsuma-iter+kissat time 331s / budget 21597s
c hydra_satsuma: satsuma-iter+kissat time 336s / budget 21597s
c hydra_satsuma: satsuma-iter+kissat time 341s / budget 21597s
c hydra_satsuma: satsuma-iter+kissat time 346s / budget 21597s
c hydra_satsuma: satsuma-iter+kissat time 351s / budget 21597s
c hydra_satsuma: satsuma-iter+kissat time 357s / budget 21597s
c hydra_satsuma: satsuma-iter+kissat time 362s / budget 21597s
c hydra_satsuma: satsuma-iter+kissat time 367s / budget 21597s
c hydra_satsuma: satsuma-iter+kissat time 372s / budget 21597s
c hydra_satsuma: satsuma-iter+kissat time 377s / budget 21597s
c hydra_satsuma: satsuma-iter+kissat time 382s / budget 21597s
c hydra_satsuma: satsuma-iter+kissat time 387s / budget 21597s
c hydra_satsuma: satsuma-iter+kissat time 392s / budget 21597s
c hydra_satsuma: satsuma-iter+kissat time 397s / budget 21597s
c hydra_satsuma: satsuma-iter+kissat time 402s / budget 21597s
c hydra_satsuma: satsuma-iter+kissat time 407s / budget 21597s
c hydra_satsuma: satsuma-iter+kissat time 412s / budget 21597s
c hydra_satsuma: satsuma-iter+kissat time 417s / budget 21597s
c hydra_satsuma: satsuma-iter+kissat time 423s / budget 21597s
c hydra_satsuma: satsuma-iter+kissat time 428s / budget 21597s
c hydra_satsuma: satsuma-iter+kissat time 433s / budget 21597s
c hydra_satsuma: satsuma-iter+kissat time 438s / budget 21597s
c hydra_satsuma: satsuma-iter+kissat time 443s / budget 21597s
c hydra_satsuma: satsuma-iter+kissat time 448s / budget 21597s
c hydra_satsuma: satsuma-iter+kissat time 453s / budget 21597s
c hydra_satsuma: satsuma-iter+kissat time 458s / budget 21597s
c hydra_satsuma: satsuma-iter+kissat time 463s / budget 21597s
c hydra_satsuma: satsuma-iter+kissat time 468s / budget 21597s
c hydra_satsuma: satsuma-iter+kissat time 473s / budget 21597s
c hydra_satsuma: satsuma-iter+kissat time 478s / budget 21597s
c hydra_satsuma: satsuma-iter+kissat time 484s / budget 21597s
c hydra_satsuma: satsuma-iter+kissat time 489s / budget 21597s
c hydra_satsuma: satsuma-iter+kissat time 494s / budget 21597s
c hydra_satsuma: satsuma-iter+kissat time 499s / budget 21597s
c hydra_satsuma: satsuma-iter+kissat time 504s / budget 21597s
c hydra_satsuma: satsuma-iter+kissat time 509s / budget 21597s
c hydra_satsuma: satsuma-iter+kissat time 514s / budget 21597s
c hydra_satsuma: satsuma-iter+kissat time 519s / budget 21597s
c hydra_satsuma: satsuma-iter+kissat time 524s / budget 21597s
c hydra_satsuma: satsuma-iter+kissat time 529s / budget 21597s
c hydra_satsuma: satsuma-iter+kissat time 534s / budget 21597s
c hydra_satsuma: satsuma-iter+kissat time 539s / budget 21597s
c hydra_satsuma: satsuma-iter+kissat time 545s / budget 21597s
c hydra_satsuma: satsuma-iter+kissat time 550s / budget 21597s
c hydra_satsuma: satsuma-iter+kissat time 555s / budget 21597s
c hydra_satsuma: satsuma-iter+kissat time 560s / budget 21597s
c hydra_satsuma: satsuma-iter+kissat time 565s / budget 21597s
c hydra_satsuma: satsuma-iter+kissat time 570s / budget 21597s
c hydra_satsuma: satsuma-iter+kissat time 575s / budget 21597s
c hydra_satsuma: satsuma-iter+kissat time 580s / budget 21597s
c hydra_satsuma: satsuma-iter+kissat time 585s / budget 21597s
c hydra_satsuma: satsuma-iter+kissat time 590s / budget 21597s
c hydra_satsuma: satsuma-iter+kissat time 595s / budget 21597s
c hydra_satsuma: satsuma-iter+kissat time 600s / budget 21597s
c hydra_satsuma: satsuma-iter+kissat time 605s / budget 21597s
c hydra_satsuma: satsuma-iter+kissat time 611s / budget 21597s
c hydra_satsuma: satsuma-iter+kissat time 616s / budget 21597s
c hydra_satsuma: satsuma-iter+kissat time 621s / budget 21597s
c hydra_satsuma: satsuma-iter+kissat time 626s / budget 21597s
c hydra_satsuma: satsuma-iter+kissat time 631s / budget 21597s
c hydra_satsuma: satsuma-iter+kissat time 636s / budget 21597s
c hydra_satsuma: satsuma-iter+kissat time 641s / budget 21597s
c hydra_satsuma: satsuma-iter+kissat time 646s / budget 21597s
c hydra_satsuma: satsuma-iter+kissat time 651s / budget 21597s
c hydra_satsuma: satsuma-iter+kissat time 656s / budget 21597s
c hydra_satsuma: satsuma-iter+kissat time 661s / budget 21597s
c hydra_satsuma: satsuma-iter+kissat time 667s / budget 21597s
c hydra_satsuma: satsuma-iter+kissat time 672s / budget 21597s
c hydra_satsuma: satsuma-iter+kissat time 677s / budget 21597s
c hydra_satsuma: satsuma-iter+kissat time 682s / budget 21597s
c hydra_satsuma: satsuma-iter+kissat time 687s / budget 21597s
c hydra_satsuma: satsuma-iter+kissat time 692s / budget 21597s
c hydra_satsuma: satsuma-iter+kissat time 697s / budget 21597s
c hydra_satsuma: satsuma-iter+kissat time 702s / budget 21597s
c hydra_satsuma: satsuma-iter+kissat time 707s / budget 21597s
c hydra_satsuma: satsuma-iter+kissat time 712s / budget 21597s
c hydra_satsuma: satsuma-iter+kissat time 717s / budget 21597s
c hydra_satsuma: satsuma-iter+kissat time 722s / budget 21597s
c hydra_satsuma: satsuma-iter+kissat time 727s / budget 21597s
c hydra_satsuma: satsuma-iter+kissat time 733s / budget 21597s
c hydra_satsuma: satsuma-iter+kissat time 738s / budget 21597s
c hydra_satsuma: satsuma-iter+kissat time 743s / budget 21597s
c hydra_satsuma: satsuma-iter+kissat time 748s / budget 21597s
c hydra_satsuma: satsuma-iter+kissat time 753s / budget 21597s
c hydra_satsuma: satsuma-iter+kissat time 758s / budget 21597s
c hydra_satsuma: satsuma-iter+kissat time 763s / budget 21597s
c hydra_satsuma: satsuma-iter+kissat time 768s / budget 21597s
c hydra_satsuma: satsuma-iter+kissat time 773s / budget 21597s
c hydra_satsuma: satsuma-iter+kissat time 778s / budget 21597s
c hydra_satsuma: satsuma-iter+kissat time 783s / budget 21597s
c hydra_satsuma: satsuma-iter+kissat time 788s / budget 21597s
c hydra_satsuma: satsuma-iter+kissat time 794s / budget 21597s
c hydra_satsuma: satsuma-iter+kissat time 799s / budget 21597s
c hydra_satsuma: satsuma-iter+kissat time 804s / budget 21597s
c hydra_satsuma: satsuma-iter+kissat time 809s / budget 21597s
c hydra_satsuma: satsuma-iter+kissat time 814s / budget 21597s
c hydra_satsuma: satsuma-iter+kissat time 819s / budget 21597s
c hydra_satsuma: satsuma-iter+kissat time 824s / budget 21597s
c hydra_satsuma: satsuma-iter+kissat time 829s / budget 21597s
c hydra_satsuma: satsuma-iter+kissat time 834s / budget 21597s
c hydra_satsuma: satsuma-iter+kissat time 839s / budget 21597s
c hydra_satsuma: satsuma-iter+kissat time 844s / budget 21597s
c hydra_satsuma: satsuma-iter+kissat time 849s / budget 21597s
c hydra_satsuma: satsuma-iter+kissat time 855s / budget 21597s
c hydra_satsuma: satsuma-iter+kissat time 860s / budget 21597s
c hydra_satsuma: satsuma-iter+kissat time 865s / budget 21597s
c hydra_satsuma: satsuma-iter+kissat time 870s / budget 21597s
c hydra_satsuma: satsuma-iter+kissat time 875s / budget 21597s
c hydra_satsuma: satsuma-iter+kissat time 880s / budget 21597s
c hydra_satsuma: satsuma-iter+kissat time 885s / budget 21597s
c hydra_satsuma: satsuma-iter+kissat time 890s / budget 21597s
c hydra_satsuma: satsuma-iter+kissat time 895s / budget 21597s
c hydra_satsuma: satsuma-iter+kissat time 900s / budget 21597s
c hydra_satsuma: satsuma-iter+kissat time 905s / budget 21597s
c hydra_satsuma: satsuma-iter+kissat time 910s / budget 21597s
c hydra_satsuma: satsuma-iter+kissat time 916s / budget 21597s
c hydra_satsuma: satsuma-iter+kissat time 921s / budget 21597s
c hydra_satsuma: satsuma-iter+kissat time 926s / budget 21597s
c hydra_satsuma: satsuma-iter+kissat time 931s / budget 21597s
c hydra_satsuma: satsuma-iter+kissat time 936s / budget 21597s
c hydra_satsuma: satsuma-iter+kissat time 941s / budget 21597s
c hydra_satsuma: satsuma-iter+kissat time 946s / budget 21597s
c hydra_satsuma: satsuma-iter+kissat time 951s / budget 21597s
c hydra_satsuma: satsuma-iter+kissat time 956s / budget 21597s
c hydra_satsuma: satsuma-iter+kissat time 961s / budget 21597s
c hydra_satsuma: satsuma-iter+kissat time 966s / budget 21597s
c hydra_satsuma: satsuma-iter+kissat time 971s / budget 21597s
c hydra_satsuma: satsuma-iter+kissat time 977s / budget 21597s
c hydra_satsuma: satsuma-iter+kissat time 982s / budget 21597s
c hydra_satsuma: satsuma-iter+kissat time 987s / budget 21597s
c hydra_satsuma: satsuma-iter+kissat time 992s / budget 21597s
c hydra_satsuma: satsuma-iter+kissat time 997s / budget 21597s
c hydra_satsuma: satsuma-iter+kissat time 1002s / budget 21597s
c hydra_satsuma: satsuma-iter+kissat time 1007s / budget 21597s
c hydra_satsuma: satsuma-iter+kissat time 1012s / budget 21597s
c hydra_satsuma: satsuma-iter+kissat time 1017s / budget 21597s
c hydra_satsuma: satsuma-iter+kissat time 1022s / budget 21597s
c hydra_satsuma: satsuma-iter+kissat time 1027s / budget 21597s
c hydra_satsuma: satsuma-iter+kissat time 1032s / budget 21597s
c hydra_satsuma: satsuma-iter+kissat time 1037s / budget 21597s
c hydra_satsuma: satsuma-iter+kissat time 1043s / budget 21597s
c hydra_satsuma: satsuma-iter+kissat time 1048s / budget 21597s
c hydra_satsuma: satsuma-iter+kissat time 1053s / budget 21597s
c hydra_satsuma: satsuma-iter+kissat time 1058s / budget 21597s
c hydra_satsuma: satsuma-iter+kissat time 1063s / budget 21597s
c hydra_satsuma: satsuma-iter+kissat time 1068s / budget 21597s
c hydra_satsuma: satsuma-iter+kissat time 1073s / budget 21597s
c hydra_satsuma: satsuma-iter+kissat time 1078s / budget 21597s
c hydra_satsuma: satsuma-iter+kissat time 1083s / budget 21597s
c hydra_satsuma: satsuma-iter+kissat time 1088s / budget 21597s
c hydra_satsuma: satsuma-iter+kissat time 1093s / budget 21597s
c hydra_satsuma: satsuma-iter+kissat time 1098s / budget 21597s
c hydra_satsuma: satsuma-iter+kissat time 1104s / budget 21597s
c hydra_satsuma: satsuma-iter+kissat time 1109s / budget 21597s
c hydra_satsuma: satsuma-iter+kissat time 1114s / budget 21597s
c hydra_satsuma: satsuma-iter+kissat time 1119s / budget 21597s
c hydra_satsuma: satsuma-iter+kissat time 1124s / budget 21597s
c hydra_satsuma: satsuma-iter+kissat time 1129s / budget 21597s
c hydra_satsuma: satsuma-iter+kissat time 1134s / budget 21597s
c hydra_satsuma: satsuma-iter+kissat time 1139s / budget 21597s
c hydra_satsuma: satsuma-iter+kissat time 1144s / budget 21597s
c hydra_satsuma: satsuma-iter+kissat time 1149s / budget 21597s
c hydra_satsuma: satsuma-iter+kissat time 1154s / budget 21597s
c hydra_satsuma: satsuma-iter+kissat time 1159s / budget 21597s
c hydra_satsuma: satsuma-iter+kissat time 1165s / budget 21597s
c hydra_satsuma: satsuma-iter+kissat time 1170s / budget 21597s
c hydra_satsuma: satsuma-iter+kissat time 1175s / budget 21597s
c hydra_satsuma: satsuma-iter+kissat time 1180s / budget 21597s
c hydra_satsuma: satsuma-iter+kissat time 1185s / budget 21597s
c hydra_satsuma: satsuma-iter+kissat time 1190s / budget 21597s
c hydra_satsuma: satsuma-iter+kissat time 1195s / budget 21597s
c hydra_satsuma: satsuma-iter+kissat time 1200s / budget 21597s
c hydra_satsuma: satsuma-iter+kissat time 1205s / budget 21597s
c hydra_satsuma: satsuma-iter+kissat time 1210s / budget 21597s
c hydra_satsuma: satsuma-iter+kissat time 1215s / budget 21597s
c hydra_satsuma: satsuma-iter+kissat time 1220s / budget 21597s
c hydra_satsuma: satsuma-iter+kissat time 1225s / budget 21597s
c hydra_satsuma: satsuma-iter+kissat time 1231s / budget 21597s
c hydra_satsuma: satsuma-iter+kissat time 1236s / budget 21597s
c hydra_satsuma: satsuma-iter+kissat time 1241s / budget 21597s
c hydra_satsuma: satsuma-iter+kissat time 1246s / budget 21597s
c hydra_satsuma: satsuma-iter+kissat time 1251s / budget 21597s
c hydra_satsuma: satsuma-iter+kissat time 1256s / budget 21597s
c hydra_satsuma: satsuma-iter+kissat time 1261s / budget 21597s
c hydra_satsuma: satsuma-iter+kissat time 1266s / budget 21597s
c hydra_satsuma: satsuma-iter+kissat time 1271s / budget 21597s
c hydra_satsuma: satsuma-iter+kissat time 1276s / budget 21597s
c hydra_satsuma: satsuma-iter+kissat time 1281s / budget 21597s
c hydra_satsuma: satsuma-iter+kissat time 1287s / budget 21597s
c hydra_satsuma: satsuma-iter+kissat time 1292s / budget 21597s
c hydra_satsuma: satsuma-iter+kissat time 1297s / budget 21597s
c hydra_satsuma: satsuma-iter+kissat time 1302s / budget 21597s
c hydra_satsuma: satsuma-iter+kissat time 1307s / budget 21597s
c hydra_satsuma: satsuma-iter+kissat time 1312s / budget 21597s
c hydra_satsuma: satsuma-iter+kissat time 1317s / budget 21597s
c hydra_satsuma: satsuma-iter+kissat time 1322s / budget 21597s
c hydra_satsuma: satsuma-iter+kissat time 1327s / budget 21597s
c hydra_satsuma: satsuma-iter+kissat time 1332s / budget 21597s
c hydra_satsuma: satsuma-iter+kissat time 1337s / budget 21597s
c hydra_satsuma: satsuma-iter+kissat time 1342s / budget 21597s
c hydra_satsuma: satsuma-iter+kissat time 1347s / budget 21597s
c hydra_satsuma: satsuma-iter+kissat time 1353s / budget 21597s
c hydra_satsuma: satsuma-iter+kissat time 1358s / budget 21597s
c hydra_satsuma: satsuma-iter+kissat time 1363s / budget 21597s
c hydra_satsuma: satsuma-iter+kissat time 1368s / budget 21597s
c hydra_satsuma: satsuma-iter+kissat time 1373s / budget 21597s
c hydra_satsuma: satsuma-iter+kissat time 1378s / budget 21597s
c hydra_satsuma: satsuma-iter+kissat time 1383s / budget 21597s
c hydra_satsuma: satsuma-iter+kissat time 1388s / budget 21597s
c hydra_satsuma: satsuma-iter+kissat time 1393s / budget 21597s
c hydra_satsuma: satsuma-iter+kissat time 1398s / budget 21597s
c hydra_satsuma: satsuma-iter+kissat time 1403s / budget 21597s
c hydra_satsuma: satsuma-iter+kissat time 1408s / budget 21597s
c hydra_satsuma: satsuma-iter+kissat time 1414s / budget 21597s
c hydra_satsuma: satsuma-iter+kissat time 1419s / budget 21597s
c hydra_satsuma: satsuma-iter+kissat time 1424s / budget 21597s
c hydra_satsuma: satsuma-iter+kissat time 1429s / budget 21597s
c hydra_satsuma: satsuma-iter+kissat time 1434s / budget 21597s
c hydra_satsuma: satsuma-iter+kissat time 1439s / budget 21597s
c hydra_satsuma: satsuma-iter+kissat time 1444s / budget 21597s
c hydra_satsuma: satsuma-iter+kissat time 1449s / budget 21597s
c hydra_satsuma: satsuma-iter+kissat time 1454s / budget 21597s
c hydra_satsuma: satsuma-iter+kissat time 1459s / budget 21597s
c hydra_satsuma: satsuma-iter+kissat time 1464s / budget 21597s
c hydra_satsuma: satsuma-iter+kissat time 1469s / budget 21597s
c hydra_satsuma: satsuma-iter+kissat time 1474s / budget 21597s
c hydra_satsuma: satsuma-iter+kissat time 1479s / budget 21597s
c hydra_satsuma: satsuma-iter+kissat time 1485s / budget 21597s
c hydra_satsuma: satsuma-iter+kissat time 1490s / budget 21597s
c hydra_satsuma: satsuma-iter+kissat time 1495s / budget 21597s
c hydra_satsuma: satsuma-iter+kissat time 1500s / budget 21597s
c hydra_satsuma: satsuma-iter+kissat time 1505s / budget 21597s
c hydra_satsuma: satsuma-iter+kissat time 1510s / budget 21597s
c hydra_satsuma: satsuma-iter+kissat time 1515s / budget 21597s
c hydra_satsuma: satsuma-iter+kissat time 1520s / budget 21597s
c hydra_satsuma: satsuma-iter+kissat time 1525s / budget 21597s
c hydra_satsuma: satsuma-iter+kissat time 1530s / budget 21597s
c hydra_satsuma: satsuma-iter+kissat time 1535s / budget 21597s
c hydra_satsuma: satsuma-iter+kissat time 1540s / budget 21597s
c hydra_satsuma: satsuma-iter+kissat time 1546s / budget 21597s
c hydra_satsuma: satsuma-iter+kissat time 1551s / budget 21597s
c hydra_satsuma: satsuma-iter+kissat time 1556s / budget 21597s
c hydra_satsuma: satsuma-iter+kissat time 1561s / budget 21597s
c hydra_satsuma: satsuma-iter+kissat time 1566s / budget 21597s
c hydra_satsuma: satsuma-iter+kissat time 1571s / budget 21597s
c hydra_satsuma: satsuma-iter+kissat time 1576s / budget 21597s
c hydra_satsuma: satsuma-iter+kissat time 1581s / budget 21597s
c hydra_satsuma: satsuma-iter+kissat time 1586s / budget 21597s
c hydra_satsuma: satsuma-iter+kissat time 1591s / budget 21597s
c hydra_satsuma: satsuma-iter+kissat time 1596s / budget 21597s
c hydra_satsuma: satsuma-iter+kissat time 1601s / budget 21597s
c hydra_satsuma: satsuma-iter+kissat time 1606s / budget 21597s
c hydra_satsuma: satsuma-iter+kissat time 1612s / budget 21597s
c hydra_satsuma: satsuma-iter+kissat time 1617s / budget 21597s
c hydra_satsuma: satsuma-iter+kissat time 1622s / budget 21597s
c hydra_satsuma: satsuma-iter+kissat time 1627s / budget 21597s
c hydra_satsuma: satsuma-iter+kissat time 1632s / budget 21597s
c hydra_satsuma: satsuma-iter+kissat time 1637s / budget 21597s
c hydra_satsuma: satsuma-iter+kissat time 1642s / budget 21597s
c hydra_satsuma: satsuma-iter+kissat time 1647s / budget 21597s
c hydra_satsuma: satsuma-iter+kissat time 1652s / budget 21597s
c hydra_satsuma: satsuma-iter+kissat time 1657s / budget 21597s
c hydra_satsuma: satsuma-iter+kissat time 1662s / budget 21597s
c hydra_satsuma: satsuma-iter+kissat time 1667s / budget 21597s
c hydra_satsuma: satsuma-iter+kissat time 1672s / budget 21597s
c hydra_satsuma: satsuma-iter+kissat time 1677s / budget 21597s
c hydra_satsuma: satsuma-iter+kissat time 1683s / budget 21597s
c hydra_satsuma: satsuma-iter+kissat time 1688s / budget 21597s
c hydra_satsuma: satsuma-iter+kissat time 1693s / budget 21597s
c hydra_satsuma: satsuma-iter+kissat time 1698s / budget 21597s
c hydra_satsuma: satsuma-iter+kissat time 1703s / budget 21597s
c hydra_satsuma: satsuma-iter+kissat time 1708s / budget 21597s
c hydra_satsuma: satsuma-iter+kissat time 1713s / budget 21597s
c hydra_satsuma: satsuma-iter+kissat time 1718s / budget 21597s
c hydra_satsuma: satsuma-iter+kissat time 1723s / budget 21597s
c hydra_satsuma: satsuma-iter+kissat time 1728s / budget 21597s
c hydra_satsuma: satsuma-iter+kissat time 1733s / budget 21597s
c hydra_satsuma: satsuma-iter+kissat time 1738s / budget 21597s
c hydra_satsuma: satsuma-iter+kissat time 1744s / budget 21597s
c hydra_satsuma: satsuma-iter+kissat time 1749s / budget 21597s
c hydra_satsuma: satsuma-iter+kissat time 1754s / budget 21597s
c hydra_satsuma: satsuma-iter+kissat time 1759s / budget 21597s
c hydra_satsuma: satsuma-iter+kissat time 1764s / budget 21597s
c hydra_satsuma: satsuma-iter+kissat time 1769s / budget 21597s
c hydra_satsuma: satsuma-iter+kissat time 1774s / budget 21597s
c hydra_satsuma: satsuma-iter+kissat time 1779s / budget 21597s
c hydra_satsuma: satsuma-iter+kissat time 1784s / budget 21597s
c hydra_satsuma: satsuma-iter+kissat time 1789s / budget 21597s
c hydra_satsuma: satsuma-iter+kissat time 1794s / budget 21597s
c hydra_satsuma: satsuma-iter+kissat time 1799s / budget 21597s
c hydra_satsuma: satsuma-iter+kissat time 1805s / budget 21597s
c hydra_satsuma: satsuma-iter+kissat time 1810s / budget 21597s
c hydra_satsuma: satsuma-iter+kissat time 1815s / budget 21597s
c hydra_satsuma: satsuma-iter+kissat time 1820s / budget 21597s
c hydra_satsuma: satsuma-iter+kissat time 1825s / budget 21597s
c hydra_satsuma: satsuma-iter+kissat time 1830s / budget 21597s
c hydra_satsuma: satsuma-iter+kissat time 1835s / budget 21597s
c hydra_satsuma: satsuma-iter+kissat time 1840s / budget 21597s
c hydra_satsuma: satsuma-iter+kissat time 1845s / budget 21597s
c hydra_satsuma: satsuma-iter+kissat time 1850s / budget 21597s
c hydra_satsuma: satsuma-iter+kissat time 1855s / budget 21597s
c hydra_satsuma: satsuma-iter+kissat time 1860s / budget 21597s
c hydra_satsuma: satsuma-iter+kissat time 1866s / budget 21597s
c hydra_satsuma: satsuma-iter+kissat time 1871s / budget 21597s
c hydra_satsuma: satsuma-iter+kissat time 1876s / budget 21597s
c hydra_satsuma: satsuma-iter+kissat time 1881s / budget 21597s
c hydra_satsuma: satsuma-iter+kissat time 1886s / budget 21597s
c hydra_satsuma: satsuma-iter+kissat time 1891s / budget 21597s
c hydra_satsuma: satsuma-iter+kissat time 1896s / budget 21597s
c hydra_satsuma: satsuma-iter+kissat time 1901s / budget 21597s
c hydra_satsuma: satsuma-iter+kissat time 1906s / budget 21597s
c hydra_satsuma: satsuma-iter+kissat time 1911s / budget 21597s
c hydra_satsuma: satsuma-iter+kissat time 1916s / budget 21597s
c hydra_satsuma: satsuma-iter+kissat time 1922s / budget 21597s
c hydra_satsuma: satsuma-iter+kissat time 1927s / budget 21597s
c hydra_satsuma: satsuma-iter+kissat time 1932s / budget 21597s
c hydra_satsuma: satsuma-iter+kissat time 1937s / budget 21597s
c hydra_satsuma: satsuma-iter+kissat time 1942s / budget 21597s
c hydra_satsuma: satsuma-iter+kissat time 1947s / budget 21597s
c hydra_satsuma: satsuma-iter+kissat time 1952s / budget 21597s
c hydra_satsuma: satsuma-iter+kissat time 1957s / budget 21597s
c hydra_satsuma: satsuma-iter+kissat time 1962s / budget 21597s
c hydra_satsuma: satsuma-iter+kissat time 1967s / budget 21597s
c hydra_satsuma: satsuma-iter+kissat time 1972s / budget 21597s
c hydra_satsuma: satsuma-iter+kissat time 1977s / budget 21597s
c hydra_satsuma: satsuma-iter+kissat time 1983s / budget 21597s
c hydra_satsuma: satsuma-iter+kissat time 1988s / budget 21597s
c hydra_satsuma: satsuma-iter+kissat time 1993s / budget 21597s
c hydra_satsuma: satsuma-iter+kissat time 1998s / budget 21597s
c hydra_satsuma: satsuma-iter+kissat time 2003s / budget 21597s
c hydra_satsuma: satsuma-iter+kissat time 2008s / budget 21597s
c hydra_satsuma: satsuma-iter+kissat time 2013s / budget 21597s
c hydra_satsuma: satsuma-iter+kissat time 2018s / budget 21597s
c hydra_satsuma: satsuma-iter+kissat time 2023s / budget 21597s
c hydra_satsuma: satsuma-iter+kissat time 2028s / budget 21597s
c hydra_satsuma: satsuma-iter+kissat time 2033s / budget 21597s
c hydra_satsuma: satsuma-iter+kissat time 2038s / budget 21597s
c hydra_satsuma: satsuma-iter+kissat time 2044s / budget 21597s
c hydra_satsuma: satsuma-iter+kissat time 2049s / budget 21597s
c hydra_satsuma: satsuma-iter+kissat time 2054s / budget 21597s
c hydra_satsuma: satsuma-iter+kissat time 2059s / budget 21597s
c hydra_satsuma: satsuma-iter+kissat time 2064s / budget 21597s
c hydra_satsuma: satsuma-iter+kissat time 2069s / budget 21597s
c hydra_satsuma: satsuma-iter+kissat time 2074s / budget 21597s
c hydra_satsuma: satsuma-iter+kissat time 2079s / budget 21597s
c hydra_satsuma: satsuma-iter+kissat time 2084s / budget 21597s
c hydra_satsuma: satsuma-iter+kissat time 2089s / budget 21597s
c hydra_satsuma: satsuma-iter+kissat time 2094s / budget 21597s
c hydra_satsuma: satsuma-iter+kissat time 2099s / budget 21597s
c hydra_satsuma: satsuma-iter+kissat time 2104s / budget 21597s
c hydra_satsuma: satsuma-iter+kissat time 2110s / budget 21597s
c hydra_satsuma: satsuma-iter+kissat time 2115s / budget 21597s
c hydra_satsuma: satsuma-iter+kissat time 2120s / budget 21597s
c hydra_satsuma: satsuma-iter+kissat time 2125s / budget 21597s
c hydra_satsuma: satsuma-iter+kissat time 2130s / budget 21597s
c hydra_satsuma: satsuma-iter+kissat time 2135s / budget 21597s
c hydra_satsuma: satsuma-iter+kissat time 2140s / budget 21597s
c hydra_satsuma: satsuma-iter+kissat time 2145s / budget 21597s
c hydra_satsuma: satsuma-iter+kissat time 2150s / budget 21597s
c hydra_satsuma: satsuma-iter+kissat time 2155s / budget 21597s
c hydra_satsuma: satsuma-iter+kissat time 2160s / budget 21597s
c hydra_satsuma: satsuma-iter+kissat time 2165s / budget 21597s
c hydra_satsuma: satsuma-iter+kissat time 2171s / budget 21597s
c hydra_satsuma: satsuma-iter+kissat time 2176s / budget 21597s
c hydra_satsuma: satsuma-iter+kissat time 2181s / budget 21597s
c hydra_satsuma: satsuma-iter+kissat time 2186s / budget 21597s
c hydra_satsuma: satsuma-iter+kissat time 2191s / budget 21597s
c hydra_satsuma: satsuma-iter+kissat time 2196s / budget 21597s
c hydra_satsuma: satsuma-iter+kissat time 2201s / budget 21597s
c hydra_satsuma: satsuma-iter+kissat time 2206s / budget 21597s
c hydra_satsuma: satsuma-iter+kissat time 2211s / budget 21597s
c hydra_satsuma: satsuma-iter+kissat time 2216s / budget 21597s
c hydra_satsuma: satsuma-iter+kissat time 2221s / budget 21597s
c hydra_satsuma: satsuma-iter+kissat time 2226s / budget 21597s
c hydra_satsuma: satsuma-iter+kissat time 2232s / budget 21597s
c hydra_satsuma: satsuma-iter+kissat time 2237s / budget 21597s
c hydra_satsuma: satsuma-iter+kissat time 2242s / budget 21597s
c hydra_satsuma: satsuma-iter+kissat time 2247s / budget 21597s
c hydra_satsuma: satsuma-iter+kissat time 2252s / budget 21597s
c hydra_satsuma: satsuma-iter+kissat time 2257s / budget 21597s
c hydra_satsuma: satsuma-iter+kissat time 2262s / budget 21597s
c hydra_satsuma: satsuma-iter+kissat time 2267s / budget 21597s
c hydra_satsuma: satsuma-iter+kissat time 2272s / budget 21597s
c hydra_satsuma: satsuma-iter+kissat time 2277s / budget 21597s
c hydra_satsuma: satsuma-iter+kissat time 2282s / budget 21597s
c hydra_satsuma: satsuma-iter+kissat time 2288s / budget 21597s
c hydra_satsuma: satsuma-iter+kissat time 2293s / budget 21597s
c hydra_satsuma: satsuma-iter+kissat time 2298s / budget 21597s
c hydra_satsuma: satsuma-iter+kissat time 2303s / budget 21597s
c hydra_satsuma: satsuma-iter+kissat time 2308s / budget 21597s
c hydra_satsuma: satsuma-iter+kissat time 2313s / budget 21597s
c hydra_satsuma: satsuma-iter+kissat time 2318s / budget 21597s
c hydra_satsuma: satsuma-iter+kissat time 2323s / budget 21597s
c hydra_satsuma: satsuma-iter+kissat time 2328s / budget 21597s
c hydra_satsuma: satsuma-iter+kissat time 2333s / budget 21597s
c hydra_satsuma: satsuma-iter+kissat time 2338s / budget 21597s
c hydra_satsuma: satsuma-iter+kissat time 2343s / budget 21597s
c hydra_satsuma: satsuma-iter+kissat time 2349s / budget 21597s
c hydra_satsuma: satsuma-iter+kissat time 2354s / budget 21597s
c hydra_satsuma: satsuma-iter+kissat time 2359s / budget 21597s
c hydra_satsuma: satsuma-iter+kissat time 2364s / budget 21597s
c hydra_satsuma: satsuma-iter+kissat time 2369s / budget 21597s
c hydra_satsuma: satsuma-iter+kissat time 2374s / budget 21597s
c hydra_satsuma: satsuma-iter+kissat time 2379s / budget 21597s
c hydra_satsuma: satsuma-iter+kissat time 2384s / budget 21597s
c hydra_satsuma: satsuma-iter+kissat time 2389s / budget 21597s
c hydra_satsuma: satsuma-iter+kissat time 2394s / budget 21597s
c hydra_satsuma: satsuma-iter+kissat time 2399s / budget 21597s
c hydra_satsuma: satsuma-iter+kissat time 2404s / budget 21597s
c hydra_satsuma: satsuma-iter+kissat time 2410s / budget 21597s
c hydra_satsuma: satsuma-iter+kissat time 2415s / budget 21597s
c hydra_satsuma: satsuma-iter+kissat time 2420s / budget 21597s
c hydra_satsuma: satsuma-iter+kissat time 2425s / budget 21597s
c hydra_satsuma: satsuma-iter+kissat time 2430s / budget 21597s
c hydra_satsuma: satsuma-iter+kissat time 2435s / budget 21597s
c hydra_satsuma: satsuma-iter+kissat time 2440s / budget 21597s
c hydra_satsuma: satsuma-iter+kissat time 2445s / budget 21597s
c hydra_satsuma: satsuma-iter+kissat time 2450s / budget 21597s
c hydra_satsuma: satsuma-iter+kissat time 2455s / budget 21597s
c hydra_satsuma: satsuma-iter+kissat time 2460s / budget 21597s
c hydra_satsuma: satsuma-iter+kissat time 2465s / budget 21597s
c hydra_satsuma: satsuma-iter+kissat time 2471s / budget 21597s
c hydra_satsuma: satsuma-iter+kissat time 2476s / budget 21597s
c hydra_satsuma: satsuma-iter+kissat time 2481s / budget 21597s
c hydra_satsuma: satsuma-iter+kissat time 2486s / budget 21597s
c hydra_satsuma: satsuma-iter+kissat time 2491s / budget 21597s
c hydra_satsuma: satsuma-iter+kissat time 2496s / budget 21597s
c hydra_satsuma: satsuma-iter+kissat time 2501s / budget 21597s
c hydra_satsuma: satsuma-iter+kissat time 2506s / budget 21597s
c hydra_satsuma: satsuma-iter+kissat time 2511s / budget 21597s
c hydra_satsuma: satsuma-iter+kissat time 2516s / budget 21597s
c hydra_satsuma: satsuma-iter+kissat time 2521s / budget 21597s
c hydra_satsuma: satsuma-iter+kissat time 2526s / budget 21597s
c hydra_satsuma: satsuma-iter+kissat time 2532s / budget 21597s
c hydra_satsuma: satsuma-iter+kissat time 2537s / budget 21597s
c hydra_satsuma: satsuma-iter+kissat time 2542s / budget 21597s
c hydra_satsuma: satsuma-iter+kissat time 2547s / budget 21597s
c hydra_satsuma: satsuma-iter+kissat time 2552s / budget 21597s
c hydra_satsuma: satsuma-iter+kissat time 2557s / budget 21597s
c hydra_satsuma: satsuma-iter+kissat time 2562s / budget 21597s
c hydra_satsuma: satsuma-iter+kissat time 2567s / budget 21597s
c hydra_satsuma: satsuma-iter+kissat time 2572s / budget 21597s
c hydra_satsuma: satsuma-iter+kissat time 2577s / budget 21597s
c hydra_satsuma: satsuma-iter+kissat time 2582s / budget 21597s
c hydra_satsuma: satsuma-iter+kissat time 2588s / budget 21597s
c hydra_satsuma: satsuma-iter+kissat time 2593s / budget 21597s
c hydra_satsuma: satsuma-iter+kissat time 2598s / budget 21597s
c hydra_satsuma: satsuma-iter+kissat time 2603s / budget 21597s
c hydra_satsuma: satsuma-iter+kissat time 2608s / budget 21597s
c hydra_satsuma: satsuma-iter+kissat time 2613s / budget 21597s
c hydra_satsuma: satsuma-iter+kissat time 2618s / budget 21597s
c hydra_satsuma: satsuma-iter+kissat time 2623s / budget 21597s
c hydra_satsuma: satsuma-iter+kissat time 2628s / budget 21597s
c hydra_satsuma: satsuma-iter+kissat time 2633s / budget 21597s
c hydra_satsuma: satsuma-iter+kissat time 2638s / budget 21597s
c hydra_satsuma: satsuma-iter+kissat time 2643s / budget 21597s
c hydra_satsuma: satsuma-iter+kissat time 2649s / budget 21597s
c hydra_satsuma: satsuma-iter+kissat time 2654s / budget 21597s
c hydra_satsuma: satsuma-iter+kissat time 2659s / budget 21597s
c hydra_satsuma: satsuma-iter+kissat time 2664s / budget 21597s
c hydra_satsuma: satsuma-iter+kissat time 2669s / budget 21597s
c hydra_satsuma: satsuma-iter+kissat time 2674s / budget 21597s
c hydra_satsuma: satsuma-iter+kissat time 2679s / budget 21597s
c hydra_satsuma: satsuma-iter+kissat time 2684s / budget 21597s
c hydra_satsuma: satsuma-iter+kissat time 2689s / budget 21597s
c hydra_satsuma: satsuma-iter+kissat time 2694s / budget 21597s
c hydra_satsuma: satsuma-iter+kissat time 2699s / budget 21597s
c hydra_satsuma: satsuma-iter+kissat time 2704s / budget 21597s
c hydra_satsuma: satsuma-iter+kissat time 2710s / budget 21597s
c hydra_satsuma: satsuma-iter+kissat time 2715s / budget 21597s
c hydra_satsuma: satsuma-iter+kissat time 2720s / budget 21597s
c hydra_satsuma: satsuma-iter+kissat time 2725s / budget 21597s
c hydra_satsuma: satsuma-iter+kissat time 2730s / budget 21597s
c hydra_satsuma: satsuma-iter+kissat time 2735s / budget 21597s
c hydra_satsuma: satsuma-iter+kissat time 2740s / budget 21597s
c hydra_satsuma: satsuma-iter+kissat time 2745s / budget 21597s
c hydra_satsuma: satsuma-iter+kissat time 2750s / budget 21597s
c hydra_satsuma: satsuma-iter+kissat time 2755s / budget 21597s
c hydra_satsuma: satsuma-iter+kissat time 2760s / budget 21597s
c hydra_satsuma: satsuma-iter+kissat time 2765s / budget 21597s
c hydra_satsuma: satsuma-iter+kissat time 2770s / budget 21597s
c hydra_satsuma: satsuma-iter+kissat time 2775s / budget 21597s
c hydra_satsuma: satsuma-iter+kissat time 2781s / budget 21597s
c hydra_satsuma: satsuma-iter+kissat time 2786s / budget 21597s
c hydra_satsuma: satsuma-iter+kissat time 2791s / budget 21597s
c hydra_satsuma: satsuma-iter+kissat time 2796s / budget 21597s
c hydra_satsuma: satsuma-iter+kissat time 2801s / budget 21597s
c hydra_satsuma: satsuma-iter+kissat time 2806s / budget 21597s
c hydra_satsuma: satsuma-iter+kissat time 2811s / budget 21597s
c hydra_satsuma: satsuma-iter+kissat time 2816s / budget 21597s
c hydra_satsuma: satsuma-iter+kissat time 2821s / budget 21597s
c hydra_satsuma: satsuma-iter+kissat time 2826s / budget 21597s
c hydra_satsuma: satsuma-iter+kissat time 2831s / budget 21597s
c hydra_satsuma: satsuma-iter+kissat time 2837s / budget 21597s
c hydra_satsuma: satsuma-iter+kissat time 2842s / budget 21597s
c hydra_satsuma: satsuma-iter+kissat time 2847s / budget 21597s
c hydra_satsuma: satsuma-iter+kissat time 2852s / budget 21597s
c hydra_satsuma: satsuma-iter+kissat time 2857s / budget 21597s
c hydra_satsuma: satsuma-iter+kissat time 2862s / budget 21597s
c hydra_satsuma: satsuma-iter+kissat time 2867s / budget 21597s
c hydra_satsuma: satsuma-iter+kissat time 2872s / budget 21597s
c hydra_satsuma: satsuma-iter+kissat time 2877s / budget 21597s
c hydra_satsuma: satsuma-iter+kissat time 2882s / budget 21597s
c hydra_satsuma: satsuma-iter+kissat time 2887s / budget 21597s
c hydra_satsuma: satsuma-iter+kissat time 2892s / budget 21597s
c hydra_satsuma: satsuma-iter+kissat time 2897s / budget 21597s
c hydra_satsuma: satsuma-iter+kissat time 2903s / budget 21597s
c hydra_satsuma: satsuma-iter+kissat time 2908s / budget 21597s
c hydra_satsuma: satsuma-iter+kissat time 2913s / budget 21597s
c hydra_satsuma: satsuma-iter+kissat time 2918s / budget 21597s
c hydra_satsuma: satsuma-iter+kissat time 2923s / budget 21597s
c hydra_satsuma: satsuma-iter+kissat time 2928s / budget 21597s
c hydra_satsuma: satsuma-iter+kissat time 2933s / budget 21597s
c hydra_satsuma: satsuma-iter+kissat time 2938s / budget 21597s
c hydra_satsuma: satsuma-iter+kissat time 2943s / budget 21597s
c hydra_satsuma: satsuma-iter+kissat time 2948s / budget 21597s
c hydra_satsuma: satsuma-iter+kissat time 2953s / budget 21597s
c hydra_satsuma: satsuma-iter+kissat time 2958s / budget 21597s
c hydra_satsuma: satsuma-iter+kissat time 2963s / budget 21597s
c hydra_satsuma: satsuma-iter+kissat time 2969s / budget 21597s
c hydra_satsuma: satsuma-iter+kissat time 2974s / budget 21597s
c hydra_satsuma: satsuma-iter+kissat time 2979s / budget 21597s
c hydra_satsuma: satsuma-iter+kissat time 2984s / budget 21597s
c hydra_satsuma: satsuma-iter+kissat time 2989s / budget 21597s
c hydra_satsuma: satsuma-iter+kissat time 2994s / budget 21597s
c hydra_satsuma: satsuma-iter+kissat time 2999s / budget 21597s
c hydra_satsuma: satsuma-iter+kissat time 3004s / budget 21597s
c hydra_satsuma: satsuma-iter+kissat time 3009s / budget 21597s
c hydra_satsuma: satsuma-iter+kissat time 3014s / budget 21597s
c hydra_satsuma: satsuma-iter+kissat time 3019s / budget 21597s
c hydra_satsuma: satsuma-iter+kissat time 3024s / budget 21597s
c hydra_satsuma: satsuma-iter+kissat time 3030s / budget 21597s
c hydra_satsuma: satsuma-iter+kissat time 3035s / budget 21597s
c hydra_satsuma: satsuma-iter+kissat time 3040s / budget 21597s
c hydra_satsuma: satsuma-iter+kissat time 3045s / budget 21597s
c hydra_satsuma: satsuma-iter+kissat time 3050s / budget 21597s
c hydra_satsuma: satsuma-iter+kissat time 3055s / budget 21597s
c hydra_satsuma: satsuma-iter+kissat time 3060s / budget 21597s
c hydra_satsuma: satsuma-iter+kissat time 3065s / budget 21597s
c hydra_satsuma: satsuma-iter+kissat time 3070s / budget 21597s
c hydra_satsuma: satsuma-iter+kissat time 3075s / budget 21597s
c hydra_satsuma: satsuma-iter+kissat time 3080s / budget 21597s
c hydra_satsuma: satsuma-iter+kissat time 3085s / budget 21597s
c hydra_satsuma: satsuma-iter+kissat time 3091s / budget 21597s
c hydra_satsuma: satsuma-iter+kissat time 3096s / budget 21597s
c hydra_satsuma: satsuma-iter+kissat time 3101s / budget 21597s
c hydra_satsuma: satsuma-iter+kissat time 3106s / budget 21597s
c hydra_satsuma: satsuma-iter+kissat time 3111s / budget 21597s
c hydra_satsuma: satsuma-iter+kissat time 3116s / budget 21597s
c hydra_satsuma: satsuma-iter+kissat time 3121s / budget 21597s
c hydra_satsuma: satsuma-iter+kissat time 3126s / budget 21597s
c hydra_satsuma: satsuma-iter+kissat time 3131s / budget 21597s
c hydra_satsuma: satsuma-iter+kissat time 3136s / budget 21597s
c hydra_satsuma: satsuma-iter+kissat time 3141s / budget 21597s
c hydra_satsuma: satsuma-iter+kissat time 3146s / budget 21597s
c hydra_satsuma: satsuma-iter+kissat time 3151s / budget 21597s
c hydra_satsuma: satsuma-iter+kissat time 3157s / budget 21597s
c hydra_satsuma: satsuma-iter+kissat time 3162s / budget 21597s
c hydra_satsuma: satsuma-iter+kissat time 3167s / budget 21597s
c hydra_satsuma: satsuma-iter+kissat time 3172s / budget 21597s
c hydra_satsuma: satsuma-iter+kissat time 3177s / budget 21597s
c hydra_satsuma: satsuma-iter+kissat time 3182s / budget 21597s
c hydra_satsuma: satsuma-iter+kissat time 3187s / budget 21597s
c hydra_satsuma: satsuma-iter+kissat time 3192s / budget 21597s
c hydra_satsuma: satsuma-iter+kissat time 3197s / budget 21597s
c hydra_satsuma: satsuma-iter+kissat time 3202s / budget 21597s
c hydra_satsuma: satsuma-iter+kissat time 3207s / budget 21597s
c hydra_satsuma: satsuma-iter+kissat time 3212s / budget 21597s
c hydra_satsuma: satsuma-iter+kissat time 3218s / budget 21597s
c hydra_satsuma: satsuma-iter+kissat time 3223s / budget 21597s
c hydra_satsuma: satsuma-iter+kissat time 3228s / budget 21597s
c hydra_satsuma: satsuma-iter+kissat time 3233s / budget 21597s
c hydra_satsuma: satsuma-iter+kissat time 3238s / budget 21597s
c hydra_satsuma: satsuma-iter+kissat time 3243s / budget 21597s
c hydra_satsuma: satsuma-iter+kissat time 3248s / budget 21597s
c hydra_satsuma: satsuma-iter+kissat time 3253s / budget 21597s
c hydra_satsuma: satsuma-iter+kissat time 3258s / budget 21597s
c hydra_satsuma: satsuma-iter+kissat time 3263s / budget 21597s
c hydra_satsuma: satsuma-iter+kissat time 3268s / budget 21597s
c hydra_satsuma: satsuma-iter+kissat time 3273s / budget 21597s
c hydra_satsuma: satsuma-iter+kissat time 3279s / budget 21597s
c hydra_satsuma: satsuma-iter+kissat time 3284s / budget 21597s
c hydra_satsuma: satsuma-iter+kissat time 3289s / budget 21597s
c hydra_satsuma: satsuma-iter+kissat time 3294s / budget 21597s
c hydra_satsuma: satsuma-iter+kissat time 3299s / budget 21597s
c hydra_satsuma: satsuma-iter+kissat time 3304s / budget 21597s
c hydra_satsuma: satsuma-iter+kissat time 3309s / budget 21597s
c hydra_satsuma: satsuma-iter+kissat time 3314s / budget 21597s
c hydra_satsuma: satsuma-iter+kissat time 3319s / budget 21597s
c hydra_satsuma: satsuma-iter+kissat time 3324s / budget 21597s
c hydra_satsuma: satsuma-iter+kissat time 3329s / budget 21597s
c hydra_satsuma: satsuma-iter+kissat time 3334s / budget 21597s
c hydra_satsuma: satsuma-iter+kissat time 3339s / budget 21597s
c hydra_satsuma: satsuma-iter+kissat time 3345s / budget 21597s
c hydra_satsuma: satsuma-iter+kissat time 3350s / budget 21597s
c hydra_satsuma: satsuma-iter+kissat time 3355s / budget 21597s
c hydra_satsuma: satsuma-iter+kissat time 3360s / budget 21597s
c hydra_satsuma: satsuma-iter+kissat time 3365s / budget 21597s
c hydra_satsuma: satsuma-iter+kissat time 3370s / budget 21597s
c hydra_satsuma: satsuma-iter+kissat time 3375s / budget 21597s
c hydra_satsuma: satsuma-iter+kissat time 3380s / budget 21597s
c hydra_satsuma: satsuma-iter+kissat time 3385s / budget 21597s
c hydra_satsuma: satsuma-iter+kissat time 3390s / budget 21597s
c hydra_satsuma: satsuma-iter+kissat time 3395s / budget 21597s
c hydra_satsuma: satsuma-iter+kissat time 3400s / budget 21597s
c hydra_satsuma: satsuma-iter+kissat time 3406s / budget 21597s
c hydra_satsuma: satsuma-iter+kissat time 3411s / budget 21597s
c hydra_satsuma: satsuma-iter+kissat time 3416s / budget 21597s
c hydra_satsuma: satsuma-iter+kissat time 3421s / budget 21597s
c hydra_satsuma: satsuma-iter+kissat time 3426s / budget 21597s
c hydra_satsuma: satsuma-iter+kissat time 3431s / budget 21597s
c hydra_satsuma: satsuma-iter+kissat time 3436s / budget 21597s
c hydra_satsuma: satsuma-iter+kissat time 3441s / budget 21597s
c hydra_satsuma: satsuma-iter+kissat time 3446s / budget 21597s
c hydra_satsuma: satsuma-iter+kissat time 3451s / budget 21597s
c hydra_satsuma: satsuma-iter+kissat time 3456s / budget 21597s
c hydra_satsuma: satsuma-iter+kissat time 3461s / budget 21597s
c hydra_satsuma: satsuma-iter+kissat time 3466s / budget 21597s
c hydra_satsuma: satsuma-iter+kissat time 3472s / budget 21597s
c hydra_satsuma: satsuma-iter+kissat time 3477s / budget 21597s
c hydra_satsuma: satsuma-iter+kissat time 3482s / budget 21597s
c hydra_satsuma: satsuma-iter+kissat time 3487s / budget 21597s
c hydra_satsuma: satsuma-iter+kissat time 3492s / budget 21597s
c hydra_satsuma: satsuma-iter+kissat time 3497s / budget 21597s
c hydra_satsuma: satsuma-iter+kissat time 3502s / budget 21597s
c hydra_satsuma: satsuma-iter+kissat time 3507s / budget 21597s
c hydra_satsuma: satsuma-iter+kissat time 3512s / budget 21597s
c hydra_satsuma: satsuma-iter+kissat time 3517s / budget 21597s
c hydra_satsuma: satsuma-iter+kissat time 3522s / budget 21597s
c hydra_satsuma: satsuma-iter+kissat time 3528s / budget 21597s
c hydra_satsuma: satsuma-iter+kissat time 3533s / budget 21597s
c hydra_satsuma: satsuma-iter+kissat time 3538s / budget 21597s
c hydra_satsuma: satsuma-iter+kissat time 3543s / budget 21597s
c hydra_satsuma: satsuma-iter+kissat time 3548s / budget 21597s
c hydra_satsuma: satsuma-iter+kissat time 3553s / budget 21597s
c hydra_satsuma: satsuma-iter+kissat time 3558s / budget 21597s
c hydra_satsuma: satsuma-iter+kissat time 3563s / budget 21597s
c hydra_satsuma: satsuma-iter+kissat time 3568s / budget 21597s
c hydra_satsuma: satsuma-iter+kissat time 3573s / budget 21597s
c hydra_satsuma: satsuma-iter+kissat time 3578s / budget 21597s
c hydra_satsuma: satsuma-iter+kissat time 3583s / budget 21597s
c hydra_satsuma: satsuma-iter+kissat time 3588s / budget 21597s
c hydra_satsuma: satsuma-iter+kissat time 3594s / budget 21597s
c hydra_satsuma: satsuma-iter+kissat time 3599s / budget 21597s
c hydra_satsuma: satsuma-iter+kissat time 3604s / budget 21597s
c hydra_satsuma: satsuma-iter+kissat time 3609s / budget 21597s
c hydra_satsuma: satsuma-iter+kissat time 3614s / budget 21597s
c hydra_satsuma: satsuma-iter+kissat time 3619s / budget 21597s
c hydra_satsuma: satsuma-iter+kissat time 3624s / budget 21597s
c hydra_satsuma: satsuma-iter+kissat time 3629s / budget 21597s
c hydra_satsuma: satsuma-iter+kissat time 3634s / budget 21597s
c hydra_satsuma: satsuma-iter+kissat time 3639s / budget 21597s
c hydra_satsuma: satsuma-iter+kissat time 3644s / budget 21597s
c hydra_satsuma: satsuma-iter+kissat time 3649s / budget 21597s
c hydra_satsuma: satsuma-iter+kissat time 3655s / budget 21597s
c hydra_satsuma: satsuma-iter+kissat time 3660s / budget 21597s
c hydra_satsuma: satsuma-iter+kissat time 3665s / budget 21597s
c hydra_satsuma: satsuma-iter+kissat time 3670s / budget 21597s
c hydra_satsuma: satsuma-iter+kissat time 3675s / budget 21597s
c hydra_satsuma: satsuma-iter+kissat time 3680s / budget 21597s
c hydra_satsuma: satsuma-iter+kissat time 3685s / budget 21597s
c hydra_satsuma: satsuma-iter+kissat time 3690s / budget 21597s
c hydra_satsuma: satsuma-iter+kissat time 3695s / budget 21597s
c hydra_satsuma: satsuma-iter+kissat time 3700s / budget 21597s
c hydra_satsuma: satsuma-iter+kissat time 3705s / budget 21597s
c hydra_satsuma: satsuma-iter+kissat time 3710s / budget 21597s
c hydra_satsuma: satsuma-iter+kissat time 3716s / budget 21597s
c hydra_satsuma: satsuma-iter+kissat time 3721s / budget 21597s
c hydra_satsuma: satsuma-iter+kissat time 3726s / budget 21597s
c hydra_satsuma: satsuma-iter+kissat time 3731s / budget 21597s
c hydra_satsuma: satsuma-iter+kissat time 3736s / budget 21597s
c hydra_satsuma: satsuma-iter+kissat time 3741s / budget 21597s
c hydra_satsuma: satsuma-iter+kissat time 3746s / budget 21597s
c hydra_satsuma: satsuma-iter+kissat time 3751s / budget 21597s
c hydra_satsuma: satsuma-iter+kissat time 3756s / budget 21597s
c hydra_satsuma: satsuma-iter+kissat time 3761s / budget 21597s
c hydra_satsuma: satsuma-iter+kissat time 3766s / budget 21597s
c hydra_satsuma: satsuma-iter+kissat time 3771s / budget 21597s
c hydra_satsuma: satsuma-iter+kissat time 3776s / budget 21597s
c hydra_satsuma: satsuma-iter+kissat time 3781s / budget 21597s
c hydra_satsuma: satsuma-iter+kissat time 3787s / budget 21597s
c hydra_satsuma: satsuma-iter+kissat time 3792s / budget 21597s
c hydra_satsuma: satsuma-iter+kissat time 3797s / budget 21597s
c hydra_satsuma: satsuma-iter+kissat time 3802s / budget 21597s
c hydra_satsuma: satsuma-iter+kissat time 3807s / budget 21597s
c hydra_satsuma: satsuma-iter+kissat time 3812s / budget 21597s
c hydra_satsuma: satsuma-iter+kissat time 3817s / budget 21597s
c hydra_satsuma: satsuma-iter+kissat time 3822s / budget 21597s
c hydra_satsuma: satsuma-iter+kissat time 3827s / budget 21597s
c hydra_satsuma: satsuma-iter+kissat time 3832s / budget 21597s
c hydra_satsuma: satsuma-iter+kissat time 3837s / budget 21597s
c hydra_satsuma: satsuma-iter+kissat time 3842s / budget 21597s
c hydra_satsuma: satsuma-iter+kissat time 3848s / budget 21597s
c hydra_satsuma: satsuma-iter+kissat time 3853s / budget 21597s
c hydra_satsuma: satsuma-iter+kissat time 3858s / budget 21597s
c hydra_satsuma: satsuma-iter+kissat time 3863s / budget 21597s
c hydra_satsuma: satsuma-iter+kissat time 3868s / budget 21597s
c hydra_satsuma: satsuma-iter+kissat time 3873s / budget 21597s
c hydra_satsuma: satsuma-iter+kissat time 3878s / budget 21597s
c hydra_satsuma: satsuma-iter+kissat time 3883s / budget 21597s
c hydra_satsuma: satsuma-iter+kissat time 3888s / budget 21597s
c hydra_satsuma: satsuma-iter+kissat time 3893s / budget 21597s
c hydra_satsuma: satsuma-iter+kissat time 3898s / budget 21597s
c hydra_satsuma: satsuma-iter+kissat time 3903s / budget 21597s
c hydra_satsuma: satsuma-iter+kissat time 3909s / budget 21597s
c hydra_satsuma: satsuma-iter+kissat time 3914s / budget 21597s
c hydra_satsuma: satsuma-iter+kissat time 3919s / budget 21597s
c hydra_satsuma: satsuma-iter+kissat time 3924s / budget 21597s
c hydra_satsuma: satsuma-iter+kissat time 3929s / budget 21597s
c hydra_satsuma: satsuma-iter+kissat time 3934s / budget 21597s
c hydra_satsuma: satsuma-iter+kissat time 3939s / budget 21597s
c hydra_satsuma: satsuma-iter+kissat time 3944s / budget 21597s
c hydra_satsuma: satsuma-iter+kissat time 3949s / budget 21597s
c hydra_satsuma: satsuma-iter+kissat time 3954s / budget 21597s
c hydra_satsuma: satsuma-iter+kissat time 3959s / budget 21597s
c hydra_satsuma: satsuma-iter+kissat time 3964s / budget 21597s
c hydra_satsuma: satsuma-iter+kissat time 3969s / budget 21597s
c hydra_satsuma: satsuma-iter+kissat time 3974s / budget 21597s
c hydra_satsuma: satsuma-iter+kissat time 3980s / budget 21597s
c hydra_satsuma: satsuma-iter+kissat time 3985s / budget 21597s
c hydra_satsuma: satsuma-iter+kissat time 3990s / budget 21597s
c hydra_satsuma: satsuma-iter+kissat time 3995s / budget 21597s
c hydra_satsuma: satsuma-iter+kissat time 4000s / budget 21597s
c hydra_satsuma: satsuma-iter+kissat time 4005s / budget 21597s
c hydra_satsuma: satsuma-iter+kissat time 4010s / budget 21597s
c hydra_satsuma: satsuma-iter+kissat time 4015s / budget 21597s
c hydra_satsuma: satsuma-iter+kissat time 4020s / budget 21597s
c hydra_satsuma: satsuma-iter+kissat time 4025s / budget 21597s
c hydra_satsuma: satsuma-iter+kissat time 4030s / budget 21597s
c hydra_satsuma: satsuma-iter+kissat time 4035s / budget 21597s
c hydra_satsuma: satsuma-iter+kissat time 4041s / budget 21597s
c hydra_satsuma: satsuma-iter+kissat time 4046s / budget 21597s
c hydra_satsuma: satsuma-iter+kissat time 4051s / budget 21597s
c hydra_satsuma: satsuma-iter+kissat time 4056s / budget 21597s
c hydra_satsuma: satsuma-iter+kissat time 4061s / budget 21597s
c hydra_satsuma: satsuma-iter+kissat time 4066s / budget 21597s
c hydra_satsuma: satsuma-iter+kissat time 4071s / budget 21597s
c hydra_satsuma: satsuma-iter+kissat time 4076s / budget 21597s
c hydra_satsuma: satsuma-iter+kissat time 4081s / budget 21597s
c hydra_satsuma: satsuma-iter+kissat time 4086s / budget 21597s
c hydra_satsuma: satsuma-iter+kissat time 4091s / budget 21597s
c hydra_satsuma: satsuma-iter+kissat time 4096s / budget 21597s
c hydra_satsuma: satsuma-iter+kissat time 4102s / budget 21597s
c hydra_satsuma: satsuma-iter+kissat time 4107s / budget 21597s
c hydra_satsuma: satsuma-iter+kissat time 4112s / budget 21597s
c hydra_satsuma: satsuma-iter+kissat time 4117s / budget 21597s
c hydra_satsuma: satsuma-iter+kissat time 4122s / budget 21597s
c hydra_satsuma: satsuma-iter+kissat time 4127s / budget 21597s
c hydra_satsuma: satsuma-iter+kissat time 4132s / budget 21597s
c hydra_satsuma: satsuma-iter+kissat time 4137s / budget 21597s
c hydra_satsuma: satsuma-iter+kissat time 4142s / budget 21597s
c hydra_satsuma: satsuma-iter+kissat time 4147s / budget 21597s
c hydra_satsuma: satsuma-iter+kissat time 4152s / budget 21597s
c hydra_satsuma: satsuma-iter+kissat time 4157s / budget 21597s
c hydra_satsuma: satsuma-iter+kissat time 4163s / budget 21597s
c hydra_satsuma: satsuma-iter+kissat time 4168s / budget 21597s
c hydra_satsuma: satsuma-iter+kissat time 4173s / budget 21597s
c hydra_satsuma: satsuma-iter+kissat time 4178s / budget 21597s
c hydra_satsuma: satsuma-iter+kissat time 4183s / budget 21597s
c hydra_satsuma: satsuma-iter+kissat time 4188s / budget 21597s
c hydra_satsuma: satsuma-iter+kissat time 4193s / budget 21597s
c hydra_satsuma: satsuma-iter+kissat time 4198s / budget 21597s
c hydra_satsuma: satsuma-iter+kissat time 4203s / budget 21597s
c hydra_satsuma: satsuma-iter+kissat time 4208s / budget 21597s
c hydra_satsuma: satsuma-iter+kissat time 4213s / budget 21597s
c hydra_satsuma: satsuma-iter+kissat time 4218s / budget 21597s
c hydra_satsuma: satsuma-iter+kissat time 4224s / budget 21597s
c hydra_satsuma: satsuma-iter+kissat time 4229s / budget 21597s
c hydra_satsuma: satsuma-iter+kissat time 4234s / budget 21597s
c hydra_satsuma: satsuma-iter+kissat time 4239s / budget 21597s
c hydra_satsuma: satsuma-iter+kissat time 4244s / budget 21597s
c hydra_satsuma: satsuma-iter+kissat time 4249s / budget 21597s
c hydra_satsuma: satsuma-iter+kissat time 4254s / budget 21597s
c hydra_satsuma: satsuma-iter+kissat time 4259s / budget 21597s
c hydra_satsuma: satsuma-iter+kissat time 4264s / budget 21597s
c hydra_satsuma: satsuma-iter+kissat time 4269s / budget 21597s
c hydra_satsuma: satsuma-iter+kissat time 4274s / budget 21597s
c hydra_satsuma: satsuma-iter+kissat time 4279s / budget 21597s
c hydra_satsuma: satsuma-iter+kissat time 4285s / budget 21597s
c hydra_satsuma: satsuma-iter+kissat time 4290s / budget 21597s
c hydra_satsuma: satsuma-iter+kissat time 4295s / budget 21597s
c hydra_satsuma: satsuma-iter+kissat time 4300s / budget 21597s
c hydra_satsuma: satsuma-iter+kissat time 4305s / budget 21597s
c hydra_satsuma: satsuma-iter+kissat time 4310s / budget 21597s
c hydra_satsuma: satsuma-iter+kissat time 4315s / budget 21597s
c hydra_satsuma: satsuma-iter+kissat time 4320s / budget 21597s
c hydra_satsuma: satsuma-iter+kissat time 4325s / budget 21597s
c hydra_satsuma: satsuma-iter+kissat time 4330s / budget 21597s
c hydra_satsuma: satsuma-iter+kissat time 4335s / budget 21597s
c hydra_satsuma: satsuma-iter+kissat time 4340s / budget 21597s
c hydra_satsuma: satsuma-iter+kissat time 4346s / budget 21597s
c hydra_satsuma: satsuma-iter+kissat time 4351s / budget 21597s
c hydra_satsuma: satsuma-iter+kissat time 4356s / budget 21597s
c hydra_satsuma: satsuma-iter+kissat time 4361s / budget 21597s
c hydra_satsuma: satsuma-iter+kissat time 4366s / budget 21597s
c hydra_satsuma: satsuma-iter+kissat time 4371s / budget 21597s
c hydra_satsuma: satsuma-iter+kissat time 4376s / budget 21597s
c hydra_satsuma: satsuma-iter+kissat time 4381s / budget 21597s
c hydra_satsuma: satsuma-iter+kissat time 4386s / budget 21597s
c hydra_satsuma: satsuma-iter+kissat time 4391s / budget 21597s
c hydra_satsuma: satsuma-iter+kissat time 4396s / budget 21597s
c hydra_satsuma: satsuma-iter+kissat time 4401s / budget 21597s
c hydra_satsuma: satsuma-iter+kissat time 4407s / budget 21597s
c hydra_satsuma: satsuma-iter+kissat time 4412s / budget 21597s
c hydra_satsuma: satsuma-iter+kissat time 4417s / budget 21597s
c hydra_satsuma: satsuma-iter+kissat time 4422s / budget 21597s
c hydra_satsuma: satsuma-iter+kissat time 4427s / budget 21597s
c hydra_satsuma: satsuma-iter+kissat time 4432s / budget 21597s
c hydra_satsuma: satsuma-iter+kissat time 4437s / budget 21597s
c hydra_satsuma: satsuma-iter+kissat time 4442s / budget 21597s
c hydra_satsuma: satsuma-iter+kissat time 4447s / budget 21597s
c hydra_satsuma: satsuma-iter+kissat time 4452s / budget 21597s
c hydra_satsuma: satsuma-iter+kissat time 4457s / budget 21597s
c hydra_satsuma: satsuma-iter+kissat time 4462s / budget 21597s
c hydra_satsuma: satsuma-iter+kissat time 4468s / budget 21597s
c hydra_satsuma: satsuma-iter+kissat time 4473s / budget 21597s
c hydra_satsuma: satsuma-iter+kissat time 4478s / budget 21597s
c hydra_satsuma: satsuma-iter+kissat time 4483s / budget 21597s
c hydra_satsuma: satsuma-iter+kissat time 4488s / budget 21597s
c hydra_satsuma: satsuma-iter+kissat time 4493s / budget 21597s
c hydra_satsuma: satsuma-iter+kissat time 4498s / budget 21597s
c hydra_satsuma: satsuma-iter+kissat time 4503s / budget 21597s
c hydra_satsuma: satsuma-iter+kissat time 4508s / budget 21597s
c hydra_satsuma: satsuma-iter+kissat time 4513s / budget 21597s
c hydra_satsuma: satsuma-iter+kissat time 4518s / budget 21597s
c hydra_satsuma: satsuma-iter+kissat time 4523s / budget 21597s
c hydra_satsuma: satsuma-iter+kissat time 4529s / budget 21597s
c hydra_satsuma: satsuma-iter+kissat time 4534s / budget 21597s
c hydra_satsuma: satsuma-iter+kissat time 4539s / budget 21597s
c hydra_satsuma: satsuma-iter+kissat time 4544s / budget 21597s
c hydra_satsuma: satsuma-iter+kissat time 4549s / budget 21597s
c hydra_satsuma: satsuma-iter+kissat time 4554s / budget 21597s
c hydra_satsuma: satsuma-iter+kissat time 4559s / budget 21597s
c hydra_satsuma: satsuma-iter+kissat time 4564s / budget 21597s
c hydra_satsuma: satsuma-iter+kissat time 4569s / budget 21597s
c hydra_satsuma: satsuma-iter+kissat time 4574s / budget 21597s
c hydra_satsuma: satsuma-iter+kissat time 4579s / budget 21597s
c hydra_satsuma: satsuma-iter+kissat time 4584s / budget 21597s
c hydra_satsuma: satsuma-iter+kissat time 4589s / budget 21597s
c hydra_satsuma: satsuma-iter+kissat time 4595s / budget 21597s
c hydra_satsuma: satsuma-iter+kissat time 4600s / budget 21597s
c hydra_satsuma: satsuma-iter+kissat time 4605s / budget 21597s
c hydra_satsuma: satsuma-iter+kissat time 4610s / budget 21597s
c hydra_satsuma: satsuma-iter+kissat time 4615s / budget 21597s
c hydra_satsuma: satsuma-iter+kissat time 4620s / budget 21597s
c hydra_satsuma: satsuma-iter+kissat time 4625s / budget 21597s
c hydra_satsuma: satsuma-iter+kissat time 4630s / budget 21597s
c hydra_satsuma: satsuma-iter+kissat time 4635s / budget 21597s
c hydra_satsuma: satsuma-iter+kissat time 4640s / budget 21597s
c hydra_satsuma: satsuma-iter+kissat time 4645s / budget 21597s
c hydra_satsuma: satsuma-iter+kissat time 4650s / budget 21597s
c hydra_satsuma: satsuma-iter+kissat time 4656s / budget 21597s
c hydra_satsuma: satsuma-iter+kissat time 4661s / budget 21597s
c hydra_satsuma: satsuma-iter+kissat time 4666s / budget 21597s
c hydra_satsuma: satsuma-iter+kissat time 4671s / budget 21597s
c hydra_satsuma: satsuma-iter+kissat time 4676s / budget 21597s
c hydra_satsuma: satsuma-iter+kissat time 4681s / budget 21597s
c hydra_satsuma: satsuma-iter+kissat time 4686s / budget 21597s
c hydra_satsuma: satsuma-iter+kissat time 4691s / budget 21597s
c hydra_satsuma: satsuma-iter+kissat time 4696s / budget 21597s
c hydra_satsuma: satsuma-iter+kissat time 4701s / budget 21597s
c hydra_satsuma: satsuma-iter+kissat time 4706s / budget 21597s
c hydra_satsuma: satsuma-iter+kissat time 4711s / budget 21597s
c hydra_satsuma: satsuma-iter+kissat time 4716s / budget 21597s
c hydra_satsuma: satsuma-iter+kissat time 4722s / budget 21597s
c hydra_satsuma: satsuma-iter+kissat time 4727s / budget 21597s
c hydra_satsuma: satsuma-iter+kissat time 4732s / budget 21597s
c hydra_satsuma: satsuma-iter+kissat time 4737s / budget 21597s
c hydra_satsuma: satsuma-iter+kissat time 4742s / budget 21597s
c hydra_satsuma: satsuma-iter+kissat time 4747s / budget 21597s
c hydra_satsuma: satsuma-iter+kissat time 4752s / budget 21597s
c hydra_satsuma: satsuma-iter+kissat time 4757s / budget 21597s
c hydra_satsuma: satsuma-iter+kissat time 4762s / budget 21597s
c hydra_satsuma: satsuma-iter+kissat time 4767s / budget 21597s
c hydra_satsuma: satsuma-iter+kissat time 4772s / budget 21597s
c hydra_satsuma: satsuma-iter+kissat time 4777s / budget 21597s
c hydra_satsuma: satsuma-iter+kissat time 4783s / budget 21597s
c hydra_satsuma: satsuma-iter+kissat time 4788s / budget 21597s
c hydra_satsuma: satsuma-iter+kissat time 4793s / budget 21597s
c hydra_satsuma: satsuma-iter+kissat time 4798s / budget 21597s
c hydra_satsuma: satsuma-iter+kissat time 4803s / budget 21597s
c hydra_satsuma: satsuma-iter+kissat time 4808s / budget 21597s
c hydra_satsuma: satsuma-iter+kissat time 4813s / budget 21597s
c hydra_satsuma: satsuma-iter+kissat time 4818s / budget 21597s
c hydra_satsuma: satsuma-iter+kissat time 4823s / budget 21597s
c hydra_satsuma: satsuma-iter+kissat time 4828s / budget 21597s
c hydra_satsuma: satsuma-iter+kissat time 4833s / budget 21597s
c hydra_satsuma: satsuma-iter+kissat time 4838s / budget 21597s
c hydra_satsuma: satsuma-iter+kissat time 4843s / budget 21597s
c hydra_satsuma: satsuma-iter+kissat time 4849s / budget 21597s
c hydra_satsuma: satsuma-iter+kissat time 4854s / budget 21597s
c hydra_satsuma: satsuma-iter+kissat time 4859s / budget 21597s
c hydra_satsuma: satsuma-iter+kissat time 4864s / budget 21597s
c hydra_satsuma: satsuma-iter+kissat time 4869s / budget 21597s
c hydra_satsuma: satsuma-iter+kissat time 4874s / budget 21597s
c hydra_satsuma: satsuma-iter+kissat time 4879s / budget 21597s
c hydra_satsuma: satsuma-iter+kissat time 4884s / budget 21597s
c hydra_satsuma: satsuma-iter+kissat time 4889s / budget 21597s
c hydra_satsuma: satsuma-iter+kissat time 4894s / budget 21597s
c hydra_satsuma: satsuma-iter+kissat time 4899s / budget 21597s
c hydra_satsuma: satsuma-iter+kissat time 4904s / budget 21597s
c hydra_satsuma: satsuma-iter+kissat time 4909s / budget 21597s
c hydra_satsuma: satsuma-iter+kissat time 4915s / budget 21597s
c hydra_satsuma: satsuma-iter+kissat time 4920s / budget 21597s
c hydra_satsuma: satsuma-iter+kissat time 4925s / budget 21597s
c hydra_satsuma: satsuma-iter+kissat time 4930s / budget 21597s
c hydra_satsuma: satsuma-iter+kissat time 4935s / budget 21597s
c hydra_satsuma: satsuma-iter+kissat time 4940s / budget 21597s
c hydra_satsuma: satsuma-iter+kissat time 4945s / budget 21597s
c hydra_satsuma: satsuma-iter+kissat time 4950s / budget 21597s
c hydra_satsuma: satsuma-iter+kissat time 4955s / budget 21597s
c hydra_satsuma: satsuma-iter+kissat time 4960s / budget 21597s
c hydra_satsuma: satsuma-iter+kissat time 4965s / budget 21597s
c hydra_satsuma: satsuma-iter+kissat time 4970s / budget 21597s
c hydra_satsuma: satsuma-iter+kissat time 4976s / budget 21597s
c hydra_satsuma: satsuma-iter+kissat time 4981s / budget 21597s
c hydra_satsuma: satsuma-iter+kissat time 4986s / budget 21597s
c hydra_satsuma: satsuma-iter+kissat time 4991s / budget 21597s
c hydra_satsuma: satsuma-iter+kissat time 4996s / budget 21597s
c hydra_satsuma: satsuma-iter+kissat time 5001s / budget 21597s
c hydra_satsuma: satsuma-iter+kissat time 5006s / budget 21597s
c hydra_satsuma: satsuma-iter+kissat time 5011s / budget 21597s
c hydra_satsuma: satsuma-iter+kissat time 5016s / budget 21597s
c hydra_satsuma: satsuma-iter+kissat time 5021s / budget 21597s
c hydra_satsuma: satsuma-iter+kissat time 5026s / budget 21597s
c hydra_satsuma: satsuma-iter+kissat time 5031s / budget 21597s
c hydra_satsuma: satsuma-iter+kissat time 5036s / budget 21597s
c hydra_satsuma: satsuma-iter+kissat time 5042s / budget 21597s
c hydra_satsuma: satsuma-iter+kissat time 5047s / budget 21597s
c hydra_satsuma: satsuma-iter+kissat time 5052s / budget 21597s
c hydra_satsuma: satsuma-iter+kissat time 5057s / budget 21597s
c hydra_satsuma: satsuma-iter+kissat time 5062s / budget 21597s
c hydra_satsuma: satsuma-iter+kissat time 5067s / budget 21597s
c hydra_satsuma: satsuma-iter+kissat time 5072s / budget 21597s
c hydra_satsuma: satsuma-iter+kissat time 5077s / budget 21597s
c hydra_satsuma: satsuma-iter+kissat time 5082s / budget 21597s
c hydra_satsuma: satsuma-iter+kissat time 5087s / budget 21597s
c hydra_satsuma: satsuma-iter+kissat time 5092s / budget 21597s
c hydra_satsuma: satsuma-iter+kissat time 5097s / budget 21597s
c hydra_satsuma: satsuma-iter+kissat time 5103s / budget 21597s
c hydra_satsuma: satsuma-iter+kissat time 5108s / budget 21597s
c hydra_satsuma: satsuma-iter+kissat time 5113s / budget 21597s
c hydra_satsuma: satsuma-iter+kissat time 5118s / budget 21597s
c hydra_satsuma: satsuma-iter+kissat time 5123s / budget 21597s
c hydra_satsuma: satsuma-iter+kissat time 5128s / budget 21597s
c hydra_satsuma: satsuma-iter+kissat time 5133s / budget 21597s
c hydra_satsuma: satsuma-iter+kissat time 5138s / budget 21597s
c hydra_satsuma: satsuma-iter+kissat time 5143s / budget 21597s
c hydra_satsuma: satsuma-iter+kissat time 5148s / budget 21597s
c hydra_satsuma: satsuma-iter+kissat time 5153s / budget 21597s
c hydra_satsuma: satsuma-iter+kissat time 5158s / budget 21597s
c hydra_satsuma: satsuma-iter+kissat time 5163s / budget 21597s
c hydra_satsuma: satsuma-iter+kissat time 5169s / budget 21597s
c hydra_satsuma: satsuma-iter+kissat time 5174s / budget 21597s
c hydra_satsuma: satsuma-iter+kissat time 5179s / budget 21597s
c hydra_satsuma: satsuma-iter+kissat time 5184s / budget 21597s
c hydra_satsuma: satsuma-iter+kissat time 5189s / budget 21597s
c hydra_satsuma: satsuma-iter+kissat time 5194s / budget 21597s
c hydra_satsuma: satsuma-iter+kissat time 5199s / budget 21597s
c hydra_satsuma: satsuma-iter+kissat time 5204s / budget 21597s
c hydra_satsuma: satsuma-iter+kissat time 5209s / budget 21597s
c hydra_satsuma: satsuma-iter+kissat time 5214s / budget 21597s
c hydra_satsuma: satsuma-iter+kissat time 5219s / budget 21597s
c hydra_satsuma: satsuma-iter+kissat time 5224s / budget 21597s
c hydra_satsuma: satsuma-iter+kissat time 5230s / budget 21597s
c hydra_satsuma: satsuma-iter+kissat time 5235s / budget 21597s
c hydra_satsuma: satsuma-iter+kissat time 5240s / budget 21597s
c hydra_satsuma: satsuma-iter+kissat time 5245s / budget 21597s
c hydra_satsuma: satsuma-iter+kissat time 5250s / budget 21597s
c hydra_satsuma: satsuma-iter+kissat time 5255s / budget 21597s
c hydra_satsuma: satsuma-iter+kissat time 5260s / budget 21597s
c hydra_satsuma: satsuma-iter+kissat time 5265s / budget 21597s
c hydra_satsuma: satsuma-iter+kissat time 5270s / budget 21597s
c hydra_satsuma: satsuma-iter+kissat time 5275s / budget 21597s
c hydra_satsuma: satsuma-iter+kissat time 5280s / budget 21597s
c hydra_satsuma: satsuma-iter+kissat time 5286s / budget 21597s
c hydra_satsuma: satsuma-iter+kissat time 5291s / budget 21597s
c hydra_satsuma: satsuma-iter+kissat time 5296s / budget 21597s
c hydra_satsuma: satsuma-iter+kissat time 5301s / budget 21597s
c hydra_satsuma: satsuma-iter+kissat time 5306s / budget 21597s
c hydra_satsuma: satsuma-iter+kissat time 5311s / budget 21597s
c hydra_satsuma: satsuma-iter+kissat time 5316s / budget 21597s
c hydra_satsuma: satsuma-iter+kissat time 5321s / budget 21597s
c hydra_satsuma: satsuma-iter+kissat time 5326s / budget 21597s
c hydra_satsuma: satsuma-iter+kissat time 5331s / budget 21597s
c hydra_satsuma: satsuma-iter+kissat time 5336s / budget 21597s
c hydra_satsuma: satsuma-iter+kissat time 5341s / budget 21597s
c hydra_satsuma: satsuma-iter+kissat time 5346s / budget 21597s
c hydra_satsuma: satsuma-iter+kissat time 5352s / budget 21597s
c hydra_satsuma: satsuma-iter+kissat time 5357s / budget 21597s
c hydra_satsuma: satsuma-iter+kissat time 5362s / budget 21597s
c hydra_satsuma: satsuma-iter+kissat time 5367s / budget 21597s
c hydra_satsuma: satsuma-iter+kissat time 5372s / budget 21597s
c hydra_satsuma: satsuma-iter+kissat time 5377s / budget 21597s
c hydra_satsuma: satsuma-iter+kissat time 5382s / budget 21597s
c hydra_satsuma: satsuma-iter+kissat time 5387s / budget 21597s
c hydra_satsuma: satsuma-iter+kissat time 5392s / budget 21597s
c hydra_satsuma: satsuma-iter+kissat time 5397s / budget 21597s
c hydra_satsuma: satsuma-iter+kissat time 5402s / budget 21597s
c hydra_satsuma: satsuma-iter+kissat time 5407s / budget 21597s
c hydra_satsuma: satsuma-iter+kissat time 5412s / budget 21597s
c hydra_satsuma: satsuma-iter+kissat time 5418s / budget 21597s
c hydra_satsuma: satsuma-iter+kissat time 5423s / budget 21597s
c hydra_satsuma: satsuma-iter+kissat time 5428s / budget 21597s
c hydra_satsuma: satsuma-iter+kissat time 5433s / budget 21597s
c hydra_satsuma: satsuma-iter+kissat time 5438s / budget 21597s
c hydra_satsuma: satsuma-iter+kissat time 5443s / budget 21597s
c hydra_satsuma: satsuma-iter+kissat time 5448s / budget 21597s
c hydra_satsuma: satsuma-iter+kissat time 5453s / budget 21597s
c hydra_satsuma: satsuma-iter+kissat time 5458s / budget 21597s
c hydra_satsuma: satsuma-iter+kissat time 5463s / budget 21597s
c hydra_satsuma: satsuma-iter+kissat time 5468s / budget 21597s
c hydra_satsuma: satsuma-iter+kissat time 5473s / budget 21597s
c hydra_satsuma: satsuma-iter+kissat time 5479s / budget 21597s
c hydra_satsuma: satsuma-iter+kissat time 5484s / budget 21597s
c hydra_satsuma: satsuma-iter+kissat time 5489s / budget 21597s
c hydra_satsuma: satsuma-iter+kissat time 5494s / budget 21597s
c hydra_satsuma: satsuma-iter+kissat time 5499s / budget 21597s
c hydra_satsuma: satsuma-iter+kissat time 5504s / budget 21597s
c hydra_satsuma: satsuma-iter+kissat time 5509s / budget 21597s
c hydra_satsuma: satsuma-iter+kissat time 5514s / budget 21597s
c hydra_satsuma: satsuma-iter+kissat time 5519s / budget 21597s
c hydra_satsuma: satsuma-iter+kissat time 5524s / budget 21597s
c hydra_satsuma: satsuma-iter+kissat time 5529s / budget 21597s
c hydra_satsuma: satsuma-iter+kissat time 5534s / budget 21597s
c hydra_satsuma: satsuma-iter+kissat time 5540s / budget 21597s
c hydra_satsuma: satsuma-iter+kissat time 5545s / budget 21597s
c hydra_satsuma: satsuma-iter+kissat time 5550s / budget 21597s
c hydra_satsuma: satsuma-iter+kissat time 5555s / budget 21597s
c hydra_satsuma: satsuma-iter+kissat time 5560s / budget 21597s
c hydra_satsuma: satsuma-iter+kissat time 5565s / budget 21597s
c hydra_satsuma: satsuma-iter+kissat time 5570s / budget 21597s
c hydra_satsuma: satsuma-iter+kissat time 5575s / budget 21597s
c hydra_satsuma: satsuma-iter+kissat time 5580s / budget 21597s
c hydra_satsuma: satsuma-iter+kissat time 5585s / budget 21597s
c hydra_satsuma: satsuma-iter+kissat time 5590s / budget 21597s
c hydra_satsuma: satsuma-iter+kissat time 5595s / budget 21597s
c hydra_satsuma: satsuma-iter+kissat time 5601s / budget 21597s
c hydra_satsuma: satsuma-iter+kissat time 5606s / budget 21597s
c hydra_satsuma: satsuma-iter+kissat time 5611s / budget 21597s
c hydra_satsuma: satsuma-iter+kissat time 5616s / budget 21597s
c hydra_satsuma: satsuma-iter+kissat time 5621s / budget 21597s
c hydra_satsuma: satsuma-iter+kissat time 5626s / budget 21597s
c hydra_satsuma: satsuma-iter+kissat time 5631s / budget 21597s
c hydra_satsuma: satsuma-iter+kissat time 5636s / budget 21597s
c hydra_satsuma: satsuma-iter+kissat time 5641s / budget 21597s
c hydra_satsuma: satsuma-iter+kissat time 5646s / budget 21597s
c hydra_satsuma: satsuma-iter+kissat time 5651s / budget 21597s
c hydra_satsuma: satsuma-iter+kissat time 5656s / budget 21597s
c hydra_satsuma: satsuma-iter+kissat time 5662s / budget 21597s
c hydra_satsuma: satsuma-iter+kissat time 5667s / budget 21597s
c hydra_satsuma: satsuma-iter+kissat time 5672s / budget 21597s
c hydra_satsuma: satsuma-iter+kissat time 5677s / budget 21597s
c hydra_satsuma: satsuma-iter+kissat time 5682s / budget 21597s
c hydra_satsuma: satsuma-iter+kissat time 5687s / budget 21597s
c hydra_satsuma: satsuma-iter+kissat time 5692s / budget 21597s
c hydra_satsuma: satsuma-iter+kissat time 5697s / budget 21597s
c hydra_satsuma: satsuma-iter+kissat time 5702s / budget 21597s
c hydra_satsuma: satsuma-iter+kissat time 5707s / budget 21597s
c hydra_satsuma: satsuma-iter+kissat time 5712s / budget 21597s
c hydra_satsuma: satsuma-iter+kissat time 5717s / budget 21597s
c hydra_satsuma: satsuma-iter+kissat time 5722s / budget 21597s
c hydra_satsuma: satsuma-iter+kissat time 5728s / budget 21597s
c hydra_satsuma: satsuma-iter+kissat time 5733s / budget 21597s
c hydra_satsuma: satsuma-iter+kissat time 5738s / budget 21597s
c hydra_satsuma: satsuma-iter+kissat time 5743s / budget 21597s
c hydra_satsuma: satsuma-iter+kissat time 5748s / budget 21597s
c hydra_satsuma: satsuma-iter+kissat time 5753s / budget 21597s
c hydra_satsuma: satsuma-iter+kissat time 5758s / budget 21597s
c hydra_satsuma: satsuma-iter+kissat time 5763s / budget 21597s
c hydra_satsuma: satsuma-iter+kissat time 5768s / budget 21597s
c hydra_satsuma: satsuma-iter+kissat time 5773s / budget 21597s
c hydra_satsuma: satsuma-iter+kissat time 5778s / budget 21597s
c hydra_satsuma: satsuma-iter+kissat time 5784s / budget 21597s
c hydra_satsuma: satsuma-iter+kissat time 5789s / budget 21597s
c hydra_satsuma: satsuma-iter+kissat time 5794s / budget 21597s
c hydra_satsuma: satsuma-iter+kissat time 5799s / budget 21597s
c hydra_satsuma: satsuma-iter+kissat time 5804s / budget 21597s
c hydra_satsuma: satsuma-iter+kissat time 5809s / budget 21597s
c hydra_satsuma: satsuma-iter+kissat time 5814s / budget 21597s
c hydra_satsuma: satsuma-iter+kissat time 5819s / budget 21597s
c hydra_satsuma: satsuma-iter+kissat time 5824s / budget 21597s
c hydra_satsuma: satsuma-iter+kissat time 5829s / budget 21597s
c hydra_satsuma: satsuma-iter+kissat time 5834s / budget 21597s
c hydra_satsuma: satsuma-iter+kissat time 5839s / budget 21597s
c hydra_satsuma: satsuma-iter+kissat time 5844s / budget 21597s
c hydra_satsuma: satsuma-iter+kissat time 5850s / budget 21597s
c hydra_satsuma: satsuma-iter+kissat time 5855s / budget 21597s
c hydra_satsuma: satsuma-iter+kissat time 5860s / budget 21597s
c hydra_satsuma: satsuma-iter+kissat time 5865s / budget 21597s
c hydra_satsuma: satsuma-iter+kissat time 5870s / budget 21597s
c hydra_satsuma: satsuma-iter+kissat time 5875s / budget 21597s
c hydra_satsuma: satsuma-iter+kissat time 5880s / budget 21597s
c hydra_satsuma: satsuma-iter+kissat time 5885s / budget 21597s
c hydra_satsuma: satsuma-iter+kissat time 5890s / budget 21597s
c hydra_satsuma: satsuma-iter+kissat time 5895s / budget 21597s
c hydra_satsuma: satsuma-iter+kissat time 5900s / budget 21597s
c hydra_satsuma: satsuma-iter+kissat time 5906s / budget 21597s
c hydra_satsuma: satsuma-iter+kissat time 5911s / budget 21597s
c hydra_satsuma: satsuma-iter+kissat time 5916s / budget 21597s
c hydra_satsuma: satsuma-iter+kissat time 5921s / budget 21597s
c hydra_satsuma: satsuma-iter+kissat time 5926s / budget 21597s
c hydra_satsuma: satsuma-iter+kissat time 5931s / budget 21597s
c hydra_satsuma: satsuma-iter+kissat time 5936s / budget 21597s
c hydra_satsuma: satsuma-iter+kissat time 5941s / budget 21597s
c hydra_satsuma: satsuma-iter+kissat time 5946s / budget 21597s
c hydra_satsuma: satsuma-iter+kissat time 5951s / budget 21597s
c hydra_satsuma: satsuma-iter+kissat time 5956s / budget 21597s
c hydra_satsuma: satsuma-iter+kissat time 5961s / budget 21597s
c hydra_satsuma: satsuma-iter+kissat time 5967s / budget 21597s
c hydra_satsuma: satsuma-iter+kissat time 5972s / budget 21597s
c hydra_satsuma: satsuma-iter+kissat time 5977s / budget 21597s
c hydra_satsuma: satsuma-iter+kissat time 5982s / budget 21597s
c hydra_satsuma: satsuma-iter+kissat time 5987s / budget 21597s
c hydra_satsuma: satsuma-iter+kissat time 5992s / budget 21597s
c hydra_satsuma: satsuma-iter+kissat time 5997s / budget 21597s
c hydra_satsuma: satsuma-iter+kissat time 6002s / budget 21597s
c hydra_satsuma: satsuma-iter+kissat time 6007s / budget 21597s
c hydra_satsuma: satsuma-iter+kissat time 6012s / budget 21597s
c hydra_satsuma: satsuma-iter+kissat time 6017s / budget 21597s
c hydra_satsuma: satsuma-iter+kissat time 6022s / budget 21597s
c hydra_satsuma: satsuma-iter+kissat time 6028s / budget 21597s
c hydra_satsuma: satsuma-iter+kissat time 6033s / budget 21597s
c hydra_satsuma: satsuma-iter+kissat time 6038s / budget 21597s
c hydra_satsuma: satsuma-iter+kissat time 6043s / budget 21597s
c hydra_satsuma: satsuma-iter+kissat time 6048s / budget 21597s
c hydra_satsuma: satsuma-iter+kissat time 6053s / budget 21597s
c hydra_satsuma: satsuma-iter+kissat time 6058s / budget 21597s
c hydra_satsuma: satsuma-iter+kissat time 6063s / budget 21597s
c hydra_satsuma: satsuma-iter+kissat time 6068s / budget 21597s
c hydra_satsuma: satsuma-iter+kissat time 6073s / budget 21597s
c hydra_satsuma: satsuma-iter+kissat time 6078s / budget 21597s
c hydra_satsuma: satsuma-iter+kissat time 6083s / budget 21597s
c hydra_satsuma: satsuma-iter+kissat time 6089s / budget 21597s
c hydra_satsuma: satsuma-iter+kissat time 6094s / budget 21597s
c hydra_satsuma: satsuma-iter+kissat time 6099s / budget 21597s
c hydra_satsuma: satsuma-iter+kissat time 6104s / budget 21597s
c hydra_satsuma: satsuma-iter+kissat time 6109s / budget 21597s
c hydra_satsuma: satsuma-iter+kissat time 6114s / budget 21597s
c hydra_satsuma: satsuma-iter+kissat time 6119s / budget 21597s
c hydra_satsuma: satsuma-iter+kissat time 6124s / budget 21597s
c hydra_satsuma: satsuma-iter+kissat time 6129s / budget 21597s
c hydra_satsuma: satsuma-iter+kissat time 6134s / budget 21597s
c hydra_satsuma: satsuma-iter+kissat time 6139s / budget 21597s
c hydra_satsuma: satsuma-iter+kissat time 6144s / budget 21597s
c hydra_satsuma: satsuma-iter+kissat time 6150s / budget 21597s
c hydra_satsuma: satsuma-iter+kissat time 6155s / budget 21597s
c hydra_satsuma: satsuma-iter+kissat time 6160s / budget 21597s
c hydra_satsuma: satsuma-iter+kissat time 6165s / budget 21597s
c hydra_satsuma: satsuma-iter+kissat time 6170s / budget 21597s
c hydra_satsuma: satsuma-iter+kissat time 6175s / budget 21597s
c hydra_satsuma: satsuma-iter+kissat time 6180s / budget 21597s
c hydra_satsuma: satsuma-iter+kissat time 6185s / budget 21597s
c hydra_satsuma: satsuma-iter+kissat time 6190s / budget 21597s
c hydra_satsuma: satsuma-iter+kissat time 6195s / budget 21597s
c hydra_satsuma: satsuma-iter+kissat time 6200s / budget 21597s
c hydra_satsuma: satsuma-iter+kissat time 6206s / budget 21597s
c hydra_satsuma: satsuma-iter+kissat time 6211s / budget 21597s
c hydra_satsuma: satsuma-iter+kissat time 6216s / budget 21597s
c hydra_satsuma: satsuma-iter+kissat time 6221s / budget 21597s
c hydra_satsuma: satsuma-iter+kissat time 6226s / budget 21597s
c hydra_satsuma: satsuma-iter+kissat time 6231s / budget 21597s
c hydra_satsuma: satsuma-iter+kissat time 6236s / budget 21597s
c hydra_satsuma: satsuma-iter+kissat time 6241s / budget 21597s
c hydra_satsuma: satsuma-iter+kissat time 6246s / budget 21597s
c hydra_satsuma: satsuma-iter+kissat time 6251s / budget 21597s
c hydra_satsuma: satsuma-iter+kissat time 6256s / budget 21597s
c hydra_satsuma: satsuma-iter+kissat time 6261s / budget 21597s
c hydra_satsuma: satsuma-iter+kissat time 6266s / budget 21597s
c hydra_satsuma: satsuma-iter+kissat time 6271s / budget 21597s
c hydra_satsuma: satsuma-iter+kissat time 6276s / budget 21597s
c hydra_satsuma: satsuma-iter+kissat time 6281s / budget 21597s
c hydra_satsuma: satsuma-iter+kissat time 6287s / budget 21597s
c hydra_satsuma: satsuma-iter+kissat time 6292s / budget 21597s
c hydra_satsuma: satsuma-iter+kissat time 6297s / budget 21597s
c hydra_satsuma: satsuma-iter+kissat time 6302s / budget 21597s
c hydra_satsuma: satsuma-iter+kissat time 6307s / budget 21597s
c hydra_satsuma: satsuma-iter+kissat time 6312s / budget 21597s
c hydra_satsuma: satsuma-iter+kissat time 6317s / budget 21597s
c hydra_satsuma: satsuma-iter+kissat time 6322s / budget 21597s
c hydra_satsuma: satsuma-iter+kissat time 6327s / budget 21597s
c hydra_satsuma: satsuma-iter+kissat time 6332s / budget 21597s
c hydra_satsuma: satsuma-iter+kissat time 6337s / budget 21597s
c hydra_satsuma: satsuma-iter+kissat time 6342s / budget 21597s
c hydra_satsuma: satsuma-iter+kissat time 6347s / budget 21597s
c hydra_satsuma: satsuma-iter+kissat time 6352s / budget 21597s
c hydra_satsuma: satsuma-iter+kissat time 6357s / budget 21597s
c hydra_satsuma: satsuma-iter+kissat time 6362s / budget 21597s
c hydra_satsuma: satsuma-iter+kissat time 6367s / budget 21597s
c hydra_satsuma: satsuma-iter+kissat time 6373s / budget 21597s
c hydra_satsuma: satsuma-iter+kissat time 6378s / budget 21597s
c hydra_satsuma: satsuma-iter+kissat time 6383s / budget 21597s
c hydra_satsuma: satsuma-iter+kissat time 6388s / budget 21597s
c hydra_satsuma: satsuma-iter+kissat time 6393s / budget 21597s
c hydra_satsuma: satsuma-iter+kissat time 6398s / budget 21597s
c hydra_satsuma: satsuma-iter+kissat time 6403s / budget 21597s
c hydra_satsuma: satsuma-iter+kissat time 6408s / budget 21597s
c hydra_satsuma: satsuma-iter+kissat time 6413s / budget 21597s
c hydra_satsuma: satsuma-iter+kissat time 6418s / budget 21597s
c hydra_satsuma: satsuma-iter+kissat time 6423s / budget 21597s
c hydra_satsuma: satsuma-iter+kissat time 6428s / budget 21597s
c hydra_satsuma: satsuma-iter+kissat time 6433s / budget 21597s
c hydra_satsuma: satsuma-iter+kissat time 6438s / budget 21597s
c hydra_satsuma: satsuma-iter+kissat time 6443s / budget 21597s
c hydra_satsuma: satsuma-iter+kissat time 6448s / budget 21597s
c hydra_satsuma: satsuma-iter+kissat time 6454s / budget 21597s
c hydra_satsuma: satsuma-iter+kissat time 6459s / budget 21597s
c hydra_satsuma: satsuma-iter+kissat time 6464s / budget 21597s
c hydra_satsuma: satsuma-iter+kissat time 6469s / budget 21597s
c hydra_satsuma: satsuma-iter+kissat time 6474s / budget 21597s
c hydra_satsuma: satsuma-iter+kissat time 6479s / budget 21597s
c hydra_satsuma: satsuma-iter+kissat time 6484s / budget 21597s
c hydra_satsuma: satsuma-iter+kissat time 6489s / budget 21597s
c hydra_satsuma: satsuma-iter+kissat time 6494s / budget 21597s
c hydra_satsuma: satsuma-iter+kissat time 6499s / budget 21597s
c hydra_satsuma: satsuma-iter+kissat time 6504s / budget 21597s
c hydra_satsuma: satsuma-iter+kissat time 6509s / budget 21597s
c hydra_satsuma: satsuma-iter+kissat time 6514s / budget 21597s
c hydra_satsuma: satsuma-iter+kissat time 6519s / budget 21597s
c hydra_satsuma: satsuma-iter+kissat time 6524s / budget 21597s
c hydra_satsuma: satsuma-iter+kissat time 6529s / budget 21597s
c hydra_satsuma: satsuma-iter+kissat time 6534s / budget 21597s
c hydra_satsuma: satsuma-iter+kissat time 6540s / budget 21597s
c hydra_satsuma: satsuma-iter+kissat time 6545s / budget 21597s
c hydra_satsuma: satsuma-iter+kissat time 6550s / budget 21597s
c hydra_satsuma: satsuma-iter+kissat time 6555s / budget 21597s
c hydra_satsuma: satsuma-iter+kissat time 6560s / budget 21597s
c hydra_satsuma: satsuma-iter+kissat time 6565s / budget 21597s
c hydra_satsuma: satsuma-iter+kissat time 6570s / budget 21597s
c hydra_satsuma: satsuma-iter+kissat time 6575s / budget 21597s
c hydra_satsuma: satsuma-iter+kissat time 6580s / budget 21597s
c hydra_satsuma: satsuma-iter+kissat time 6585s / budget 21597s
c hydra_satsuma: satsuma-iter+kissat time 6590s / budget 21597s
c hydra_satsuma: satsuma-iter+kissat time 6595s / budget 21597s
c hydra_satsuma: satsuma-iter+kissat time 6600s / budget 21597s
c hydra_satsuma: satsuma-iter+kissat time 6605s / budget 21597s
c hydra_satsuma: satsuma-iter+kissat time 6610s / budget 21597s
c hydra_satsuma: satsuma-iter+kissat time 6616s / budget 21597s
c hydra_satsuma: satsuma-iter+kissat time 6621s / budget 21597s
c hydra_satsuma: satsuma-iter+kissat time 6626s / budget 21597s
c hydra_satsuma: satsuma-iter+kissat time 6631s / budget 21597s
c hydra_satsuma: satsuma-iter+kissat time 6636s / budget 21597s
c hydra_satsuma: satsuma-iter+kissat time 6641s / budget 21597s
c hydra_satsuma: satsuma-iter+kissat time 6646s / budget 21597s
c hydra_satsuma: satsuma-iter+kissat time 6651s / budget 21597s
c hydra_satsuma: satsuma-iter+kissat time 6656s / budget 21597s
c hydra_satsuma: satsuma-iter+kissat time 6661s / budget 21597s
c hydra_satsuma: satsuma-iter+kissat time 6666s / budget 21597s
c hydra_satsuma: satsuma-iter+kissat time 6671s / budget 21597s
c hydra_satsuma: satsuma-iter+kissat time 6676s / budget 21597s
c hydra_satsuma: satsuma-iter+kissat time 6681s / budget 21597s
c hydra_satsuma: satsuma-iter+kissat time 6686s / budget 21597s
c hydra_satsuma: satsuma-iter+kissat time 6691s / budget 21597s
c hydra_satsuma: satsuma-iter+kissat time 6696s / budget 21597s
c hydra_satsuma: satsuma-iter+kissat time 6701s / budget 21597s
c hydra_satsuma: satsuma-iter+kissat time 6707s / budget 21597s
c hydra_satsuma: satsuma-iter+kissat time 6712s / budget 21597s
c hydra_satsuma: satsuma-iter+kissat time 6717s / budget 21597s
c hydra_satsuma: satsuma-iter+kissat time 6722s / budget 21597s
c hydra_satsuma: satsuma-iter+kissat time 6727s / budget 21597s
c hydra_satsuma: satsuma-iter+kissat time 6732s / budget 21597s
c hydra_satsuma: satsuma-iter+kissat time 6737s / budget 21597s
c hydra_satsuma: satsuma-iter+kissat time 6742s / budget 21597s
c hydra_satsuma: satsuma-iter+kissat time 6747s / budget 21597s
c hydra_satsuma: satsuma-iter+kissat time 6752s / budget 21597s
c hydra_satsuma: satsuma-iter+kissat time 6757s / budget 21597s
c hydra_satsuma: satsuma-iter+kissat time 6762s / budget 21597s
c hydra_satsuma: satsuma-iter+kissat time 6767s / budget 21597s
c hydra_satsuma: satsuma-iter+kissat time 6772s / budget 21597s
c hydra_satsuma: satsuma-iter+kissat time 6777s / budget 21597s
c hydra_satsuma: satsuma-iter+kissat time 6782s / budget 21597s
c hydra_satsuma: satsuma-iter+kissat time 6788s / budget 21597s
c hydra_satsuma: satsuma-iter+kissat time 6793s / budget 21597s
c hydra_satsuma: satsuma-iter+kissat time 6798s / budget 21597s
c hydra_satsuma: satsuma-iter+kissat time 6803s / budget 21597s
c hydra_satsuma: satsuma-iter+kissat time 6808s / budget 21597s
c hydra_satsuma: satsuma-iter+kissat time 6813s / budget 21597s
c hydra_satsuma: satsuma-iter+kissat time 6818s / budget 21597s
c hydra_satsuma: satsuma-iter+kissat time 6823s / budget 21597s
c hydra_satsuma: satsuma-iter+kissat time 6828s / budget 21597s
c hydra_satsuma: satsuma-iter+kissat time 6833s / budget 21597s
c hydra_satsuma: satsuma-iter+kissat time 6838s / budget 21597s
c hydra_satsuma: satsuma-iter+kissat time 6843s / budget 21597s
c hydra_satsuma: satsuma-iter+kissat time 6848s / budget 21597s
c hydra_satsuma: satsuma-iter+kissat time 6853s / budget 21597s
c hydra_satsuma: satsuma-iter+kissat time 6858s / budget 21597s
c hydra_satsuma: satsuma-iter+kissat time 6863s / budget 21597s
c hydra_satsuma: satsuma-iter+kissat time 6869s / budget 21597s
c hydra_satsuma: satsuma-iter+kissat time 6874s / budget 21597s
c hydra_satsuma: satsuma-iter+kissat time 6879s / budget 21597s
c hydra_satsuma: satsuma-iter+kissat time 6884s / budget 21597s
c hydra_satsuma: satsuma-iter+kissat time 6889s / budget 21597s
c hydra_satsuma: satsuma-iter+kissat time 6894s / budget 21597s
c hydra_satsuma: satsuma-iter+kissat time 6899s / budget 21597s
c hydra_satsuma: satsuma-iter+kissat time 6904s / budget 21597s
c hydra_satsuma: satsuma-iter+kissat time 6909s / budget 21597s
c hydra_satsuma: satsuma-iter+kissat time 6914s / budget 21597s
c hydra_satsuma: satsuma-iter+kissat time 6919s / budget 21597s
c hydra_satsuma: satsuma-iter+kissat time 6924s / budget 21597s
c hydra_satsuma: satsuma-iter+kissat time 6929s / budget 21597s
c hydra_satsuma: satsuma-iter+kissat time 6934s / budget 21597s
c hydra_satsuma: satsuma-iter+kissat time 6939s / budget 21597s
c hydra_satsuma: satsuma-iter+kissat time 6944s / budget 21597s
c hydra_satsuma: satsuma-iter+kissat time 6949s / budget 21597s
c hydra_satsuma: satsuma-iter+kissat time 6955s / budget 21597s
c hydra_satsuma: satsuma-iter+kissat time 6960s / budget 21597s
c hydra_satsuma: satsuma-iter+kissat time 6965s / budget 21597s
c hydra_satsuma: satsuma-iter+kissat time 6970s / budget 21597s
c hydra_satsuma: satsuma-iter+kissat time 6975s / budget 21597s
c hydra_satsuma: satsuma-iter+kissat time 6980s / budget 21597s
c hydra_satsuma: satsuma-iter+kissat time 6985s / budget 21597s
c hydra_satsuma: satsuma-iter+kissat time 6990s / budget 21597s
c hydra_satsuma: satsuma-iter+kissat time 6995s / budget 21597s
c hydra_satsuma: satsuma-iter+kissat time 7000s / budget 21597s
c hydra_satsuma: satsuma-iter+kissat time 7005s / budget 21597s
c hydra_satsuma: satsuma-iter+kissat time 7010s / budget 21597s
c hydra_satsuma: satsuma-iter+kissat time 7015s / budget 21597s
c hydra_satsuma: satsuma-iter+kissat time 7020s / budget 21597s
c hydra_satsuma: satsuma-iter+kissat time 7025s / budget 21597s
c hydra_satsuma: satsuma-iter+kissat time 7030s / budget 21597s
c hydra_satsuma: satsuma-iter+kissat time 7036s / budget 21597s
c hydra_satsuma: satsuma-iter+kissat time 7041s / budget 21597s
c hydra_satsuma: satsuma-iter+kissat time 7046s / budget 21597s
c hydra_satsuma: satsuma-iter+kissat time 7051s / budget 21597s
c hydra_satsuma: satsuma-iter+kissat time 7056s / budget 21597s
c hydra_satsuma: satsuma-iter+kissat time 7061s / budget 21597s
c hydra_satsuma: satsuma-iter+kissat time 7066s / budget 21597s
c hydra_satsuma: satsuma-iter+kissat time 7071s / budget 21597s
c hydra_satsuma: satsuma-iter+kissat time 7076s / budget 21597s
c hydra_satsuma: satsuma-iter+kissat time 7081s / budget 21597s
c hydra_satsuma: satsuma-iter+kissat time 7086s / budget 21597s
c hydra_satsuma: satsuma-iter+kissat time 7091s / budget 21597s
c hydra_satsuma: satsuma-iter+kissat time 7096s / budget 21597s
c hydra_satsuma: satsuma-iter+kissat time 7101s / budget 21597s
c hydra_satsuma: satsuma-iter+kissat time 7106s / budget 21597s
c hydra_satsuma: satsuma-iter+kissat time 7111s / budget 21597s
c hydra_satsuma: satsuma-iter+kissat time 7117s / budget 21597s
c hydra_satsuma: satsuma-iter+kissat time 7122s / budget 21597s
c hydra_satsuma: satsuma-iter+kissat time 7127s / budget 21597s
c hydra_satsuma: satsuma-iter+kissat time 7132s / budget 21597s
c hydra_satsuma: satsuma-iter+kissat time 7137s / budget 21597s
c hydra_satsuma: satsuma-iter+kissat time 7142s / budget 21597s
c hydra_satsuma: satsuma-iter+kissat time 7147s / budget 21597s
c hydra_satsuma: satsuma-iter+kissat time 7152s / budget 21597s
c hydra_satsuma: satsuma-iter+kissat time 7157s / budget 21597s
c hydra_satsuma: satsuma-iter+kissat time 7162s / budget 21597s
c hydra_satsuma: satsuma-iter+kissat time 7167s / budget 21597s
c hydra_satsuma: satsuma-iter+kissat time 7172s / budget 21597s
c hydra_satsuma: satsuma-iter+kissat time 7177s / budget 21597s
c hydra_satsuma: satsuma-iter+kissat time 7182s / budget 21597s
c hydra_satsuma: satsuma-iter+kissat time 7187s / budget 21597s
c hydra_satsuma: satsuma-iter+kissat time 7192s / budget 21597s
c hydra_satsuma: satsuma-iter+kissat time 7198s / budget 21597s
c hydra_satsuma: satsuma-iter+kissat time 7203s / budget 21597s
c hydra_satsuma: satsuma-iter+kissat time 7208s / budget 21597s
c hydra_satsuma: satsuma-iter+kissat time 7213s / budget 21597s
c hydra_satsuma: satsuma-iter+kissat time 7218s / budget 21597s
c hydra_satsuma: satsuma-iter+kissat time 7223s / budget 21597s
c hydra_satsuma: satsuma-iter+kissat time 7228s / budget 21597s
c hydra_satsuma: satsuma-iter+kissat time 7233s / budget 21597s
c hydra_satsuma: satsuma-iter+kissat time 7238s / budget 21597s
c hydra_satsuma: satsuma-iter+kissat time 7243s / budget 21597s
c hydra_satsuma: satsuma-iter+kissat time 7248s / budget 21597s
c hydra_satsuma: satsuma-iter+kissat time 7253s / budget 21597s
c hydra_satsuma: satsuma-iter+kissat time 7258s / budget 21597s
c hydra_satsuma: satsuma-iter+kissat time 7263s / budget 21597s
c hydra_satsuma: satsuma-iter+kissat time 7268s / budget 21597s
c hydra_satsuma: satsuma-iter+kissat time 7274s / budget 21597s
c hydra_satsuma: satsuma-iter+kissat time 7279s / budget 21597s
c hydra_satsuma: satsuma-iter+kissat time 7284s / budget 21597s
c hydra_satsuma: satsuma-iter+kissat time 7289s / budget 21597s
c hydra_satsuma: satsuma-iter+kissat time 7294s / budget 21597s
c hydra_satsuma: satsuma-iter+kissat time 7299s / budget 21597s
c hydra_satsuma: satsuma-iter+kissat time 7304s / budget 21597s
c hydra_satsuma: satsuma-iter+kissat time 7309s / budget 21597s
c hydra_satsuma: satsuma-iter+kissat time 7314s / budget 21597s
c hydra_satsuma: satsuma-iter+kissat time 7319s / budget 21597s
c hydra_satsuma: satsuma-iter+kissat time 7324s / budget 21597s
c hydra_satsuma: satsuma-iter+kissat time 7329s / budget 21597s
c hydra_satsuma: satsuma-iter+kissat time 7334s / budget 21597s
c hydra_satsuma: satsuma-iter+kissat time 7339s / budget 21597s
c hydra_satsuma: satsuma-iter+kissat time 7344s / budget 21597s
c hydra_satsuma: satsuma-iter+kissat time 7349s / budget 21597s
c hydra_satsuma: satsuma-iter+kissat time 7355s / budget 21597s
c hydra_satsuma: satsuma-iter+kissat time 7360s / budget 21597s
c hydra_satsuma: satsuma-iter+kissat time 7365s / budget 21597s
c hydra_satsuma: satsuma-iter+kissat time 7370s / budget 21597s
c hydra_satsuma: satsuma-iter+kissat time 7375s / budget 21597s
c hydra_satsuma: satsuma-iter+kissat time 7380s / budget 21597s
c hydra_satsuma: satsuma-iter+kissat time 7385s / budget 21597s
c hydra_satsuma: satsuma-iter+kissat time 7390s / budget 21597s
c hydra_satsuma: satsuma-iter+kissat time 7395s / budget 21597s
c hydra_satsuma: satsuma-iter+kissat time 7400s / budget 21597s
c hydra_satsuma: satsuma-iter+kissat time 7405s / budget 21597s
c hydra_satsuma: satsuma-iter+kissat time 7410s / budget 21597s
c hydra_satsuma: satsuma-iter+kissat time 7415s / budget 21597s
c hydra_satsuma: satsuma-iter+kissat time 7420s / budget 21597s
c hydra_satsuma: satsuma-iter+kissat time 7425s / budget 21597s
c hydra_satsuma: satsuma-iter+kissat time 7430s / budget 21597s
c hydra_satsuma: satsuma-iter+kissat time 7436s / budget 21597s
c hydra_satsuma: satsuma-iter+kissat time 7441s / budget 21597s
c hydra_satsuma: satsuma-iter+kissat time 7446s / budget 21597s
c hydra_satsuma: satsuma-iter+kissat time 7451s / budget 21597s
c hydra_satsuma: satsuma-iter+kissat time 7456s / budget 21597s
c hydra_satsuma: satsuma-iter+kissat time 7461s / budget 21597s
c hydra_satsuma: satsuma-iter+kissat time 7466s / budget 21597s
c hydra_satsuma: satsuma-iter+kissat time 7471s / budget 21597s
c hydra_satsuma: satsuma-iter+kissat time 7476s / budget 21597s
c hydra_satsuma: satsuma-iter+kissat time 7481s / budget 21597s
c hydra_satsuma: satsuma-iter+kissat time 7486s / budget 21597s
c hydra_satsuma: satsuma-iter+kissat time 7491s / budget 21597s
c hydra_satsuma: satsuma-iter+kissat time 7496s / budget 21597s
c hydra_satsuma: satsuma-iter+kissat time 7501s / budget 21597s
c hydra_satsuma: satsuma-iter+kissat time 7506s / budget 21597s
c hydra_satsuma: satsuma-iter+kissat time 7511s / budget 21597s
c hydra_satsuma: satsuma-iter+kissat time 7516s / budget 21597s
c hydra_satsuma: satsuma-iter+kissat time 7522s / budget 21597s
c hydra_satsuma: satsuma-iter+kissat time 7527s / budget 21597s
c hydra_satsuma: satsuma-iter+kissat time 7532s / budget 21597s
c hydra_satsuma: satsuma-iter+kissat time 7537s / budget 21597s
c hydra_satsuma: satsuma-iter+kissat time 7542s / budget 21597s
c hydra_satsuma: satsuma-iter+kissat time 7547s / budget 21597s
c hydra_satsuma: satsuma-iter+kissat time 7552s / budget 21597s
c hydra_satsuma: satsuma-iter+kissat time 7557s / budget 21597s
c hydra_satsuma: satsuma-iter+kissat time 7562s / budget 21597s
c hydra_satsuma: satsuma-iter+kissat time 7567s / budget 21597s
c hydra_satsuma: satsuma-iter+kissat time 7572s / budget 21597s
c hydra_satsuma: satsuma-iter+kissat time 7577s / budget 21597s
c hydra_satsuma: satsuma-iter+kissat time 7582s / budget 21597s
c hydra_satsuma: satsuma-iter+kissat time 7587s / budget 21597s
c hydra_satsuma: satsuma-iter+kissat time 7592s / budget 21597s
c hydra_satsuma: satsuma-iter+kissat time 7597s / budget 21597s
c hydra_satsuma: satsuma-iter+kissat time 7603s / budget 21597s
c hydra_satsuma: satsuma-iter+kissat time 7608s / budget 21597s
c hydra_satsuma: satsuma-iter+kissat time 7613s / budget 21597s
c hydra_satsuma: satsuma-iter+kissat time 7618s / budget 21597s
c hydra_satsuma: satsuma-iter+kissat time 7623s / budget 21597s
c hydra_satsuma: satsuma-iter+kissat time 7628s / budget 21597s
c hydra_satsuma: satsuma-iter+kissat time 7633s / budget 21597s
c hydra_satsuma: satsuma-iter+kissat time 7638s / budget 21597s
c hydra_satsuma: satsuma-iter+kissat time 7643s / budget 21597s
c hydra_satsuma: satsuma-iter+kissat time 7648s / budget 21597s
c hydra_satsuma: satsuma-iter+kissat time 7653s / budget 21597s
c hydra_satsuma: satsuma-iter+kissat time 7658s / budget 21597s
c hydra_satsuma: satsuma-iter+kissat time 7663s / budget 21597s
c hydra_satsuma: satsuma-iter+kissat time 7668s / budget 21597s
c hydra_satsuma: satsuma-iter+kissat time 7673s / budget 21597s
c hydra_satsuma: satsuma-iter+kissat time 7678s / budget 21597s
c hydra_satsuma: satsuma-iter+kissat time 7683s / budget 21597s
c hydra_satsuma: satsuma-iter+kissat time 7689s / budget 21597s
c hydra_satsuma: satsuma-iter+kissat time 7694s / budget 21597s
c hydra_satsuma: satsuma-iter+kissat time 7699s / budget 21597s
c hydra_satsuma: satsuma-iter+kissat time 7704s / budget 21597s
c hydra_satsuma: satsuma-iter+kissat time 7709s / budget 21597s
c hydra_satsuma: satsuma-iter+kissat time 7714s / budget 21597s
c hydra_satsuma: satsuma-iter+kissat time 7719s / budget 21597s
c hydra_satsuma: satsuma-iter+kissat time 7724s / budget 21597s
c hydra_satsuma: satsuma-iter+kissat time 7729s / budget 21597s
c hydra_satsuma: satsuma-iter+kissat time 7734s / budget 21597s
c hydra_satsuma: satsuma-iter+kissat time 7739s / budget 21597s
c hydra_satsuma: satsuma-iter+kissat time 7744s / budget 21597s
c hydra_satsuma: satsuma-iter+kissat time 7749s / budget 21597s
c hydra_satsuma: satsuma-iter+kissat time 7754s / budget 21597s
c hydra_satsuma: satsuma-iter+kissat time 7759s / budget 21597s
c hydra_satsuma: satsuma-iter+kissat time 7764s / budget 21597s
c hydra_satsuma: satsuma-iter+kissat time 7770s / budget 21597s
c hydra_satsuma: satsuma-iter+kissat time 7775s / budget 21597s
c hydra_satsuma: satsuma-iter+kissat time 7780s / budget 21597s
c hydra_satsuma: satsuma-iter+kissat time 7785s / budget 21597s
c hydra_satsuma: satsuma-iter+kissat time 7790s / budget 21597s
c hydra_satsuma: satsuma-iter+kissat time 7795s / budget 21597s
c hydra_satsuma: satsuma-iter+kissat time 7800s / budget 21597s
c hydra_satsuma: satsuma-iter+kissat time 7805s / budget 21597s
c hydra_satsuma: satsuma-iter+kissat time 7810s / budget 21597s
c hydra_satsuma: satsuma-iter+kissat time 7815s / budget 21597s
c hydra_satsuma: satsuma-iter+kissat time 7820s / budget 21597s
c hydra_satsuma: satsuma-iter+kissat time 7825s / budget 21597s
c hydra_satsuma: satsuma-iter+kissat time 7830s / budget 21597s
c hydra_satsuma: satsuma-iter+kissat time 7835s / budget 21597s
c hydra_satsuma: satsuma-iter+kissat time 7840s / budget 21597s
c hydra_satsuma: satsuma-iter+kissat time 7846s / budget 21597s
c hydra_satsuma: satsuma-iter+kissat time 7851s / budget 21597s
c hydra_satsuma: satsuma-iter+kissat time 7856s / budget 21597s
c hydra_satsuma: satsuma-iter+kissat time 7861s / budget 21597s
c hydra_satsuma: satsuma-iter+kissat time 7866s / budget 21597s
c hydra_satsuma: satsuma-iter+kissat time 7871s / budget 21597s
c hydra_satsuma: satsuma-iter+kissat time 7876s / budget 21597s
c hydra_satsuma: satsuma-iter+kissat time 7881s / budget 21597s
c hydra_satsuma: satsuma-iter+kissat time 7886s / budget 21597s
c hydra_satsuma: satsuma-iter+kissat time 7891s / budget 21597s
c hydra_satsuma: satsuma-iter+kissat time 7896s / budget 21597s
c hydra_satsuma: satsuma-iter+kissat time 7901s / budget 21597s
c hydra_satsuma: satsuma-iter+kissat time 7906s / budget 21597s
c hydra_satsuma: satsuma-iter+kissat time 7911s / budget 21597s
c hydra_satsuma: satsuma-iter+kissat time 7916s / budget 21597s
c hydra_satsuma: satsuma-iter+kissat time 7921s / budget 21597s
c hydra_satsuma: satsuma-iter+kissat time 7926s / budget 21597s
c hydra_satsuma: satsuma-iter+kissat time 7932s / budget 21597s
c hydra_satsuma: satsuma-iter+kissat time 7937s / budget 21597s
c hydra_satsuma: satsuma-iter+kissat time 7942s / budget 21597s
c hydra_satsuma: satsuma-iter+kissat time 7947s / budget 21597s
c hydra_satsuma: satsuma-iter+kissat time 7952s / budget 21597s
c hydra_satsuma: satsuma-iter+kissat time 7957s / budget 21597s
c hydra_satsuma: satsuma-iter+kissat time 7962s / budget 21597s
c hydra_satsuma: satsuma-iter+kissat time 7967s / budget 21597s
c hydra_satsuma: satsuma-iter+kissat time 7972s / budget 21597s
c hydra_satsuma: satsuma-iter+kissat time 7977s / budget 21597s
c hydra_satsuma: satsuma-iter+kissat time 7982s / budget 21597s
c hydra_satsuma: satsuma-iter+kissat time 7987s / budget 21597s
c hydra_satsuma: satsuma-iter+kissat time 7992s / budget 21597s
c hydra_satsuma: satsuma-iter+kissat time 7997s / budget 21597s
c hydra_satsuma: satsuma-iter+kissat time 8002s / budget 21597s
c hydra_satsuma: satsuma-iter+kissat time 8007s / budget 21597s
c hydra_satsuma: satsuma-iter+kissat time 8012s / budget 21597s
c hydra_satsuma: satsuma-iter+kissat time 8018s / budget 21597s
c hydra_satsuma: satsuma-iter+kissat time 8023s / budget 21597s
c hydra_satsuma: satsuma-iter+kissat time 8028s / budget 21597s
c hydra_satsuma: satsuma-iter+kissat time 8033s / budget 21597s
c hydra_satsuma: satsuma-iter+kissat time 8038s / budget 21597s
c hydra_satsuma: satsuma-iter+kissat time 8043s / budget 21597s
c hydra_satsuma: satsuma-iter+kissat time 8048s / budget 21597s
c hydra_satsuma: satsuma-iter+kissat time 8053s / budget 21597s
c hydra_satsuma: satsuma-iter+kissat time 8058s / budget 21597s
c hydra_satsuma: satsuma-iter+kissat time 8063s / budget 21597s
c hydra_satsuma: satsuma-iter+kissat time 8068s / budget 21597s
c hydra_satsuma: satsuma-iter+kissat time 8073s / budget 21597s
c hydra_satsuma: satsuma-iter+kissat time 8078s / budget 21597s
c hydra_satsuma: satsuma-iter+kissat time 8083s / budget 21597s
c hydra_satsuma: satsuma-iter+kissat time 8088s / budget 21597s
c hydra_satsuma: satsuma-iter+kissat time 8093s / budget 21597s
c hydra_satsuma: satsuma-iter+kissat time 8099s / budget 21597s
c hydra_satsuma: satsuma-iter+kissat time 8104s / budget 21597s
c hydra_satsuma: satsuma-iter+kissat time 8109s / budget 21597s
c hydra_satsuma: satsuma-iter+kissat time 8114s / budget 21597s
c hydra_satsuma: satsuma-iter+kissat time 8119s / budget 21597s
c hydra_satsuma: satsuma-iter+kissat time 8124s / budget 21597s
c hydra_satsuma: satsuma-iter+kissat time 8129s / budget 21597s
c hydra_satsuma: satsuma-iter+kissat time 8134s / budget 21597s
c hydra_satsuma: satsuma-iter+kissat time 8139s / budget 21597s
c hydra_satsuma: satsuma-iter+kissat time 8144s / budget 21597s
c hydra_satsuma: satsuma-iter+kissat time 8149s / budget 21597s
c hydra_satsuma: satsuma-iter+kissat time 8154s / budget 21597s
c hydra_satsuma: satsuma-iter+kissat time 8159s / budget 21597s
c hydra_satsuma: satsuma-iter+kissat time 8164s / budget 21597s
c hydra_satsuma: satsuma-iter+kissat time 8169s / budget 21597s
c hydra_satsuma: satsuma-iter+kissat time 8175s / budget 21597s
c hydra_satsuma: satsuma-iter+kissat time 8180s / budget 21597s
c hydra_satsuma: satsuma-iter+kissat time 8185s / budget 21597s
c hydra_satsuma: satsuma-iter+kissat time 8190s / budget 21597s
c hydra_satsuma: satsuma-iter+kissat time 8195s / budget 21597s
c hydra_satsuma: satsuma-iter+kissat time 8200s / budget 21597s
c hydra_satsuma: satsuma-iter+kissat time 8205s / budget 21597s
c hydra_satsuma: satsuma-iter+kissat time 8210s / budget 21597s
c hydra_satsuma: satsuma-iter+kissat time 8215s / budget 21597s
c hydra_satsuma: satsuma-iter+kissat time 8220s / budget 21597s
c hydra_satsuma: satsuma-iter+kissat time 8225s / budget 21597s
c hydra_satsuma: satsuma-iter+kissat time 8230s / budget 21597s
c hydra_satsuma: satsuma-iter+kissat time 8235s / budget 21597s
c hydra_satsuma: satsuma-iter+kissat time 8240s / budget 21597s
c hydra_satsuma: satsuma-iter+kissat time 8245s / budget 21597s
c hydra_satsuma: satsuma-iter+kissat time 8250s / budget 21597s
c hydra_satsuma: satsuma-iter+kissat time 8255s / budget 21597s
c hydra_satsuma: satsuma-iter+kissat time 8261s / budget 21597s
c hydra_satsuma: satsuma-iter+kissat time 8266s / budget 21597s
c hydra_satsuma: satsuma-iter+kissat time 8271s / budget 21597s
c hydra_satsuma: satsuma-iter+kissat time 8276s / budget 21597s
c hydra_satsuma: satsuma-iter+kissat time 8281s / budget 21597s
c hydra_satsuma: satsuma-iter+kissat time 8286s / budget 21597s
c hydra_satsuma: satsuma-iter+kissat time 8291s / budget 21597s
c hydra_satsuma: satsuma-iter+kissat time 8296s / budget 21597s
c hydra_satsuma: satsuma-iter+kissat time 8301s / budget 21597s
c hydra_satsuma: satsuma-iter+kissat time 8306s / budget 21597s
c hydra_satsuma: satsuma-iter+kissat time 8311s / budget 21597s
c hydra_satsuma: satsuma-iter+kissat time 8316s / budget 21597s
c hydra_satsuma: satsuma-iter+kissat time 8321s / budget 21597s
c hydra_satsuma: satsuma-iter+kissat time 8326s / budget 21597s
c hydra_satsuma: satsuma-iter+kissat time 8331s / budget 21597s
c hydra_satsuma: satsuma-iter+kissat time 8336s / budget 21597s
c hydra_satsuma: satsuma-iter+kissat time 8342s / budget 21597s
c hydra_satsuma: satsuma-iter+kissat time 8347s / budget 21597s
c hydra_satsuma: satsuma-iter+kissat time 8352s / budget 21597s
c hydra_satsuma: satsuma-iter+kissat time 8357s / budget 21597s
c hydra_satsuma: satsuma-iter+kissat time 8362s / budget 21597s
c hydra_satsuma: satsuma-iter+kissat time 8367s / budget 21597s
c hydra_satsuma: satsuma-iter+kissat time 8372s / budget 21597s
c hydra_satsuma: satsuma-iter+kissat time 8377s / budget 21597s
c hydra_satsuma: satsuma-iter+kissat time 8382s / budget 21597s
c hydra_satsuma: satsuma-iter+kissat time 8387s / budget 21597s
c hydra_satsuma: satsuma-iter+kissat time 8392s / budget 21597s
c hydra_satsuma: satsuma-iter+kissat time 8397s / budget 21597s
c hydra_satsuma: satsuma-iter+kissat time 8402s / budget 21597s
c hydra_satsuma: satsuma-iter+kissat time 8407s / budget 21597s
c hydra_satsuma: satsuma-iter+kissat time 8412s / budget 21597s
c hydra_satsuma: satsuma-iter+kissat time 8417s / budget 21597s
c hydra_satsuma: satsuma-iter+kissat time 8423s / budget 21597s
c hydra_satsuma: satsuma-iter+kissat time 8428s / budget 21597s
c hydra_satsuma: satsuma-iter+kissat time 8433s / budget 21597s
c hydra_satsuma: satsuma-iter+kissat time 8438s / budget 21597s
c hydra_satsuma: satsuma-iter+kissat time 8443s / budget 21597s
c hydra_satsuma: satsuma-iter+kissat time 8448s / budget 21597s
c hydra_satsuma: satsuma-iter+kissat time 8453s / budget 21597s
c hydra_satsuma: satsuma-iter+kissat time 8458s / budget 21597s
c hydra_satsuma: satsuma-iter+kissat time 8463s / budget 21597s
c hydra_satsuma: satsuma-iter+kissat time 8468s / budget 21597s
c hydra_satsuma: satsuma-iter+kissat time 8473s / budget 21597s
c hydra_satsuma: satsuma-iter+kissat time 8478s / budget 21597s
c hydra_satsuma: satsuma-iter+kissat time 8483s / budget 21597s
c hydra_satsuma: satsuma-iter+kissat time 8488s / budget 21597s
c hydra_satsuma: satsuma-iter+kissat time 8493s / budget 21597s
c hydra_satsuma: satsuma-iter+kissat time 8498s / budget 21597s
c hydra_satsuma: satsuma-iter+kissat time 8504s / budget 21597s
c hydra_satsuma: satsuma-iter+kissat time 8509s / budget 21597s
c hydra_satsuma: satsuma-iter+kissat time 8514s / budget 21597s
c hydra_satsuma: satsuma-iter+kissat time 8519s / budget 21597s
c hydra_satsuma: satsuma-iter+kissat time 8524s / budget 21597s
c hydra_satsuma: satsuma-iter+kissat time 8529s / budget 21597s
c hydra_satsuma: satsuma-iter+kissat time 8534s / budget 21597s
c hydra_satsuma: satsuma-iter+kissat time 8539s / budget 21597s
c hydra_satsuma: satsuma-iter+kissat time 8544s / budget 21597s
c hydra_satsuma: satsuma-iter+kissat time 8549s / budget 21597s
c hydra_satsuma: satsuma-iter+kissat time 8554s / budget 21597s
c hydra_satsuma: satsuma-iter+kissat time 8559s / budget 21597s
c hydra_satsuma: satsuma-iter+kissat time 8564s / budget 21597s
c hydra_satsuma: satsuma-iter+kissat time 8569s / budget 21597s
c hydra_satsuma: satsuma-iter+kissat time 8574s / budget 21597s
c hydra_satsuma: satsuma-iter+kissat time 8579s / budget 21597s
c hydra_satsuma: satsuma-iter+kissat time 8585s / budget 21597s
c hydra_satsuma: satsuma-iter+kissat time 8590s / budget 21597s
c hydra_satsuma: satsuma-iter+kissat time 8595s / budget 21597s
c hydra_satsuma: satsuma-iter+kissat time 8600s / budget 21597s
c hydra_satsuma: satsuma-iter+kissat time 8605s / budget 21597s
c hydra_satsuma: satsuma-iter+kissat time 8610s / budget 21597s
c hydra_satsuma: satsuma-iter+kissat time 8615s / budget 21597s
c hydra_satsuma: satsuma-iter+kissat time 8620s / budget 21597s
c hydra_satsuma: satsuma-iter+kissat time 8625s / budget 21597s
c hydra_satsuma: satsuma-iter+kissat time 8630s / budget 21597s
c hydra_satsuma: satsuma-iter+kissat time 8635s / budget 21597s
c hydra_satsuma: satsuma-iter+kissat time 8640s / budget 21597s
c hydra_satsuma: satsuma-iter+kissat time 8645s / budget 21597s
c hydra_satsuma: satsuma-iter+kissat time 8650s / budget 21597s
c hydra_satsuma: satsuma-iter+kissat time 8655s / budget 21597s
c hydra_satsuma: satsuma-iter+kissat time 8660s / budget 21597s
c hydra_satsuma: satsuma-iter+kissat time 8666s / budget 21597s
c hydra_satsuma: satsuma-iter+kissat time 8671s / budget 21597s
c hydra_satsuma: satsuma-iter+kissat time 8676s / budget 21597s
c hydra_satsuma: satsuma-iter+kissat time 8681s / budget 21597s
c hydra_satsuma: satsuma-iter+kissat time 8686s / budget 21597s
c hydra_satsuma: satsuma-iter+kissat time 8691s / budget 21597s
c hydra_satsuma: satsuma-iter+kissat time 8696s / budget 21597s
c hydra_satsuma: satsuma-iter+kissat time 8701s / budget 21597s
c hydra_satsuma: satsuma-iter+kissat time 8706s / budget 21597s
c hydra_satsuma: satsuma-iter+kissat time 8711s / budget 21597s
c hydra_satsuma: satsuma-iter+kissat time 8716s / budget 21597s
c hydra_satsuma: satsuma-iter+kissat time 8721s / budget 21597s
c hydra_satsuma: satsuma-iter+kissat time 8726s / budget 21597s
c hydra_satsuma: satsuma-iter+kissat time 8731s / budget 21597s
c hydra_satsuma: satsuma-iter+kissat time 8736s / budget 21597s
c hydra_satsuma: satsuma-iter+kissat time 8741s / budget 21597s
c hydra_satsuma: satsuma-iter+kissat time 8747s / budget 21597s
c hydra_satsuma: satsuma-iter+kissat time 8752s / budget 21597s
c hydra_satsuma: satsuma-iter+kissat time 8757s / budget 21597s
c hydra_satsuma: satsuma-iter+kissat time 8762s / budget 21597s
c hydra_satsuma: satsuma-iter+kissat time 8767s / budget 21597s
c hydra_satsuma: satsuma-iter+kissat time 8772s / budget 21597s
c hydra_satsuma: satsuma-iter+kissat time 8777s / budget 21597s
c hydra_satsuma: satsuma-iter+kissat time 8782s / budget 21597s
c hydra_satsuma: satsuma-iter+kissat time 8787s / budget 21597s
c hydra_satsuma: satsuma-iter+kissat time 8792s / budget 21597s
c hydra_satsuma: satsuma-iter+kissat time 8797s / budget 21597s
c hydra_satsuma: satsuma-iter+kissat time 8802s / budget 21597s
c hydra_satsuma: satsuma-iter+kissat time 8807s / budget 21597s
c hydra_satsuma: satsuma-iter+kissat time 8812s / budget 21597s
c hydra_satsuma: satsuma-iter+kissat time 8817s / budget 21597s
c hydra_satsuma: satsuma-iter+kissat time 8822s / budget 21597s
c hydra_satsuma: satsuma-iter+kissat time 8828s / budget 21597s
c hydra_satsuma: satsuma-iter+kissat time 8833s / budget 21597s
c hydra_satsuma: satsuma-iter+kissat time 8838s / budget 21597s
c hydra_satsuma: satsuma-iter+kissat time 8843s / budget 21597s
c hydra_satsuma: satsuma-iter+kissat time 8848s / budget 21597s
c hydra_satsuma: satsuma-iter+kissat time 8853s / budget 21597s
c hydra_satsuma: satsuma-iter+kissat time 8858s / budget 21597s
c hydra_satsuma: satsuma-iter+kissat time 8863s / budget 21597s
c hydra_satsuma: satsuma-iter+kissat time 8868s / budget 21597s
c hydra_satsuma: satsuma-iter+kissat time 8873s / budget 21597s
c hydra_satsuma: satsuma-iter+kissat time 8878s / budget 21597s
c hydra_satsuma: satsuma-iter+kissat time 8883s / budget 21597s
c hydra_satsuma: satsuma-iter+kissat time 8888s / budget 21597s
c hydra_satsuma: satsuma-iter+kissat time 8893s / budget 21597s
c hydra_satsuma: satsuma-iter+kissat time 8898s / budget 21597s
c hydra_satsuma: satsuma-iter+kissat time 8904s / budget 21597s
c hydra_satsuma: satsuma-iter+kissat time 8909s / budget 21597s
c hydra_satsuma: satsuma-iter+kissat time 8914s / budget 21597s
c hydra_satsuma: satsuma-iter+kissat time 8919s / budget 21597s
c hydra_satsuma: satsuma-iter+kissat time 8924s / budget 21597s
c hydra_satsuma: satsuma-iter+kissat time 8929s / budget 21597s
c hydra_satsuma: satsuma-iter+kissat time 8934s / budget 21597s
c hydra_satsuma: satsuma-iter+kissat time 8939s / budget 21597s
c hydra_satsuma: satsuma-iter+kissat time 8944s / budget 21597s
c hydra_satsuma: satsuma-iter+kissat time 8949s / budget 21597s
c hydra_satsuma: satsuma-iter+kissat time 8954s / budget 21597s
c hydra_satsuma: satsuma-iter+kissat time 8959s / budget 21597s
c hydra_satsuma: satsuma-iter+kissat time 8964s / budget 21597s
c hydra_satsuma: satsuma-iter+kissat time 8969s / budget 21597s
c hydra_satsuma: satsuma-iter+kissat time 8974s / budget 21597s
c hydra_satsuma: satsuma-iter+kissat time 8979s / budget 21597s
c hydra_satsuma: satsuma-iter+kissat time 8985s / budget 21597s
c hydra_satsuma: satsuma-iter+kissat time 8990s / budget 21597s
c hydra_satsuma: satsuma-iter+kissat time 8995s / budget 21597s
c hydra_satsuma: satsuma-iter+kissat time 9000s / budget 21597s
c hydra_satsuma: satsuma-iter+kissat time 9005s / budget 21597s
c hydra_satsuma: satsuma-iter+kissat time 9010s / budget 21597s
c hydra_satsuma: satsuma-iter+kissat time 9015s / budget 21597s
c hydra_satsuma: satsuma-iter+kissat time 9020s / budget 21597s
c hydra_satsuma: satsuma-iter+kissat time 9025s / budget 21597s
c hydra_satsuma: satsuma-iter+kissat time 9030s / budget 21597s
c hydra_satsuma: satsuma-iter+kissat time 9035s / budget 21597s
c hydra_satsuma: satsuma-iter+kissat time 9040s / budget 21597s
c hydra_satsuma: satsuma-iter+kissat time 9045s / budget 21597s
c hydra_satsuma: satsuma-iter+kissat time 9050s / budget 21597s
c hydra_satsuma: satsuma-iter+kissat time 9055s / budget 21597s
c hydra_satsuma: satsuma-iter+kissat time 9060s / budget 21597s
c hydra_satsuma: satsuma-iter+kissat time 9066s / budget 21597s
c hydra_satsuma: satsuma-iter+kissat time 9071s / budget 21597s
c hydra_satsuma: satsuma-iter+kissat time 9076s / budget 21597s
c hydra_satsuma: satsuma-iter+kissat time 9081s / budget 21597s
c hydra_satsuma: satsuma-iter+kissat time 9086s / budget 21597s
c hydra_satsuma: satsuma-iter+kissat time 9091s / budget 21597s
c hydra_satsuma: satsuma-iter+kissat time 9096s / budget 21597s
c hydra_satsuma: satsuma-iter+kissat time 9101s / budget 21597s
c hydra_satsuma: satsuma-iter+kissat time 9106s / budget 21597s
c hydra_satsuma: satsuma-iter+kissat time 9111s / budget 21597s
c hydra_satsuma: satsuma-iter+kissat time 9116s / budget 21597s
c hydra_satsuma: satsuma-iter+kissat time 9121s / budget 21597s
c hydra_satsuma: satsuma-iter+kissat time 9126s / budget 21597s
c hydra_satsuma: satsuma-iter+kissat time 9131s / budget 21597s
c hydra_satsuma: satsuma-iter+kissat time 9136s / budget 21597s
c hydra_satsuma: satsuma-iter+kissat time 9141s / budget 21597s
c hydra_satsuma: satsuma-iter+kissat time 9147s / budget 21597s
c hydra_satsuma: satsuma-iter+kissat time 9152s / budget 21597s
c hydra_satsuma: satsuma-iter+kissat time 9157s / budget 21597s
c hydra_satsuma: satsuma-iter+kissat time 9162s / budget 21597s
c hydra_satsuma: satsuma-iter+kissat time 9167s / budget 21597s
c hydra_satsuma: satsuma-iter+kissat time 9172s / budget 21597s
c hydra_satsuma: satsuma-iter+kissat time 9177s / budget 21597s
c hydra_satsuma: satsuma-iter+kissat time 9182s / budget 21597s
c hydra_satsuma: satsuma-iter+kissat time 9187s / budget 21597s
c hydra_satsuma: satsuma-iter+kissat time 9192s / budget 21597s
c hydra_satsuma: satsuma-iter+kissat time 9197s / budget 21597s
c hydra_satsuma: satsuma-iter+kissat time 9202s / budget 21597s
c hydra_satsuma: satsuma-iter+kissat time 9207s / budget 21597s
c hydra_satsuma: satsuma-iter+kissat time 9212s / budget 21597s
c hydra_satsuma: satsuma-iter+kissat time 9217s / budget 21597s
c hydra_satsuma: satsuma-iter+kissat time 9222s / budget 21597s
c hydra_satsuma: satsuma-iter+kissat time 9227s / budget 21597s
c hydra_satsuma: satsuma-iter+kissat time 9233s / budget 21597s
c hydra_satsuma: satsuma-iter+kissat time 9238s / budget 21597s
c hydra_satsuma: satsuma-iter+kissat time 9243s / budget 21597s
c hydra_satsuma: satsuma-iter+kissat time 9248s / budget 21597s
c hydra_satsuma: satsuma-iter+kissat time 9253s / budget 21597s
c hydra_satsuma: satsuma-iter+kissat time 9258s / budget 21597s
c hydra_satsuma: satsuma-iter+kissat time 9263s / budget 21597s
c hydra_satsuma: satsuma-iter+kissat time 9268s / budget 21597s
c hydra_satsuma: satsuma-iter+kissat time 9273s / budget 21597s
c hydra_satsuma: satsuma-iter+kissat time 9278s / budget 21597s
c hydra_satsuma: satsuma-iter+kissat time 9283s / budget 21597s
c hydra_satsuma: satsuma-iter+kissat time 9288s / budget 21597s
c hydra_satsuma: satsuma-iter+kissat time 9293s / budget 21597s
c hydra_satsuma: satsuma-iter+kissat time 9298s / budget 21597s
c hydra_satsuma: satsuma-iter+kissat time 9303s / budget 21597s
c hydra_satsuma: satsuma-iter+kissat time 9308s / budget 21597s
c hydra_satsuma: satsuma-iter+kissat time 9314s / budget 21597s
c hydra_satsuma: satsuma-iter+kissat time 9319s / budget 21597s
c hydra_satsuma: satsuma-iter+kissat time 9324s / budget 21597s
c hydra_satsuma: satsuma-iter+kissat time 9329s / budget 21597s
c hydra_satsuma: satsuma-iter+kissat time 9334s / budget 21597s
c hydra_satsuma: satsuma-iter+kissat time 9339s / budget 21597s
c hydra_satsuma: satsuma-iter+kissat time 9344s / budget 21597s
c hydra_satsuma: satsuma-iter+kissat time 9349s / budget 21597s
c hydra_satsuma: satsuma-iter+kissat time 9354s / budget 21597s
c hydra_satsuma: satsuma-iter+kissat time 9359s / budget 21597s
c hydra_satsuma: satsuma-iter+kissat time 9364s / budget 21597s
c hydra_satsuma: satsuma-iter+kissat time 9369s / budget 21597s
c hydra_satsuma: satsuma-iter+kissat time 9374s / budget 21597s
c hydra_satsuma: satsuma-iter+kissat time 9379s / budget 21597s
c hydra_satsuma: satsuma-iter+kissat time 9384s / budget 21597s
c hydra_satsuma: satsuma-iter+kissat time 9390s / budget 21597s
c hydra_satsuma: satsuma-iter+kissat time 9395s / budget 21597s
c hydra_satsuma: satsuma-iter+kissat time 9400s / budget 21597s
c hydra_satsuma: satsuma-iter+kissat time 9405s / budget 21597s
c hydra_satsuma: satsuma-iter+kissat time 9410s / budget 21597s
c hydra_satsuma: satsuma-iter+kissat time 9415s / budget 21597s
c hydra_satsuma: satsuma-iter+kissat time 9420s / budget 21597s
c hydra_satsuma: satsuma-iter+kissat time 9425s / budget 21597s
c hydra_satsuma: satsuma-iter+kissat time 9430s / budget 21597s
c hydra_satsuma: satsuma-iter+kissat time 9435s / budget 21597s
c hydra_satsuma: satsuma-iter+kissat time 9440s / budget 21597s
c hydra_satsuma: satsuma-iter+kissat time 9445s / budget 21597s
c hydra_satsuma: satsuma-iter+kissat time 9450s / budget 21597s
c hydra_satsuma: satsuma-iter+kissat time 9455s / budget 21597s
c hydra_satsuma: satsuma-iter+kissat time 9460s / budget 21597s
c hydra_satsuma: satsuma-iter+kissat time 9465s / budget 21597s
c hydra_satsuma: satsuma-iter+kissat time 9470s / budget 21597s
c hydra_satsuma: satsuma-iter+kissat time 9475s / budget 21597s
c hydra_satsuma: satsuma-iter+kissat time 9481s / budget 21597s
c hydra_satsuma: satsuma-iter+kissat time 9486s / budget 21597s
c hydra_satsuma: satsuma-iter+kissat time 9491s / budget 21597s
c hydra_satsuma: satsuma-iter+kissat time 9496s / budget 21597s
c hydra_satsuma: satsuma-iter+kissat time 9501s / budget 21597s
c hydra_satsuma: satsuma-iter+kissat time 9506s / budget 21597s
c hydra_satsuma: satsuma-iter+kissat time 9511s / budget 21597s
c hydra_satsuma: satsuma-iter+kissat time 9516s / budget 21597s
c hydra_satsuma: satsuma-iter+kissat time 9521s / budget 21597s
c hydra_satsuma: satsuma-iter+kissat time 9526s / budget 21597s
c hydra_satsuma: satsuma-iter+kissat time 9531s / budget 21597s
c hydra_satsuma: satsuma-iter+kissat time 9536s / budget 21597s
c hydra_satsuma: satsuma-iter+kissat time 9541s / budget 21597s
c hydra_satsuma: satsuma-iter+kissat time 9546s / budget 21597s
c hydra_satsuma: satsuma-iter+kissat time 9551s / budget 21597s
c hydra_satsuma: satsuma-iter+kissat time 9556s / budget 21597s
c hydra_satsuma: satsuma-iter+kissat time 9562s / budget 21597s
c hydra_satsuma: satsuma-iter+kissat time 9567s / budget 21597s
c hydra_satsuma: satsuma-iter+kissat time 9572s / budget 21597s
c hydra_satsuma: satsuma-iter+kissat time 9577s / budget 21597s
c hydra_satsuma: satsuma-iter+kissat time 9582s / budget 21597s
c hydra_satsuma: satsuma-iter+kissat time 9587s / budget 21597s
c hydra_satsuma: satsuma-iter+kissat time 9592s / budget 21597s
c hydra_satsuma: satsuma-iter+kissat time 9597s / budget 21597s
c hydra_satsuma: satsuma-iter+kissat time 9602s / budget 21597s
c hydra_satsuma: satsuma-iter+kissat time 9607s / budget 21597s
c hydra_satsuma: satsuma-iter+kissat time 9612s / budget 21597s
c hydra_satsuma: satsuma-iter+kissat time 9617s / budget 21597s
c hydra_satsuma: satsuma-iter+kissat time 9622s / budget 21597s
c hydra_satsuma: satsuma-iter+kissat time 9627s / budget 21597s
c hydra_satsuma: satsuma-iter+kissat time 9632s / budget 21597s
c hydra_satsuma: satsuma-iter+kissat time 9637s / budget 21597s
c hydra_satsuma: satsuma-iter+kissat time 9643s / budget 21597s
c hydra_satsuma: satsuma-iter+kissat time 9648s / budget 21597s
c hydra_satsuma: satsuma-iter+kissat time 9653s / budget 21597s
c hydra_satsuma: satsuma-iter+kissat time 9658s / budget 21597s
c hydra_satsuma: satsuma-iter+kissat time 9663s / budget 21597s
c hydra_satsuma: satsuma-iter+kissat time 9668s / budget 21597s
c hydra_satsuma: satsuma-iter+kissat time 9673s / budget 21597s
c hydra_satsuma: satsuma-iter+kissat time 9678s / budget 21597s
c hydra_satsuma: satsuma-iter+kissat time 9683s / budget 21597s
c hydra_satsuma: satsuma-iter+kissat time 9688s / budget 21597s
c hydra_satsuma: satsuma-iter+kissat time 9693s / budget 21597s
c hydra_satsuma: satsuma-iter+kissat time 9698s / budget 21597s
c hydra_satsuma: satsuma-iter+kissat time 9704s / budget 21597s
c hydra_satsuma: satsuma-iter+kissat time 9709s / budget 21597s
c hydra_satsuma: satsuma-iter+kissat time 9714s / budget 21597s
c hydra_satsuma: satsuma-iter+kissat time 9719s / budget 21597s
c hydra_satsuma: satsuma-iter+kissat time 9724s / budget 21597s
c hydra_satsuma: satsuma-iter+kissat time 9729s / budget 21597s
c hydra_satsuma: satsuma-iter+kissat time 9734s / budget 21597s
c hydra_satsuma: satsuma-iter+kissat time 9739s / budget 21597s
c hydra_satsuma: satsuma-iter+kissat time 9744s / budget 21597s
c hydra_satsuma: satsuma-iter+kissat time 9749s / budget 21597s
c hydra_satsuma: satsuma-iter+kissat time 9754s / budget 21597s
c hydra_satsuma: satsuma-iter+kissat time 9759s / budget 21597s
c hydra_satsuma: satsuma-iter+kissat time 9764s / budget 21597s
c hydra_satsuma: satsuma-iter+kissat time 9770s / budget 21597s
c hydra_satsuma: satsuma-iter+kissat time 9775s / budget 21597s
c hydra_satsuma: satsuma-iter+kissat time 9780s / budget 21597s
c hydra_satsuma: satsuma-iter+kissat time 9785s / budget 21597s
c hydra_satsuma: satsuma-iter+kissat time 9790s / budget 21597s
c hydra_satsuma: satsuma-iter+kissat time 9795s / budget 21597s
c hydra_satsuma: satsuma-iter+kissat time 9800s / budget 21597s
c hydra_satsuma: satsuma-iter+kissat time 9805s / budget 21597s
c hydra_satsuma: satsuma-iter+kissat time 9810s / budget 21597s
c hydra_satsuma: satsuma-iter+kissat time 9815s / budget 21597s
c hydra_satsuma: satsuma-iter+kissat time 9820s / budget 21597s
c hydra_satsuma: satsuma-iter+kissat time 9825s / budget 21597s
c hydra_satsuma: satsuma-iter+kissat time 9831s / budget 21597s
c hydra_satsuma: satsuma-iter+kissat time 9836s / budget 21597s
c hydra_satsuma: satsuma-iter+kissat time 9841s / budget 21597s
c hydra_satsuma: satsuma-iter+kissat time 9846s / budget 21597s
c hydra_satsuma: satsuma-iter+kissat time 9851s / budget 21597s
c hydra_satsuma: satsuma-iter+kissat time 9856s / budget 21597s
c hydra_satsuma: satsuma-iter+kissat time 9861s / budget 21597s
c hydra_satsuma: satsuma-iter+kissat time 9866s / budget 21597s
c hydra_satsuma: satsuma-iter+kissat time 9871s / budget 21597s
c hydra_satsuma: satsuma-iter+kissat time 9876s / budget 21597s
c hydra_satsuma: satsuma-iter+kissat time 9881s / budget 21597s
c hydra_satsuma: satsuma-iter+kissat time 9886s / budget 21597s
c hydra_satsuma: satsuma-iter+kissat time 9891s / budget 21597s
c hydra_satsuma: satsuma-iter+kissat time 9897s / budget 21597s
c hydra_satsuma: satsuma-iter+kissat time 9902s / budget 21597s
c hydra_satsuma: satsuma-iter+kissat time 9907s / budget 21597s
c hydra_satsuma: satsuma-iter+kissat time 9912s / budget 21597s
c hydra_satsuma: satsuma-iter+kissat time 9917s / budget 21597s
c hydra_satsuma: satsuma-iter+kissat time 9922s / budget 21597s
c hydra_satsuma: satsuma-iter+kissat time 9927s / budget 21597s
c hydra_satsuma: satsuma-iter+kissat time 9932s / budget 21597s
c hydra_satsuma: satsuma-iter+kissat time 9937s / budget 21597s
c hydra_satsuma: satsuma-iter+kissat time 9942s / budget 21597s
c hydra_satsuma: satsuma-iter+kissat time 9947s / budget 21597s
c hydra_satsuma: satsuma-iter+kissat time 9953s / budget 21597s
c hydra_satsuma: satsuma-iter+kissat time 9958s / budget 21597s
c hydra_satsuma: satsuma-iter+kissat time 9963s / budget 21597s
c hydra_satsuma: satsuma-iter+kissat time 9968s / budget 21597s
c hydra_satsuma: satsuma-iter+kissat time 9973s / budget 21597s
c hydra_satsuma: satsuma-iter+kissat time 9978s / budget 21597s
c hydra_satsuma: satsuma-iter+kissat time 9983s / budget 21597s
c hydra_satsuma: satsuma-iter+kissat time 9988s / budget 21597s
c hydra_satsuma: satsuma-iter+kissat time 9993s / budget 21597s
c hydra_satsuma: satsuma-iter+kissat time 9998s / budget 21597s
c hydra_satsuma: satsuma-iter+kissat time 10003s / budget 21597s
c hydra_satsuma: satsuma-iter+kissat time 10008s / budget 21597s
c hydra_satsuma: satsuma-iter+kissat time 10014s / budget 21597s
c hydra_satsuma: satsuma-iter+kissat time 10019s / budget 21597s
c hydra_satsuma: satsuma-iter+kissat time 10024s / budget 21597s
c hydra_satsuma: satsuma-iter+kissat time 10029s / budget 21597s
c hydra_satsuma: satsuma-iter+kissat time 10034s / budget 21597s
c hydra_satsuma: satsuma-iter+kissat time 10039s / budget 21597s
c hydra_satsuma: satsuma-iter+kissat time 10044s / budget 21597s
c hydra_satsuma: satsuma-iter+kissat time 10049s / budget 21597s
c hydra_satsuma: satsuma-iter+kissat time 10054s / budget 21597s
c hydra_satsuma: satsuma-iter+kissat time 10059s / budget 21597s
c hydra_satsuma: satsuma-iter+kissat time 10064s / budget 21597s
c hydra_satsuma: satsuma-iter+kissat time 10069s / budget 21597s
c hydra_satsuma: satsuma-iter+kissat time 10074s / budget 21597s
c hydra_satsuma: satsuma-iter+kissat time 10080s / budget 21597s
c hydra_satsuma: satsuma-iter+kissat time 10085s / budget 21597s
c hydra_satsuma: satsuma-iter+kissat time 10090s / budget 21597s
c hydra_satsuma: satsuma-iter+kissat time 10095s / budget 21597s
c hydra_satsuma: satsuma-iter+kissat time 10100s / budget 21597s
c hydra_satsuma: satsuma-iter+kissat time 10105s / budget 21597s
c hydra_satsuma: satsuma-iter+kissat time 10110s / budget 21597s
c hydra_satsuma: satsuma-iter+kissat time 10115s / budget 21597s
c hydra_satsuma: satsuma-iter+kissat time 10120s / budget 21597s
c hydra_satsuma: satsuma-iter+kissat time 10125s / budget 21597s
c hydra_satsuma: satsuma-iter+kissat time 10130s / budget 21597s
c hydra_satsuma: satsuma-iter+kissat time 10136s / budget 21597s
c hydra_satsuma: satsuma-iter+kissat time 10141s / budget 21597s
c hydra_satsuma: satsuma-iter+kissat time 10146s / budget 21597s
c hydra_satsuma: satsuma-iter+kissat time 10151s / budget 21597s
c hydra_satsuma: satsuma-iter+kissat time 10156s / budget 21597s
c hydra_satsuma: satsuma-iter+kissat time 10161s / budget 21597s
c hydra_satsuma: satsuma-iter+kissat time 10166s / budget 21597s
c hydra_satsuma: satsuma-iter+kissat time 10171s / budget 21597s
c hydra_satsuma: satsuma-iter+kissat time 10176s / budget 21597s
c hydra_satsuma: satsuma-iter+kissat time 10181s / budget 21597s
c hydra_satsuma: satsuma-iter+kissat time 10187s / budget 21597s
c hydra_satsuma: satsuma-iter+kissat time 10192s / budget 21597s
c hydra_satsuma: satsuma-iter+kissat time 10197s / budget 21597s
c hydra_satsuma: satsuma-iter+kissat time 10202s / budget 21597s
c hydra_satsuma: satsuma-iter+kissat time 10207s / budget 21597s
c hydra_satsuma: satsuma-iter+kissat time 10212s / budget 21597s
c hydra_satsuma: satsuma-iter+kissat time 10217s / budget 21597s
c hydra_satsuma: satsuma-iter+kissat time 10222s / budget 21597s
c hydra_satsuma: satsuma-iter+kissat time 10227s / budget 21597s
c hydra_satsuma: satsuma-iter+kissat time 10232s / budget 21597s
c hydra_satsuma: satsuma-iter+kissat time 10237s / budget 21597s
c hydra_satsuma: satsuma-iter+kissat time 10242s / budget 21597s
c hydra_satsuma: satsuma-iter+kissat time 10248s / budget 21597s
c hydra_satsuma: satsuma-iter+kissat time 10253s / budget 21597s
c hydra_satsuma: satsuma-iter+kissat time 10258s / budget 21597s
c hydra_satsuma: satsuma-iter+kissat time 10263s / budget 21597s
c hydra_satsuma: satsuma-iter+kissat time 10268s / budget 21597s
c hydra_satsuma: satsuma-iter+kissat time 10273s / budget 21597s
c hydra_satsuma: satsuma-iter+kissat time 10278s / budget 21597s
c hydra_satsuma: satsuma-iter+kissat time 10283s / budget 21597s
c hydra_satsuma: satsuma-iter+kissat time 10288s / budget 21597s
c hydra_satsuma: satsuma-iter+kissat time 10293s / budget 21597s
c hydra_satsuma: satsuma-iter+kissat time 10298s / budget 21597s
c hydra_satsuma: satsuma-iter+kissat time 10304s / budget 21597s
c hydra_satsuma: satsuma-iter+kissat time 10309s / budget 21597s
c hydra_satsuma: satsuma-iter+kissat time 10314s / budget 21597s
c hydra_satsuma: satsuma-iter+kissat time 10319s / budget 21597s
c hydra_satsuma: satsuma-iter+kissat time 10324s / budget 21597s
c hydra_satsuma: satsuma-iter+kissat time 10329s / budget 21597s
c hydra_satsuma: satsuma-iter+kissat time 10334s / budget 21597s
c hydra_satsuma: satsuma-iter+kissat time 10339s / budget 21597s
c hydra_satsuma: satsuma-iter+kissat time 10344s / budget 21597s
c hydra_satsuma: satsuma-iter+kissat time 10349s / budget 21597s
c hydra_satsuma: satsuma-iter+kissat time 10354s / budget 21597s
c hydra_satsuma: satsuma-iter+kissat time 10359s / budget 21597s
c hydra_satsuma: satsuma-iter+kissat time 10364s / budget 21597s
c hydra_satsuma: satsuma-iter+kissat time 10370s / budget 21597s
c hydra_satsuma: satsuma-iter+kissat time 10375s / budget 21597s
c hydra_satsuma: satsuma-iter+kissat time 10380s / budget 21597s
c hydra_satsuma: satsuma-iter+kissat time 10385s / budget 21597s
c hydra_satsuma: satsuma-iter+kissat time 10390s / budget 21597s
c hydra_satsuma: satsuma-iter+kissat time 10395s / budget 21597s
c hydra_satsuma: satsuma-iter+kissat time 10400s / budget 21597s
c hydra_satsuma: satsuma-iter+kissat time 10405s / budget 21597s
c hydra_satsuma: satsuma-iter+kissat time 10410s / budget 21597s
c hydra_satsuma: satsuma-iter+kissat time 10415s / budget 21597s
c hydra_satsuma: satsuma-iter+kissat time 10420s / budget 21597s
c hydra_satsuma: satsuma-iter+kissat time 10425s / budget 21597s
c hydra_satsuma: satsuma-iter+kissat time 10431s / budget 21597s
c hydra_satsuma: satsuma-iter+kissat time 10436s / budget 21597s
c hydra_satsuma: satsuma-iter+kissat time 10441s / budget 21597s
c hydra_satsuma: satsuma-iter+kissat time 10446s / budget 21597s
c hydra_satsuma: satsuma-iter+kissat time 10451s / budget 21597s
c hydra_satsuma: satsuma-iter+kissat time 10456s / budget 21597s
c hydra_satsuma: satsuma-iter+kissat time 10461s / budget 21597s
c hydra_satsuma: satsuma-iter+kissat time 10466s / budget 21597s
c hydra_satsuma: satsuma-iter+kissat time 10471s / budget 21597s
c hydra_satsuma: satsuma-iter+kissat time 10476s / budget 21597s
c hydra_satsuma: satsuma-iter+kissat time 10481s / budget 21597s
c hydra_satsuma: satsuma-iter+kissat time 10486s / budget 21597s
c hydra_satsuma: satsuma-iter+kissat time 10492s / budget 21597s
c hydra_satsuma: satsuma-iter+kissat time 10497s / budget 21597s
c hydra_satsuma: satsuma-iter+kissat time 10502s / budget 21597s
c hydra_satsuma: satsuma-iter+kissat time 10507s / budget 21597s
c hydra_satsuma: satsuma-iter+kissat time 10512s / budget 21597s
c hydra_satsuma: satsuma-iter+kissat time 10517s / budget 21597s
c hydra_satsuma: satsuma-iter+kissat time 10522s / budget 21597s
c hydra_satsuma: satsuma-iter+kissat time 10527s / budget 21597s
c hydra_satsuma: satsuma-iter+kissat time 10532s / budget 21597s
c hydra_satsuma: satsuma-iter+kissat time 10537s / budget 21597s
c hydra_satsuma: satsuma-iter+kissat time 10542s / budget 21597s
c hydra_satsuma: satsuma-iter+kissat time 10547s / budget 21597s
c hydra_satsuma: satsuma-iter+kissat time 10552s / budget 21597s
c hydra_satsuma: satsuma-iter+kissat time 10558s / budget 21597s
c hydra_satsuma: satsuma-iter+kissat time 10563s / budget 21597s
c hydra_satsuma: satsuma-iter+kissat time 10568s / budget 21597s
c hydra_satsuma: satsuma-iter+kissat time 10573s / budget 21597s
c hydra_satsuma: satsuma-iter+kissat time 10578s / budget 21597s
c hydra_satsuma: satsuma-iter+kissat time 10583s / budget 21597s
c hydra_satsuma: satsuma-iter+kissat time 10588s / budget 21597s
c hydra_satsuma: satsuma-iter+kissat time 10593s / budget 21597s
c hydra_satsuma: satsuma-iter+kissat time 10598s / budget 21597s
c hydra_satsuma: satsuma-iter+kissat time 10603s / budget 21597s
c hydra_satsuma: satsuma-iter+kissat time 10608s / budget 21597s
c hydra_satsuma: satsuma-iter+kissat time 10613s / budget 21597s
c hydra_satsuma: satsuma-iter+kissat time 10619s / budget 21597s
c hydra_satsuma: satsuma-iter+kissat time 10624s / budget 21597s
c hydra_satsuma: satsuma-iter+kissat time 10629s / budget 21597s
c hydra_satsuma: satsuma-iter+kissat time 10634s / budget 21597s
c hydra_satsuma: satsuma-iter+kissat time 10639s / budget 21597s
c hydra_satsuma: satsuma-iter+kissat time 10644s / budget 21597s
c hydra_satsuma: satsuma-iter+kissat time 10649s / budget 21597s
c hydra_satsuma: satsuma-iter+kissat time 10654s / budget 21597s
c hydra_satsuma: satsuma-iter+kissat time 10659s / budget 21597s
c hydra_satsuma: satsuma-iter+kissat time 10664s / budget 21597s
c hydra_satsuma: satsuma-iter+kissat time 10669s / budget 21597s
c hydra_satsuma: satsuma-iter+kissat time 10674s / budget 21597s
c hydra_satsuma: satsuma-iter+kissat time 10680s / budget 21597s
c hydra_satsuma: satsuma-iter+kissat time 10685s / budget 21597s
c hydra_satsuma: satsuma-iter+kissat time 10690s / budget 21597s
c hydra_satsuma: satsuma-iter+kissat time 10695s / budget 21597s
c hydra_satsuma: satsuma-iter+kissat time 10700s / budget 21597s
c hydra_satsuma: satsuma-iter+kissat time 10705s / budget 21597s
c hydra_satsuma: satsuma-iter+kissat time 10710s / budget 21597s
c hydra_satsuma: satsuma-iter+kissat time 10715s / budget 21597s
c hydra_satsuma: satsuma-iter+kissat time 10720s / budget 21597s
c hydra_satsuma: satsuma-iter+kissat time 10725s / budget 21597s
c hydra_satsuma: satsuma-iter+kissat time 10730s / budget 21597s
c hydra_satsuma: satsuma-iter+kissat time 10735s / budget 21597s
c hydra_satsuma: satsuma-iter+kissat time 10740s / budget 21597s
c hydra_satsuma: satsuma-iter+kissat time 10746s / budget 21597s
c hydra_satsuma: satsuma-iter+kissat time 10751s / budget 21597s
c hydra_satsuma: satsuma-iter+kissat time 10756s / budget 21597s
c hydra_satsuma: satsuma-iter+kissat time 10761s / budget 21597s
c hydra_satsuma: satsuma-iter+kissat time 10766s / budget 21597s
c hydra_satsuma: satsuma-iter+kissat time 10771s / budget 21597s
c hydra_satsuma: satsuma-iter+kissat time 10776s / budget 21597s
c hydra_satsuma: satsuma-iter+kissat time 10781s / budget 21597s
c hydra_satsuma: satsuma-iter+kissat time 10786s / budget 21597s
c hydra_satsuma: satsuma-iter+kissat time 10791s / budget 21597s
c hydra_satsuma: satsuma-iter+kissat time 10796s / budget 21597s
c hydra_satsuma: satsuma-iter+kissat time 10801s / budget 21597s
c hydra_satsuma: satsuma-iter+kissat time 10807s / budget 21597s
c hydra_satsuma: satsuma-iter+kissat time 10812s / budget 21597s
c hydra_satsuma: satsuma-iter+kissat time 10817s / budget 21597s
c hydra_satsuma: satsuma-iter+kissat time 10822s / budget 21597s
c hydra_satsuma: satsuma-iter+kissat time 10827s / budget 21597s
c hydra_satsuma: satsuma-iter+kissat time 10832s / budget 21597s
c hydra_satsuma: satsuma-iter+kissat time 10837s / budget 21597s
c hydra_satsuma: satsuma-iter+kissat time 10842s / budget 21597s
c hydra_satsuma: satsuma-iter+kissat time 10847s / budget 21597s
c hydra_satsuma: satsuma-iter+kissat time 10852s / budget 21597s
c hydra_satsuma: satsuma-iter+kissat time 10857s / budget 21597s
c hydra_satsuma: satsuma-iter+kissat time 10862s / budget 21597s
c hydra_satsuma: satsuma-iter+kissat time 10867s / budget 21597s
c hydra_satsuma: satsuma-iter+kissat time 10873s / budget 21597s
c hydra_satsuma: satsuma-iter+kissat time 10878s / budget 21597s
c hydra_satsuma: satsuma-iter+kissat time 10883s / budget 21597s
c hydra_satsuma: satsuma-iter+kissat time 10888s / budget 21597s
c hydra_satsuma: satsuma-iter+kissat time 10893s / budget 21597s
c hydra_satsuma: satsuma-iter+kissat time 10898s / budget 21597s
c hydra_satsuma: satsuma-iter+kissat time 10903s / budget 21597s
c hydra_satsuma: satsuma-iter+kissat time 10908s / budget 21597s
c hydra_satsuma: satsuma-iter+kissat time 10913s / budget 21597s
c hydra_satsuma: satsuma-iter+kissat time 10918s / budget 21597s
c hydra_satsuma: satsuma-iter+kissat time 10923s / budget 21597s
c hydra_satsuma: satsuma-iter+kissat time 10928s / budget 21597s
c hydra_satsuma: satsuma-iter+kissat time 10934s / budget 21597s
c hydra_satsuma: satsuma-iter+kissat time 10939s / budget 21597s
c hydra_satsuma: satsuma-iter+kissat time 10944s / budget 21597s
c hydra_satsuma: satsuma-iter+kissat time 10949s / budget 21597s
c hydra_satsuma: satsuma-iter+kissat time 10954s / budget 21597s
c hydra_satsuma: satsuma-iter+kissat time 10959s / budget 21597s
c hydra_satsuma: satsuma-iter+kissat time 10964s / budget 21597s
c hydra_satsuma: satsuma-iter+kissat time 10969s / budget 21597s
c hydra_satsuma: satsuma-iter+kissat time 10974s / budget 21597s
c hydra_satsuma: satsuma-iter+kissat time 10979s / budget 21597s
c hydra_satsuma: satsuma-iter+kissat time 10984s / budget 21597s
c hydra_satsuma: satsuma-iter+kissat time 10989s / budget 21597s
c hydra_satsuma: satsuma-iter+kissat time 10995s / budget 21597s
c hydra_satsuma: satsuma-iter+kissat time 11000s / budget 21597s
c hydra_satsuma: satsuma-iter+kissat time 11005s / budget 21597s
c hydra_satsuma: satsuma-iter+kissat time 11010s / budget 21597s
c hydra_satsuma: satsuma-iter+kissat time 11015s / budget 21597s
c hydra_satsuma: satsuma-iter+kissat time 11020s / budget 21597s
c hydra_satsuma: satsuma-iter+kissat time 11025s / budget 21597s
c hydra_satsuma: satsuma-iter+kissat time 11030s / budget 21597s
c hydra_satsuma: satsuma-iter+kissat time 11035s / budget 21597s
c hydra_satsuma: satsuma-iter+kissat time 11040s / budget 21597s
c hydra_satsuma: satsuma-iter+kissat time 11045s / budget 21597s
c hydra_satsuma: satsuma-iter+kissat time 11050s / budget 21597s
c hydra_satsuma: satsuma-iter+kissat time 11055s / budget 21597s
c hydra_satsuma: satsuma-iter+kissat time 11060s / budget 21597s
c hydra_satsuma: satsuma-iter+kissat time 11066s / budget 21597s
c hydra_satsuma: satsuma-iter+kissat time 11071s / budget 21597s
c hydra_satsuma: satsuma-iter+kissat time 11076s / budget 21597s
c hydra_satsuma: satsuma-iter+kissat time 11081s / budget 21597s
c hydra_satsuma: satsuma-iter+kissat time 11086s / budget 21597s
c hydra_satsuma: satsuma-iter+kissat time 11091s / budget 21597s
c hydra_satsuma: satsuma-iter+kissat time 11096s / budget 21597s
c hydra_satsuma: satsuma-iter+kissat time 11101s / budget 21597s
c hydra_satsuma: satsuma-iter+kissat time 11106s / budget 21597s
c hydra_satsuma: satsuma-iter+kissat time 11111s / budget 21597s
c hydra_satsuma: satsuma-iter+kissat time 11116s / budget 21597s
c hydra_satsuma: satsuma-iter+kissat time 11121s / budget 21597s
c hydra_satsuma: satsuma-iter+kissat time 11127s / budget 21597s
c hydra_satsuma: satsuma-iter+kissat time 11132s / budget 21597s
c hydra_satsuma: satsuma-iter+kissat time 11137s / budget 21597s
c hydra_satsuma: satsuma-iter+kissat time 11142s / budget 21597s
c hydra_satsuma: satsuma-iter+kissat time 11147s / budget 21597s
c hydra_satsuma: satsuma-iter+kissat time 11152s / budget 21597s
c hydra_satsuma: satsuma-iter+kissat time 11157s / budget 21597s
c hydra_satsuma: satsuma-iter+kissat time 11162s / budget 21597s
c hydra_satsuma: satsuma-iter+kissat time 11167s / budget 21597s
c hydra_satsuma: satsuma-iter+kissat time 11172s / budget 21597s
c hydra_satsuma: satsuma-iter+kissat time 11177s / budget 21597s
c hydra_satsuma: satsuma-iter+kissat time 11182s / budget 21597s
c hydra_satsuma: satsuma-iter+kissat time 11187s / budget 21597s
c hydra_satsuma: satsuma-iter+kissat time 11193s / budget 21597s
c hydra_satsuma: satsuma-iter+kissat time 11198s / budget 21597s
c hydra_satsuma: satsuma-iter+kissat time 11203s / budget 21597s
c hydra_satsuma: satsuma-iter+kissat time 11208s / budget 21597s
c hydra_satsuma: satsuma-iter+kissat time 11213s / budget 21597s
c hydra_satsuma: satsuma-iter+kissat time 11218s / budget 21597s
c hydra_satsuma: satsuma-iter+kissat time 11223s / budget 21597s
c hydra_satsuma: satsuma-iter+kissat time 11228s / budget 21597s
c hydra_satsuma: satsuma-iter+kissat time 11233s / budget 21597s
c hydra_satsuma: satsuma-iter+kissat time 11238s / budget 21597s
c hydra_satsuma: satsuma-iter+kissat time 11243s / budget 21597s
c hydra_satsuma: satsuma-iter+kissat time 11248s / budget 21597s
c hydra_satsuma: satsuma-iter+kissat time 11254s / budget 21597s
c hydra_satsuma: satsuma-iter+kissat time 11259s / budget 21597s
c hydra_satsuma: satsuma-iter+kissat time 11264s / budget 21597s
c hydra_satsuma: satsuma-iter+kissat time 11269s / budget 21597s
c hydra_satsuma: satsuma-iter+kissat time 11274s / budget 21597s
c hydra_satsuma: satsuma-iter+kissat time 11279s / budget 21597s
c hydra_satsuma: satsuma-iter+kissat time 11284s / budget 21597s
c hydra_satsuma: satsuma-iter+kissat time 11289s / budget 21597s
c hydra_satsuma: satsuma-iter+kissat time 11294s / budget 21597s
c hydra_satsuma: satsuma-iter+kissat time 11299s / budget 21597s
c hydra_satsuma: satsuma-iter+kissat time 11304s / budget 21597s
c hydra_satsuma: satsuma-iter+kissat time 11309s / budget 21597s
c hydra_satsuma: satsuma-iter+kissat time 11315s / budget 21597s
c hydra_satsuma: satsuma-iter+kissat time 11320s / budget 21597s
c hydra_satsuma: satsuma-iter+kissat time 11325s / budget 21597s
c hydra_satsuma: satsuma-iter+kissat time 11330s / budget 21597s
c hydra_satsuma: satsuma-iter+kissat time 11335s / budget 21597s
c hydra_satsuma: satsuma-iter+kissat time 11340s / budget 21597s
c hydra_satsuma: satsuma-iter+kissat time 11345s / budget 21597s
c hydra_satsuma: satsuma-iter+kissat time 11350s / budget 21597s
c hydra_satsuma: satsuma-iter+kissat time 11355s / budget 21597s
c hydra_satsuma: satsuma-iter+kissat time 11360s / budget 21597s
c hydra_satsuma: satsuma-iter+kissat time 11365s / budget 21597s
c hydra_satsuma: satsuma-iter+kissat time 11370s / budget 21597s
c hydra_satsuma: satsuma-iter+kissat time 11376s / budget 21597s
c hydra_satsuma: satsuma-iter+kissat time 11381s / budget 21597s
c hydra_satsuma: satsuma-iter+kissat time 11386s / budget 21597s
c hydra_satsuma: satsuma-iter+kissat time 11391s / budget 21597s
c hydra_satsuma: satsuma-iter+kissat time 11396s / budget 21597s
c hydra_satsuma: satsuma-iter+kissat time 11401s / budget 21597s
c hydra_satsuma: satsuma-iter+kissat time 11406s / budget 21597s
c hydra_satsuma: satsuma-iter+kissat time 11411s / budget 21597s
c hydra_satsuma: satsuma-iter+kissat time 11416s / budget 21597s
c hydra_satsuma: satsuma-iter+kissat time 11421s / budget 21597s
c hydra_satsuma: satsuma-iter+kissat time 11426s / budget 21597s
c hydra_satsuma: satsuma-iter+kissat time 11431s / budget 21597s
c hydra_satsuma: satsuma-iter+kissat time 11436s / budget 21597s
c hydra_satsuma: satsuma-iter+kissat time 11442s / budget 21597s
c hydra_satsuma: satsuma-iter+kissat time 11447s / budget 21597s
c hydra_satsuma: satsuma-iter+kissat time 11452s / budget 21597s
c hydra_satsuma: satsuma-iter+kissat time 11457s / budget 21597s
c hydra_satsuma: satsuma-iter+kissat time 11462s / budget 21597s
c hydra_satsuma: satsuma-iter+kissat time 11467s / budget 21597s
c hydra_satsuma: satsuma-iter+kissat time 11472s / budget 21597s
c hydra_satsuma: satsuma-iter+kissat time 11477s / budget 21597s
c hydra_satsuma: satsuma-iter+kissat time 11482s / budget 21597s
c hydra_satsuma: satsuma-iter+kissat time 11487s / budget 21597s
c hydra_satsuma: satsuma-iter+kissat time 11492s / budget 21597s
c hydra_satsuma: satsuma-iter+kissat time 11497s / budget 21597s
c hydra_satsuma: satsuma-iter+kissat time 11502s / budget 21597s
c hydra_satsuma: satsuma-iter+kissat time 11508s / budget 21597s
c hydra_satsuma: satsuma-iter+kissat time 11513s / budget 21597s
c hydra_satsuma: satsuma-iter+kissat time 11518s / budget 21597s
c hydra_satsuma: satsuma-iter+kissat time 11523s / budget 21597s
c hydra_satsuma: satsuma-iter+kissat time 11528s / budget 21597s
c hydra_satsuma: satsuma-iter+kissat time 11533s / budget 21597s
c hydra_satsuma: satsuma-iter+kissat time 11538s / budget 21597s
c hydra_satsuma: satsuma-iter+kissat time 11543s / budget 21597s
c hydra_satsuma: satsuma-iter+kissat time 11548s / budget 21597s
c hydra_satsuma: satsuma-iter+kissat time 11553s / budget 21597s
c hydra_satsuma: satsuma-iter+kissat time 11558s / budget 21597s
c hydra_satsuma: satsuma-iter+kissat time 11563s / budget 21597s
c hydra_satsuma: satsuma-iter+kissat time 11569s / budget 21597s
c hydra_satsuma: satsuma-iter+kissat time 11574s / budget 21597s
c hydra_satsuma: satsuma-iter+kissat time 11579s / budget 21597s
c hydra_satsuma: satsuma-iter+kissat time 11584s / budget 21597s
c hydra_satsuma: satsuma-iter+kissat time 11589s / budget 21597s
c hydra_satsuma: satsuma-iter+kissat time 11594s / budget 21597s
c hydra_satsuma: satsuma-iter+kissat time 11599s / budget 21597s
c hydra_satsuma: satsuma-iter+kissat time 11604s / budget 21597s
c hydra_satsuma: satsuma-iter+kissat time 11609s / budget 21597s
c hydra_satsuma: satsuma-iter+kissat time 11614s / budget 21597s
c hydra_satsuma: satsuma-iter+kissat time 11619s / budget 21597s
c hydra_satsuma: satsuma-iter+kissat time 11624s / budget 21597s
c hydra_satsuma: satsuma-iter+kissat time 11630s / budget 21597s
c hydra_satsuma: satsuma-iter+kissat time 11635s / budget 21597s
c hydra_satsuma: satsuma-iter+kissat time 11640s / budget 21597s
c hydra_satsuma: satsuma-iter+kissat time 11645s / budget 21597s
c hydra_satsuma: satsuma-iter+kissat time 11650s / budget 21597s
c hydra_satsuma: satsuma-iter+kissat time 11655s / budget 21597s
c hydra_satsuma: satsuma-iter+kissat time 11660s / budget 21597s
c hydra_satsuma: satsuma-iter+kissat time 11665s / budget 21597s
c hydra_satsuma: satsuma-iter+kissat time 11670s / budget 21597s
c hydra_satsuma: satsuma-iter+kissat time 11675s / budget 21597s
c hydra_satsuma: satsuma-iter+kissat time 11680s / budget 21597s
c hydra_satsuma: satsuma-iter+kissat time 11685s / budget 21597s
c hydra_satsuma: satsuma-iter+kissat time 11691s / budget 21597s
c hydra_satsuma: satsuma-iter+kissat time 11696s / budget 21597s
c hydra_satsuma: satsuma-iter+kissat time 11701s / budget 21597s
c hydra_satsuma: satsuma-iter+kissat time 11706s / budget 21597s
c hydra_satsuma: satsuma-iter+kissat time 11711s / budget 21597s
c hydra_satsuma: satsuma-iter+kissat time 11716s / budget 21597s
c hydra_satsuma: satsuma-iter+kissat time 11721s / budget 21597s
c hydra_satsuma: satsuma-iter+kissat time 11726s / budget 21597s
c hydra_satsuma: satsuma-iter+kissat time 11731s / budget 21597s
c hydra_satsuma: satsuma-iter+kissat time 11736s / budget 21597s
c hydra_satsuma: satsuma-iter+kissat time 11741s / budget 21597s
c hydra_satsuma: satsuma-iter+kissat time 11746s / budget 21597s
c hydra_satsuma: satsuma-iter+kissat time 11751s / budget 21597s
c hydra_satsuma: satsuma-iter+kissat time 11756s / budget 21597s
c hydra_satsuma: satsuma-iter+kissat time 11762s / budget 21597s
c hydra_satsuma: satsuma-iter+kissat time 11767s / budget 21597s
c hydra_satsuma: satsuma-iter+kissat time 11772s / budget 21597s
c hydra_satsuma: satsuma-iter+kissat time 11777s / budget 21597s
c hydra_satsuma: satsuma-iter+kissat time 11782s / budget 21597s
c hydra_satsuma: satsuma-iter+kissat time 11787s / budget 21597s
c hydra_satsuma: satsuma-iter+kissat time 11792s / budget 21597s
c hydra_satsuma: satsuma-iter+kissat time 11797s / budget 21597s
c hydra_satsuma: satsuma-iter+kissat time 11802s / budget 21597s
c hydra_satsuma: satsuma-iter+kissat time 11807s / budget 21597s
c hydra_satsuma: satsuma-iter+kissat time 11812s / budget 21597s
c hydra_satsuma: satsuma-iter+kissat time 11817s / budget 21597s
c hydra_satsuma: satsuma-iter+kissat time 11822s / budget 21597s
c hydra_satsuma: satsuma-iter+kissat time 11827s / budget 21597s
c hydra_satsuma: satsuma-iter+kissat time 11832s / budget 21597s
c hydra_satsuma: satsuma-iter+kissat time 11837s / budget 21597s
c hydra_satsuma: satsuma-iter+kissat time 11843s / budget 21597s
c hydra_satsuma: satsuma-iter+kissat time 11848s / budget 21597s
c hydra_satsuma: satsuma-iter+kissat time 11853s / budget 21597s
c hydra_satsuma: satsuma-iter+kissat time 11858s / budget 21597s
c hydra_satsuma: satsuma-iter+kissat time 11863s / budget 21597s
c hydra_satsuma: satsuma-iter+kissat time 11868s / budget 21597s
c hydra_satsuma: satsuma-iter+kissat time 11873s / budget 21597s
c hydra_satsuma: satsuma-iter+kissat time 11878s / budget 21597s
c hydra_satsuma: satsuma-iter+kissat time 11883s / budget 21597s
c hydra_satsuma: satsuma-iter+kissat time 11888s / budget 21597s
c hydra_satsuma: satsuma-iter+kissat time 11893s / budget 21597s
c hydra_satsuma: satsuma-iter+kissat time 11898s / budget 21597s
c hydra_satsuma: satsuma-iter+kissat time 11903s / budget 21597s
c hydra_satsuma: satsuma-iter+kissat time 11908s / budget 21597s
c hydra_satsuma: satsuma-iter+kissat time 11913s / budget 21597s
c hydra_satsuma: satsuma-iter+kissat time 11918s / budget 21597s
c hydra_satsuma: satsuma-iter+kissat time 11923s / budget 21597s
c hydra_satsuma: satsuma-iter+kissat time 11929s / budget 21597s
c hydra_satsuma: satsuma-iter+kissat time 11934s / budget 21597s
c hydra_satsuma: satsuma-iter+kissat time 11939s / budget 21597s
c hydra_satsuma: satsuma-iter+kissat time 11944s / budget 21597s
c hydra_satsuma: satsuma-iter+kissat time 11949s / budget 21597s
c hydra_satsuma: satsuma-iter+kissat time 11954s / budget 21597s
c hydra_satsuma: satsuma-iter+kissat time 11959s / budget 21597s
c hydra_satsuma: satsuma-iter+kissat time 11964s / budget 21597s
c hydra_satsuma: satsuma-iter+kissat time 11969s / budget 21597s
c hydra_satsuma: satsuma-iter+kissat time 11974s / budget 21597s
c hydra_satsuma: satsuma-iter+kissat time 11979s / budget 21597s
c hydra_satsuma: satsuma-iter+kissat time 11984s / budget 21597s
c hydra_satsuma: satsuma-iter+kissat time 11989s / budget 21597s
c hydra_satsuma: satsuma-iter+kissat time 11994s / budget 21597s
c hydra_satsuma: satsuma-iter+kissat time 11999s / budget 21597s
c hydra_satsuma: satsuma-iter+kissat time 12004s / budget 21597s
c hydra_satsuma: satsuma-iter+kissat time 12010s / budget 21597s
c hydra_satsuma: satsuma-iter+kissat time 12015s / budget 21597s
c hydra_satsuma: satsuma-iter+kissat time 12020s / budget 21597s
c hydra_satsuma: satsuma-iter+kissat time 12025s / budget 21597s
c hydra_satsuma: satsuma-iter+kissat time 12030s / budget 21597s
c hydra_satsuma: satsuma-iter+kissat time 12035s / budget 21597s
c hydra_satsuma: satsuma-iter+kissat time 12040s / budget 21597s
c hydra_satsuma: satsuma-iter+kissat time 12045s / budget 21597s
c hydra_satsuma: satsuma-iter+kissat time 12050s / budget 21597s
c hydra_satsuma: satsuma-iter+kissat time 12055s / budget 21597s
c hydra_satsuma: satsuma-iter+kissat time 12060s / budget 21597s
c hydra_satsuma: satsuma-iter+kissat time 12065s / budget 21597s
c hydra_satsuma: satsuma-iter+kissat time 12070s / budget 21597s
c hydra_satsuma: satsuma-iter+kissat time 12075s / budget 21597s
c hydra_satsuma: satsuma-iter+kissat time 12080s / budget 21597s
c hydra_satsuma: satsuma-iter+kissat time 12086s / budget 21597s
c hydra_satsuma: satsuma-iter+kissat time 12091s / budget 21597s
c hydra_satsuma: satsuma-iter+kissat time 12096s / budget 21597s
c hydra_satsuma: satsuma-iter+kissat time 12101s / budget 21597s
c hydra_satsuma: satsuma-iter+kissat time 12106s / budget 21597s
c hydra_satsuma: satsuma-iter+kissat time 12111s / budget 21597s
c hydra_satsuma: satsuma-iter+kissat time 12116s / budget 21597s
c hydra_satsuma: satsuma-iter+kissat time 12121s / budget 21597s
c hydra_satsuma: satsuma-iter+kissat time 12126s / budget 21597s
c hydra_satsuma: satsuma-iter+kissat time 12131s / budget 21597s
c hydra_satsuma: satsuma-iter+kissat time 12136s / budget 21597s
c hydra_satsuma: satsuma-iter+kissat time 12141s / budget 21597s
c hydra_satsuma: satsuma-iter+kissat time 12146s / budget 21597s
c hydra_satsuma: satsuma-iter+kissat time 12151s / budget 21597s
c hydra_satsuma: satsuma-iter+kissat time 12156s / budget 21597s
c hydra_satsuma: satsuma-iter+kissat time 12162s / budget 21597s
c hydra_satsuma: satsuma-iter+kissat time 12167s / budget 21597s
c hydra_satsuma: satsuma-iter+kissat time 12172s / budget 21597s
c hydra_satsuma: satsuma-iter+kissat time 12177s / budget 21597s
c hydra_satsuma: satsuma-iter+kissat time 12182s / budget 21597s
c hydra_satsuma: satsuma-iter+kissat time 12187s / budget 21597s
c hydra_satsuma: satsuma-iter+kissat time 12192s / budget 21597s
c hydra_satsuma: satsuma-iter+kissat time 12197s / budget 21597s
c hydra_satsuma: satsuma-iter+kissat time 12202s / budget 21597s
c hydra_satsuma: satsuma-iter+kissat time 12207s / budget 21597s
c hydra_satsuma: satsuma-iter+kissat time 12212s / budget 21597s
c hydra_satsuma: satsuma-iter+kissat time 12217s / budget 21597s
c hydra_satsuma: satsuma-iter+kissat time 12222s / budget 21597s
c hydra_satsuma: satsuma-iter+kissat time 12227s / budget 21597s
c hydra_satsuma: satsuma-iter+kissat time 12232s / budget 21597s
c hydra_satsuma: satsuma-iter+kissat time 12237s / budget 21597s
c hydra_satsuma: satsuma-iter+kissat time 12242s / budget 21597s
c hydra_satsuma: satsuma-iter+kissat time 12247s / budget 21597s
c hydra_satsuma: satsuma-iter+kissat time 12252s / budget 21597s
c hydra_satsuma: satsuma-iter+kissat time 12257s / budget 21597s
c hydra_satsuma: satsuma-iter+kissat time 12262s / budget 21597s
c hydra_satsuma: satsuma-iter+kissat time 12267s / budget 21597s
c hydra_satsuma: satsuma-iter+kissat time 12272s / budget 21597s
c hydra_satsuma: satsuma-iter+kissat time 12278s / budget 21597s
c hydra_satsuma: satsuma-iter+kissat time 12283s / budget 21597s
c hydra_satsuma: satsuma-iter+kissat time 12288s / budget 21597s
c hydra_satsuma: satsuma-iter+kissat time 12293s / budget 21597s
c hydra_satsuma: satsuma-iter+kissat time 12298s / budget 21597s
c hydra_satsuma: satsuma-iter+kissat time 12303s / budget 21597s
c hydra_satsuma: satsuma-iter+kissat time 12308s / budget 21597s
c hydra_satsuma: satsuma-iter+kissat time 12313s / budget 21597s
c hydra_satsuma: satsuma-iter+kissat time 12318s / budget 21597s
c hydra_satsuma: satsuma-iter+kissat time 12323s / budget 21597s
c hydra_satsuma: satsuma-iter+kissat time 12328s / budget 21597s
c hydra_satsuma: satsuma-iter+kissat time 12333s / budget 21597s
c hydra_satsuma: satsuma-iter+kissat time 12338s / budget 21597s
c hydra_satsuma: satsuma-iter+kissat time 12343s / budget 21597s
c hydra_satsuma: satsuma-iter+kissat time 12348s / budget 21597s
c hydra_satsuma: satsuma-iter+kissat time 12353s / budget 21597s
c hydra_satsuma: satsuma-iter+kissat time 12358s / budget 21597s
c hydra_satsuma: satsuma-iter+kissat time 12363s / budget 21597s
c hydra_satsuma: satsuma-iter+kissat time 12368s / budget 21597s
c hydra_satsuma: satsuma-iter+kissat time 12373s / budget 21597s
c hydra_satsuma: satsuma-iter+kissat time 12378s / budget 21597s
c hydra_satsuma: satsuma-iter+kissat time 12383s / budget 21597s
c hydra_satsuma: satsuma-iter+kissat time 12388s / budget 21597s
c hydra_satsuma: satsuma-iter+kissat time 12393s / budget 21597s
c hydra_satsuma: satsuma-iter+kissat time 12398s / budget 21597s
c hydra_satsuma: satsuma-iter+kissat time 12404s / budget 21597s
c hydra_satsuma: satsuma-iter+kissat time 12409s / budget 21597s
c hydra_satsuma: satsuma-iter+kissat time 12414s / budget 21597s
c hydra_satsuma: satsuma-iter+kissat time 12419s / budget 21597s
c hydra_satsuma: satsuma-iter+kissat time 12424s / budget 21597s
c hydra_satsuma: satsuma-iter+kissat time 12429s / budget 21597s
c hydra_satsuma: satsuma-iter+kissat time 12434s / budget 21597s
c hydra_satsuma: satsuma-iter+kissat time 12439s / budget 21597s
c hydra_satsuma: satsuma-iter+kissat time 12444s / budget 21597s
c hydra_satsuma: satsuma-iter+kissat time 12449s / budget 21597s
c hydra_satsuma: satsuma-iter+kissat time 12454s / budget 21597s
c hydra_satsuma: satsuma-iter+kissat time 12459s / budget 21597s
c hydra_satsuma: satsuma-iter+kissat time 12464s / budget 21597s
c hydra_satsuma: satsuma-iter+kissat time 12469s / budget 21597s
c hydra_satsuma: satsuma-iter+kissat time 12474s / budget 21597s
c hydra_satsuma: satsuma-iter+kissat time 12479s / budget 21597s
c hydra_satsuma: satsuma-iter+kissat time 12484s / budget 21597s
c hydra_satsuma: satsuma-iter+kissat time 12489s / budget 21597s
c hydra_satsuma: satsuma-iter+kissat time 12494s / budget 21597s
c hydra_satsuma: satsuma-iter+kissat time 12499s / budget 21597s
c hydra_satsuma: satsuma-iter+kissat time 12504s / budget 21597s
c hydra_satsuma: satsuma-iter+kissat time 12509s / budget 21597s
c hydra_satsuma: satsuma-iter+kissat time 12514s / budget 21597s
c hydra_satsuma: satsuma-iter+kissat time 12519s / budget 21597s
c hydra_satsuma: satsuma-iter+kissat time 12525s / budget 21597s
c hydra_satsuma: satsuma-iter+kissat time 12530s / budget 21597s
c hydra_satsuma: satsuma-iter+kissat time 12535s / budget 21597s
c hydra_satsuma: satsuma-iter+kissat time 12540s / budget 21597s
c hydra_satsuma: satsuma-iter+kissat time 12545s / budget 21597s
c hydra_satsuma: satsuma-iter+kissat time 12550s / budget 21597s
c hydra_satsuma: satsuma-iter+kissat time 12555s / budget 21597s
c hydra_satsuma: satsuma-iter+kissat time 12560s / budget 21597s
c hydra_satsuma: satsuma-iter+kissat time 12565s / budget 21597s
c hydra_satsuma: satsuma-iter+kissat time 12570s / budget 21597s
c hydra_satsuma: satsuma-iter+kissat time 12575s / budget 21597s
c hydra_satsuma: satsuma-iter+kissat time 12580s / budget 21597s
c hydra_satsuma: satsuma-iter+kissat time 12585s / budget 21597s
c hydra_satsuma: satsuma-iter+kissat time 12590s / budget 21597s
c hydra_satsuma: satsuma-iter+kissat time 12595s / budget 21597s
c hydra_satsuma: satsuma-iter+kissat time 12600s / budget 21597s
c hydra_satsuma: satsuma-iter+kissat time 12605s / budget 21597s
c hydra_satsuma: satsuma-iter+kissat time 12610s / budget 21597s
c hydra_satsuma: satsuma-iter+kissat time 12615s / budget 21597s
c hydra_satsuma: satsuma-iter+kissat time 12620s / budget 21597s
c hydra_satsuma: satsuma-iter+kissat time 12625s / budget 21597s
c hydra_satsuma: satsuma-iter+kissat time 12630s / budget 21597s
c hydra_satsuma: satsuma-iter+kissat time 12635s / budget 21597s
c hydra_satsuma: satsuma-iter+kissat time 12640s / budget 21597s
c hydra_satsuma: satsuma-iter+kissat time 12645s / budget 21597s
c hydra_satsuma: satsuma-iter+kissat time 12651s / budget 21597s
c hydra_satsuma: satsuma-iter+kissat time 12656s / budget 21597s
c hydra_satsuma: satsuma-iter+kissat time 12661s / budget 21597s
c hydra_satsuma: satsuma-iter+kissat time 12666s / budget 21597s
c hydra_satsuma: satsuma-iter+kissat time 12671s / budget 21597s
c hydra_satsuma: satsuma-iter+kissat time 12676s / budget 21597s
c hydra_satsuma: satsuma-iter+kissat time 12681s / budget 21597s
c hydra_satsuma: satsuma-iter+kissat time 12686s / budget 21597s
c hydra_satsuma: satsuma-iter+kissat time 12691s / budget 21597s
c hydra_satsuma: satsuma-iter+kissat time 12696s / budget 21597s
c hydra_satsuma: satsuma-iter+kissat time 12701s / budget 21597s
c hydra_satsuma: satsuma-iter+kissat time 12706s / budget 21597s
c hydra_satsuma: satsuma-iter+kissat time 12711s / budget 21597s
c hydra_satsuma: satsuma-iter+kissat time 12716s / budget 21597s
c hydra_satsuma: satsuma-iter+kissat time 12721s / budget 21597s
c hydra_satsuma: satsuma-iter+kissat time 12726s / budget 21597s
c hydra_satsuma: satsuma-iter+kissat time 12731s / budget 21597s
c hydra_satsuma: satsuma-iter+kissat time 12736s / budget 21597s
c hydra_satsuma: satsuma-iter+kissat time 12741s / budget 21597s
c hydra_satsuma: satsuma-iter+kissat time 12746s / budget 21597s
c hydra_satsuma: satsuma-iter+kissat time 12751s / budget 21597s
c hydra_satsuma: satsuma-iter+kissat time 12756s / budget 21597s
c hydra_satsuma: satsuma-iter+kissat time 12761s / budget 21597s
c hydra_satsuma: satsuma-iter+kissat time 12766s / budget 21597s
c hydra_satsuma: satsuma-iter+kissat time 12771s / budget 21597s
c hydra_satsuma: satsuma-iter+kissat time 12777s / budget 21597s
c hydra_satsuma: satsuma-iter+kissat time 12782s / budget 21597s
c hydra_satsuma: satsuma-iter+kissat time 12787s / budget 21597s
c hydra_satsuma: satsuma-iter+kissat time 12792s / budget 21597s
c hydra_satsuma: satsuma-iter+kissat time 12797s / budget 21597s
c hydra_satsuma: satsuma-iter+kissat time 12802s / budget 21597s
c hydra_satsuma: satsuma-iter+kissat time 12807s / budget 21597s
c hydra_satsuma: satsuma-iter+kissat time 12812s / budget 21597s
c hydra_satsuma: satsuma-iter+kissat time 12817s / budget 21597s
c hydra_satsuma: satsuma-iter+kissat time 12822s / budget 21597s
c hydra_satsuma: satsuma-iter+kissat time 12827s / budget 21597s
c hydra_satsuma: satsuma-iter+kissat time 12832s / budget 21597s
c hydra_satsuma: satsuma-iter+kissat time 12837s / budget 21597s
c hydra_satsuma: satsuma-iter+kissat time 12842s / budget 21597s
c hydra_satsuma: satsuma-iter+kissat time 12847s / budget 21597s
c hydra_satsuma: satsuma-iter+kissat time 12852s / budget 21597s
c hydra_satsuma: satsuma-iter+kissat time 12857s / budget 21597s
c hydra_satsuma: satsuma-iter+kissat time 12863s / budget 21597s
c hydra_satsuma: satsuma-iter+kissat time 12868s / budget 21597s
c hydra_satsuma: satsuma-iter+kissat time 12873s / budget 21597s
c hydra_satsuma: satsuma-iter+kissat time 12878s / budget 21597s
c hydra_satsuma: satsuma-iter+kissat time 12883s / budget 21597s
c hydra_satsuma: satsuma-iter+kissat time 12888s / budget 21597s
c hydra_satsuma: satsuma-iter+kissat time 12893s / budget 21597s
c hydra_satsuma: satsuma-iter+kissat time 12898s / budget 21597s
c hydra_satsuma: satsuma-iter+kissat time 12903s / budget 21597s
c hydra_satsuma: satsuma-iter+kissat time 12908s / budget 21597s
c hydra_satsuma: satsuma-iter+kissat time 12913s / budget 21597s
c hydra_satsuma: satsuma-iter+kissat time 12918s / budget 21597s
c hydra_satsuma: satsuma-iter+kissat time 12923s / budget 21597s
c hydra_satsuma: satsuma-iter+kissat time 12928s / budget 21597s
c hydra_satsuma: satsuma-iter+kissat time 12933s / budget 21597s
c hydra_satsuma: satsuma-iter+kissat time 12938s / budget 21597s
c hydra_satsuma: satsuma-iter+kissat time 12943s / budget 21597s
c hydra_satsuma: satsuma-iter+kissat time 12949s / budget 21597s
c hydra_satsuma: satsuma-iter+kissat time 12954s / budget 21597s
c hydra_satsuma: satsuma-iter+kissat time 12959s / budget 21597s
c hydra_satsuma: satsuma-iter+kissat time 12964s / budget 21597s
c hydra_satsuma: satsuma-iter+kissat time 12969s / budget 21597s
c hydra_satsuma: satsuma-iter+kissat time 12974s / budget 21597s
c hydra_satsuma: satsuma-iter+kissat time 12979s / budget 21597s
c hydra_satsuma: satsuma-iter+kissat time 12984s / budget 21597s
c hydra_satsuma: satsuma-iter+kissat time 12989s / budget 21597s
c hydra_satsuma: satsuma-iter+kissat time 12994s / budget 21597s
c hydra_satsuma: satsuma-iter+kissat time 12999s / budget 21597s
c hydra_satsuma: satsuma-iter+kissat time 13004s / budget 21597s
c hydra_satsuma: satsuma-iter+kissat time 13009s / budget 21597s
c hydra_satsuma: satsuma-iter+kissat time 13014s / budget 21597s
c hydra_satsuma: satsuma-iter+kissat time 13019s / budget 21597s
c hydra_satsuma: satsuma-iter+kissat time 13024s / budget 21597s
c hydra_satsuma: satsuma-iter+kissat time 13030s / budget 21597s
c hydra_satsuma: satsuma-iter+kissat time 13035s / budget 21597s
c hydra_satsuma: satsuma-iter+kissat time 13040s / budget 21597s
c hydra_satsuma: satsuma-iter+kissat time 13045s / budget 21597s
c hydra_satsuma: satsuma-iter+kissat time 13050s / budget 21597s
c hydra_satsuma: satsuma-iter+kissat time 13055s / budget 21597s
c hydra_satsuma: satsuma-iter+kissat time 13060s / budget 21597s
c hydra_satsuma: satsuma-iter+kissat time 13065s / budget 21597s
c hydra_satsuma: satsuma-iter+kissat time 13070s / budget 21597s
c hydra_satsuma: satsuma-iter+kissat time 13075s / budget 21597s
c hydra_satsuma: satsuma-iter+kissat time 13080s / budget 21597s
c hydra_satsuma: satsuma-iter+kissat time 13085s / budget 21597s
c hydra_satsuma: satsuma-iter+kissat time 13090s / budget 21597s
c hydra_satsuma: satsuma-iter+kissat time 13095s / budget 21597s
c hydra_satsuma: satsuma-iter+kissat time 13100s / budget 21597s
c hydra_satsuma: satsuma-iter+kissat time 13105s / budget 21597s
c hydra_satsuma: satsuma-iter+kissat time 13111s / budget 21597s
c hydra_satsuma: satsuma-iter+kissat time 13116s / budget 21597s
c hydra_satsuma: satsuma-iter+kissat time 13121s / budget 21597s
c hydra_satsuma: satsuma-iter+kissat time 13126s / budget 21597s
c hydra_satsuma: satsuma-iter+kissat time 13131s / budget 21597s
c hydra_satsuma: satsuma-iter+kissat time 13136s / budget 21597s
c hydra_satsuma: satsuma-iter+kissat time 13141s / budget 21597s
c hydra_satsuma: satsuma-iter+kissat time 13146s / budget 21597s
c hydra_satsuma: satsuma-iter+kissat time 13151s / budget 21597s
c hydra_satsuma: satsuma-iter+kissat time 13156s / budget 21597s
c hydra_satsuma: satsuma-iter+kissat time 13161s / budget 21597s
c hydra_satsuma: satsuma-iter+kissat time 13166s / budget 21597s
c hydra_satsuma: satsuma-iter+kissat time 13171s / budget 21597s
c hydra_satsuma: satsuma-iter+kissat time 13176s / budget 21597s
c hydra_satsuma: satsuma-iter+kissat time 13181s / budget 21597s
c hydra_satsuma: satsuma-iter+kissat time 13186s / budget 21597s
c hydra_satsuma: satsuma-iter+kissat time 13192s / budget 21597s
c hydra_satsuma: satsuma-iter+kissat time 13197s / budget 21597s
c hydra_satsuma: satsuma-iter+kissat time 13202s / budget 21597s
c hydra_satsuma: satsuma-iter+kissat time 13207s / budget 21597s
c hydra_satsuma: satsuma-iter+kissat time 13212s / budget 21597s
c hydra_satsuma: satsuma-iter+kissat time 13217s / budget 21597s
c hydra_satsuma: satsuma-iter+kissat time 13222s / budget 21597s
c hydra_satsuma: satsuma-iter+kissat time 13227s / budget 21597s
c hydra_satsuma: satsuma-iter+kissat time 13232s / budget 21597s
c hydra_satsuma: satsuma-iter+kissat time 13237s / budget 21597s
c hydra_satsuma: satsuma-iter+kissat time 13242s / budget 21597s
c hydra_satsuma: satsuma-iter+kissat time 13247s / budget 21597s
c hydra_satsuma: satsuma-iter+kissat time 13252s / budget 21597s
c hydra_satsuma: satsuma-iter+kissat time 13257s / budget 21597s
c hydra_satsuma: satsuma-iter+kissat time 13262s / budget 21597s
c hydra_satsuma: satsuma-iter+kissat time 13267s / budget 21597s
c hydra_satsuma: satsuma-iter+kissat time 13273s / budget 21597s
c hydra_satsuma: satsuma-iter+kissat time 13278s / budget 21597s
c hydra_satsuma: satsuma-iter+kissat time 13283s / budget 21597s
c hydra_satsuma: satsuma-iter+kissat time 13288s / budget 21597s
c hydra_satsuma: satsuma-iter+kissat time 13293s / budget 21597s
c hydra_satsuma: satsuma-iter+kissat time 13298s / budget 21597s
c hydra_satsuma: satsuma-iter+kissat time 13303s / budget 21597s
c hydra_satsuma: satsuma-iter+kissat time 13308s / budget 21597s
c hydra_satsuma: satsuma-iter+kissat time 13313s / budget 21597s
c hydra_satsuma: satsuma-iter+kissat time 13318s / budget 21597s
c hydra_satsuma: satsuma-iter+kissat time 13323s / budget 21597s
c hydra_satsuma: satsuma-iter+kissat time 13328s / budget 21597s
c hydra_satsuma: satsuma-iter+kissat time 13333s / budget 21597s
c hydra_satsuma: satsuma-iter+kissat time 13338s / budget 21597s
c hydra_satsuma: satsuma-iter+kissat time 13344s / budget 21597s
c hydra_satsuma: satsuma-iter+kissat time 13349s / budget 21597s
c hydra_satsuma: satsuma-iter+kissat time 13354s / budget 21597s
c hydra_satsuma: satsuma-iter+kissat time 13359s / budget 21597s
c hydra_satsuma: satsuma-iter+kissat time 13364s / budget 21597s
c hydra_satsuma: satsuma-iter+kissat time 13369s / budget 21597s
c hydra_satsuma: satsuma-iter+kissat time 13374s / budget 21597s
c hydra_satsuma: satsuma-iter+kissat time 13379s / budget 21597s
c hydra_satsuma: satsuma-iter+kissat time 13384s / budget 21597s
c hydra_satsuma: satsuma-iter+kissat time 13389s / budget 21597s
c hydra_satsuma: satsuma-iter+kissat time 13394s / budget 21597s
c hydra_satsuma: satsuma-iter+kissat time 13399s / budget 21597s
c hydra_satsuma: satsuma-iter+kissat time 13404s / budget 21597s
c hydra_satsuma: satsuma-iter+kissat time 13409s / budget 21597s
c hydra_satsuma: satsuma-iter+kissat time 13414s / budget 21597s
c hydra_satsuma: satsuma-iter+kissat time 13420s / budget 21597s
c hydra_satsuma: satsuma-iter+kissat time 13425s / budget 21597s
c hydra_satsuma: satsuma-iter+kissat time 13430s / budget 21597s
c hydra_satsuma: satsuma-iter+kissat time 13435s / budget 21597s
c hydra_satsuma: satsuma-iter+kissat time 13440s / budget 21597s
c hydra_satsuma: satsuma-iter+kissat time 13445s / budget 21597s
c hydra_satsuma: satsuma-iter+kissat time 13450s / budget 21597s
c hydra_satsuma: satsuma-iter+kissat time 13455s / budget 21597s
c hydra_satsuma: satsuma-iter+kissat time 13460s / budget 21597s
c hydra_satsuma: satsuma-iter+kissat time 13465s / budget 21597s
c hydra_satsuma: satsuma-iter+kissat time 13470s / budget 21597s
c hydra_satsuma: satsuma-iter+kissat time 13475s / budget 21597s
c hydra_satsuma: satsuma-iter+kissat time 13480s / budget 21597s
c hydra_satsuma: satsuma-iter+kissat time 13485s / budget 21597s
c hydra_satsuma: satsuma-iter+kissat time 13490s / budget 21597s
c hydra_satsuma: satsuma-iter+kissat time 13496s / budget 21597s
c hydra_satsuma: satsuma-iter+kissat time 13501s / budget 21597s
c hydra_satsuma: satsuma-iter+kissat time 13506s / budget 21597s
c hydra_satsuma: satsuma-iter+kissat time 13511s / budget 21597s
c hydra_satsuma: satsuma-iter+kissat time 13516s / budget 21597s
c hydra_satsuma: satsuma-iter+kissat time 13521s / budget 21597s
c hydra_satsuma: satsuma-iter+kissat time 13526s / budget 21597s
c hydra_satsuma: satsuma-iter+kissat time 13531s / budget 21597s
c hydra_satsuma: satsuma-iter+kissat time 13536s / budget 21597s
c hydra_satsuma: satsuma-iter+kissat time 13541s / budget 21597s
c hydra_satsuma: satsuma-iter+kissat time 13546s / budget 21597s
c hydra_satsuma: satsuma-iter+kissat time 13551s / budget 21597s
c hydra_satsuma: satsuma-iter+kissat time 13556s / budget 21597s
c hydra_satsuma: satsuma-iter+kissat time 13561s / budget 21597s
c hydra_satsuma: satsuma-iter+kissat time 13566s / budget 21597s
c hydra_satsuma: satsuma-iter+kissat time 13572s / budget 21597s
c hydra_satsuma: satsuma-iter+kissat time 13577s / budget 21597s
c hydra_satsuma: satsuma-iter+kissat time 13582s / budget 21597s
c hydra_satsuma: satsuma-iter+kissat time 13587s / budget 21597s
c hydra_satsuma: satsuma-iter+kissat time 13592s / budget 21597s
c hydra_satsuma: satsuma-iter+kissat time 13597s / budget 21597s
c hydra_satsuma: satsuma-iter+kissat time 13602s / budget 21597s
c hydra_satsuma: satsuma-iter+kissat time 13607s / budget 21597s
c hydra_satsuma: satsuma-iter+kissat time 13612s / budget 21597s
c hydra_satsuma: satsuma-iter+kissat time 13617s / budget 21597s
c hydra_satsuma: satsuma-iter+kissat time 13622s / budget 21597s
c hydra_satsuma: satsuma-iter+kissat time 13627s / budget 21597s
c hydra_satsuma: satsuma-iter+kissat time 13632s / budget 21597s
c hydra_satsuma: satsuma-iter+kissat time 13637s / budget 21597s
c hydra_satsuma: satsuma-iter+kissat time 13642s / budget 21597s
c hydra_satsuma: satsuma-iter+kissat time 13648s / budget 21597s
c hydra_satsuma: satsuma-iter+kissat time 13653s / budget 21597s
c hydra_satsuma: satsuma-iter+kissat time 13658s / budget 21597s
c hydra_satsuma: satsuma-iter+kissat time 13663s / budget 21597s
c hydra_satsuma: satsuma-iter+kissat time 13668s / budget 21597s
c hydra_satsuma: satsuma-iter+kissat time 13673s / budget 21597s
c hydra_satsuma: satsuma-iter+kissat time 13678s / budget 21597s
c hydra_satsuma: satsuma-iter+kissat time 13683s / budget 21597s
c hydra_satsuma: satsuma-iter+kissat time 13688s / budget 21597s
c hydra_satsuma: satsuma-iter+kissat time 13693s / budget 21597s
c hydra_satsuma: satsuma-iter+kissat time 13698s / budget 21597s
c hydra_satsuma: satsuma-iter+kissat time 13703s / budget 21597s
c hydra_satsuma: satsuma-iter+kissat time 13708s / budget 21597s
c hydra_satsuma: satsuma-iter+kissat time 13713s / budget 21597s
c hydra_satsuma: satsuma-iter+kissat time 13718s / budget 21597s
c hydra_satsuma: satsuma-iter+kissat time 13724s / budget 21597s
c hydra_satsuma: satsuma-iter+kissat time 13729s / budget 21597s
c hydra_satsuma: satsuma-iter+kissat time 13734s / budget 21597s
c hydra_satsuma: satsuma-iter+kissat time 13739s / budget 21597s
c hydra_satsuma: satsuma-iter+kissat time 13744s / budget 21597s
c hydra_satsuma: satsuma-iter+kissat time 13749s / budget 21597s
c hydra_satsuma: satsuma-iter+kissat time 13754s / budget 21597s
c hydra_satsuma: satsuma-iter+kissat time 13759s / budget 21597s
c hydra_satsuma: satsuma-iter+kissat time 13764s / budget 21597s
c hydra_satsuma: satsuma-iter+kissat time 13769s / budget 21597s
c hydra_satsuma: satsuma-iter+kissat time 13774s / budget 21597s
c hydra_satsuma: satsuma-iter+kissat time 13779s / budget 21597s
c hydra_satsuma: satsuma-iter+kissat time 13784s / budget 21597s
c hydra_satsuma: satsuma-iter+kissat time 13789s / budget 21597s
c hydra_satsuma: satsuma-iter+kissat time 13794s / budget 21597s
c hydra_satsuma: satsuma-iter+kissat time 13800s / budget 21597s
c hydra_satsuma: satsuma-iter+kissat time 13805s / budget 21597s
c hydra_satsuma: satsuma-iter+kissat time 13810s / budget 21597s
c hydra_satsuma: satsuma-iter+kissat time 13815s / budget 21597s
c hydra_satsuma: satsuma-iter+kissat time 13820s / budget 21597s
c hydra_satsuma: satsuma-iter+kissat time 13825s / budget 21597s
c hydra_satsuma: satsuma-iter+kissat time 13830s / budget 21597s
c hydra_satsuma: satsuma-iter+kissat time 13835s / budget 21597s
c hydra_satsuma: satsuma-iter+kissat time 13840s / budget 21597s
c hydra_satsuma: satsuma-iter+kissat time 13845s / budget 21597s
c hydra_satsuma: satsuma-iter+kissat time 13850s / budget 21597s
c hydra_satsuma: satsuma-iter+kissat time 13855s / budget 21597s
c hydra_satsuma: satsuma-iter+kissat time 13860s / budget 21597s
c hydra_satsuma: satsuma-iter+kissat time 13865s / budget 21597s
c hydra_satsuma: satsuma-iter+kissat time 13870s / budget 21597s
c hydra_satsuma: satsuma-iter+kissat time 13876s / budget 21597s
c hydra_satsuma: satsuma-iter+kissat time 13881s / budget 21597s
c hydra_satsuma: satsuma-iter+kissat time 13886s / budget 21597s
c hydra_satsuma: satsuma-iter+kissat time 13891s / budget 21597s
c hydra_satsuma: satsuma-iter+kissat time 13896s / budget 21597s
c hydra_satsuma: satsuma-iter+kissat time 13901s / budget 21597s
c hydra_satsuma: satsuma-iter+kissat time 13906s / budget 21597s
c hydra_satsuma: satsuma-iter+kissat time 13911s / budget 21597s
c hydra_satsuma: satsuma-iter+kissat time 13916s / budget 21597s
c hydra_satsuma: satsuma-iter+kissat time 13921s / budget 21597s
c hydra_satsuma: satsuma-iter+kissat time 13926s / budget 21597s
c hydra_satsuma: satsuma-iter+kissat time 13931s / budget 21597s
c hydra_satsuma: satsuma-iter+kissat time 13936s / budget 21597s
c hydra_satsuma: satsuma-iter+kissat time 13941s / budget 21597s
c hydra_satsuma: satsuma-iter+kissat time 13946s / budget 21597s
c hydra_satsuma: satsuma-iter+kissat time 13952s / budget 21597s
c hydra_satsuma: satsuma-iter+kissat time 13957s / budget 21597s
c hydra_satsuma: satsuma-iter+kissat time 13962s / budget 21597s
c hydra_satsuma: satsuma-iter+kissat time 13967s / budget 21597s
c hydra_satsuma: satsuma-iter+kissat time 13972s / budget 21597s
c hydra_satsuma: satsuma-iter+kissat time 13977s / budget 21597s
c hydra_satsuma: satsuma-iter+kissat time 13982s / budget 21597s
c hydra_satsuma: satsuma-iter+kissat time 13987s / budget 21597s
c hydra_satsuma: satsuma-iter+kissat time 13992s / budget 21597s
c hydra_satsuma: satsuma-iter+kissat time 13997s / budget 21597s
c hydra_satsuma: satsuma-iter+kissat time 14002s / budget 21597s
c hydra_satsuma: satsuma-iter+kissat time 14007s / budget 21597s
c hydra_satsuma: satsuma-iter+kissat time 14012s / budget 21597s
c hydra_satsuma: satsuma-iter+kissat time 14017s / budget 21597s
c hydra_satsuma: satsuma-iter+kissat time 14023s / budget 21597s
c hydra_satsuma: satsuma-iter+kissat time 14028s / budget 21597s
c hydra_satsuma: satsuma-iter+kissat time 14033s / budget 21597s
c hydra_satsuma: satsuma-iter+kissat time 14038s / budget 21597s
c hydra_satsuma: satsuma-iter+kissat time 14043s / budget 21597s
c hydra_satsuma: satsuma-iter+kissat time 14048s / budget 21597s
c hydra_satsuma: satsuma-iter+kissat time 14053s / budget 21597s
c hydra_satsuma: satsuma-iter+kissat time 14058s / budget 21597s
c hydra_satsuma: satsuma-iter+kissat time 14063s / budget 21597s
c hydra_satsuma: satsuma-iter+kissat time 14068s / budget 21597s
c hydra_satsuma: satsuma-iter+kissat time 14073s / budget 21597s
c hydra_satsuma: satsuma-iter+kissat time 14078s / budget 21597s
c hydra_satsuma: satsuma-iter+kissat time 14083s / budget 21597s
c hydra_satsuma: satsuma-iter+kissat time 14088s / budget 21597s
c hydra_satsuma: satsuma-iter+kissat time 14093s / budget 21597s
c hydra_satsuma: satsuma-iter+kissat time 14098s / budget 21597s
c hydra_satsuma: satsuma-iter+kissat time 14104s / budget 21597s
c hydra_satsuma: satsuma-iter+kissat time 14109s / budget 21597s
c hydra_satsuma: satsuma-iter+kissat time 14114s / budget 21597s
c hydra_satsuma: satsuma-iter+kissat time 14119s / budget 21597s
c hydra_satsuma: satsuma-iter+kissat time 14124s / budget 21597s
c hydra_satsuma: satsuma-iter+kissat time 14129s / budget 21597s
c hydra_satsuma: satsuma-iter+kissat time 14134s / budget 21597s
c hydra_satsuma: satsuma-iter+kissat time 14139s / budget 21597s
c hydra_satsuma: satsuma-iter+kissat time 14144s / budget 21597s
c hydra_satsuma: satsuma-iter+kissat time 14149s / budget 21597s
c hydra_satsuma: satsuma-iter+kissat time 14154s / budget 21597s
c hydra_satsuma: satsuma-iter+kissat time 14159s / budget 21597s
c hydra_satsuma: satsuma-iter+kissat time 14164s / budget 21597s
c hydra_satsuma: satsuma-iter+kissat time 14169s / budget 21597s
c hydra_satsuma: satsuma-iter+kissat time 14174s / budget 21597s
c hydra_satsuma: satsuma-iter+kissat time 14179s / budget 21597s
c hydra_satsuma: satsuma-iter+kissat time 14185s / budget 21597s
c hydra_satsuma: satsuma-iter+kissat time 14190s / budget 21597s
c hydra_satsuma: satsuma-iter+kissat time 14195s / budget 21597s
c hydra_satsuma: satsuma-iter+kissat time 14200s / budget 21597s
c hydra_satsuma: satsuma-iter+kissat time 14205s / budget 21597s
c hydra_satsuma: satsuma-iter+kissat time 14210s / budget 21597s
c hydra_satsuma: satsuma-iter+kissat time 14215s / budget 21597s
c hydra_satsuma: satsuma-iter+kissat time 14220s / budget 21597s
c hydra_satsuma: satsuma-iter+kissat time 14225s / budget 21597s
c hydra_satsuma: satsuma-iter+kissat time 14230s / budget 21597s
c hydra_satsuma: satsuma-iter+kissat time 14235s / budget 21597s
c hydra_satsuma: satsuma-iter+kissat time 14240s / budget 21597s
c hydra_satsuma: satsuma-iter+kissat time 14245s / budget 21597s
c hydra_satsuma: satsuma-iter+kissat time 14250s / budget 21597s
c hydra_satsuma: satsuma-iter+kissat time 14255s / budget 21597s
c hydra_satsuma: satsuma-iter+kissat time 14261s / budget 21597s
c hydra_satsuma: satsuma-iter+kissat time 14266s / budget 21597s
c hydra_satsuma: satsuma-iter+kissat time 14271s / budget 21597s
c hydra_satsuma: satsuma-iter+kissat time 14276s / budget 21597s
c hydra_satsuma: satsuma-iter+kissat time 14281s / budget 21597s
c hydra_satsuma: satsuma-iter+kissat time 14286s / budget 21597s
c hydra_satsuma: satsuma-iter+kissat time 14291s / budget 21597s
c hydra_satsuma: satsuma-iter+kissat time 14296s / budget 21597s
c hydra_satsuma: satsuma-iter+kissat time 14301s / budget 21597s
c hydra_satsuma: satsuma-iter+kissat time 14306s / budget 21597s
c hydra_satsuma: satsuma-iter+kissat time 14311s / budget 21597s
c hydra_satsuma: satsuma-iter+kissat time 14316s / budget 21597s
c hydra_satsuma: satsuma-iter+kissat time 14321s / budget 21597s
c hydra_satsuma: satsuma-iter+kissat time 14326s / budget 21597s
c hydra_satsuma: satsuma-iter+kissat time 14331s / budget 21597s
c hydra_satsuma: satsuma-iter+kissat time 14337s / budget 21597s
c hydra_satsuma: satsuma-iter+kissat time 14342s / budget 21597s
c hydra_satsuma: satsuma-iter+kissat time 14347s / budget 21597s
c hydra_satsuma: satsuma-iter+kissat time 14352s / budget 21597s
c hydra_satsuma: satsuma-iter+kissat time 14357s / budget 21597s
c hydra_satsuma: satsuma-iter+kissat time 14362s / budget 21597s
c hydra_satsuma: satsuma-iter+kissat time 14367s / budget 21597s
c hydra_satsuma: satsuma-iter+kissat time 14372s / budget 21597s
c hydra_satsuma: satsuma-iter+kissat time 14377s / budget 21597s
c hydra_satsuma: satsuma-iter+kissat time 14382s / budget 21597s
c hydra_satsuma: satsuma-iter+kissat time 14387s / budget 21597s
c hydra_satsuma: satsuma-iter+kissat time 14392s / budget 21597s
c hydra_satsuma: satsuma-iter+kissat time 14397s / budget 21597s
c hydra_satsuma: satsuma-iter+kissat time 14402s / budget 21597s
c hydra_satsuma: satsuma-iter+kissat time 14407s / budget 21597s
c hydra_satsuma: satsuma-iter+kissat time 14413s / budget 21597s
c hydra_satsuma: satsuma-iter+kissat time 14418s / budget 21597s
c hydra_satsuma: satsuma-iter+kissat time 14423s / budget 21597s
c hydra_satsuma: satsuma-iter+kissat time 14428s / budget 21597s
c hydra_satsuma: satsuma-iter+kissat time 14433s / budget 21597s
c hydra_satsuma: satsuma-iter+kissat time 14438s / budget 21597s
c hydra_satsuma: satsuma-iter+kissat time 14443s / budget 21597s
c hydra_satsuma: satsuma-iter+kissat time 14448s / budget 21597s
c hydra_satsuma: satsuma-iter+kissat time 14453s / budget 21597s
c hydra_satsuma: satsuma-iter+kissat time 14458s / budget 21597s
c hydra_satsuma: satsuma-iter+kissat time 14463s / budget 21597s
c hydra_satsuma: satsuma-iter+kissat time 14468s / budget 21597s
c hydra_satsuma: satsuma-iter+kissat time 14473s / budget 21597s
c hydra_satsuma: satsuma-iter+kissat time 14478s / budget 21597s
c hydra_satsuma: satsuma-iter+kissat time 14483s / budget 21597s
c hydra_satsuma: satsuma-iter+kissat time 14489s / budget 21597s
c hydra_satsuma: satsuma-iter+kissat time 14494s / budget 21597s
c hydra_satsuma: satsuma-iter+kissat time 14499s / budget 21597s
c hydra_satsuma: satsuma-iter+kissat time 14504s / budget 21597s
c hydra_satsuma: satsuma-iter+kissat time 14509s / budget 21597s
c hydra_satsuma: satsuma-iter+kissat time 14514s / budget 21597s
c hydra_satsuma: satsuma-iter+kissat time 14519s / budget 21597s
c hydra_satsuma: satsuma-iter+kissat time 14524s / budget 21597s
c hydra_satsuma: satsuma-iter+kissat time 14529s / budget 21597s
c hydra_satsuma: satsuma-iter+kissat time 14534s / budget 21597s
c hydra_satsuma: satsuma-iter+kissat time 14539s / budget 21597s
c hydra_satsuma: satsuma-iter+kissat time 14544s / budget 21597s
c hydra_satsuma: satsuma-iter+kissat time 14549s / budget 21597s
c hydra_satsuma: satsuma-iter+kissat time 14554s / budget 21597s
c hydra_satsuma: satsuma-iter+kissat time 14560s / budget 21597s
c hydra_satsuma: satsuma-iter+kissat time 14565s / budget 21597s
c hydra_satsuma: satsuma-iter+kissat time 14570s / budget 21597s
c hydra_satsuma: satsuma-iter+kissat time 14575s / budget 21597s
c hydra_satsuma: satsuma-iter+kissat time 14580s / budget 21597s
c hydra_satsuma: satsuma-iter+kissat time 14585s / budget 21597s
c hydra_satsuma: satsuma-iter+kissat time 14590s / budget 21597s
c hydra_satsuma: satsuma-iter+kissat time 14595s / budget 21597s
c hydra_satsuma: satsuma-iter+kissat time 14600s / budget 21597s
c hydra_satsuma: satsuma-iter+kissat time 14605s / budget 21597s
c hydra_satsuma: satsuma-iter+kissat time 14610s / budget 21597s
c hydra_satsuma: satsuma-iter+kissat time 14615s / budget 21597s
c hydra_satsuma: satsuma-iter+kissat time 14620s / budget 21597s
c hydra_satsuma: satsuma-iter+kissat time 14625s / budget 21597s
c hydra_satsuma: satsuma-iter+kissat time 14630s / budget 21597s
c hydra_satsuma: satsuma-iter+kissat time 14635s / budget 21597s
c hydra_satsuma: satsuma-iter+kissat time 14640s / budget 21597s
c hydra_satsuma: satsuma-iter+kissat time 14645s / budget 21597s
c hydra_satsuma: satsuma-iter+kissat time 14651s / budget 21597s
c hydra_satsuma: satsuma-iter+kissat time 14656s / budget 21597s
c hydra_satsuma: satsuma-iter+kissat time 14661s / budget 21597s
c hydra_satsuma: satsuma-iter+kissat time 14666s / budget 21597s
c hydra_satsuma: satsuma-iter+kissat time 14671s / budget 21597s
c hydra_satsuma: satsuma-iter+kissat time 14676s / budget 21597s
c hydra_satsuma: satsuma-iter+kissat time 14681s / budget 21597s
c hydra_satsuma: satsuma-iter+kissat time 14686s / budget 21597s
c hydra_satsuma: satsuma-iter+kissat time 14691s / budget 21597s
c hydra_satsuma: satsuma-iter+kissat time 14696s / budget 21597s
c hydra_satsuma: satsuma-iter+kissat time 14701s / budget 21597s
c hydra_satsuma: satsuma-iter+kissat time 14706s / budget 21597s
c hydra_satsuma: satsuma-iter+kissat time 14711s / budget 21597s
c hydra_satsuma: satsuma-iter+kissat time 14716s / budget 21597s
c hydra_satsuma: satsuma-iter+kissat time 14721s / budget 21597s
c hydra_satsuma: satsuma-iter+kissat time 14726s / budget 21597s
c hydra_satsuma: satsuma-iter+kissat time 14731s / budget 21597s
c hydra_satsuma: satsuma-iter+kissat time 14736s / budget 21597s
c hydra_satsuma: satsuma-iter+kissat time 14741s / budget 21597s
c hydra_satsuma: satsuma-iter+kissat time 14746s / budget 21597s
c hydra_satsuma: satsuma-iter+kissat time 14751s / budget 21597s
c hydra_satsuma: satsuma-iter+kissat time 14756s / budget 21597s
c hydra_satsuma: satsuma-iter+kissat time 14761s / budget 21597s
c hydra_satsuma: satsuma-iter+kissat time 14766s / budget 21597s
c hydra_satsuma: satsuma-iter+kissat time 14771s / budget 21597s
c hydra_satsuma: satsuma-iter+kissat time 14776s / budget 21597s
c hydra_satsuma: satsuma-iter+kissat time 14781s / budget 21597s
c hydra_satsuma: satsuma-iter+kissat time 14787s / budget 21597s
c hydra_satsuma: satsuma-iter+kissat time 14792s / budget 21597s
c hydra_satsuma: satsuma-iter+kissat time 14797s / budget 21597s
c hydra_satsuma: satsuma-iter+kissat time 14802s / budget 21597s
c hydra_satsuma: satsuma-iter+kissat time 14807s / budget 21597s
c hydra_satsuma: satsuma-iter+kissat time 14812s / budget 21597s
c hydra_satsuma: satsuma-iter+kissat time 14817s / budget 21597s
c hydra_satsuma: satsuma-iter+kissat time 14822s / budget 21597s
c hydra_satsuma: satsuma-iter+kissat time 14827s / budget 21597s
c hydra_satsuma: satsuma-iter+kissat time 14832s / budget 21597s
c hydra_satsuma: satsuma-iter+kissat time 14837s / budget 21597s
c hydra_satsuma: satsuma-iter+kissat time 14842s / budget 21597s
c hydra_satsuma: satsuma-iter+kissat time 14847s / budget 21597s
c hydra_satsuma: satsuma-iter+kissat time 14852s / budget 21597s
c hydra_satsuma: satsuma-iter+kissat time 14857s / budget 21597s
c hydra_satsuma: satsuma-iter+kissat time 14862s / budget 21597s
c hydra_satsuma: satsuma-iter+kissat time 14867s / budget 21597s
c hydra_satsuma: satsuma-iter+kissat time 14872s / budget 21597s
c hydra_satsuma: satsuma-iter+kissat time 14877s / budget 21597s
c hydra_satsuma: satsuma-iter+kissat time 14882s / budget 21597s
c hydra_satsuma: satsuma-iter+kissat time 14887s / budget 21597s
c hydra_satsuma: satsuma-iter+kissat time 14892s / budget 21597s
c hydra_satsuma: satsuma-iter+kissat time 14897s / budget 21597s
c hydra_satsuma: satsuma-iter+kissat time 14902s / budget 21597s
c hydra_satsuma: satsuma-iter+kissat time 14908s / budget 21597s
c hydra_satsuma: satsuma-iter+kissat time 14913s / budget 21597s
c hydra_satsuma: satsuma-iter+kissat time 14918s / budget 21597s
c hydra_satsuma: satsuma-iter+kissat time 14923s / budget 21597s
c hydra_satsuma: satsuma-iter+kissat time 14928s / budget 21597s
c hydra_satsuma: satsuma-iter+kissat time 14933s / budget 21597s
c hydra_satsuma: satsuma-iter+kissat time 14938s / budget 21597s
c hydra_satsuma: satsuma-iter+kissat time 14943s / budget 21597s
c hydra_satsuma: satsuma-iter+kissat time 14948s / budget 21597s
c hydra_satsuma: satsuma-iter+kissat time 14953s / budget 21597s
c hydra_satsuma: satsuma-iter+kissat time 14958s / budget 21597s
c hydra_satsuma: satsuma-iter+kissat time 14963s / budget 21597s
c hydra_satsuma: satsuma-iter+kissat time 14968s / budget 21597s
c hydra_satsuma: satsuma-iter+kissat time 14973s / budget 21597s
c hydra_satsuma: satsuma-iter+kissat time 14978s / budget 21597s
c hydra_satsuma: satsuma-iter+kissat time 14983s / budget 21597s
c hydra_satsuma: satsuma-iter+kissat time 14988s / budget 21597s
c hydra_satsuma: satsuma-iter+kissat time 14993s / budget 21597s
c hydra_satsuma: satsuma-iter+kissat time 14999s / budget 21597s
c hydra_satsuma: satsuma-iter+kissat time 15004s / budget 21597s
c hydra_satsuma: satsuma-iter+kissat time 15009s / budget 21597s
c hydra_satsuma: satsuma-iter+kissat time 15014s / budget 21597s
c hydra_satsuma: satsuma-iter+kissat time 15019s / budget 21597s
c hydra_satsuma: satsuma-iter+kissat time 15024s / budget 21597s
c hydra_satsuma: satsuma-iter+kissat time 15029s / budget 21597s
c hydra_satsuma: satsuma-iter+kissat time 15034s / budget 21597s
c hydra_satsuma: satsuma-iter+kissat time 15039s / budget 21597s
c hydra_satsuma: satsuma-iter+kissat time 15044s / budget 21597s
c hydra_satsuma: satsuma-iter+kissat time 15049s / budget 21597s
c hydra_satsuma: satsuma-iter+kissat time 15054s / budget 21597s
c hydra_satsuma: satsuma-iter+kissat time 15059s / budget 21597s
c hydra_satsuma: satsuma-iter+kissat time 15065s / budget 21597s
c hydra_satsuma: satsuma-iter+kissat time 15070s / budget 21597s
c hydra_satsuma: satsuma-iter+kissat time 15075s / budget 21597s
c hydra_satsuma: satsuma-iter+kissat time 15080s / budget 21597s
c hydra_satsuma: satsuma-iter+kissat time 15085s / budget 21597s
c hydra_satsuma: satsuma-iter+kissat time 15090s / budget 21597s
c hydra_satsuma: satsuma-iter+kissat time 15095s / budget 21597s
c hydra_satsuma: satsuma-iter+kissat time 15100s / budget 21597s
c hydra_satsuma: satsuma-iter+kissat time 15105s / budget 21597s
c hydra_satsuma: satsuma-iter+kissat time 15110s / budget 21597s
c hydra_satsuma: satsuma-iter+kissat time 15115s / budget 21597s
c hydra_satsuma: satsuma-iter+kissat time 15120s / budget 21597s
c hydra_satsuma: satsuma-iter+kissat time 15125s / budget 21597s
c hydra_satsuma: satsuma-iter+kissat time 15130s / budget 21597s
c hydra_satsuma: satsuma-iter+kissat time 15135s / budget 21597s
c hydra_satsuma: satsuma-iter+kissat time 15140s / budget 21597s
c hydra_satsuma: satsuma-iter+kissat time 15146s / budget 21597s
c hydra_satsuma: satsuma-iter+kissat time 15151s / budget 21597s
c hydra_satsuma: satsuma-iter+kissat time 15156s / budget 21597s
c hydra_satsuma: satsuma-iter+kissat time 15161s / budget 21597s
c hydra_satsuma: satsuma-iter+kissat time 15166s / budget 21597s
c hydra_satsuma: satsuma-iter+kissat time 15171s / budget 21597s
c hydra_satsuma: satsuma-iter+kissat time 15176s / budget 21597s
c hydra_satsuma: satsuma-iter+kissat time 15181s / budget 21597s
c hydra_satsuma: satsuma-iter+kissat time 15186s / budget 21597s
c hydra_satsuma: satsuma-iter+kissat time 15191s / budget 21597s
c hydra_satsuma: satsuma-iter+kissat time 15196s / budget 21597s
c hydra_satsuma: satsuma-iter+kissat time 15201s / budget 21597s
c hydra_satsuma: satsuma-iter+kissat time 15206s / budget 21597s
c hydra_satsuma: satsuma-iter+kissat time 15211s / budget 21597s
c hydra_satsuma: satsuma-iter+kissat time 15216s / budget 21597s
c hydra_satsuma: satsuma-iter+kissat time 15221s / budget 21597s
c hydra_satsuma: satsuma-iter+kissat time 15227s / budget 21597s
c hydra_satsuma: satsuma-iter+kissat time 15232s / budget 21597s
c hydra_satsuma: satsuma-iter+kissat time 15237s / budget 21597s
c hydra_satsuma: satsuma-iter+kissat time 15242s / budget 21597s
c hydra_satsuma: satsuma-iter+kissat time 15247s / budget 21597s
c hydra_satsuma: satsuma-iter+kissat time 15252s / budget 21597s
c hydra_satsuma: satsuma-iter+kissat time 15257s / budget 21597s
c hydra_satsuma: satsuma-iter+kissat time 15262s / budget 21597s
c hydra_satsuma: satsuma-iter+kissat time 15267s / budget 21597s
c hydra_satsuma: satsuma-iter+kissat time 15272s / budget 21597s
c hydra_satsuma: satsuma-iter+kissat time 15277s / budget 21597s
c hydra_satsuma: satsuma-iter+kissat time 15282s / budget 21597s
c hydra_satsuma: satsuma-iter+kissat time 15287s / budget 21597s
c hydra_satsuma: satsuma-iter+kissat time 15292s / budget 21597s
c hydra_satsuma: satsuma-iter+kissat time 15297s / budget 21597s
c hydra_satsuma: satsuma-iter+kissat time 15303s / budget 21597s
c hydra_satsuma: satsuma-iter+kissat time 15308s / budget 21597s
c hydra_satsuma: satsuma-iter+kissat time 15313s / budget 21597s
c hydra_satsuma: satsuma-iter+kissat time 15318s / budget 21597s
c hydra_satsuma: satsuma-iter+kissat time 15323s / budget 21597s
c hydra_satsuma: satsuma-iter+kissat time 15328s / budget 21597s
c hydra_satsuma: satsuma-iter+kissat time 15333s / budget 21597s
c hydra_satsuma: satsuma-iter+kissat time 15338s / budget 21597s
c hydra_satsuma: satsuma-iter+kissat time 15343s / budget 21597s
c hydra_satsuma: satsuma-iter+kissat time 15348s / budget 21597s
c hydra_satsuma: satsuma-iter+kissat time 15353s / budget 21597s
c hydra_satsuma: satsuma-iter+kissat time 15358s / budget 21597s
c hydra_satsuma: satsuma-iter+kissat time 15363s / budget 21597s
c hydra_satsuma: satsuma-iter+kissat time 15368s / budget 21597s
c hydra_satsuma: satsuma-iter+kissat time 15373s / budget 21597s
c hydra_satsuma: satsuma-iter+kissat time 15379s / budget 21597s
c hydra_satsuma: satsuma-iter+kissat time 15384s / budget 21597s
c hydra_satsuma: satsuma-iter+kissat time 15389s / budget 21597s
c hydra_satsuma: satsuma-iter+kissat time 15394s / budget 21597s
c hydra_satsuma: satsuma-iter+kissat time 15399s / budget 21597s
c hydra_satsuma: satsuma-iter+kissat time 15404s / budget 21597s
c hydra_satsuma: satsuma-iter+kissat time 15409s / budget 21597s
c hydra_satsuma: satsuma-iter+kissat time 15414s / budget 21597s
c hydra_satsuma: satsuma-iter+kissat time 15419s / budget 21597s
c hydra_satsuma: satsuma-iter+kissat time 15424s / budget 21597s
c hydra_satsuma: satsuma-iter+kissat time 15429s / budget 21597s
c hydra_satsuma: satsuma-iter+kissat time 15434s / budget 21597s
c hydra_satsuma: satsuma-iter+kissat time 15439s / budget 21597s
c hydra_satsuma: satsuma-iter+kissat time 15444s / budget 21597s
c hydra_satsuma: satsuma-iter+kissat time 15449s / budget 21597s
c hydra_satsuma: satsuma-iter+kissat time 15454s / budget 21597s
c hydra_satsuma: satsuma-iter+kissat time 15460s / budget 21597s
c hydra_satsuma: satsuma-iter+kissat time 15465s / budget 21597s
c hydra_satsuma: satsuma-iter+kissat time 15470s / budget 21597s
c hydra_satsuma: satsuma-iter+kissat time 15475s / budget 21597s
c hydra_satsuma: satsuma-iter+kissat time 15480s / budget 21597s
c hydra_satsuma: satsuma-iter+kissat time 15485s / budget 21597s
c hydra_satsuma: satsuma-iter+kissat time 15490s / budget 21597s
c hydra_satsuma: satsuma-iter+kissat time 15495s / budget 21597s
c hydra_satsuma: satsuma-iter+kissat time 15500s / budget 21597s
c hydra_satsuma: satsuma-iter+kissat time 15505s / budget 21597s
c hydra_satsuma: satsuma-iter+kissat time 15510s / budget 21597s
c hydra_satsuma: satsuma-iter+kissat time 15515s / budget 21597s
c hydra_satsuma: satsuma-iter+kissat time 15520s / budget 21597s
c hydra_satsuma: satsuma-iter+kissat time 15525s / budget 21597s
c hydra_satsuma: satsuma-iter+kissat time 15530s / budget 21597s
c hydra_satsuma: satsuma-iter+kissat time 15535s / budget 21597s
c hydra_satsuma: satsuma-iter+kissat time 15541s / budget 21597s
c hydra_satsuma: satsuma-iter+kissat time 15546s / budget 21597s
c hydra_satsuma: satsuma-iter+kissat time 15551s / budget 21597s
c hydra_satsuma: satsuma-iter+kissat time 15556s / budget 21597s
c hydra_satsuma: satsuma-iter+kissat time 15561s / budget 21597s
c hydra_satsuma: satsuma-iter+kissat time 15566s / budget 21597s
c hydra_satsuma: satsuma-iter+kissat time 15571s / budget 21597s
c hydra_satsuma: satsuma-iter+kissat time 15576s / budget 21597s
c hydra_satsuma: satsuma-iter+kissat time 15581s / budget 21597s
c hydra_satsuma: satsuma-iter+kissat time 15586s / budget 21597s
c hydra_satsuma: satsuma-iter+kissat time 15591s / budget 21597s
c hydra_satsuma: satsuma-iter+kissat time 15596s / budget 21597s
c hydra_satsuma: satsuma-iter+kissat time 15601s / budget 21597s
c hydra_satsuma: satsuma-iter+kissat time 15606s / budget 21597s
c hydra_satsuma: satsuma-iter+kissat time 15612s / budget 21597s
c hydra_satsuma: satsuma-iter+kissat time 15617s / budget 21597s
c hydra_satsuma: satsuma-iter+kissat time 15622s / budget 21597s
c hydra_satsuma: satsuma-iter+kissat time 15627s / budget 21597s
c hydra_satsuma: satsuma-iter+kissat time 15632s / budget 21597s
c hydra_satsuma: satsuma-iter+kissat time 15637s / budget 21597s
c hydra_satsuma: satsuma-iter+kissat time 15642s / budget 21597s
c hydra_satsuma: satsuma-iter+kissat time 15647s / budget 21597s
c hydra_satsuma: satsuma-iter+kissat time 15652s / budget 21597s
c hydra_satsuma: satsuma-iter+kissat time 15657s / budget 21597s
c hydra_satsuma: satsuma-iter+kissat time 15662s / budget 21597s
c hydra_satsuma: satsuma-iter+kissat time 15667s / budget 21597s
c hydra_satsuma: satsuma-iter+kissat time 15672s / budget 21597s
c hydra_satsuma: satsuma-iter+kissat time 15677s / budget 21597s
c hydra_satsuma: satsuma-iter+kissat time 15682s / budget 21597s
c hydra_satsuma: satsuma-iter+kissat time 15688s / budget 21597s
c hydra_satsuma: satsuma-iter+kissat time 15693s / budget 21597s
c hydra_satsuma: satsuma-iter+kissat time 15698s / budget 21597s
c hydra_satsuma: satsuma-iter+kissat time 15703s / budget 21597s
c hydra_satsuma: satsuma-iter+kissat time 15708s / budget 21597s
c hydra_satsuma: satsuma-iter+kissat time 15713s / budget 21597s
c hydra_satsuma: satsuma-iter+kissat time 15718s / budget 21597s
c hydra_satsuma: satsuma-iter+kissat time 15723s / budget 21597s
c hydra_satsuma: satsuma-iter+kissat time 15728s / budget 21597s
c hydra_satsuma: satsuma-iter+kissat time 15733s / budget 21597s
c hydra_satsuma: satsuma-iter+kissat time 15738s / budget 21597s
c hydra_satsuma: satsuma-iter+kissat time 15743s / budget 21597s
c hydra_satsuma: satsuma-iter+kissat time 15748s / budget 21597s
c hydra_satsuma: satsuma-iter+kissat time 15753s / budget 21597s
c hydra_satsuma: satsuma-iter+kissat time 15758s / budget 21597s
c hydra_satsuma: satsuma-iter+kissat time 15763s / budget 21597s
c hydra_satsuma: satsuma-iter+kissat time 15769s / budget 21597s
c hydra_satsuma: satsuma-iter+kissat time 15774s / budget 21597s
c hydra_satsuma: satsuma-iter+kissat time 15779s / budget 21597s
c hydra_satsuma: satsuma-iter+kissat time 15784s / budget 21597s
c hydra_satsuma: satsuma-iter+kissat time 15789s / budget 21597s
c hydra_satsuma: satsuma-iter+kissat time 15794s / budget 21597s
c hydra_satsuma: satsuma-iter+kissat time 15799s / budget 21597s
c hydra_satsuma: satsuma-iter+kissat time 15804s / budget 21597s
c hydra_satsuma: satsuma-iter+kissat time 15809s / budget 21597s
c hydra_satsuma: satsuma-iter+kissat time 15814s / budget 21597s
c hydra_satsuma: satsuma-iter+kissat time 15819s / budget 21597s
c hydra_satsuma: satsuma-iter+kissat time 15824s / budget 21597s
c hydra_satsuma: satsuma-iter+kissat time 15829s / budget 21597s
c hydra_satsuma: satsuma-iter+kissat time 15834s / budget 21597s
c hydra_satsuma: satsuma-iter+kissat time 15839s / budget 21597s
c hydra_satsuma: satsuma-iter+kissat time 15845s / budget 21597s
c hydra_satsuma: satsuma-iter+kissat time 15850s / budget 21597s
c hydra_satsuma: satsuma-iter+kissat time 15855s / budget 21597s
c hydra_satsuma: satsuma-iter+kissat time 15860s / budget 21597s
c hydra_satsuma: satsuma-iter+kissat time 15865s / budget 21597s
c hydra_satsuma: satsuma-iter+kissat time 15870s / budget 21597s
c hydra_satsuma: satsuma-iter+kissat time 15875s / budget 21597s
c hydra_satsuma: satsuma-iter+kissat time 15880s / budget 21597s
c hydra_satsuma: satsuma-iter+kissat time 15885s / budget 21597s
c hydra_satsuma: satsuma-iter+kissat time 15890s / budget 21597s
c hydra_satsuma: satsuma-iter+kissat time 15895s / budget 21597s
c hydra_satsuma: satsuma-iter+kissat time 15900s / budget 21597s
c hydra_satsuma: satsuma-iter+kissat time 15905s / budget 21597s
c hydra_satsuma: satsuma-iter+kissat time 15910s / budget 21597s
c hydra_satsuma: satsuma-iter+kissat time 15915s / budget 21597s
c hydra_satsuma: satsuma-iter+kissat time 15920s / budget 21597s
c hydra_satsuma: satsuma-iter+kissat time 15926s / budget 21597s
c hydra_satsuma: satsuma-iter+kissat time 15931s / budget 21597s
c hydra_satsuma: satsuma-iter+kissat time 15936s / budget 21597s
c hydra_satsuma: satsuma-iter+kissat time 15941s / budget 21597s
c hydra_satsuma: satsuma-iter+kissat time 15946s / budget 21597s
c hydra_satsuma: satsuma-iter+kissat time 15951s / budget 21597s
c hydra_satsuma: satsuma-iter+kissat time 15956s / budget 21597s
c hydra_satsuma: satsuma-iter+kissat time 15961s / budget 21597s
c hydra_satsuma: satsuma-iter+kissat time 15966s / budget 21597s
c hydra_satsuma: satsuma-iter+kissat time 15971s / budget 21597s
c hydra_satsuma: satsuma-iter+kissat time 15976s / budget 21597s
c hydra_satsuma: satsuma-iter+kissat time 15981s / budget 21597s
c hydra_satsuma: satsuma-iter+kissat time 15986s / budget 21597s
c hydra_satsuma: satsuma-iter+kissat time 15991s / budget 21597s
c hydra_satsuma: satsuma-iter+kissat time 15996s / budget 21597s
c hydra_satsuma: satsuma-iter+kissat time 16002s / budget 21597s
c hydra_satsuma: satsuma-iter+kissat time 16007s / budget 21597s
c hydra_satsuma: satsuma-iter+kissat time 16012s / budget 21597s
c hydra_satsuma: satsuma-iter+kissat time 16017s / budget 21597s
c hydra_satsuma: satsuma-iter+kissat time 16022s / budget 21597s
c hydra_satsuma: satsuma-iter+kissat time 16027s / budget 21597s
c hydra_satsuma: satsuma-iter+kissat time 16032s / budget 21597s
c hydra_satsuma: satsuma-iter+kissat time 16037s / budget 21597s
c hydra_satsuma: satsuma-iter+kissat time 16042s / budget 21597s
c hydra_satsuma: satsuma-iter+kissat time 16047s / budget 21597s
c hydra_satsuma: satsuma-iter+kissat time 16052s / budget 21597s
c hydra_satsuma: satsuma-iter+kissat time 16057s / budget 21597s
c hydra_satsuma: satsuma-iter+kissat time 16062s / budget 21597s
c hydra_satsuma: satsuma-iter+kissat time 16067s / budget 21597s
c hydra_satsuma: satsuma-iter+kissat time 16072s / budget 21597s
c hydra_satsuma: satsuma-iter+kissat time 16077s / budget 21597s
c hydra_satsuma: satsuma-iter+kissat time 16082s / budget 21597s
c hydra_satsuma: satsuma-iter+kissat time 16088s / budget 21597s
c hydra_satsuma: satsuma-iter+kissat time 16093s / budget 21597s
c hydra_satsuma: satsuma-iter+kissat time 16098s / budget 21597s
c hydra_satsuma: satsuma-iter+kissat time 16103s / budget 21597s
c hydra_satsuma: satsuma-iter+kissat time 16108s / budget 21597s
c hydra_satsuma: satsuma-iter+kissat time 16113s / budget 21597s
c hydra_satsuma: satsuma-iter+kissat time 16118s / budget 21597s
c hydra_satsuma: satsuma-iter+kissat time 16123s / budget 21597s
c hydra_satsuma: satsuma-iter+kissat time 16128s / budget 21597s
c hydra_satsuma: satsuma-iter+kissat time 16133s / budget 21597s
c hydra_satsuma: satsuma-iter+kissat time 16138s / budget 21597s
c hydra_satsuma: satsuma-iter+kissat time 16143s / budget 21597s
c hydra_satsuma: satsuma-iter+kissat time 16148s / budget 21597s
c hydra_satsuma: satsuma-iter+kissat time 16153s / budget 21597s
c hydra_satsuma: satsuma-iter+kissat time 16159s / budget 21597s
c hydra_satsuma: satsuma-iter+kissat time 16164s / budget 21597s
c hydra_satsuma: satsuma-iter+kissat time 16169s / budget 21597s
c hydra_satsuma: satsuma-iter+kissat time 16174s / budget 21597s
c hydra_satsuma: satsuma-iter+kissat time 16179s / budget 21597s
c hydra_satsuma: satsuma-iter+kissat time 16184s / budget 21597s
c hydra_satsuma: satsuma-iter+kissat time 16189s / budget 21597s
c hydra_satsuma: satsuma-iter+kissat time 16194s / budget 21597s
c hydra_satsuma: satsuma-iter+kissat time 16199s / budget 21597s
c hydra_satsuma: satsuma-iter+kissat time 16204s / budget 21597s
c hydra_satsuma: satsuma-iter+kissat time 16209s / budget 21597s
c hydra_satsuma: satsuma-iter+kissat time 16214s / budget 21597s
c hydra_satsuma: satsuma-iter+kissat time 16219s / budget 21597s
c hydra_satsuma: satsuma-iter+kissat time 16224s / budget 21597s
c hydra_satsuma: satsuma-iter+kissat time 16229s / budget 21597s
c hydra_satsuma: satsuma-iter+kissat time 16234s / budget 21597s
c hydra_satsuma: satsuma-iter+kissat time 16240s / budget 21597s
c hydra_satsuma: satsuma-iter+kissat time 16245s / budget 21597s
c hydra_satsuma: satsuma-iter+kissat time 16250s / budget 21597s
c hydra_satsuma: satsuma-iter+kissat time 16255s / budget 21597s
c hydra_satsuma: satsuma-iter+kissat time 16260s / budget 21597s
c hydra_satsuma: satsuma-iter+kissat time 16265s / budget 21597s
c hydra_satsuma: satsuma-iter+kissat time 16270s / budget 21597s
c hydra_satsuma: satsuma-iter+kissat time 16275s / budget 21597s
c hydra_satsuma: satsuma-iter+kissat time 16280s / budget 21597s
c hydra_satsuma: satsuma-iter+kissat time 16285s / budget 21597s
c hydra_satsuma: satsuma-iter+kissat time 16290s / budget 21597s
c hydra_satsuma: satsuma-iter+kissat time 16295s / budget 21597s
c hydra_satsuma: satsuma-iter+kissat time 16300s / budget 21597s
c hydra_satsuma: satsuma-iter+kissat time 16305s / budget 21597s
c hydra_satsuma: satsuma-iter+kissat time 16310s / budget 21597s
c hydra_satsuma: satsuma-iter+kissat time 16315s / budget 21597s
c hydra_satsuma: satsuma-iter+kissat time 16321s / budget 21597s
c hydra_satsuma: satsuma-iter+kissat time 16326s / budget 21597s
c hydra_satsuma: satsuma-iter+kissat time 16331s / budget 21597s
c hydra_satsuma: satsuma-iter+kissat time 16336s / budget 21597s
c hydra_satsuma: satsuma-iter+kissat time 16341s / budget 21597s
c hydra_satsuma: satsuma-iter+kissat time 16346s / budget 21597s
c hydra_satsuma: satsuma-iter+kissat time 16351s / budget 21597s
c hydra_satsuma: satsuma-iter+kissat time 16356s / budget 21597s
c hydra_satsuma: satsuma-iter+kissat time 16361s / budget 21597s
c hydra_satsuma: satsuma-iter+kissat time 16366s / budget 21597s
c hydra_satsuma: satsuma-iter+kissat time 16371s / budget 21597s
c hydra_satsuma: satsuma-iter+kissat time 16376s / budget 21597s
c hydra_satsuma: satsuma-iter+kissat time 16381s / budget 21597s
c hydra_satsuma: satsuma-iter+kissat time 16386s / budget 21597s
c hydra_satsuma: satsuma-iter+kissat time 16391s / budget 21597s
c hydra_satsuma: satsuma-iter+kissat time 16396s / budget 21597s
c hydra_satsuma: satsuma-iter+kissat time 16402s / budget 21597s
c hydra_satsuma: satsuma-iter+kissat time 16407s / budget 21597s
c hydra_satsuma: satsuma-iter+kissat time 16412s / budget 21597s
c hydra_satsuma: satsuma-iter+kissat time 16417s / budget 21597s
c hydra_satsuma: satsuma-iter+kissat time 16422s / budget 21597s
c hydra_satsuma: satsuma-iter+kissat time 16427s / budget 21597s
c hydra_satsuma: satsuma-iter+kissat time 16432s / budget 21597s
c hydra_satsuma: satsuma-iter+kissat time 16437s / budget 21597s
c hydra_satsuma: satsuma-iter+kissat time 16442s / budget 21597s
c hydra_satsuma: satsuma-iter+kissat time 16447s / budget 21597s
c hydra_satsuma: satsuma-iter+kissat time 16452s / budget 21597s
c hydra_satsuma: satsuma-iter+kissat time 16457s / budget 21597s
c hydra_satsuma: satsuma-iter+kissat time 16462s / budget 21597s
c hydra_satsuma: satsuma-iter+kissat time 16467s / budget 21597s
c hydra_satsuma: satsuma-iter+kissat time 16472s / budget 21597s
c hydra_satsuma: satsuma-iter+kissat time 16477s / budget 21597s
c hydra_satsuma: satsuma-iter+kissat time 16483s / budget 21597s
c hydra_satsuma: satsuma-iter+kissat time 16488s / budget 21597s
c hydra_satsuma: satsuma-iter+kissat time 16493s / budget 21597s
c hydra_satsuma: satsuma-iter+kissat time 16498s / budget 21597s
c hydra_satsuma: satsuma-iter+kissat time 16503s / budget 21597s
c hydra_satsuma: satsuma-iter+kissat time 16508s / budget 21597s
c hydra_satsuma: satsuma-iter+kissat time 16513s / budget 21597s
c hydra_satsuma: satsuma-iter+kissat time 16518s / budget 21597s
c hydra_satsuma: satsuma-iter+kissat time 16523s / budget 21597s
c hydra_satsuma: satsuma-iter+kissat time 16528s / budget 21597s
c hydra_satsuma: satsuma-iter+kissat time 16533s / budget 21597s
c hydra_satsuma: satsuma-iter+kissat time 16538s / budget 21597s
c hydra_satsuma: satsuma-iter+kissat time 16543s / budget 21597s
c hydra_satsuma: satsuma-iter+kissat time 16548s / budget 21597s
c hydra_satsuma: satsuma-iter+kissat time 16554s / budget 21597s
c hydra_satsuma: satsuma-iter+kissat time 16559s / budget 21597s
c hydra_satsuma: satsuma-iter+kissat time 16564s / budget 21597s
c hydra_satsuma: satsuma-iter+kissat time 16569s / budget 21597s
c hydra_satsuma: satsuma-iter+kissat time 16574s / budget 21597s
c hydra_satsuma: satsuma-iter+kissat time 16579s / budget 21597s
c hydra_satsuma: satsuma-iter+kissat time 16584s / budget 21597s
c hydra_satsuma: satsuma-iter+kissat time 16589s / budget 21597s
c hydra_satsuma: satsuma-iter+kissat time 16594s / budget 21597s
c hydra_satsuma: satsuma-iter+kissat time 16599s / budget 21597s
c hydra_satsuma: satsuma-iter+kissat time 16604s / budget 21597s
c hydra_satsuma: satsuma-iter+kissat time 16609s / budget 21597s
c hydra_satsuma: satsuma-iter+kissat time 16614s / budget 21597s
c hydra_satsuma: satsuma-iter+kissat time 16619s / budget 21597s
c hydra_satsuma: satsuma-iter+kissat time 16624s / budget 21597s
c hydra_satsuma: satsuma-iter+kissat time 16629s / budget 21597s
c hydra_satsuma: satsuma-iter+kissat time 16634s / budget 21597s
c hydra_satsuma: satsuma-iter+kissat time 16640s / budget 21597s
c hydra_satsuma: satsuma-iter+kissat time 16645s / budget 21597s
c hydra_satsuma: satsuma-iter+kissat time 16650s / budget 21597s
c hydra_satsuma: satsuma-iter+kissat time 16655s / budget 21597s
c hydra_satsuma: satsuma-iter+kissat time 16660s / budget 21597s
c hydra_satsuma: satsuma-iter+kissat time 16665s / budget 21597s
c hydra_satsuma: satsuma-iter+kissat time 16670s / budget 21597s
c hydra_satsuma: satsuma-iter+kissat time 16675s / budget 21597s
c hydra_satsuma: satsuma-iter+kissat time 16680s / budget 21597s
c hydra_satsuma: satsuma-iter+kissat time 16685s / budget 21597s
c hydra_satsuma: satsuma-iter+kissat time 16690s / budget 21597s
c hydra_satsuma: satsuma-iter+kissat time 16695s / budget 21597s
c hydra_satsuma: satsuma-iter+kissat time 16700s / budget 21597s
c hydra_satsuma: satsuma-iter+kissat time 16705s / budget 21597s
c hydra_satsuma: satsuma-iter+kissat time 16710s / budget 21597s
c hydra_satsuma: satsuma-iter+kissat time 16716s / budget 21597s
c hydra_satsuma: satsuma-iter+kissat time 16721s / budget 21597s
c hydra_satsuma: satsuma-iter+kissat time 16726s / budget 21597s
c hydra_satsuma: satsuma-iter+kissat time 16731s / budget 21597s
c hydra_satsuma: satsuma-iter+kissat time 16736s / budget 21597s
c hydra_satsuma: satsuma-iter+kissat time 16741s / budget 21597s
c hydra_satsuma: satsuma-iter+kissat time 16746s / budget 21597s
c hydra_satsuma: satsuma-iter+kissat time 16751s / budget 21597s
c hydra_satsuma: satsuma-iter+kissat time 16756s / budget 21597s
c hydra_satsuma: satsuma-iter+kissat time 16761s / budget 21597s
c hydra_satsuma: satsuma-iter+kissat time 16766s / budget 21597s
c hydra_satsuma: satsuma-iter+kissat time 16771s / budget 21597s
c hydra_satsuma: satsuma-iter+kissat time 16776s / budget 21597s
c hydra_satsuma: satsuma-iter+kissat time 16781s / budget 21597s
c hydra_satsuma: satsuma-iter+kissat time 16786s / budget 21597s
c hydra_satsuma: satsuma-iter+kissat time 16791s / budget 21597s
c hydra_satsuma: satsuma-iter+kissat time 16797s / budget 21597s
c hydra_satsuma: satsuma-iter+kissat time 16802s / budget 21597s
c hydra_satsuma: satsuma-iter+kissat time 16807s / budget 21597s
c hydra_satsuma: satsuma-iter+kissat time 16812s / budget 21597s
c hydra_satsuma: satsuma-iter+kissat time 16817s / budget 21597s
c hydra_satsuma: satsuma-iter+kissat time 16822s / budget 21597s
c hydra_satsuma: satsuma-iter+kissat time 16827s / budget 21597s
c hydra_satsuma: satsuma-iter+kissat time 16832s / budget 21597s
c hydra_satsuma: satsuma-iter+kissat time 16837s / budget 21597s
c hydra_satsuma: satsuma-iter+kissat time 16842s / budget 21597s
c hydra_satsuma: satsuma-iter+kissat time 16847s / budget 21597s
c hydra_satsuma: satsuma-iter+kissat time 16852s / budget 21597s
c hydra_satsuma: satsuma-iter+kissat time 16857s / budget 21597s
c hydra_satsuma: satsuma-iter+kissat time 16862s / budget 21597s
c hydra_satsuma: satsuma-iter+kissat time 16867s / budget 21597s
c hydra_satsuma: satsuma-iter+kissat time 16872s / budget 21597s
c hydra_satsuma: satsuma-iter+kissat time 16878s / budget 21597s
c hydra_satsuma: satsuma-iter+kissat time 16883s / budget 21597s
c hydra_satsuma: satsuma-iter+kissat time 16888s / budget 21597s
c hydra_satsuma: satsuma-iter+kissat time 16893s / budget 21597s
c hydra_satsuma: satsuma-iter+kissat time 16898s / budget 21597s
c hydra_satsuma: satsuma-iter+kissat time 16903s / budget 21597s
c hydra_satsuma: satsuma-iter+kissat time 16908s / budget 21597s
c hydra_satsuma: satsuma-iter+kissat time 16913s / budget 21597s
c hydra_satsuma: satsuma-iter+kissat time 16918s / budget 21597s
c hydra_satsuma: satsuma-iter+kissat time 16923s / budget 21597s
c hydra_satsuma: satsuma-iter+kissat time 16928s / budget 21597s
c hydra_satsuma: satsuma-iter+kissat time 16933s / budget 21597s
c hydra_satsuma: satsuma-iter+kissat time 16938s / budget 21597s
c hydra_satsuma: satsuma-iter+kissat time 16943s / budget 21597s
c hydra_satsuma: satsuma-iter+kissat time 16948s / budget 21597s
c hydra_satsuma: satsuma-iter+kissat time 16953s / budget 21597s
c hydra_satsuma: satsuma-iter+kissat time 16959s / budget 21597s
c hydra_satsuma: satsuma-iter+kissat time 16964s / budget 21597s
c hydra_satsuma: satsuma-iter+kissat time 16969s / budget 21597s
c hydra_satsuma: satsuma-iter+kissat time 16974s / budget 21597s
c hydra_satsuma: satsuma-iter+kissat time 16979s / budget 21597s
c hydra_satsuma: satsuma-iter+kissat time 16984s / budget 21597s
c hydra_satsuma: satsuma-iter+kissat time 16989s / budget 21597s
c hydra_satsuma: satsuma-iter+kissat time 16994s / budget 21597s
c hydra_satsuma: satsuma-iter+kissat time 16999s / budget 21597s
c hydra_satsuma: satsuma-iter+kissat time 17004s / budget 21597s
c hydra_satsuma: satsuma-iter+kissat time 17009s / budget 21597s
c hydra_satsuma: satsuma-iter+kissat time 17014s / budget 21597s
c hydra_satsuma: satsuma-iter+kissat time 17019s / budget 21597s
c hydra_satsuma: satsuma-iter+kissat time 17024s / budget 21597s
c hydra_satsuma: satsuma-iter+kissat time 17029s / budget 21597s
c hydra_satsuma: satsuma-iter+kissat time 17034s / budget 21597s
c hydra_satsuma: satsuma-iter+kissat time 17039s / budget 21597s
c hydra_satsuma: satsuma-iter+kissat time 17045s / budget 21597s
c hydra_satsuma: satsuma-iter+kissat time 17050s / budget 21597s
c hydra_satsuma: satsuma-iter+kissat time 17055s / budget 21597s
c hydra_satsuma: satsuma-iter+kissat time 17060s / budget 21597s
c hydra_satsuma: satsuma-iter+kissat time 17065s / budget 21597s
c hydra_satsuma: satsuma-iter+kissat time 17070s / budget 21597s
c hydra_satsuma: satsuma-iter+kissat time 17075s / budget 21597s
c hydra_satsuma: satsuma-iter+kissat time 17080s / budget 21597s
c hydra_satsuma: satsuma-iter+kissat time 17085s / budget 21597s
c hydra_satsuma: satsuma-iter+kissat time 17090s / budget 21597s
c hydra_satsuma: satsuma-iter+kissat time 17095s / budget 21597s
c hydra_satsuma: satsuma-iter+kissat time 17100s / budget 21597s
c hydra_satsuma: satsuma-iter+kissat time 17105s / budget 21597s
c hydra_satsuma: satsuma-iter+kissat time 17110s / budget 21597s
c hydra_satsuma: satsuma-iter+kissat time 17115s / budget 21597s
c hydra_satsuma: satsuma-iter+kissat time 17121s / budget 21597s
c hydra_satsuma: satsuma-iter+kissat time 17126s / budget 21597s
c hydra_satsuma: satsuma-iter+kissat time 17131s / budget 21597s
c hydra_satsuma: satsuma-iter+kissat time 17136s / budget 21597s
c hydra_satsuma: satsuma-iter+kissat time 17141s / budget 21597s
c hydra_satsuma: satsuma-iter+kissat time 17146s / budget 21597s
c hydra_satsuma: satsuma-iter+kissat time 17151s / budget 21597s
c hydra_satsuma: satsuma-iter+kissat time 17156s / budget 21597s
c hydra_satsuma: satsuma-iter+kissat time 17161s / budget 21597s
c hydra_satsuma: satsuma-iter+kissat time 17166s / budget 21597s
c hydra_satsuma: satsuma-iter+kissat time 17171s / budget 21597s
c hydra_satsuma: satsuma-iter+kissat time 17176s / budget 21597s
c hydra_satsuma: satsuma-iter+kissat time 17181s / budget 21597s
c hydra_satsuma: satsuma-iter+kissat time 17186s / budget 21597s
c hydra_satsuma: satsuma-iter+kissat time 17191s / budget 21597s
c hydra_satsuma: satsuma-iter+kissat time 17196s / budget 21597s
c hydra_satsuma: satsuma-iter+kissat time 17201s / budget 21597s
c hydra_satsuma: satsuma-iter+kissat time 17207s / budget 21597s
c hydra_satsuma: satsuma-iter+kissat time 17212s / budget 21597s
c hydra_satsuma: satsuma-iter+kissat time 17217s / budget 21597s
c hydra_satsuma: satsuma-iter+kissat time 17222s / budget 21597s
c hydra_satsuma: satsuma-iter+kissat time 17227s / budget 21597s
c hydra_satsuma: satsuma-iter+kissat time 17232s / budget 21597s
c hydra_satsuma: satsuma-iter+kissat time 17237s / budget 21597s
c hydra_satsuma: satsuma-iter+kissat time 17242s / budget 21597s
c hydra_satsuma: satsuma-iter+kissat time 17247s / budget 21597s
c hydra_satsuma: satsuma-iter+kissat time 17252s / budget 21597s
c hydra_satsuma: satsuma-iter+kissat time 17257s / budget 21597s
c hydra_satsuma: satsuma-iter+kissat time 17262s / budget 21597s
c hydra_satsuma: satsuma-iter+kissat time 17267s / budget 21597s
c hydra_satsuma: satsuma-iter+kissat time 17272s / budget 21597s
c hydra_satsuma: satsuma-iter+kissat time 17278s / budget 21597s
c hydra_satsuma: satsuma-iter+kissat time 17283s / budget 21597s
c hydra_satsuma: satsuma-iter+kissat time 17288s / budget 21597s
c hydra_satsuma: satsuma-iter+kissat time 17293s / budget 21597s
c hydra_satsuma: satsuma-iter+kissat time 17298s / budget 21597s
c hydra_satsuma: satsuma-iter+kissat time 17303s / budget 21597s
c hydra_satsuma: satsuma-iter+kissat time 17308s / budget 21597s
c hydra_satsuma: satsuma-iter+kissat time 17313s / budget 21597s
c hydra_satsuma: satsuma-iter+kissat time 17318s / budget 21597s
c hydra_satsuma: satsuma-iter+kissat time 17323s / budget 21597s
c hydra_satsuma: satsuma-iter+kissat time 17328s / budget 21597s
c hydra_satsuma: satsuma-iter+kissat time 17333s / budget 21597s
c hydra_satsuma: satsuma-iter+kissat time 17338s / budget 21597s
c hydra_satsuma: satsuma-iter+kissat time 17343s / budget 21597s
c hydra_satsuma: satsuma-iter+kissat time 17348s / budget 21597s
c hydra_satsuma: satsuma-iter+kissat time 17353s / budget 21597s
c hydra_satsuma: satsuma-iter+kissat time 17358s / budget 21597s
c hydra_satsuma: satsuma-iter+kissat time 17364s / budget 21597s
c hydra_satsuma: satsuma-iter+kissat time 17369s / budget 21597s
c hydra_satsuma: satsuma-iter+kissat time 17374s / budget 21597s
c hydra_satsuma: satsuma-iter+kissat time 17379s / budget 21597s
c hydra_satsuma: satsuma-iter+kissat time 17384s / budget 21597s
c hydra_satsuma: satsuma-iter+kissat time 17389s / budget 21597s
c hydra_satsuma: satsuma-iter+kissat time 17394s / budget 21597s
c hydra_satsuma: satsuma-iter+kissat time 17399s / budget 21597s
c hydra_satsuma: satsuma-iter+kissat time 17404s / budget 21597s
c hydra_satsuma: satsuma-iter+kissat time 17409s / budget 21597s
c hydra_satsuma: satsuma-iter+kissat time 17414s / budget 21597s
c hydra_satsuma: satsuma-iter+kissat time 17419s / budget 21597s
c hydra_satsuma: satsuma-iter+kissat time 17424s / budget 21597s
c hydra_satsuma: satsuma-iter+kissat time 17429s / budget 21597s
c hydra_satsuma: satsuma-iter+kissat time 17434s / budget 21597s
c hydra_satsuma: satsuma-iter+kissat time 17440s / budget 21597s
c hydra_satsuma: satsuma-iter+kissat time 17445s / budget 21597s
c hydra_satsuma: satsuma-iter+kissat time 17450s / budget 21597s
c hydra_satsuma: satsuma-iter+kissat time 17455s / budget 21597s
c hydra_satsuma: satsuma-iter+kissat time 17460s / budget 21597s
c hydra_satsuma: satsuma-iter+kissat time 17465s / budget 21597s
c hydra_satsuma: satsuma-iter+kissat time 17470s / budget 21597s
c hydra_satsuma: satsuma-iter+kissat time 17475s / budget 21597s
c hydra_satsuma: satsuma-iter+kissat time 17480s / budget 21597s
c hydra_satsuma: satsuma-iter+kissat time 17485s / budget 21597s
c hydra_satsuma: satsuma-iter+kissat time 17490s / budget 21597s
c hydra_satsuma: satsuma-iter+kissat time 17495s / budget 21597s
c hydra_satsuma: satsuma-iter+kissat time 17500s / budget 21597s
c hydra_satsuma: satsuma-iter+kissat time 17505s / budget 21597s
c hydra_satsuma: satsuma-iter+kissat time 17510s / budget 21597s
c hydra_satsuma: satsuma-iter+kissat time 17515s / budget 21597s
c hydra_satsuma: satsuma-iter+kissat time 17521s / budget 21597s
c hydra_satsuma: satsuma-iter+kissat time 17526s / budget 21597s
c hydra_satsuma: satsuma-iter+kissat time 17531s / budget 21597s
c hydra_satsuma: satsuma-iter+kissat time 17536s / budget 21597s
c hydra_satsuma: satsuma-iter+kissat time 17541s / budget 21597s
c hydra_satsuma: satsuma-iter+kissat time 17546s / budget 21597s
c hydra_satsuma: satsuma-iter+kissat time 17551s / budget 21597s
c hydra_satsuma: satsuma-iter+kissat time 17556s / budget 21597s
c hydra_satsuma: satsuma-iter+kissat time 17561s / budget 21597s
c hydra_satsuma: satsuma-iter+kissat time 17566s / budget 21597s
c hydra_satsuma: satsuma-iter+kissat time 17571s / budget 21597s
c hydra_satsuma: satsuma-iter+kissat time 17576s / budget 21597s
c hydra_satsuma: satsuma-iter+kissat time 17581s / budget 21597s
c hydra_satsuma: satsuma-iter+kissat time 17586s / budget 21597s
c hydra_satsuma: satsuma-iter+kissat time 17591s / budget 21597s
c hydra_satsuma: satsuma-iter+kissat time 17597s / budget 21597s
c hydra_satsuma: satsuma-iter+kissat time 17602s / budget 21597s
c hydra_satsuma: satsuma-iter+kissat time 17607s / budget 21597s
c hydra_satsuma: satsuma-iter+kissat time 17612s / budget 21597s
c hydra_satsuma: satsuma-iter+kissat time 17617s / budget 21597s
c hydra_satsuma: satsuma-iter+kissat time 17622s / budget 21597s
c hydra_satsuma: satsuma-iter+kissat time 17627s / budget 21597s
c hydra_satsuma: satsuma-iter+kissat time 17632s / budget 21597s
c hydra_satsuma: satsuma-iter+kissat time 17637s / budget 21597s
c hydra_satsuma: satsuma-iter+kissat time 17642s / budget 21597s
c hydra_satsuma: satsuma-iter+kissat time 17647s / budget 21597s
c hydra_satsuma: satsuma-iter+kissat time 17652s / budget 21597s
c hydra_satsuma: satsuma-iter+kissat time 17657s / budget 21597s
c hydra_satsuma: satsuma-iter+kissat time 17662s / budget 21597s
c hydra_satsuma: satsuma-iter+kissat time 17667s / budget 21597s
c hydra_satsuma: satsuma-iter+kissat time 17672s / budget 21597s
c hydra_satsuma: satsuma-iter+kissat time 17678s / budget 21597s
c hydra_satsuma: satsuma-iter+kissat time 17683s / budget 21597s
c hydra_satsuma: satsuma-iter+kissat time 17688s / budget 21597s
c hydra_satsuma: satsuma-iter+kissat time 17693s / budget 21597s
c hydra_satsuma: satsuma-iter+kissat time 17698s / budget 21597s
c hydra_satsuma: satsuma-iter+kissat time 17703s / budget 21597s
c hydra_satsuma: satsuma-iter+kissat time 17708s / budget 21597s
c hydra_satsuma: satsuma-iter+kissat time 17713s / budget 21597s
c hydra_satsuma: satsuma-iter+kissat time 17718s / budget 21597s
c hydra_satsuma: satsuma-iter+kissat time 17723s / budget 21597s
c hydra_satsuma: satsuma-iter+kissat time 17728s / budget 21597s
c hydra_satsuma: satsuma-iter+kissat time 17733s / budget 21597s
c hydra_satsuma: satsuma-iter+kissat time 17738s / budget 21597s
c hydra_satsuma: satsuma-iter+kissat time 17743s / budget 21597s
c hydra_satsuma: satsuma-iter+kissat time 17748s / budget 21597s
c hydra_satsuma: satsuma-iter+kissat time 17753s / budget 21597s
c hydra_satsuma: satsuma-iter+kissat time 17759s / budget 21597s
c hydra_satsuma: satsuma-iter+kissat time 17764s / budget 21597s
c hydra_satsuma: satsuma-iter+kissat time 17769s / budget 21597s
c hydra_satsuma: satsuma-iter+kissat time 17774s / budget 21597s
c hydra_satsuma: satsuma-iter+kissat time 17779s / budget 21597s
c hydra_satsuma: satsuma-iter+kissat time 17784s / budget 21597s
c hydra_satsuma: satsuma-iter+kissat time 17789s / budget 21597s
c hydra_satsuma: satsuma-iter+kissat time 17794s / budget 21597s
c hydra_satsuma: satsuma-iter+kissat time 17799s / budget 21597s
c hydra_satsuma: satsuma-iter+kissat time 17804s / budget 21597s
c hydra_satsuma: satsuma-iter+kissat time 17809s / budget 21597s
c hydra_satsuma: satsuma-iter+kissat time 17814s / budget 21597s
c hydra_satsuma: satsuma-iter+kissat time 17819s / budget 21597s
c hydra_satsuma: satsuma-iter+kissat time 17824s / budget 21597s
c hydra_satsuma: satsuma-iter+kissat time 17829s / budget 21597s
c hydra_satsuma: satsuma-iter+kissat time 17834s / budget 21597s
c hydra_satsuma: satsuma-iter+kissat time 17840s / budget 21597s
c hydra_satsuma: satsuma-iter+kissat time 17845s / budget 21597s
c hydra_satsuma: satsuma-iter+kissat time 17850s / budget 21597s
c hydra_satsuma: satsuma-iter+kissat time 17855s / budget 21597s
c hydra_satsuma: satsuma-iter+kissat time 17860s / budget 21597s
c hydra_satsuma: satsuma-iter+kissat time 17865s / budget 21597s
c hydra_satsuma: satsuma-iter+kissat time 17870s / budget 21597s
c hydra_satsuma: satsuma-iter+kissat time 17875s / budget 21597s
c hydra_satsuma: satsuma-iter+kissat time 17880s / budget 21597s
c hydra_satsuma: satsuma-iter+kissat time 17885s / budget 21597s
c hydra_satsuma: satsuma-iter+kissat time 17890s / budget 21597s
c hydra_satsuma: satsuma-iter+kissat time 17895s / budget 21597s
c hydra_satsuma: satsuma-iter+kissat time 17900s / budget 21597s
c hydra_satsuma: satsuma-iter+kissat time 17905s / budget 21597s
c hydra_satsuma: satsuma-iter+kissat time 17910s / budget 21597s
c hydra_satsuma: satsuma-iter+kissat time 17916s / budget 21597s
c hydra_satsuma: satsuma-iter+kissat time 17921s / budget 21597s
c hydra_satsuma: satsuma-iter+kissat time 17926s / budget 21597s
c hydra_satsuma: satsuma-iter+kissat time 17931s / budget 21597s
c hydra_satsuma: satsuma-iter+kissat time 17936s / budget 21597s
c hydra_satsuma: satsuma-iter+kissat time 17941s / budget 21597s
c hydra_satsuma: satsuma-iter+kissat time 17946s / budget 21597s
c hydra_satsuma: satsuma-iter+kissat time 17951s / budget 21597s
c hydra_satsuma: satsuma-iter+kissat time 17956s / budget 21597s
c hydra_satsuma: satsuma-iter+kissat time 17961s / budget 21597s
c hydra_satsuma: satsuma-iter+kissat time 17966s / budget 21597s
c hydra_satsuma: satsuma-iter+kissat time 17971s / budget 21597s
c hydra_satsuma: satsuma-iter+kissat time 17976s / budget 21597s
c hydra_satsuma: satsuma-iter+kissat time 17981s / budget 21597s
c hydra_satsuma: satsuma-iter+kissat time 17986s / budget 21597s
c hydra_satsuma: satsuma-iter+kissat time 17991s / budget 21597s
c hydra_satsuma: satsuma-iter+kissat time 17997s / budget 21597s
c hydra_satsuma: satsuma-iter+kissat time 18002s / budget 21597s
c hydra_satsuma: satsuma-iter+kissat time 18007s / budget 21597s
c hydra_satsuma: satsuma-iter+kissat time 18012s / budget 21597s
c hydra_satsuma: satsuma-iter+kissat time 18017s / budget 21597s
c hydra_satsuma: satsuma-iter+kissat time 18022s / budget 21597s
c hydra_satsuma: satsuma-iter+kissat time 18027s / budget 21597s
c hydra_satsuma: satsuma-iter+kissat time 18032s / budget 21597s
c hydra_satsuma: satsuma-iter+kissat time 18037s / budget 21597s
c hydra_satsuma: satsuma-iter+kissat time 18042s / budget 21597s
c hydra_satsuma: satsuma-iter+kissat time 18047s / budget 21597s
c hydra_satsuma: satsuma-iter+kissat time 18052s / budget 21597s
c hydra_satsuma: satsuma-iter+kissat time 18057s / budget 21597s
c hydra_satsuma: satsuma-iter+kissat time 18062s / budget 21597s
c hydra_satsuma: satsuma-iter+kissat time 18067s / budget 21597s
c hydra_satsuma: satsuma-iter+kissat time 18072s / budget 21597s
c hydra_satsuma: satsuma-iter+kissat time 18077s / budget 21597s
c hydra_satsuma: satsuma-iter+kissat time 18082s / budget 21597s
c hydra_satsuma: satsuma-iter+kissat time 18088s / budget 21597s
c hydra_satsuma: satsuma-iter+kissat time 18093s / budget 21597s
c hydra_satsuma: satsuma-iter+kissat time 18098s / budget 21597s
c hydra_satsuma: satsuma-iter+kissat time 18103s / budget 21597s
c hydra_satsuma: satsuma-iter+kissat time 18108s / budget 21597s
c hydra_satsuma: satsuma-iter+kissat time 18113s / budget 21597s
c hydra_satsuma: satsuma-iter+kissat time 18118s / budget 21597s
c hydra_satsuma: satsuma-iter+kissat time 18123s / budget 21597s
c hydra_satsuma: satsuma-iter+kissat time 18128s / budget 21597s
c hydra_satsuma: satsuma-iter+kissat time 18133s / budget 21597s
c hydra_satsuma: satsuma-iter+kissat time 18138s / budget 21597s
c hydra_satsuma: satsuma-iter+kissat time 18143s / budget 21597s
c hydra_satsuma: satsuma-iter+kissat time 18148s / budget 21597s
c hydra_satsuma: satsuma-iter+kissat time 18153s / budget 21597s
c hydra_satsuma: satsuma-iter+kissat time 18158s / budget 21597s
c hydra_satsuma: satsuma-iter+kissat time 18164s / budget 21597s
c hydra_satsuma: satsuma-iter+kissat time 18169s / budget 21597s
c hydra_satsuma: satsuma-iter+kissat time 18174s / budget 21597s
c hydra_satsuma: satsuma-iter+kissat time 18179s / budget 21597s
c hydra_satsuma: satsuma-iter+kissat time 18184s / budget 21597s
c hydra_satsuma: satsuma-iter+kissat time 18189s / budget 21597s
c hydra_satsuma: satsuma-iter+kissat time 18194s / budget 21597s
c hydra_satsuma: satsuma-iter+kissat time 18199s / budget 21597s
c hydra_satsuma: satsuma-iter+kissat time 18204s / budget 21597s
c hydra_satsuma: satsuma-iter+kissat time 18209s / budget 21597s
c hydra_satsuma: satsuma-iter+kissat time 18214s / budget 21597s
c hydra_satsuma: satsuma-iter+kissat time 18219s / budget 21597s
c hydra_satsuma: satsuma-iter+kissat time 18224s / budget 21597s
c hydra_satsuma: satsuma-iter+kissat time 18229s / budget 21597s
c hydra_satsuma: satsuma-iter+kissat time 18234s / budget 21597s
c hydra_satsuma: satsuma-iter+kissat time 18240s / budget 21597s
c hydra_satsuma: satsuma-iter+kissat time 18245s / budget 21597s
c hydra_satsuma: satsuma-iter+kissat time 18250s / budget 21597s
c hydra_satsuma: satsuma-iter+kissat time 18255s / budget 21597s
c hydra_satsuma: satsuma-iter+kissat time 18260s / budget 21597s
c hydra_satsuma: satsuma-iter+kissat time 18265s / budget 21597s
c hydra_satsuma: satsuma-iter+kissat time 18270s / budget 21597s
c hydra_satsuma: satsuma-iter+kissat time 18275s / budget 21597s
c hydra_satsuma: satsuma-iter+kissat time 18280s / budget 21597s
c hydra_satsuma: satsuma-iter+kissat time 18285s / budget 21597s
c hydra_satsuma: satsuma-iter+kissat time 18290s / budget 21597s
c hydra_satsuma: satsuma-iter+kissat time 18295s / budget 21597s
c hydra_satsuma: satsuma-iter+kissat time 18300s / budget 21597s
c hydra_satsuma: satsuma-iter+kissat time 18305s / budget 21597s
c hydra_satsuma: satsuma-iter+kissat time 18310s / budget 21597s
c hydra_satsuma: satsuma-iter+kissat time 18315s / budget 21597s
c hydra_satsuma: satsuma-iter+kissat time 18320s / budget 21597s
c hydra_satsuma: satsuma-iter+kissat time 18326s / budget 21597s
c hydra_satsuma: satsuma-iter+kissat time 18331s / budget 21597s
c hydra_satsuma: satsuma-iter+kissat time 18336s / budget 21597s
c hydra_satsuma: satsuma-iter+kissat time 18341s / budget 21597s
c hydra_satsuma: satsuma-iter+kissat time 18346s / budget 21597s
c hydra_satsuma: satsuma-iter+kissat time 18351s / budget 21597s
c hydra_satsuma: satsuma-iter+kissat time 18356s / budget 21597s
c hydra_satsuma: satsuma-iter+kissat time 18361s / budget 21597s
c hydra_satsuma: satsuma-iter+kissat time 18366s / budget 21597s
c hydra_satsuma: satsuma-iter+kissat time 18371s / budget 21597s
c hydra_satsuma: satsuma-iter+kissat time 18376s / budget 21597s
c hydra_satsuma: satsuma-iter+kissat time 18381s / budget 21597s
c hydra_satsuma: satsuma-iter+kissat time 18386s / budget 21597s
c hydra_satsuma: satsuma-iter+kissat time 18391s / budget 21597s
c hydra_satsuma: satsuma-iter+kissat time 18396s / budget 21597s
c hydra_satsuma: satsuma-iter+kissat time 18402s / budget 21597s
c hydra_satsuma: satsuma-iter+kissat time 18407s / budget 21597s
c hydra_satsuma: satsuma-iter+kissat time 18412s / budget 21597s
c hydra_satsuma: satsuma-iter+kissat time 18417s / budget 21597s
c hydra_satsuma: satsuma-iter+kissat time 18422s / budget 21597s
c hydra_satsuma: satsuma-iter+kissat time 18427s / budget 21597s
c hydra_satsuma: satsuma-iter+kissat time 18432s / budget 21597s
c hydra_satsuma: satsuma-iter+kissat time 18437s / budget 21597s
c hydra_satsuma: satsuma-iter+kissat time 18442s / budget 21597s
c hydra_satsuma: satsuma-iter+kissat time 18447s / budget 21597s
c hydra_satsuma: satsuma-iter+kissat time 18452s / budget 21597s
c hydra_satsuma: satsuma-iter+kissat time 18457s / budget 21597s
c hydra_satsuma: satsuma-iter+kissat time 18462s / budget 21597s
c hydra_satsuma: satsuma-iter+kissat time 18467s / budget 21597s
c hydra_satsuma: satsuma-iter+kissat time 18473s / budget 21597s
c hydra_satsuma: satsuma-iter+kissat time 18478s / budget 21597s
c hydra_satsuma: satsuma-iter+kissat time 18483s / budget 21597s
c hydra_satsuma: satsuma-iter+kissat time 18488s / budget 21597s
c hydra_satsuma: satsuma-iter+kissat time 18493s / budget 21597s
c hydra_satsuma: satsuma-iter+kissat time 18498s / budget 21597s
c hydra_satsuma: satsuma-iter+kissat time 18503s / budget 21597s
c hydra_satsuma: satsuma-iter+kissat time 18508s / budget 21597s
c hydra_satsuma: satsuma-iter+kissat time 18513s / budget 21597s
c hydra_satsuma: satsuma-iter+kissat time 18518s / budget 21597s
c hydra_satsuma: satsuma-iter+kissat time 18523s / budget 21597s
c hydra_satsuma: satsuma-iter+kissat time 18528s / budget 21597s
c hydra_satsuma: satsuma-iter+kissat time 18533s / budget 21597s
c hydra_satsuma: satsuma-iter+kissat time 18538s / budget 21597s
c hydra_satsuma: satsuma-iter+kissat time 18543s / budget 21597s
c hydra_satsuma: satsuma-iter+kissat time 18548s / budget 21597s
c hydra_satsuma: satsuma-iter+kissat time 18554s / budget 21597s
c hydra_satsuma: satsuma-iter+kissat time 18559s / budget 21597s
c hydra_satsuma: satsuma-iter+kissat time 18564s / budget 21597s
c hydra_satsuma: satsuma-iter+kissat time 18569s / budget 21597s
c hydra_satsuma: satsuma-iter+kissat time 18574s / budget 21597s
c hydra_satsuma: satsuma-iter+kissat time 18579s / budget 21597s
c hydra_satsuma: satsuma-iter+kissat time 18584s / budget 21597s
c hydra_satsuma: satsuma-iter+kissat time 18589s / budget 21597s
c hydra_satsuma: satsuma-iter+kissat time 18594s / budget 21597s
c hydra_satsuma: satsuma-iter+kissat time 18599s / budget 21597s
c hydra_satsuma: satsuma-iter+kissat time 18604s / budget 21597s
c hydra_satsuma: satsuma-iter+kissat time 18609s / budget 21597s
c hydra_satsuma: satsuma-iter+kissat time 18614s / budget 21597s
c hydra_satsuma: satsuma-iter+kissat time 18619s / budget 21597s
c hydra_satsuma: satsuma-iter+kissat time 18624s / budget 21597s
c hydra_satsuma: satsuma-iter+kissat time 18629s / budget 21597s
c hydra_satsuma: satsuma-iter+kissat time 18635s / budget 21597s
c hydra_satsuma: satsuma-iter+kissat time 18640s / budget 21597s
c hydra_satsuma: satsuma-iter+kissat time 18645s / budget 21597s
c hydra_satsuma: satsuma-iter+kissat time 18650s / budget 21597s
c hydra_satsuma: satsuma-iter+kissat time 18655s / budget 21597s
c hydra_satsuma: satsuma-iter+kissat time 18660s / budget 21597s
c hydra_satsuma: satsuma-iter+kissat time 18665s / budget 21597s
c hydra_satsuma: satsuma-iter+kissat time 18670s / budget 21597s
c hydra_satsuma: satsuma-iter+kissat time 18675s / budget 21597s
c hydra_satsuma: satsuma-iter+kissat time 18680s / budget 21597s
c hydra_satsuma: satsuma-iter+kissat time 18685s / budget 21597s
c hydra_satsuma: satsuma-iter+kissat time 18690s / budget 21597s
c hydra_satsuma: satsuma-iter+kissat time 18695s / budget 21597s
c hydra_satsuma: satsuma-iter+kissat time 18700s / budget 21597s
c hydra_satsuma: satsuma-iter+kissat time 18705s / budget 21597s
c hydra_satsuma: satsuma-iter+kissat time 18711s / budget 21597s
c hydra_satsuma: satsuma-iter+kissat time 18716s / budget 21597s
c hydra_satsuma: satsuma-iter+kissat time 18721s / budget 21597s
c hydra_satsuma: satsuma-iter+kissat time 18726s / budget 21597s
c hydra_satsuma: satsuma-iter+kissat time 18731s / budget 21597s
c hydra_satsuma: satsuma-iter+kissat time 18736s / budget 21597s
c hydra_satsuma: satsuma-iter+kissat time 18741s / budget 21597s
c hydra_satsuma: satsuma-iter+kissat time 18746s / budget 21597s
c hydra_satsuma: satsuma-iter+kissat time 18751s / budget 21597s
c hydra_satsuma: satsuma-iter+kissat time 18756s / budget 21597s
c hydra_satsuma: satsuma-iter+kissat time 18761s / budget 21597s
c hydra_satsuma: satsuma-iter+kissat time 18766s / budget 21597s
c hydra_satsuma: satsuma-iter+kissat time 18771s / budget 21597s
c hydra_satsuma: satsuma-iter+kissat time 18776s / budget 21597s
c hydra_satsuma: satsuma-iter+kissat time 18781s / budget 21597s
c hydra_satsuma: satsuma-iter+kissat time 18786s / budget 21597s
c hydra_satsuma: satsuma-iter+kissat time 18791s / budget 21597s
c hydra_satsuma: satsuma-iter+kissat time 18797s / budget 21597s
c hydra_satsuma: satsuma-iter+kissat time 18802s / budget 21597s
c hydra_satsuma: satsuma-iter+kissat time 18807s / budget 21597s
c hydra_satsuma: satsuma-iter+kissat time 18812s / budget 21597s
c hydra_satsuma: satsuma-iter+kissat time 18817s / budget 21597s
c hydra_satsuma: satsuma-iter+kissat time 18822s / budget 21597s
c hydra_satsuma: satsuma-iter+kissat time 18827s / budget 21597s
c hydra_satsuma: satsuma-iter+kissat time 18832s / budget 21597s
c hydra_satsuma: satsuma-iter+kissat time 18837s / budget 21597s
c hydra_satsuma: satsuma-iter+kissat time 18842s / budget 21597s
c hydra_satsuma: satsuma-iter+kissat time 18847s / budget 21597s
c hydra_satsuma: satsuma-iter+kissat time 18852s / budget 21597s
c hydra_satsuma: satsuma-iter+kissat time 18857s / budget 21597s
c hydra_satsuma: satsuma-iter+kissat time 18862s / budget 21597s
c hydra_satsuma: satsuma-iter+kissat time 18867s / budget 21597s
c hydra_satsuma: satsuma-iter+kissat time 18873s / budget 21597s
c hydra_satsuma: satsuma-iter+kissat time 18878s / budget 21597s
c hydra_satsuma: satsuma-iter+kissat time 18883s / budget 21597s
c hydra_satsuma: satsuma-iter+kissat time 18888s / budget 21597s
c hydra_satsuma: satsuma-iter+kissat time 18893s / budget 21597s
c hydra_satsuma: satsuma-iter+kissat time 18898s / budget 21597s
c hydra_satsuma: satsuma-iter+kissat time 18903s / budget 21597s
c hydra_satsuma: satsuma-iter+kissat time 18908s / budget 21597s
c hydra_satsuma: satsuma-iter+kissat time 18913s / budget 21597s
c hydra_satsuma: satsuma-iter+kissat time 18918s / budget 21597s
c hydra_satsuma: satsuma-iter+kissat time 18923s / budget 21597s
c hydra_satsuma: satsuma-iter+kissat time 18928s / budget 21597s
c hydra_satsuma: satsuma-iter+kissat time 18933s / budget 21597s
c hydra_satsuma: satsuma-iter+kissat time 18938s / budget 21597s
c hydra_satsuma: satsuma-iter+kissat time 18943s / budget 21597s
c hydra_satsuma: satsuma-iter+kissat time 18948s / budget 21597s
c hydra_satsuma: satsuma-iter+kissat time 18954s / budget 21597s
c hydra_satsuma: satsuma-iter+kissat time 18959s / budget 21597s
c hydra_satsuma: satsuma-iter+kissat time 18964s / budget 21597s
c hydra_satsuma: satsuma-iter+kissat time 18969s / budget 21597s
c hydra_satsuma: satsuma-iter+kissat time 18974s / budget 21597s
c hydra_satsuma: satsuma-iter+kissat time 18979s / budget 21597s
c hydra_satsuma: satsuma-iter+kissat time 18984s / budget 21597s
c hydra_satsuma: satsuma-iter+kissat time 18989s / budget 21597s
c hydra_satsuma: satsuma-iter+kissat time 18994s / budget 21597s
c hydra_satsuma: satsuma-iter+kissat time 18999s / budget 21597s
c hydra_satsuma: satsuma-iter+kissat time 19004s / budget 21597s
c hydra_satsuma: satsuma-iter+kissat time 19009s / budget 21597s
c hydra_satsuma: satsuma-iter+kissat time 19014s / budget 21597s
c hydra_satsuma: satsuma-iter+kissat time 19019s / budget 21597s
c hydra_satsuma: satsuma-iter+kissat time 19024s / budget 21597s
c hydra_satsuma: satsuma-iter+kissat time 19029s / budget 21597s
c hydra_satsuma: satsuma-iter+kissat time 19035s / budget 21597s
c hydra_satsuma: satsuma-iter+kissat time 19040s / budget 21597s
c hydra_satsuma: satsuma-iter+kissat time 19045s / budget 21597s
c hydra_satsuma: satsuma-iter+kissat time 19050s / budget 21597s
c hydra_satsuma: satsuma-iter+kissat time 19055s / budget 21597s
c hydra_satsuma: satsuma-iter+kissat time 19060s / budget 21597s
c hydra_satsuma: satsuma-iter+kissat time 19065s / budget 21597s
c hydra_satsuma: satsuma-iter+kissat time 19070s / budget 21597s
c hydra_satsuma: satsuma-iter+kissat time 19075s / budget 21597s
c hydra_satsuma: satsuma-iter+kissat time 19080s / budget 21597s
c hydra_satsuma: satsuma-iter+kissat time 19085s / budget 21597s
c hydra_satsuma: satsuma-iter+kissat time 19090s / budget 21597s
c hydra_satsuma: satsuma-iter+kissat time 19095s / budget 21597s
c hydra_satsuma: satsuma-iter+kissat time 19100s / budget 21597s
c hydra_satsuma: satsuma-iter+kissat time 19105s / budget 21597s
c hydra_satsuma: satsuma-iter+kissat time 19110s / budget 21597s
c hydra_satsuma: satsuma-iter+kissat time 19116s / budget 21597s
c hydra_satsuma: satsuma-iter+kissat time 19121s / budget 21597s
c hydra_satsuma: satsuma-iter+kissat time 19126s / budget 21597s
c hydra_satsuma: satsuma-iter+kissat time 19131s / budget 21597s
c hydra_satsuma: satsuma-iter+kissat time 19136s / budget 21597s
c hydra_satsuma: satsuma-iter+kissat time 19141s / budget 21597s
c hydra_satsuma: satsuma-iter+kissat time 19146s / budget 21597s
c hydra_satsuma: satsuma-iter+kissat time 19151s / budget 21597s
c hydra_satsuma: satsuma-iter+kissat time 19156s / budget 21597s
c hydra_satsuma: satsuma-iter+kissat time 19161s / budget 21597s
c hydra_satsuma: satsuma-iter+kissat time 19166s / budget 21597s
c hydra_satsuma: satsuma-iter+kissat time 19171s / budget 21597s
c hydra_satsuma: satsuma-iter+kissat time 19176s / budget 21597s
c hydra_satsuma: satsuma-iter+kissat time 19181s / budget 21597s
c hydra_satsuma: satsuma-iter+kissat time 19186s / budget 21597s
c hydra_satsuma: satsuma-iter+kissat time 19191s / budget 21597s
c hydra_satsuma: satsuma-iter+kissat time 19197s / budget 21597s
c hydra_satsuma: satsuma-iter+kissat time 19202s / budget 21597s
c hydra_satsuma: satsuma-iter+kissat time 19207s / budget 21597s
c hydra_satsuma: satsuma-iter+kissat time 19212s / budget 21597s
c hydra_satsuma: satsuma-iter+kissat time 19217s / budget 21597s
c hydra_satsuma: satsuma-iter+kissat time 19222s / budget 21597s
c hydra_satsuma: satsuma-iter+kissat time 19227s / budget 21597s
c hydra_satsuma: satsuma-iter+kissat time 19232s / budget 21597s
c hydra_satsuma: satsuma-iter+kissat time 19237s / budget 21597s
c hydra_satsuma: satsuma-iter+kissat time 19242s / budget 21597s
c hydra_satsuma: satsuma-iter+kissat time 19247s / budget 21597s
c hydra_satsuma: satsuma-iter+kissat time 19252s / budget 21597s
c hydra_satsuma: satsuma-iter+kissat time 19257s / budget 21597s
c hydra_satsuma: satsuma-iter+kissat time 19262s / budget 21597s
c hydra_satsuma: satsuma-iter+kissat time 19267s / budget 21597s
c hydra_satsuma: satsuma-iter+kissat time 19272s / budget 21597s
c hydra_satsuma: satsuma-iter+kissat time 19278s / budget 21597s
c hydra_satsuma: satsuma-iter+kissat time 19283s / budget 21597s
c hydra_satsuma: satsuma-iter+kissat time 19288s / budget 21597s
c hydra_satsuma: satsuma-iter+kissat time 19293s / budget 21597s
c hydra_satsuma: satsuma-iter+kissat time 19298s / budget 21597s
c hydra_satsuma: satsuma-iter+kissat time 19303s / budget 21597s
c hydra_satsuma: satsuma-iter+kissat time 19308s / budget 21597s
c hydra_satsuma: satsuma-iter+kissat time 19313s / budget 21597s
c hydra_satsuma: satsuma-iter+kissat time 19318s / budget 21597s
c hydra_satsuma: satsuma-iter+kissat time 19323s / budget 21597s
c hydra_satsuma: satsuma-iter+kissat time 19328s / budget 21597s
c hydra_satsuma: satsuma-iter+kissat time 19333s / budget 21597s
c hydra_satsuma: satsuma-iter+kissat time 19338s / budget 21597s
c hydra_satsuma: satsuma-iter+kissat time 19343s / budget 21597s
c hydra_satsuma: satsuma-iter+kissat time 19348s / budget 21597s
c hydra_satsuma: satsuma-iter+kissat time 19353s / budget 21597s
c hydra_satsuma: satsuma-iter+kissat time 19358s / budget 21597s
c hydra_satsuma: satsuma-iter+kissat time 19364s / budget 21597s
c hydra_satsuma: satsuma-iter+kissat time 19369s / budget 21597s
c hydra_satsuma: satsuma-iter+kissat time 19374s / budget 21597s
c hydra_satsuma: satsuma-iter+kissat time 19379s / budget 21597s
c hydra_satsuma: satsuma-iter+kissat time 19384s / budget 21597s
c hydra_satsuma: satsuma-iter+kissat time 19389s / budget 21597s
c hydra_satsuma: satsuma-iter+kissat time 19394s / budget 21597s
c hydra_satsuma: satsuma-iter+kissat time 19399s / budget 21597s
c hydra_satsuma: satsuma-iter+kissat time 19404s / budget 21597s
c hydra_satsuma: satsuma-iter+kissat time 19409s / budget 21597s
c hydra_satsuma: satsuma-iter+kissat time 19414s / budget 21597s
c hydra_satsuma: satsuma-iter+kissat time 19419s / budget 21597s
c hydra_satsuma: satsuma-iter+kissat time 19424s / budget 21597s
c hydra_satsuma: satsuma-iter+kissat time 19429s / budget 21597s
c hydra_satsuma: satsuma-iter+kissat time 19434s / budget 21597s
c hydra_satsuma: satsuma-iter+kissat time 19439s / budget 21597s
c hydra_satsuma: satsuma-iter+kissat time 19445s / budget 21597s
c hydra_satsuma: satsuma-iter+kissat time 19450s / budget 21597s
c hydra_satsuma: satsuma-iter+kissat time 19455s / budget 21597s
c hydra_satsuma: satsuma-iter+kissat time 19460s / budget 21597s
c hydra_satsuma: satsuma-iter+kissat time 19465s / budget 21597s
c hydra_satsuma: satsuma-iter+kissat time 19470s / budget 21597s
c hydra_satsuma: satsuma-iter+kissat time 19475s / budget 21597s
c hydra_satsuma: satsuma-iter+kissat time 19480s / budget 21597s
c hydra_satsuma: satsuma-iter+kissat time 19485s / budget 21597s
c hydra_satsuma: satsuma-iter+kissat time 19490s / budget 21597s
c hydra_satsuma: satsuma-iter+kissat time 19495s / budget 21597s
c hydra_satsuma: satsuma-iter+kissat time 19500s / budget 21597s
c hydra_satsuma: satsuma-iter+kissat time 19505s / budget 21597s
c hydra_satsuma: satsuma-iter+kissat time 19510s / budget 21597s
c hydra_satsuma: satsuma-iter+kissat time 19515s / budget 21597s
c hydra_satsuma: satsuma-iter+kissat time 19520s / budget 21597s
c hydra_satsuma: satsuma-iter+kissat time 19526s / budget 21597s
c hydra_satsuma: satsuma-iter+kissat time 19531s / budget 21597s
c hydra_satsuma: satsuma-iter+kissat time 19536s / budget 21597s
c hydra_satsuma: satsuma-iter+kissat time 19541s / budget 21597s
c hydra_satsuma: satsuma-iter+kissat time 19546s / budget 21597s
c hydra_satsuma: satsuma-iter+kissat time 19551s / budget 21597s
c hydra_satsuma: satsuma-iter+kissat time 19556s / budget 21597s
c hydra_satsuma: satsuma-iter+kissat time 19561s / budget 21597s
c hydra_satsuma: satsuma-iter+kissat time 19566s / budget 21597s
c hydra_satsuma: satsuma-iter+kissat time 19571s / budget 21597s
c hydra_satsuma: satsuma-iter+kissat time 19576s / budget 21597s
c hydra_satsuma: satsuma-iter+kissat time 19581s / budget 21597s
c hydra_satsuma: satsuma-iter+kissat time 19586s / budget 21597s
c hydra_satsuma: satsuma-iter+kissat time 19591s / budget 21597s
c hydra_satsuma: satsuma-iter+kissat time 19596s / budget 21597s
c hydra_satsuma: satsuma-iter+kissat time 19602s / budget 21597s
c hydra_satsuma: satsuma-iter+kissat time 19607s / budget 21597s
c hydra_satsuma: satsuma-iter+kissat time 19612s / budget 21597s
c hydra_satsuma: satsuma-iter+kissat time 19617s / budget 21597s
c hydra_satsuma: satsuma-iter+kissat time 19622s / budget 21597s
c hydra_satsuma: satsuma-iter+kissat time 19627s / budget 21597s
c hydra_satsuma: satsuma-iter+kissat time 19632s / budget 21597s
c hydra_satsuma: satsuma-iter+kissat time 19637s / budget 21597s
c hydra_satsuma: satsuma-iter+kissat time 19642s / budget 21597s
c hydra_satsuma: satsuma-iter+kissat time 19647s / budget 21597s
c hydra_satsuma: satsuma-iter+kissat time 19652s / budget 21597s
c hydra_satsuma: satsuma-iter+kissat time 19657s / budget 21597s
c hydra_satsuma: satsuma-iter+kissat time 19662s / budget 21597s
c hydra_satsuma: satsuma-iter+kissat time 19667s / budget 21597s
c hydra_satsuma: satsuma-iter+kissat time 19672s / budget 21597s
c hydra_satsuma: satsuma-iter+kissat time 19677s / budget 21597s
c hydra_satsuma: satsuma-iter+kissat time 19682s / budget 21597s
c hydra_satsuma: satsuma-iter+kissat time 19688s / budget 21597s
c hydra_satsuma: satsuma-iter+kissat time 19693s / budget 21597s
c hydra_satsuma: satsuma-iter+kissat time 19698s / budget 21597s
c hydra_satsuma: satsuma-iter+kissat time 19703s / budget 21597s
c hydra_satsuma: satsuma-iter+kissat time 19708s / budget 21597s
c hydra_satsuma: satsuma-iter+kissat time 19713s / budget 21597s
c hydra_satsuma: satsuma-iter+kissat time 19718s / budget 21597s
c hydra_satsuma: satsuma-iter+kissat time 19723s / budget 21597s
c hydra_satsuma: satsuma-iter+kissat time 19728s / budget 21597s
c hydra_satsuma: satsuma-iter+kissat time 19733s / budget 21597s
c hydra_satsuma: satsuma-iter+kissat time 19738s / budget 21597s
c hydra_satsuma: satsuma-iter+kissat time 19743s / budget 21597s
c hydra_satsuma: satsuma-iter+kissat time 19748s / budget 21597s
c hydra_satsuma: satsuma-iter+kissat time 19753s / budget 21597s
c hydra_satsuma: satsuma-iter+kissat time 19758s / budget 21597s
c hydra_satsuma: satsuma-iter+kissat time 19763s / budget 21597s
c hydra_satsuma: satsuma-iter+kissat time 19769s / budget 21597s
c hydra_satsuma: satsuma-iter+kissat time 19774s / budget 21597s
c hydra_satsuma: satsuma-iter+kissat time 19779s / budget 21597s
c hydra_satsuma: satsuma-iter+kissat time 19784s / budget 21597s
c hydra_satsuma: satsuma-iter+kissat time 19789s / budget 21597s
c hydra_satsuma: satsuma-iter+kissat time 19794s / budget 21597s
c hydra_satsuma: satsuma-iter+kissat time 19799s / budget 21597s
c hydra_satsuma: satsuma-iter+kissat time 19804s / budget 21597s
c hydra_satsuma: satsuma-iter+kissat time 19809s / budget 21597s
c hydra_satsuma: satsuma-iter+kissat time 19814s / budget 21597s
c hydra_satsuma: satsuma-iter+kissat time 19819s / budget 21597s
c hydra_satsuma: satsuma-iter+kissat time 19824s / budget 21597s
c hydra_satsuma: satsuma-iter+kissat time 19829s / budget 21597s
c hydra_satsuma: satsuma-iter+kissat time 19834s / budget 21597s
c hydra_satsuma: satsuma-iter+kissat time 19839s / budget 21597s
c hydra_satsuma: satsuma-iter+kissat time 19845s / budget 21597s
c hydra_satsuma: satsuma-iter+kissat time 19850s / budget 21597s
c hydra_satsuma: satsuma-iter+kissat time 19855s / budget 21597s
c hydra_satsuma: satsuma-iter+kissat time 19860s / budget 21597s
c hydra_satsuma: satsuma-iter+kissat time 19865s / budget 21597s
c hydra_satsuma: satsuma-iter+kissat time 19870s / budget 21597s
c hydra_satsuma: satsuma-iter+kissat time 19875s / budget 21597s
c hydra_satsuma: satsuma-iter+kissat time 19880s / budget 21597s
c hydra_satsuma: satsuma-iter+kissat time 19885s / budget 21597s
c hydra_satsuma: satsuma-iter+kissat time 19890s / budget 21597s
c hydra_satsuma: satsuma-iter+kissat time 19895s / budget 21597s
c hydra_satsuma: satsuma-iter+kissat time 19900s / budget 21597s
c hydra_satsuma: satsuma-iter+kissat time 19905s / budget 21597s
c hydra_satsuma: satsuma-iter+kissat time 19910s / budget 21597s
c hydra_satsuma: satsuma-iter+kissat time 19915s / budget 21597s
c hydra_satsuma: satsuma-iter+kissat time 19921s / budget 21597s
c hydra_satsuma: satsuma-iter+kissat time 19926s / budget 21597s
c hydra_satsuma: satsuma-iter+kissat time 19931s / budget 21597s
c hydra_satsuma: satsuma-iter+kissat time 19936s / budget 21597s
c hydra_satsuma: satsuma-iter+kissat time 19941s / budget 21597s
c hydra_satsuma: satsuma-iter+kissat time 19946s / budget 21597s
c hydra_satsuma: satsuma-iter+kissat time 19951s / budget 21597s
c hydra_satsuma: satsuma-iter+kissat time 19956s / budget 21597s
c hydra_satsuma: satsuma-iter+kissat time 19961s / budget 21597s
c hydra_satsuma: satsuma-iter+kissat time 19966s / budget 21597s
c hydra_satsuma: satsuma-iter+kissat time 19971s / budget 21597s
c hydra_satsuma: satsuma-iter+kissat time 19976s / budget 21597s
c hydra_satsuma: satsuma-iter+kissat time 19981s / budget 21597s
c hydra_satsuma: satsuma-iter+kissat time 19986s / budget 21597s
c hydra_satsuma: satsuma-iter+kissat time 19991s / budget 21597s
c hydra_satsuma: satsuma-iter+kissat time 19996s / budget 21597s
c hydra_satsuma: satsuma-iter+kissat time 20001s / budget 21597s
c hydra_satsuma: satsuma-iter+kissat time 20007s / budget 21597s
c hydra_satsuma: satsuma-iter+kissat time 20012s / budget 21597s
c hydra_satsuma: satsuma-iter+kissat time 20017s / budget 21597s
c hydra_satsuma: satsuma-iter+kissat time 20022s / budget 21597s
c hydra_satsuma: satsuma-iter+kissat time 20027s / budget 21597s
c hydra_satsuma: satsuma-iter+kissat time 20032s / budget 21597s
c hydra_satsuma: satsuma-iter+kissat time 20037s / budget 21597s
c hydra_satsuma: satsuma-iter+kissat time 20042s / budget 21597s
c hydra_satsuma: satsuma-iter+kissat time 20047s / budget 21597s
c hydra_satsuma: satsuma-iter+kissat time 20052s / budget 21597s
c hydra_satsuma: satsuma-iter+kissat time 20057s / budget 21597s
c hydra_satsuma: satsuma-iter+kissat time 20062s / budget 21597s
c hydra_satsuma: satsuma-iter+kissat time 20067s / budget 21597s
c hydra_satsuma: satsuma-iter+kissat time 20072s / budget 21597s
c hydra_satsuma: satsuma-iter+kissat time 20077s / budget 21597s
c hydra_satsuma: satsuma-iter+kissat time 20083s / budget 21597s
c hydra_satsuma: satsuma-iter+kissat time 20088s / budget 21597s
c hydra_satsuma: satsuma-iter+kissat time 20093s / budget 21597s
c hydra_satsuma: satsuma-iter+kissat time 20098s / budget 21597s
c hydra_satsuma: satsuma-iter+kissat time 20103s / budget 21597s
c hydra_satsuma: satsuma-iter+kissat time 20108s / budget 21597s
c hydra_satsuma: satsuma-iter+kissat time 20113s / budget 21597s
c hydra_satsuma: satsuma-iter+kissat time 20118s / budget 21597s
c hydra_satsuma: satsuma-iter+kissat time 20123s / budget 21597s
c hydra_satsuma: satsuma-iter+kissat time 20128s / budget 21597s
c hydra_satsuma: satsuma-iter+kissat time 20133s / budget 21597s
c hydra_satsuma: satsuma-iter+kissat time 20138s / budget 21597s
c hydra_satsuma: satsuma-iter+kissat time 20143s / budget 21597s
c hydra_satsuma: satsuma-iter+kissat time 20148s / budget 21597s
c hydra_satsuma: satsuma-iter+kissat time 20153s / budget 21597s
c hydra_satsuma: satsuma-iter+kissat time 20159s / budget 21597s
c hydra_satsuma: satsuma-iter+kissat time 20164s / budget 21597s
c hydra_satsuma: satsuma-iter+kissat time 20169s / budget 21597s
c hydra_satsuma: satsuma-iter+kissat time 20174s / budget 21597s
c hydra_satsuma: satsuma-iter+kissat time 20179s / budget 21597s
c hydra_satsuma: satsuma-iter+kissat time 20184s / budget 21597s
c hydra_satsuma: satsuma-iter+kissat time 20189s / budget 21597s
c hydra_satsuma: satsuma-iter+kissat time 20194s / budget 21597s
c hydra_satsuma: satsuma-iter+kissat time 20199s / budget 21597s
c hydra_satsuma: satsuma-iter+kissat time 20204s / budget 21597s
c hydra_satsuma: satsuma-iter+kissat time 20209s / budget 21597s
c hydra_satsuma: satsuma-iter+kissat time 20214s / budget 21597s
c hydra_satsuma: satsuma-iter+kissat time 20219s / budget 21597s
c hydra_satsuma: satsuma-iter+kissat time 20224s / budget 21597s
c hydra_satsuma: satsuma-iter+kissat time 20229s / budget 21597s
c hydra_satsuma: satsuma-iter+kissat time 20234s / budget 21597s
c hydra_satsuma: satsuma-iter+kissat time 20240s / budget 21597s
c hydra_satsuma: satsuma-iter+kissat time 20245s / budget 21597s
c hydra_satsuma: satsuma-iter+kissat time 20250s / budget 21597s
c hydra_satsuma: satsuma-iter+kissat time 20255s / budget 21597s
c hydra_satsuma: satsuma-iter+kissat time 20260s / budget 21597s
c hydra_satsuma: satsuma-iter+kissat time 20265s / budget 21597s
c hydra_satsuma: satsuma-iter+kissat time 20270s / budget 21597s
c hydra_satsuma: satsuma-iter+kissat time 20275s / budget 21597s
c hydra_satsuma: satsuma-iter+kissat time 20280s / budget 21597s
c hydra_satsuma: satsuma-iter+kissat time 20285s / budget 21597s
c hydra_satsuma: satsuma-iter+kissat time 20290s / budget 21597s
c hydra_satsuma: satsuma-iter+kissat time 20295s / budget 21597s
c hydra_satsuma: satsuma-iter+kissat time 20300s / budget 21597s
c hydra_satsuma: satsuma-iter+kissat time 20305s / budget 21597s
c hydra_satsuma: satsuma-iter+kissat time 20310s / budget 21597s
c hydra_satsuma: satsuma-iter+kissat time 20316s / budget 21597s
c hydra_satsuma: satsuma-iter+kissat time 20321s / budget 21597s
c hydra_satsuma: satsuma-iter+kissat time 20326s / budget 21597s
c hydra_satsuma: satsuma-iter+kissat time 20331s / budget 21597s
c hydra_satsuma: satsuma-iter+kissat time 20336s / budget 21597s
c hydra_satsuma: satsuma-iter+kissat time 20341s / budget 21597s
c hydra_satsuma: satsuma-iter+kissat time 20346s / budget 21597s
c hydra_satsuma: satsuma-iter+kissat time 20351s / budget 21597s
c hydra_satsuma: satsuma-iter+kissat time 20356s / budget 21597s
c hydra_satsuma: satsuma-iter+kissat time 20361s / budget 21597s
c hydra_satsuma: satsuma-iter+kissat time 20366s / budget 21597s
c hydra_satsuma: satsuma-iter+kissat time 20371s / budget 21597s
c hydra_satsuma: satsuma-iter+kissat time 20376s / budget 21597s
c hydra_satsuma: satsuma-iter+kissat time 20381s / budget 21597s
c hydra_satsuma: satsuma-iter+kissat time 20386s / budget 21597s
c hydra_satsuma: satsuma-iter+kissat time 20391s / budget 21597s
c hydra_satsuma: satsuma-iter+kissat time 20397s / budget 21597s
c hydra_satsuma: satsuma-iter+kissat time 20402s / budget 21597s
c hydra_satsuma: satsuma-iter+kissat time 20407s / budget 21597s
c hydra_satsuma: satsuma-iter+kissat time 20412s / budget 21597s
c hydra_satsuma: satsuma-iter+kissat time 20417s / budget 21597s
c hydra_satsuma: satsuma-iter+kissat time 20422s / budget 21597s
c hydra_satsuma: satsuma-iter+kissat time 20427s / budget 21597s
c hydra_satsuma: satsuma-iter+kissat time 20432s / budget 21597s
c hydra_satsuma: satsuma-iter+kissat time 20437s / budget 21597s
c hydra_satsuma: satsuma-iter+kissat time 20442s / budget 21597s
c hydra_satsuma: satsuma-iter+kissat time 20447s / budget 21597s
c hydra_satsuma: satsuma-iter+kissat time 20452s / budget 21597s
c hydra_satsuma: satsuma-iter+kissat time 20457s / budget 21597s
c hydra_satsuma: satsuma-iter+kissat time 20462s / budget 21597s
c hydra_satsuma: satsuma-iter+kissat time 20467s / budget 21597s
c hydra_satsuma: satsuma-iter+kissat time 20472s / budget 21597s
c hydra_satsuma: satsuma-iter+kissat time 20477s / budget 21597s
c hydra_satsuma: satsuma-iter+kissat time 20483s / budget 21597s
c hydra_satsuma: satsuma-iter+kissat time 20488s / budget 21597s
c hydra_satsuma: satsuma-iter+kissat time 20493s / budget 21597s
c hydra_satsuma: satsuma-iter+kissat time 20498s / budget 21597s
c hydra_satsuma: satsuma-iter+kissat time 20503s / budget 21597s
c hydra_satsuma: satsuma-iter+kissat time 20508s / budget 21597s
c hydra_satsuma: satsuma-iter+kissat time 20513s / budget 21597s
c hydra_satsuma: satsuma-iter+kissat time 20518s / budget 21597s
c hydra_satsuma: satsuma-iter+kissat time 20523s / budget 21597s
c hydra_satsuma: satsuma-iter+kissat time 20528s / budget 21597s
c hydra_satsuma: satsuma-iter+kissat time 20533s / budget 21597s
c hydra_satsuma: satsuma-iter+kissat time 20538s / budget 21597s
c hydra_satsuma: satsuma-iter+kissat time 20543s / budget 21597s
c hydra_satsuma: satsuma-iter+kissat time 20548s / budget 21597s
c hydra_satsuma: satsuma-iter+kissat time 20553s / budget 21597s
c hydra_satsuma: satsuma-iter+kissat time 20558s / budget 21597s
c hydra_satsuma: satsuma-iter+kissat time 20564s / budget 21597s
c hydra_satsuma: satsuma-iter+kissat time 20569s / budget 21597s
c hydra_satsuma: satsuma-iter+kissat time 20574s / budget 21597s
c hydra_satsuma: satsuma-iter+kissat time 20579s / budget 21597s
c hydra_satsuma: satsuma-iter+kissat time 20584s / budget 21597s
c hydra_satsuma: satsuma-iter+kissat time 20589s / budget 21597s
c hydra_satsuma: satsuma-iter+kissat time 20594s / budget 21597s
c hydra_satsuma: satsuma-iter+kissat time 20599s / budget 21597s
c hydra_satsuma: satsuma-iter+kissat time 20604s / budget 21597s
c hydra_satsuma: satsuma-iter+kissat time 20609s / budget 21597s
c hydra_satsuma: satsuma-iter+kissat time 20614s / budget 21597s
c hydra_satsuma: satsuma-iter+kissat time 20619s / budget 21597s
c hydra_satsuma: satsuma-iter+kissat time 20624s / budget 21597s
c hydra_satsuma: satsuma-iter+kissat time 20629s / budget 21597s
c hydra_satsuma: satsuma-iter+kissat time 20634s / budget 21597s
c hydra_satsuma: satsuma-iter+kissat time 20639s / budget 21597s
c hydra_satsuma: satsuma-iter+kissat time 20644s / budget 21597s
c hydra_satsuma: satsuma-iter+kissat time 20650s / budget 21597s
c hydra_satsuma: satsuma-iter+kissat time 20655s / budget 21597s
c hydra_satsuma: satsuma-iter+kissat time 20660s / budget 21597s
c hydra_satsuma: satsuma-iter+kissat time 20665s / budget 21597s
c hydra_satsuma: satsuma-iter+kissat time 20670s / budget 21597s
c hydra_satsuma: satsuma-iter+kissat time 20675s / budget 21597s
c hydra_satsuma: satsuma-iter+kissat time 20680s / budget 21597s
c hydra_satsuma: satsuma-iter+kissat time 20685s / budget 21597s
c hydra_satsuma: satsuma-iter+kissat time 20690s / budget 21597s
c hydra_satsuma: satsuma-iter+kissat time 20695s / budget 21597s
c hydra_satsuma: satsuma-iter+kissat time 20700s / budget 21597s
c hydra_satsuma: satsuma-iter+kissat time 20705s / budget 21597s
c hydra_satsuma: satsuma-iter+kissat time 20710s / budget 21597s
c hydra_satsuma: satsuma-iter+kissat time 20715s / budget 21597s
c hydra_satsuma: satsuma-iter+kissat time 20720s / budget 21597s
c hydra_satsuma: satsuma-iter+kissat time 20725s / budget 21597s
c hydra_satsuma: satsuma-iter+kissat time 20730s / budget 21597s
c hydra_satsuma: satsuma-iter+kissat time 20736s / budget 21597s
c hydra_satsuma: satsuma-iter+kissat time 20741s / budget 21597s
c hydra_satsuma: satsuma-iter+kissat time 20746s / budget 21597s
c hydra_satsuma: satsuma-iter+kissat time 20751s / budget 21597s
c hydra_satsuma: satsuma-iter+kissat time 20756s / budget 21597s
c hydra_satsuma: satsuma-iter+kissat time 20761s / budget 21597s
c hydra_satsuma: satsuma-iter+kissat time 20766s / budget 21597s
c hydra_satsuma: satsuma-iter+kissat time 20771s / budget 21597s
c hydra_satsuma: satsuma-iter+kissat time 20776s / budget 21597s
c hydra_satsuma: satsuma-iter+kissat time 20781s / budget 21597s
c hydra_satsuma: satsuma-iter+kissat time 20786s / budget 21597s
c hydra_satsuma: satsuma-iter+kissat time 20791s / budget 21597s
c hydra_satsuma: satsuma-iter+kissat time 20796s / budget 21597s
c hydra_satsuma: satsuma-iter+kissat time 20801s / budget 21597s
c hydra_satsuma: satsuma-iter+kissat time 20806s / budget 21597s
c hydra_satsuma: satsuma-iter+kissat time 20812s / budget 21597s
c hydra_satsuma: satsuma-iter+kissat time 20817s / budget 21597s
c hydra_satsuma: satsuma-iter+kissat time 20822s / budget 21597s
c hydra_satsuma: satsuma-iter+kissat time 20827s / budget 21597s
c hydra_satsuma: satsuma-iter+kissat time 20832s / budget 21597s
c hydra_satsuma: satsuma-iter+kissat time 20837s / budget 21597s
c hydra_satsuma: satsuma-iter+kissat time 20842s / budget 21597s
c hydra_satsuma: satsuma-iter+kissat time 20847s / budget 21597s
c hydra_satsuma: satsuma-iter+kissat time 20852s / budget 21597s
c hydra_satsuma: satsuma-iter+kissat time 20857s / budget 21597s
c hydra_satsuma: satsuma-iter+kissat time 20862s / budget 21597s
c hydra_satsuma: satsuma-iter+kissat time 20867s / budget 21597s
c hydra_satsuma: satsuma-iter+kissat time 20872s / budget 21597s
c hydra_satsuma: satsuma-iter+kissat time 20877s / budget 21597s
c hydra_satsuma: satsuma-iter+kissat time 20882s / budget 21597s
c hydra_satsuma: satsuma-iter+kissat time 20887s / budget 21597s
c hydra_satsuma: satsuma-iter+kissat time 20892s / budget 21597s
c hydra_satsuma: satsuma-iter+kissat time 20898s / budget 21597s
c hydra_satsuma: satsuma-iter+kissat time 20903s / budget 21597s
c hydra_satsuma: satsuma-iter+kissat time 20908s / budget 21597s
c hydra_satsuma: satsuma-iter+kissat time 20913s / budget 21597s
c hydra_satsuma: satsuma-iter+kissat time 20918s / budget 21597s
c hydra_satsuma: satsuma-iter+kissat time 20923s / budget 21597s
c hydra_satsuma: satsuma-iter+kissat time 20928s / budget 21597s
c hydra_satsuma: satsuma-iter+kissat time 20933s / budget 21597s
c hydra_satsuma: satsuma-iter+kissat time 20938s / budget 21597s
c hydra_satsuma: satsuma-iter+kissat time 20943s / budget 21597s
c hydra_satsuma: satsuma-iter+kissat time 20948s / budget 21597s
c hydra_satsuma: satsuma-iter+kissat time 20953s / budget 21597s
c hydra_satsuma: satsuma-iter+kissat time 20958s / budget 21597s
c hydra_satsuma: satsuma-iter+kissat time 20963s / budget 21597s
c hydra_satsuma: satsuma-iter+kissat time 20968s / budget 21597s
c hydra_satsuma: satsuma-iter+kissat time 20973s / budget 21597s
c hydra_satsuma: satsuma-iter+kissat time 20979s / budget 21597s
c hydra_satsuma: satsuma-iter+kissat time 20984s / budget 21597s
c hydra_satsuma: satsuma-iter+kissat time 20989s / budget 21597s
c hydra_satsuma: satsuma-iter+kissat time 20994s / budget 21597s
c hydra_satsuma: satsuma-iter+kissat time 20999s / budget 21597s
c hydra_satsuma: satsuma-iter+kissat time 21004s / budget 21597s
c hydra_satsuma: satsuma-iter+kissat time 21009s / budget 21597s
c hydra_satsuma: satsuma-iter+kissat time 21014s / budget 21597s
c hydra_satsuma: satsuma-iter+kissat time 21019s / budget 21597s
c hydra_satsuma: satsuma-iter+kissat time 21024s / budget 21597s
c hydra_satsuma: satsuma-iter+kissat time 21029s / budget 21597s
c hydra_satsuma: satsuma-iter+kissat time 21034s / budget 21597s
c hydra_satsuma: satsuma-iter+kissat time 21039s / budget 21597s
c hydra_satsuma: satsuma-iter+kissat time 21044s / budget 21597s
c hydra_satsuma: satsuma-iter+kissat time 21049s / budget 21597s
c hydra_satsuma: satsuma-iter+kissat time 21055s / budget 21597s
c hydra_satsuma: satsuma-iter+kissat time 21060s / budget 21597s
c hydra_satsuma: satsuma-iter+kissat time 21065s / budget 21597s
c hydra_satsuma: satsuma-iter+kissat time 21070s / budget 21597s
c hydra_satsuma: satsuma-iter+kissat time 21075s / budget 21597s
c hydra_satsuma: satsuma-iter+kissat time 21080s / budget 21597s
c hydra_satsuma: satsuma-iter+kissat time 21085s / budget 21597s
c hydra_satsuma: satsuma-iter+kissat time 21090s / budget 21597s
c hydra_satsuma: satsuma-iter+kissat time 21095s / budget 21597s
c hydra_satsuma: satsuma-iter+kissat time 21100s / budget 21597s
c hydra_satsuma: satsuma-iter+kissat time 21105s / budget 21597s
c hydra_satsuma: satsuma-iter+kissat time 21110s / budget 21597s
c hydra_satsuma: satsuma-iter+kissat time 21115s / budget 21597s
c hydra_satsuma: satsuma-iter+kissat time 21120s / budget 21597s
c hydra_satsuma: satsuma-iter+kissat time 21125s / budget 21597s
c hydra_satsuma: satsuma-iter+kissat time 21130s / budget 21597s
c hydra_satsuma: satsuma-iter+kissat time 21135s / budget 21597s
c hydra_satsuma: satsuma-iter+kissat time 21141s / budget 21597s
c hydra_satsuma: satsuma-iter+kissat time 21146s / budget 21597s
c hydra_satsuma: satsuma-iter+kissat time 21151s / budget 21597s
c hydra_satsuma: satsuma-iter+kissat time 21156s / budget 21597s
c hydra_satsuma: satsuma-iter+kissat time 21161s / budget 21597s
c hydra_satsuma: satsuma-iter+kissat time 21166s / budget 21597s
c hydra_satsuma: satsuma-iter+kissat time 21171s / budget 21597s
c hydra_satsuma: satsuma-iter+kissat time 21176s / budget 21597s
c hydra_satsuma: satsuma-iter+kissat time 21181s / budget 21597s
c hydra_satsuma: satsuma-iter+kissat time 21186s / budget 21597s
c hydra_satsuma: satsuma-iter+kissat time 21191s / budget 21597s
c hydra_satsuma: satsuma-iter+kissat time 21196s / budget 21597s
c hydra_satsuma: satsuma-iter+kissat time 21201s / budget 21597s
c hydra_satsuma: satsuma-iter+kissat time 21206s / budget 21597s
c hydra_satsuma: satsuma-iter+kissat time 21211s / budget 21597s
c hydra_satsuma: satsuma-iter+kissat time 21217s / budget 21597s
c hydra_satsuma: satsuma-iter+kissat time 21222s / budget 21597s
c hydra_satsuma: satsuma-iter+kissat time 21227s / budget 21597s
c hydra_satsuma: satsuma-iter+kissat time 21232s / budget 21597s
c hydra_satsuma: satsuma-iter+kissat time 21237s / budget 21597s
c hydra_satsuma: satsuma-iter+kissat time 21242s / budget 21597s
c hydra_satsuma: satsuma-iter+kissat time 21247s / budget 21597s
c hydra_satsuma: satsuma-iter+kissat time 21252s / budget 21597s
c hydra_satsuma: satsuma-iter+kissat time 21257s / budget 21597s
c hydra_satsuma: satsuma-iter+kissat time 21262s / budget 21597s
c hydra_satsuma: satsuma-iter+kissat time 21267s / budget 21597s
c hydra_satsuma: satsuma-iter+kissat time 21272s / budget 21597s
c hydra_satsuma: satsuma-iter+kissat time 21277s / budget 21597s
c hydra_satsuma: satsuma-iter+kissat time 21282s / budget 21597s
c hydra_satsuma: satsuma-iter+kissat time 21287s / budget 21597s
c hydra_satsuma: satsuma-iter+kissat time 21292s / budget 21597s
c hydra_satsuma: satsuma-iter+kissat time 21298s / budget 21597s
c hydra_satsuma: satsuma-iter+kissat time 21303s / budget 21597s
c hydra_satsuma: satsuma-iter+kissat time 21308s / budget 21597s
c hydra_satsuma: satsuma-iter+kissat time 21313s / budget 21597s
c hydra_satsuma: satsuma-iter+kissat time 21318s / budget 21597s
c hydra_satsuma: satsuma-iter+kissat time 21323s / budget 21597s
c hydra_satsuma: satsuma-iter+kissat time 21328s / budget 21597s
c hydra_satsuma: satsuma-iter+kissat time 21333s / budget 21597s
c hydra_satsuma: satsuma-iter+kissat time 21338s / budget 21597s
c hydra_satsuma: satsuma-iter+kissat time 21343s / budget 21597s
c hydra_satsuma: satsuma-iter+kissat time 21348s / budget 21597s
c hydra_satsuma: satsuma-iter+kissat time 21353s / budget 21597s
c hydra_satsuma: satsuma-iter+kissat time 21358s / budget 21597s
c hydra_satsuma: satsuma-iter+kissat time 21363s / budget 21597s
c hydra_satsuma: satsuma-iter+kissat time 21368s / budget 21597s
c hydra_satsuma: satsuma-iter+kissat time 21373s / budget 21597s
c hydra_satsuma: satsuma-iter+kissat time 21379s / budget 21597s
c hydra_satsuma: satsuma-iter+kissat time 21384s / budget 21597s
c hydra_satsuma: satsuma-iter+kissat time 21389s / budget 21597s
c hydra_satsuma: satsuma-iter+kissat time 21394s / budget 21597s
c hydra_satsuma: satsuma-iter+kissat time 21399s / budget 21597s
c hydra_satsuma: satsuma-iter+kissat time 21404s / budget 21597s
c hydra_satsuma: satsuma-iter+kissat time 21409s / budget 21597s
c hydra_satsuma: satsuma-iter+kissat time 21414s / budget 21597s
c hydra_satsuma: satsuma-iter+kissat time 21419s / budget 21597s
c hydra_satsuma: satsuma-iter+kissat time 21424s / budget 21597s
c hydra_satsuma: satsuma-iter+kissat time 21429s / budget 21597s
c hydra_satsuma: satsuma-iter+kissat time 21434s / budget 21597s
c hydra_satsuma: satsuma-iter+kissat time 21439s / budget 21597s
c hydra_satsuma: satsuma-iter+kissat time 21444s / budget 21597s
c hydra_satsuma: satsuma-iter+kissat time 21449s / budget 21597s
c hydra_satsuma: satsuma-iter+kissat time 21454s / budget 21597s
c hydra_satsuma: satsuma-iter+kissat time 21459s / budget 21597s
c hydra_satsuma: satsuma-iter+kissat time 21465s / budget 21597s
c hydra_satsuma: satsuma-iter+kissat time 21470s / budget 21597s
c hydra_satsuma: satsuma-iter+kissat time 21475s / budget 21597s
c hydra_satsuma: satsuma-iter+kissat time 21480s / budget 21597s
c hydra_satsuma: satsuma-iter+kissat time 21485s / budget 21597s
c hydra_satsuma: satsuma-iter+kissat time 21490s / budget 21597s
c hydra_satsuma: satsuma-iter+kissat time 21495s / budget 21597s
c hydra_satsuma: satsuma-iter+kissat time 21500s / budget 21597s
c hydra_satsuma: satsuma-iter+kissat time 21505s / budget 21597s
c hydra_satsuma: satsuma-iter+kissat time 21510s / budget 21597s
c hydra_satsuma: satsuma-iter+kissat time 21515s / budget 21597s
c hydra_satsuma: satsuma-iter+kissat time 21520s / budget 21597s
c hydra_satsuma: satsuma-iter+kissat time 21525s / budget 21597s
c hydra_satsuma: satsuma-iter+kissat time 21530s / budget 21597s
c hydra_satsuma: satsuma-iter+kissat time 21535s / budget 21597s
c hydra_satsuma: satsuma-iter+kissat time 21540s / budget 21597s
c hydra_satsuma: satsuma-iter+kissat time 21546s / budget 21597s
c hydra_satsuma: satsuma-iter+kissat time 21551s / budget 21597s
c hydra_satsuma: satsuma-iter+kissat time 21556s / budget 21597s
c hydra_satsuma: satsuma-iter+kissat time 21561s / budget 21597s
c hydra_satsuma: satsuma-iter+kissat time 21566s / budget 21597s
c hydra_satsuma: satsuma-iter+kissat time 21571s / budget 21597s
c hydra_satsuma: satsuma-iter+kissat time 21576s / budget 21597s
c hydra_satsuma: satsuma-iter+kissat time 21581s / budget 21597s
c hydra_satsuma: satsuma-iter+kissat time 21586s / budget 21597s
c hydra_satsuma: satsuma-iter+kissat time 21591s / budget 21597s
c hydra_satsuma: satsuma-iter+kissat time 21596s / budget 21597s
c TIMEOUT after 21598655.0ms
c hydra_satsuma: satsuma-iter+kissat reached no verdict (timeout/unknown; includes an in-container OOM kill under --satsuma-mem-gb)
c hydra_satsuma: container-out: c Running satsuma on /work/f.cnf
